10000 50000 0
6993 6988 0
3263 3268 0
930 933 0
1285 1283 0
4909 4908 0
2075 2072 0
8417 8418 0
2172 2175 0
3967 3962 0
5085 5086 0
6734 6730 0
3760 3764 0
5218 5217 0
7762 7760 0
6036 6034 0
9835 9834 0
8590 8587 0
6139 6134 0
7525 7530 0
2292 2293 0
853 858 0
1750 1754 0
9348 9346 0
9862 9857 0
9997 9996 0
1593 1597 0
7380 7379 0
8042 8047 0
8467 8466 0
9602 9603 0
8473 8477 0
1408 1406 0
553 556 0
3773 3772 0
9415 9412 0
4936 4932 0
6198 6196 0
3439 3442 0
5118 5122 0
2823 2824 0
3497 3494 0
7539 7536 0
6015 6010 0
6756 6753 0
1664 1663 0
5666 5665 0
9719 9723 0
9476 9472 0
9636 9632 0
6038 6040 0
9268 9270 0
4486 4484 0
3146 3142 0
1869 1866 0
9002 8999 0
8330 8329 0
8014 8016 0
1164 1165 0
7626 7624 0
5076 5071 0
7344 7341 0
7124 7119 0
9297 9300 0
4100 4103 0
4276 4271 0
6345 6348 0
7578 7575 0
7727 7724 0
8389 8391 0
6234 6230 0
3229 3224 0
4429 4424 0
1453 1449 0
925 926 0
8843 8838 0
6088 6085 0
7128 7129 0
3276 3281 0
6151 6150 0
7898 7893 0
408 409 0
8196 8193 0
5493 5490 0
3399 3400 0
2543 2542 0
1496 1491 0
4100 4098 0
5514 5515 0
901 896 0
9861 9862 0
7808 7806 0
820 821 0
1366 1361 0
7508 7511 0
3217 3218 0
8908 8905 0
3211 3206 0
7257 7262 0
8740 8741 0
8431 8426 0
8954 8955 0
7592 7595 0
1368 1372 0
3718 3723 0
4544 4546 0
5331 5328 0
757 756 0
8856 8854 0
8347 8345 0
6221 6216 0
6603 6600 0
5625 5629 0
6158 6154 0
6651 6649 0
6621 6620 0
5853 5854 0
9396 9391 0
6168 6164 0
3579 3580 0
3237 3242 0
3812 3817 0
3080 3076 0
7545 7544 0
5201 5197 0
1078 1074 0
7946 7945 0
489 487 0
5716 5721 0
8707 8712 0
1890 1891 0
3970 3966 0
4559 4560 0
3431 3436 0
2432 2437 0
6677 6675 0
5157 5158 0
2945 2948 0
8867 8865 0
265 269 0
2297 2296 0
3321 3319 0
7087 7082 0
7134 7130 0
9050 9055 0
8869 8873 0
6334 6333 0
3245 3244 0
8568 8563 0
3467 3470 0
3124 3125 0
5927 5931 0
4142 4141 0
969 965 0
931 930 0
5036 5032 0
3859 3863 0
7112 7115 0
16 17 0
4957 4960 0
3351 3356 0
8144 8141 0
556 559 0
4751 4748 0
4119 4115 0
5828 5824 0
8797 8801 0
1857 1856 0
3580 3581 0
1374 1378 0
1810 1806 0
458 453 0
3432 3434 0
7012 7009 0
8527 8531 0
300 298 0
5303 5307 0
9530 9526 0
8596 8591 0
6389 6392 0
2859 2864 0
8075 8079 0
8794 8799 0
6595 6590 0
9602 9599 0
3191 3192 0
4700 4701 0
7205 7207 0
9439 9437 0
6776 6778 0
2063 2064 0
1982 1987 0
4825 4826 0
3060 3062 0
8392 8393 0
3561 3557 0
3683 3682 0
5617 5622 0
7329 7330 0
3933 3936 0
5372 5373 0
3288 3284 0
1999 1995 0
18 23 0
676 679 0
5704 5706 0
389 392 0
6511 6515 0
9586 9585 0
6737 6740 0
6310 6314 0
575 577 0
9524 9526 0
8981 8980 0
181 178 0
2520 2517 0
6910 6912 0
660 659 0
1799 1795 0
6864 6860 0
8182 8177 0
2074 2076 0
9193 9198 0
4085 4089 0
3400 3396 0
3274 3275 0
5103 5108 0
2169 2171 0
2842 2837 0
5146 5143 0
4600 4598 0
9164 9167 0
6049 6054 0
3952 3953 0
676 673 0
5235 5233 0
5869 5874 0
5985 5988 0
6500 6502 0
3407 3405 0
4625 4628 0
6834 6837 0
5055 5059 0
4761 4759 0
5675 5679 0
904 906 0
2369 2372 0
9421 9416 0
3461 3465 0
1786 1787 0
6660 6661 0
9020 9022 0
1196 1200 0
1203 1200 0
5126 5124 0
4933 4930 0
7466 7463 0
6424 6421 0
3851 3855 0
1516 1519 0
1940 1938 0
2329 2326 0
862 865 0
8772 8773 0
4099 4102 0
8518 8517 0
6314 6311 0
1068 1069 0
3781 3780 0
4025 4021 0
2182 2180 0
8965 8968 0
1879 1875 0
441 439 0
8752 8751 0
9601 9598 0
8944 8945 0
8472 8468 0
4363 4364 0
68 69 0
1439 1440 0
3404 3402 0
6738 6742 0
4308 4313 0
4477 4478 0
675 677 0
820 815 0
3239 3238 0
8121 8120 0
6934 6936 0
3947 3943 0
2586 2581 0
2331 2336 0
1114 1118 0
8722 8726 0
6320 6322 0
5932 5935 0
1306 1311 0
4806 4809 0
3172 3171 0
8824 8821 0
4584 4587 0
2322 2317 0
6975 6979 0
5611 5616 0
442 438 0
6197 6193 0
5200 5196 0
7028 7032 0
7776 7779 0
5913 5908 0
1062 1058 0
6538 6537 0
711 707 0
4255 4251 0
240 236 0
3204 3203 0
2829 2826 0
6918 6915 0
8205 8207 0
3685 3684 0
7181 7177 0
4721 4720 0
2777 2781 0
2861 2858 0
105 109 0
8314 8315 0
9994 9997 0
7683 7679 0
9735 9737 0
776 772 0
486 484 0
8897 8894 0
5462 5464 0
425 422 0
3046 3042 0
6448 6445 0
6286 6291 0
5371 5366 0
8546 8547 0
1872 1874 0
3934 3933 0
9210 9211 0
5472 5476 0
8036 8035 0
1458 1461 0
7369 7367 0
9725 9727 0
1117 1113 0
14 16 0
1118 1119 0
9613 9616 0
8690 8691 0
6281 6276 0
5988 5993 0
3427 3424 0
2007 2010 0
1421 1419 0
4578 4583 0
699 704 0
6028 6031 0
4745 4747 0
2080 2076 0
4315 4316 0
287 285 0
8890 8887 0
2144 2148 0
9471 9472 0
4907 4902 0
426 421 0
5853 5858 0
8490 8491 0
9138 9143 0
9305 9307 0
4227 4226 0
236 235 0
9764 9759 0
8871 8873 0
998 995 0
1233 1229 0
7985 7990 0
5304 5299 0
8819 8816 0
628 624 0
9579 9574 0
9850 9853 0
8645 8641 0
8329 8326 0
2531 2534 0
3916 3920 0
2432 2427 0
4319 4323 0
5312 5307 0
1963 1968 0
2836 2831 0
8575 8574 0
6474 6477 0
4168 4164 0
4127 4124 0
5299 5301 0
8462 8463 0
8268 8266 0
3487 3484 0
5333 5338 0
6074 6078 0
374 369 0
3080 3075 0
4116 4112 0
9245 9243 0
5635 5630 0
6893 6892 0
2796 2800 0
7610 7612 0
9188 9186 0
7065 7070 0
550 552 0
9668 9663 0
2646 2649 0
8250 8245 0
72 71 0
5621 5626 0
6954 6956 0
7313 7310 0
2356 2351 0
1354 1352 0
1074 1071 0
5646 5641 0
7612 7613 0
1279 1277 0
6326 6327 0
4608 4607 0
3793 3798 0
9740 9735 0
9733 9736 0
9879 9878 0
8465 8461 0
2785 2782 0
8702 8705 0
1297 1300 0
3464 3466 0
4384 4387 0
5795 5791 0
736 738 0
9237 9235 0
4126 4129 0
58 61 0
9982 9984 0
3501 3502 0
8980 8983 0
14 15 0
37 39 0
2879 2878 0
4020 4019 0
9208 9213 0
2013 2009 0
3402 3407 0
9333 9335 0
237 241 0
1704 1702 0
2279 2278 0
5276 5281 0
7069 7066 0
9860 9857 0
1080 1077 0
2165 2164 0
4959 4964 0
1415 1414 0
4054 4057 0
1923 1925 0
6250 6255 0
9814 9813 0
8440 8435 0
3828 3833 0
806 808 0
2923 2928 0
9899 9903 0
6164 6165 0
3248 3245 0
3638 3641 0
7689 7684 0
1463 1464 0
3883 3887 0
2044 2040 0
6454 6449 0
3280 3283 0
2654 2653 0
3746 3747 0
5815 5814 0
6049 6050 0
2254 2255 0
4373 4372 0
9486 9489 0
8662 8667 0
1124 1129 0
9319 9315 0
1772 1770 0
7280 7285 0
8925 8930 0
8916 8921 0
5665 5670 0
5355 5351 0
6400 6397 0
1620 1617 0
1107 1102 0
5259 5256 0
4982 4987 0
8863 8868 0
6953 6955 0
9561 9563 0
1414 1416 0
2538 2542 0
4955 4960 0
5933 5932 0
2961 2965 0
3686 3691 0
2086 2090 0
9705 9706 0
7336 7341 0
4543 4540 0
828 827 0
7709 7704 0
7332 7336 0
9413 9415 0
1589 1584 0
7435 7434 0
6276 6275 0
8868 8864 0
7255 7260 0
7411 7407 0
589 592 0
2188 2192 0
3095 3097 0
6366 6362 0
1981 1983 0
509 513 0
5279 5275 0
8953 8956 0
3925 3929 0
1962 1966 0
5456 5451 0
9331 9330 0
3157 3153 0
6224 6225 0
9337 9342 0
1929 1931 0
852 857 0
661 663 0
4470 4471 0
8028 8029 0
464 468 0
6777 6774 0
4389 4394 0
9294 9292 0
980 979 0
9106 9108 0
2037 2035 0
1688 1692 0
5739 5741 0
9770 9769 0
8106 8105 0
899 895 0
5821 5820 0
3823 3818 0
2613 2612 0
3282 3285 0
9552 9557 0
3795 3791 0
6050 6048 0
6175 6176 0
9485 9489 0
927 926 0
4131 4134 0
2104 2101 0
5391 5395 0
9447 9444 0
5545 5549 0
9624 9628 0
5760 5762 0
6625 6624 0
1006 1001 0
9165 9168 0
4752 4756 0
8404 8405 0
7195 7199 0
9389 9392 0
8810 8805 0
9019 9015 0
5073 5069 0
576 571 0
9873 9871 0
7706 7711 0
788 791 0
5516 5513 0
8160 8155 0
5153 5155 0
2551 2550 0
9766 9764 0
8706 8701 0
8384 8386 0
4307 4312 0
3400 3401 0
4788 4783 0
8998 9002 0
7973 7977 0
9210 9215 0
4310 4307 0
9789 9794 0
2126 2131 0
9707 9702 0
2391 2387 0
5951 5956 0
1225 1227 0
3896 3891 0
9193 9191 0
8974 8970 0
7935 7932 0
4515 4519 0
3914 3919 0
3748 3751 0
3458 3461 0
8198 8195 0
9977 9974 0
4987 4985 0
1384 1383 0
5832 5837 0
7816 7814 0
7906 7907 0
2381 2384 0
7333 7337 0
8469 8471 0
2059 2061 0
2192 2193 0
8850 8846 0
7203 7198 0
3890 3886 0
1581 1576 0
6905 6907 0
6086 6085 0
7946 7944 0
5743 5739 0
4457 4461 0
3611 3612 0
6803 6799 0
3364 3360 0
5653 5658 0
3612 3607 0
3926 3921 0
3928 3931 0
7599 7600 0
4862 4864 0
7680 7679 0
5560 5561 0
2525 2522 0
7496 7499 0
542 543 0
2683 2681 0
2063 2065 0
9898 9901 0
2434 2439 0
7945 7944 0
5689 5684 0
4589 4588 0
8224 8220 0
2490 2491 0
7756 7753 0
4802 4806 0
4001 3999 0
5916 5914 0
997 1000 0
4779 4777 0
1661 1666 0
3022 3021 0
8775 8771 0
5358 5359 0
5167 5168 0
2320 2325 0
2238 2237 0
3505 3506 0
1813 1814 0
5254 5249 0
8878 8875 0
4467 4469 0
6041 6039 0
6442 6444 0
1307 1309 0
1497 1501 0
3811 3812 0
9463 9466 0
3438 3435 0
3971 3967 0
5822 5827 0
6551 6547 0
2344 2345 0
6547 6549 0
7231 7234 0
7175 7174 0
6658 6659 0
325 324 0
581 577 0
2404 2406 0
4711 4715 0
8389 8387 0
4377 4374 0
9248 9247 0
234 232 0
8189 8187 0
3230 3234 0
8720 8717 0
1328 1326 0
6245 6247 0
6569 6571 0
3863 3861 0
5464 5461 0
3281 3286 0
1430 1432 0
6285 6281 0
2668 2670 0
6545 6542 0
9346 9350 0
399 397 0
7760 7755 0
8100 8104 0
6235 6237 0
1302 1300 0
731 728 0
4378 4377 0
4835 4838 0
3397 3401 0
792 789 0
5176 5180 0
5508 5512 0
5263 5267 0
4133 4129 0
3185 3183 0
2838 2833 0
5559 5563 0
9879 9881 0
1491 1486 0
7871 7876 0
38 41 0
1699 1700 0
4064 4061 0
6574 6569 0
7678 7673 0
3458 3455 0
5711 5712 0
8969 8966 0
1445 1446 0
7121 7119 0
4729 4725 0
8620 8622 0
74 73 0
9419 9417 0
7522 7525 0
1252 1256 0
9785 9788 0
7502 7498 0
764 760 0
7256 7261 0
5409 5406 0
44 42 0
2682 2687 0
5254 5251 0
2541 2543 0
8624 8628 0
8072 8067 0
2758 2759 0
7084 7085 0
3284 3281 0
2831 2829 0
440 437 0
4838 4842 0
1459 1464 0
4404 4401 0
4218 4223 0
6748 6745 0
7607 7608 0
1658 1653 0
2995 2998 0
9698 9697 0
824 820 0
8686 8691 0
8320 8325 0
6266 6261 0
4500 4501 0
76 81 0
6593 6596 0
2210 2211 0
5114 5118 0
6512 6516 0
1899 1894 0
1342 1338 0
3748 3744 0
1992 1994 0
2068 2073 0
9522 9517 0
3061 3059 0
3668 3670 0
7161 7162 0
8175 8174 0
3145 3144 0
7377 7375 0
3470 3466 0
3442 3447 0
4114 4119 0
2146 2147 0
2019 2022 0
9123 9119 0
277 282 0
126 121 0
2458 2457 0
6228 6232 0
4052 4050 0
4106 4105 0
6746 6749 0
2550 2546 0
3387 3391 0
7941 7942 0
9916 9921 0
1791 1787 0
7394 7395 0
8806 8808 0
7828 7833 0
7369 7373 0
9989 9990 0
2560 2557 0
5212 5211 0
5719 5716 0
2735 2736 0
1573 1570 0
4409 4408 0
3994 3998 0
3542 3538 0
9461 9456 0
1854 1858 0
7680 7678 0
6362 6360 0
4417 4413 0
9963 9965 0
9192 9195 0
2321 2324 0
9929 9927 0
4117 4122 0
4042 4044 0
1925 1929 0
7327 7326 0
4482 4478 0
9276 9275 0
7405 7408 0
4621 4616 0
1267 1268 0
1729 1733 0
2835 2830 0
4399 4401 0
6139 6144 0
2416 2419 0
5071 5070 0
8163 8166 0
900 905 0
443 447 0
5094 5099 0
8955 8953 0
3865 3870 0
4695 4691 0
5117 5119 0
7350 7354 0
5834 5830 0
1817 1812 0
6601 6600 0
1682 1680 0
4625 4620 0
3795 3790 0
2166 2165 0
5766 5763 0
5682 5684 0
1934 1932 0
1795 1792 0
8593 8590 0
9058 9060 0
7526 7523 0
545 547 0
9973 9975 0
9183 9186 0
3821 3816 0
6342 6344 0
158 157 0
9639 9637 0
9205 9210 0
3319 3318 0
8053 8049 0
2398 2394 0
8483 8482 0
922 920 0
9690 9692 0
2979 2976 0
4296 4295 0
5941 5943 0
8153 8156 0
8463 8465 0
7767 7771 0
8949 8950 0
3110 3105 0
5266 5269 0
8507 8511 0
9213 9218 0
8430 8434 0
5309 5307 0
4643 4644 0
5518 5517 0
9811 9813 0
4324 4327 0
9996 9998 0
9492 9494 0
3482 3481 0
6260 6255 0
1818 1819 0
7983 7985 0
4937 4932 0
966 963 0
6939 6937 0
663 660 0
4408 4410 0
2522 2521 0
4103 4098 0
1178 1180 0
3383 3386 0
523 524 0
6685 6683 0
8051 8050 0
9803 9800 0
3603 3599 0
8634 8639 0
9111 9113 0
3620 3617 0
7984 7986 0
8810 8814 0
6872 6870 0
6067 6063 0
8633 8629 0
7331 7333 0
6078 6080 0
7837 7839 0
473 475 0
4684 4687 0
422 419 0
9607 9609 0
7626 7631 0
527 526 0
5849 5846 0
7701 7702 0
4484 4485 0
6226 6225 0
9502 9504 0
3608 3611 0
1027 1025 0
7847 7849 0
1818 1813 0
9801 9798 0
8938 8941 0
8080 8084 0
6977 6979 0
9621 9616 0
6214 6213 0
1603 1608 0
6779 6775 0
3982 3985 0
5205 5202 0
6787 6788 0
1232 1233 0
8603 8601 0
5561 5563 0
7197 7202 0
8219 8223 0
3829 3825 0
2939 2944 0
5629 5632 0
5376 5381 0
5513 5517 0
1388 1383 0
7812 7814 0
7054 7059 0
5866 5862 0
1200 1197 0
4357 4359 0
6576 6580 0
2216 2221 0
9366 9363 0
3762 3764 0
4357 4360 0
6328 6326 0
8299 8303 0
9196 9200 0
4730 4731 0
3884 3885 0
399 400 0
8641 8636 0
7591 7593 0
6673 6668 0
6120 6117 0
3350 3351 0
2076 2077 0
1332 1330 0
6742 6747 0
2546 2542 0
9198 9201 0
4999 4995 0
7247 7245 0
9196 9197 0
4047 4049 0
6249 6247 0
5776 5772 0
1189 1187 0
4245 4241 0
2916 2917 0
360 357 0
7078 7081 0
8348 8345 0
124 128 0
75 79 0
9016 9021 0
59 54 0
2583 2580 0
2588 5724 0
3262 3265 0
1546 1551 0
4505 4503 0
5631 5632 0
3610 3612 0
5247 5249 0
4536 4540 0
9932 9930 0
4171 4169 0
4399 4402 0
2828 2833 0
1483 1481 0
5883 5885 0
3919 3920 0
9781 9782 0
6095 6099 0
3001 2998 0
5415 5416 0
3278 3281 0
1192 1191 0
685 682 0
3909 3910 0
5936 5931 0
4763 4759 0
6556 6560 0
141 139 0
6491 6494 0
86 84 0
3685 3682 0
2593 2590 0
2904 2908 0
8318 8313 0
5944 5946 0
4393 4396 0
9509 9514 0
4656 4652 0
701 700 0
4167 4172 0
2836 2841 0
8933 8937 0
5323 5324 0
6869 6872 0
3836 3837 0
7665 7666 0
8994 8990 0
8692 8695 0
2717 2719 0
2101 2100 0
2084 2088 0
4636 4632 0
5539 5535 0
5039 5036 0
7915 7917 0
6498 6497 0
4525 4523 0
2284 2288 0
5116 5120 0
7440 7435 0
310 311 0
5475 5474 0
4829 4828 0
4568 4573 0
6073 6076 0
6857 6859 0
326 329 0
9635 9640 0
5632 5636 0
4328 4323 0
3294 3289 0
9632 9628 0
3822 3824 0
6479 6482 0
6544 6549 0
6064 6061 0
9077 9079 0
3641 3645 0
8925 8920 0
5283 5280 0
6853 6854 0
2580 2577 0
7483 7479 0
251 256 0
4343 4339 0
2937 2933 0
3817 3820 0
9309 9310 0
5679 5682 0
5069 5066 0
1696 1691 0
4402 4398 0
7492 7493 0
936 931 0
5524 5527 0
4187 4186 0
6526 6523 0
8220 8216 0
3452 3457 0
5747 5750 0
8567 8565 0
2971 2976 0
6528 6527 0
9342 9346 0
2109 2112 0
1818 1815 0
7549 7550 0
9010 9013 0
8762 8764 0
5014 5015 0
9378 9374 0
8080 8082 0
4389 4388 0
3951 3946 0
8793 8788 0
199 194 0
3328 3326 0
962 964 0
9232 9229 0
810 808 0
5312 5310 0
2622 2619 0
426 423 0
5726 5727 0
2659 2657 0
6220 6215 0
463 462 0
2883 2879 0
9780 9779 0
7336 7331 0
4886 4889 0
7863 7858 0
1485 1481 0
7671 7676 0
989 986 0
3413 3411 0
1694 1691 0
6226 6227 0
6278 6279 0
5338 5337 0
3898 3896 0
1191 1188 0
6305 6308 0
4587 4592 0
6924 6919 0
627 626 0
1737 1742 0
9724 9719 0
8460 8463 0
6764 6769 0
9560 9563 0
3257 3254 0
421 418 0
2186 2189 0
2023 2021 0
4200 4197 0
8440 8437 0
7484 7480 0
408 410 0
2384 2382 0
8638 8640 0
471 470 0
3806 3802 0
6786 6790 0
5087 5092 0
692 695 0
2224 2219 0
38 33 0
9420 9419 0
7890 7895 0
9266 9264 0
1209 1205 0
1386 1384 0
1471 1469 0
8980 8979 0
9499 9497 0
1150 1154 0
9360 9362 0
5867 5871 0
5708 5705 0
6905 6909 0
1399 1397 0
2359 2358 0
6339 6336 0
5436 5441 0
6033 6032 0
7082 7077 0
9861 9865 0
3350 3346 0
3995 4000 0
5375 5371 0
9180 9182 0
533 528 0
5959 5962 0
1078 1079 0
978 979 0
3088 3089 0
1441 1437 0
589 584 0
9967 9966 0
919 918 0
2521 2524 0
6642 6646 0
7786 7788 0
1551 1549 0
1333 1331 0
3797 3802 0
7021 7019 0
4258 4259 0
1694 1692 0
2838 2843 0
8527 8532 0
4395 4397 0
9260 9259 0
365 369 0
1466 1465 0
5302 5306 0
3497 3495 0
196 195 0
468 467 0
6478 6480 0
874 871 0
6995 6997 0
7388 7383 0
632 630 0
7711 7714 0
6630 6626 0
7294 7292 0
1212 1217 0
4269 4267 0
112 115 0
7101 7105 0
3419 3417 0
6490 6492 0
6214 2655 0
8892 8896 0
429 431 0
7256 7254 0
8983 8986 0
389 386 0
2080 2078 0
2205 2200 0
7643 7647 0
35 32 0
2204 2206 0
6672 6667 0
4169 4166 0
5811 5813 0
1428 1431 0
4539 4534 0
2771 2775 0
5467 5472 0
1957 1953 0
9836 9837 0
6573 6572 0
8953 8954 0
4562 4561 0
5383 5381 0
5225 5222 0
5219 5214 0
3941 3938 0
3983 3986 0
8209 8210 0
6275 6272 0
5061 5063 0
2320 2319 0
6872 6874 0
8425 8427 0
9567 9571 0
9889 9886 0
1232 1227 0
3058 3061 0
7022 7020 0
52 51 0
7271 7268 0
5607 5603 0
4293 4292 0
3166 3167 0
6960 6956 0
5510 5507 0
5979 5975 0
1386 1382 0
7810 7811 0
5627 5625 0
9600 9602 0
877 876 0
5355 5358 0
1048 1046 0
901 905 0
224 219 0
5828 5830 0
3274 3270 0
2266 2270 0
5554 5558 0
7239 7244 0
7363 7368 0
5645 5646 0
5804 5800 0
1657 1662 0
1304 1309 0
6177 6174 0
833 832 0
5164 5160 0
6114 6117 0
4144 4139 0
1554 1557 0
2645 2643 0
7924 7927 0
5234 5238 0
2146 2151 0
7897 7896 0
3831 3830 0
9704 9703 0
8994 8998 0
1464 1465 0
4216 4220 0
3936 3941 0
1282 1284 0
8532 8529 0
3769 3773 0
5565 5562 0
4566 4571 0
6484 6481 0
5456 5457 0
8599 8597 0
2332 2329 0
4984 4980 0
2278 2274 0
6078 6077 0
2712 2713 0
9741 9739 0
4465 4462 0
4826 4831 0
9335 9330 0
7807 7809 0
801 804 0
2702 2700 0
4028 4023 0
9743 9741 0
2541 2538 0
1227 1228 0
5128 5127 0
2893 2891 0
1697 1700 0
6407 6410 0
2603 2599 0
3437 3439 0
6377 6382 0
1385 1383 0
2332 2333 0
4952 4954 0
1676 1671 0
8030 8035 0
4731 4728 0
9299 9304 0
9229 9231 0
7292 7290 0
3404 3400 0
8290 8289 0
8880 8883 0
184 180 0
2112 2113 0
2126 2127 0
2390 2389 0
7053 7054 0
7355 7357 0
4279 4276 0
2071 2075 0
4280 4284 0
2475 2478 0
9902 9903 0
556 561 0
7587 7583 0
7341 7339 0
1412 1408 0
3819 3818 0
9737 9732 0
4253 4251 0
1440 1444 0
9755 9757 0
8848 8849 0
2000 1999 0
1214 1210 0
2691 2690 0
160 162 0
2226 2221 0
5779 5783 0
1741 1739 0
9148 9149 0
3546 3547 0
4689 4688 0
8143 8146 0
370 366 0
2424 2425 0
5078 5083 0
6053 6057 0
3429 3428 0
717 719 0
2175 2180 0
8904 8900 0
1835 1830 0
560 564 0
4181 4182 0
4419 4418 0
5695 5697 0
6017 6014 0
2449 2453 0
3040 3039 0
7217 7216 0
6744 6742 0
4900 4905 0
4905 4906 0
9511 9509 0
3260 3255 0
1107 1105 0
7736 7741 0
8607 8609 0
2934 2939 0
7333 7335 0
515 513 0
5982 5983 0
651 654 0
8203 8202 0
1253 1255 0
9796 9797 0
1037 1036 0
1869 1871 0
9987 9984 0
1808 1805 0
2867 2872 0
9690 9687 0
9643 9638 0
6023 6028 0
2543 2538 0
5197 5193 0
386 383 0
7901 7903 0
3350 3349 0
452 447 0
9227 9232 0
8874 8870 0
9252 9248 0
1635 1630 0
2303 2304 0
4682 4681 0
5686 5682 0
3247 3249 0
3094 3096 0
9156 9159 0
4409 4406 0
9499 9502 0
6471 6467 0
9679 9681 0
6695 6696 0
1142 1138 0
2496 2495 0
2603 2601 0
7273 7268 0
68 67 0
5773 5769 0
7855 7859 0
6127 6126 0
3764 3769 0
1846 1844 0
49 46 0
8418 8419 0
9181 9177 0
8156 8155 0
4446 4449 0
1826 1823 0
3514 3511 0
3723 3719 0
6878 6880 0
875 876 0
6871 6873 0
344 347 0
6540 6536 0
1599 1598 0
4249 4247 0
925 920 0
8049 8044 0
7208 7203 0
1477 1475 0
5053 5051 0
1048 1043 0
1225 1221 0
158 161 0
3454 3451 0
1408 1404 0
3051 3046 0
3537 3535 0
9522 9519 0
4389 4393 0
1523 1521 0
2749 2750 0
5878 5875 0
9717 9712 0
7204 7207 0
5814 5809 0
4146 4141 0
7801 7805 0
9929 9925 0
7068 7067 0
1960 1964 0
739 735 0
6661 6658 0
4696 4697 0
4938 4936 0
6638 6633 0
3606 3602 0
2808 2806 0
8619 8624 0
8759 8756 0
6977 6981 0
382 379 0
9673 9669 0
4148 4147 0
9934 9936 0
7694 7696 0
906 908 0
8178 8183 0
3647 3646 0
952 957 0
3082 3079 0
9432 9431 0
2953 2951 0
2573 2577 0
5569 5564 0
7397 7393 0
1088 1084 0
2248 2251 0
6274 6273 0
5389 5387 0
5028 5033 0
2359 2357 0
908 910 0
1606 1603 0
2810 2805 0
8142 8146 0
7599 7598 0
3404 3407 0
6047 6046 0
6404 6406 0
2921 2918 0
1927 1931 0
1282 1277 0
1172 1169 0
2537 2542 0
7551 7546 0
9114 9109 0
6516 6520 0
1886 1881 0
4052 4049 0
6999 7004 0
9287 9286 0
6742 6745 0
6409 6405 0
1678 1673 0
8365 8366 0
8500 8497 0
6569 6567 0
9434 9431 0
4222 4224 0
7598 7596 0
4844 4849 0
8672 8677 0
6041 6044 0
211 209 0
1991 1992 0
3690 3693 0
692 693 0
8299 8300 0
2736 2732 0
99 95 0
8348 8353 0
7027 7023 0
2511 2509 0
6019 6020 0
6255 6253 0
2416 2415 0
7194 7197 0
5913 5914 0
3165 3164 0
6749 6750 0
3957 3958 0
7793 7792 0
723 725 0
117 122 0
4725 4721 0
7645 7640 0
5166 5171 0
228 225 0
3678 3681 0
1876 1873 0
3350 3347 0
7683 7688 0
1079 1076 0
3269 3267 0
4107 4110 0
3759 3760 0
1284 1281 0
5191 5190 0
6001 6003 0
4501 4498 0
5995 5998 0
2539 2543 0
7081 7085 0
9003 9002 0
2114 2119 0
6321 6317 0
4336 4340 0
9736 9739 0
8897 8893 0
785 787 0
2376 2381 0
4807 4812 0
6326 6325 0
4835 4833 0
1024 1019 0
9457 9456 0
2568 2570 0
9079 9074 0
9297 9299 0
2792 2789 0
8135 8140 0
5825 5822 0
6228 6230 0
7177 7180 0
1806 1803 0
4688 4686 0
8386 8385 0
7710 7707 0
7511 7514 0
4770 4766 0
7653 7655 0
1640 1636 0
6436 6437 0
6658 6663 0
9537 9538 0
8627 8625 0
4014 4009 0
2873 2876 0
1041 1040 0
7462 7467 0
1489 1487 0
3695 3700 0
510 508 0
8984 8979 0
480 475 0
2556 2555 0
8191 8188 0
5619 5620 0
3601 3602 0
7038 7033 0
2495 2491 0
1583 1579 0
4003 4008 0
1248 1251 0
3526 3524 0
6444 6448 0
4976 4979 0
8171 8175 0
2824 2819 0
5112 5115 0
7907 7910 0
1952 1949 0
6520 6521 0
9352 9348 0
670 666 0
2401 2399 0
3421 3416 0
673 675 0
1580 1577 0
3785 3787 0
3527 3522 0
2201 2206 0
8721 8722 0
2294 2291 0
7612 7607 0
7535 7539 0
2238 2234 0
6852 6857 0
8341 8336 0
2795 2799 0
133 132 0
6484 6486 0
1288 1285 0
8831 8827 0
3121 3123 0
2423 2419 0
590 588 0
2044 2043 0
717 712 0
5772 5771 0
4307 4302 0
7874 7872 0
813 810 0
9733 9734 0
1306 1310 0
1166 1162 0
3371 3366 0
4209 4214 0
772 773 0
2911 2910 0
3898 3893 0
6272 6267 0
2513 2515 0
4757 4762 0
5870 5874 0
7175 7177 0
9951 9949 0
5312 5309 0
3885 3880 0
5020 5024 0
7703 7707 0
4014 4015 0
7082 7079 0
7719 7724 0
9964 9962 0
1377 1380 0
6401 6405 0
6309 6304 0
8425 8422 0
77 79 0
3538 3543 0
9137 9135 0
5721 5724 0
2816 2815 0
6617 6620 0
499 496 0
9505 9500 0
546 544 0
7275 7280 0
7443 7446 0
925 921 0
9315 9320 0
9183 9178 0
201 204 0
353 352 0
5449 5446 0
2334 2332 0
4714 4717 0
651 649 0
52 54 0
6659 6664 0
1004 1002 0
2752 2753 0
3486 3489 0
6365 6367 0
3203 3199 0
2644 2649 0
9469 9472 0
7734 7733 0
9514 9511 0
2672 2675 0
9519 9523 0
1501 1502 0
8589 8586 0
2181 2184 0
5551 5548 0
5420 5425 0
2179 2182 0
107 105 0
6921 6923 0
306 311 0
3214 3216 0
8403 8398 0
4219 4221 0
6427 6428 0
9642 9638 0
3332 3336 0
1029 1025 0
8844 8839 0
5270 5265 0
9988 9986 0
185 190 0
1020 1017 0
9553 9549 0
6749 6751 0
1681 1678 0
1737 1733 0
2110 2105 0
2964 2963 0
5413 5408 0
6046 6050 0
7087 7090 0
9542 9537 0
175 174 0
4622 4627 0
939 943 0
8116 8119 0
8421 8422 0
3296 3297 0
2698 2695 0
3152 3149 0
8829 8828 0
1860 1859 0
9033 9028 0
8691 8687 0
3058 3055 0
7059 7063 0
7761 7765 0
3562 3567 0
418 413 0
9407 9402 0
4081 4077 0
9597 9602 0
2101 2105 0
1254 1249 0
4302 4297 0
8186 8185 0
2091 2087 0
5554 5553 0
4193 4189 0
447 445 0
6788 6785 0
3552 3549 0
9201 9199 0
9536 9539 0
1545 1546 0
4362 4357 0
9779 9774 0
3523 3518 0
6269 6271 0
5231 5227 0
3815 3813 0
3197 3201 0
6567 6562 0
5124 5122 0
3514 3516 0
1631 1632 0
5996 5993 0
9038 9041 0
9039 9041 0
2058 2061 0
6210 6206 0
3384 3386 0
3133 3136 0
7593 7594 0
5809 5806 0
1354 1350 0
7699 7695 0
2671 2667 0
9494 9489 0
5000 5001 0
3286 3287 0
9474 9479 0
1552 1549 0
2980 2976 0
1038 1037 0
5353 5358 0
4941 4942 0
8470 8473 0
5807 5810 0
3337 3340 0
9977 9979 0
1206 1211 0
8072 8075 0
2895 2893 0
4619 4614 0
220 215 0
2897 2900 0
4419 4422 0
6589 6584 0
3176 3174 0
3468 3470 0
9601 9600 0
7783 7788 0
1761 1766 0
9819 9818 0
9043 9044 0
1200 1198 0
2307 2312 0
4755 4752 0
9132 9137 0
211 212 0
9633 9635 0
3186 3182 0
6269 6265 0
9106 9105 0
9817 9813 0
6982 6984 0
8920 8915 0
9227 9224 0
8840 8835 0
2486 2488 0
4570 4568 0
725 730 0
2988 2986 0
5083 5080 0
5117 5116 0
6460 6456 0
8271 8266 0
7777 7778 0
8727 8732 0
1619 1618 0
7185 7184 0
3740 3743 0
1060 1058 0
5533 5536 0
236 234 0
5588 5584 0
387 389 0
4865 4868 0
4655 4653 0
35 37 0
4981 4984 0
6433 6430 0
2774 2773 0
1927 1924 0
4586 4583 0
7882 7884 0
7863 7859 0
366 368 0
3353 3354 0
4119 4116 0
4954 4950 0
1304 1305 0
5805 5809 0
4356 4353 0
5807 5812 0
182 180 0
2704 2705 0
4844 4845 0
8327 8325 0
3900 3904 0
6592 6591 0
9603 9600 0
5557 5556 0
9531 9536 0
8333 8334 0
8379 8380 0
9354 9355 0
6203 6199 0
4330 4329 0
5172 5167 0
4406 4407 0
1312 1309 0
8758 8761 0
5202 5200 0
7142 7146 0
4230 4226 0
5973 5974 0
3223 3225 0
8837 8833 0
6368 6370 0
2281 2286 0
9348 9343 0
417 416 0
4346 4349 0
1776 1775 0
3266 3262 0
1171 1166 0
2339 2344 0
2300 2299 0
6825 6822 0
3410 3415 0
1555 1556 0
165 162 0
1418 1421 0
1732 1728 0
8777 8781 0
1699 1704 0
7213 7218 0
7777 7780 0
5055 5053 0
8734 8739 0
3083 3084 0
7227 7230 0
8909 8907 0
5343 5344 0
5588 5589 0
4983 4982 0
4306 4301 0
6724 6729 0
9113 9115 0
5610 5615 0
4736 4737 0
1901 1904 0
2900 2899 0
5457 5453 0
7682 7679 0
5941 5936 0
4584 4586 0
7783 7782 0
3573 3568 0
6645 6648 0
8915 8919 0
7459 7458 0
2093 2096 0
7582 7584 0
943 948 0
5600 5599 0
6998 6996 0
7907 7909 0
929 926 0
808 804 0
7676 7681 0
7564 7560 0
7701 7704 0
5332 5330 0
9985 9989 0
5781 5785 0
7095 7097 0
5499 5501 0
4305 4309 0
5582 5578 0
4059 4062 0
4357 4354 0
5511 5507 0
6246 6248 0
2999 3002 0
7096 7098 0
3961 3964 0
1209 1212 0
4586 4587 0
3227 3228 0
975 980 0
5507 5502 0
3560 3562 0
7230 7235 0
7437 7441 0
7834 7838 0
351 349 0
3008 3010 0
1907 1906 0
3822 3821 0
5393 5396 0
7066 7070 0
1943 1942 0
4140 4145 0
8791 8793 0
605 602 0
9833 9830 0
8371 8374 0
951 950 0
3437 3442 0
7352 7354 0
5776 5780 0
2466 2470 0
6283 6287 0
4550 4545 0
2427 2431 0
3755 3753 0
321 325 0
4263 4266 0
3734 3738 0
4299 4298 0
1695 1696 0
2708 2710 0
9862 9863 0
7137 7142 0
162 161 0
3155 3158 0
1228 1233 0
9632 9637 0
7340 7341 0
7747 7745 0
2177 2180 0
5777 5779 0
9062 9058 0
2506 2503 0
4734 4736 0
4107 4109 0
5513 5511 0
9317 9315 0
5775 5780 0
2373 2376 0
4023 4018 0
1920 1917 0
9718 9713 0
720 721 0
9256 9259 0
9994 9991 0
1819 1820 0
4070 4073 0
6840 6837 0
1034 1029 0
5119 5114 0
5523 5527 0
8452 8453 0
2953 2954 0
6152 6157 0
8783 8788 0
8526 8524 0
674 669 0
907 905 0
8290 8293 0
3795 3797 0
8140 8137 0
5656 5655 0
6408 6411 0
7815 7820 0
9879 9883 0
8457 8462 0
9512 9513 0
9987 9989 0
1743 1745 0
9953 9949 0
961 964 0
4121 4116 0
1495 1497 0
8579 8584 0
4200 4203 0
9850 9854 0
3900 3903 0
2275 2274 0
5354 5350 0
3844 3842 0
1491 1492 0
2252 2248 0
8259 8257 0
1170 1167 0
6816 6814 0
4869 4867 0
8781 8782 0
1614 1617 0
9451 9450 0
1238 1236 0
2571 2575 0
5808 5806 0
5270 5274 0
3145 3147 0
2623 2620 0
6460 6457 0
4723 4725 0
4094 4099 0
8444 8449 0
4637 4634 0
2057 2058 0
5758 5755 0
6092 6093 0
7852 7853 0
2903 2905 0
4256 4251 0
7965 7966 0
3783 3784 0
7870 7871 0
3664 3667 0
8898 8900 0
9218 9217 0
905 909 0
8064 8069 0
2829 2832 0
7970 7974 0
3562 3563 0
1919 1923 0
8052 8056 0
1488 1491 0
3796 3795 0
3139 3143 0
7684 7683 0
3084 3089 0
1240 1239 0
8047 8048 0
8709 8712 0
5238 5242 0
4752 4751 0
3514 3509 0
9202 9201 0
1584 1582 0
2994 2989 0
3715 3713 0
6963 6966 0
7876 7877 0
2114 2113 0
7909 7910 0
3736 3735 0
7737 7733 0
7816 7815 0
4918 4921 0
2969 2966 0
4886 4890 0
2473 2469 0
1104 1100 0
9438 9443 0
4918 4916 0
223 218 0
659 662 0
1193 1197 0
5350 5352 0
2043 2040 0
4199 4194 0
6366 6367 0
3366 3368 0
5065 5060 0
8971 8967 0
4436 4439 0
6240 6239 0
3424 3426 0
8323 8327 0
4251 4252 0
5939 5942 0
7491 7486 0
1043 1042 0
2445 2449 0
2293 2289 0
1393 1389 0
4489 4485 0
5214 5213 0
5760 5761 0
9595 9596 0
8644 8640 0
9274 9276 0
8639 8638 0
8699 8697 0
8217 8216 0
3359 3364 0
6346 6350 0
4182 4185 0
238 243 0
3995 3996 0
1829 1824 0
716 713 0
604 609 0
1586 1589 0
5591 5593 0
5250 5247 0
7535 7536 0
4320 4324 0
7760 7756 0
6491 6490 0
5468 5473 0
4882 4886 0
4662 4667 0
2374 2369 0
9088 9085 0
7748 7746 0
9123 9126 0
4141 4136 0
8811 8813 0
3674 3671 0
7769 7767 0
2270 2269 0
7181 7183 0
4843 4845 0
8866 8870 0
2768 2773 0
23 24 0
6929 6928 0
2687 2685 0
4504 4506 0
7534 7532 0
3294 3290 0
4551 4549 0
7571 7575 0
2830 2827 0
744 746 0
9464 9463 0
9676 9681 0
2634 2638 0
7787 7790 0
4875 4878 0
9392 9387 0
1654 1658 0
6606 6607 0
6366 6370 0
4966 4971 0
6157 6156 0
2159 2163 0
8703 8708 0
6877 6876 0
6705 6701 0
377 374 0
4440 4435 0
9057 9053 0
6957 6960 0
4008 4013 0
8453 8456 0
4544 4549 0
2823 2828 0
4039 4037 0
6232 6235 0
6135 6133 0
6583 6584 0
8736 8735 0
5940 5936 0
2391 2390 0
3856 3854 0
522 525 0
4873 4874 0
9240 9245 0
5693 5688 0
743 745 0
6687 6688 0
7498 7493 0
7160 7163 0
7146 7144 0
9211 9206 0
1383 1380 0
8370 8369 0
9123 9121 0
2315 2316 0
3325 3320 0
4114 4117 0
7787 7792 0
1306 1301 0
6772 6777 0
8320 8316 0
7614 7610 0
5367 5363 0
9394 9398 0
7237 7239 0
516 517 0
1381 1384 0
7552 7549 0
6434 6430 0
5272 5267 0
1413 1415 0
4949 4952 0
629 625 0
6472 6477 0
4463 4468 0
3646 3642 0
4639 4638 0
9226 9224 0
3568 3570 0
7913 7911 0
658 657 0
4971 4973 0
5831 5836 0
7422 7421 0
1645 1641 0
3126 3124 0
370 369 0
8350 8348 0
1875 1871 0
4583 4582 0
6000 5998 0
9836 9835 0
8156 8157 0
7296 7292 0
3571 3573 0
9587 9590 0
9379 9380 0
2983 2985 0
8987 8984 0
7306 7310 0
4221 4225 0
2518 2514 0
6549 6553 0
8952 8953 0
4020 4024 0
6683 6678 0
5247 5251 0
6281 6286 0
9546 9542 0
6933 6935 0
3945 3946 0
2925 2926 0
5065 5066 0
3159 3162 0
9312 9308 0
9960 9959 0
6654 6649 0
4752 4747 0
7495 7497 0
4666 4670 0
5661 5662 0
3743 3741 0
3389 3386 0
8432 8429 0
9065 9066 0
4768 4764 0
8438 8443 0
2070 2074 0
8562 8566 0
6050 6052 0
6979 6984 0
2843 2847 0
8999 8997 0
8352 8356 0
7523 7525 0
4885 4887 0
9225 9230 0
5639 5644 0
9717 9722 0
978 982 0
3278 3280 0
7280 7279 0
8286 8282 0
9583 9580 0
4201 4199 0
2537 2539 0
3091 3088 0
3110 3114 0
369 373 0
8448 8449 0
7704 7703 0
6182 6186 0
5286 5283 0
2135 2136 0
5526 5522 0
7226 7225 0
9963 9958 0
7267 7268 0
6042 6038 0
6563 6562 0
2955 2959 0
340 338 0
1066 1062 0
583 585 0
6739 6742 0
723 722 0
435 430 0
445 449 0
2887 2889 0
3310 3308 0
2475 2480 0
2201 2203 0
5984 5982 0
4363 4359 0
9759 9755 0
5747 5743 0
5693 5691 0
5043 5041 0
2436 2431 0
4238 4242 0
2083 2079 0
8061 8059 0
8376 8371 0
7403 7406 0
4692 4689 0
6388 6389 0
2216 2217 0
2601 2605 0
5894 5896 0
3813 3817 0
8833 8829 0
7495 7499 0
3370 3375 0
517 513 0
9914 9915 0
5303 5298 0
5178 5183 0
899 897 0
2084 2081 0
1267 1271 0
1148 1150 0
4627 4624 0
8908 8910 0
4367 4368 0
7172 7176 0
9896 9901 0
5013 5018 0
4714 4718 0
1526 1528 0
5305 5308 0
2769 2770 0
5699 5696 0
727 729 0
6325 6327 0
7946 7951 0
4729 4730 0
1459 1454 0
3841 3844 0
3762 3757 0
2915 2916 0
2686 2681 0
3926 3929 0
8390 8392 0
6676 6680 0
4621 4619 0
5167 5162 0
6224 6226 0
7427 7425 0
6756 6759 0
7470 7473 0
8210 8211 0
744 741 0
8201 8196 0
9758 9755 0
1134 1133 0
5841 5836 0
2251 2246 0
6479 6481 0
3509 3508 0
6906 6904 0
2750 2755 0
5145 5146 0
3656 3652 0
9890 9893 0
2490 2494 0
4847 4846 0
5897 5902 0
1398 1395 0
7793 7795 0
1188 1183 0
9501 9498 0
7321 7324 0
9534 9538 0
7663 7661 0
3656 3660 0
9002 9001 0
7478 7482 0
4029 4031 0
5685 5683 0
3316 3312 0
4457 4460 0
7997 8000 0
5584 5589 0
8447 8448 0
924 928 0
8867 8872 0
7379 7382 0
8111 8107 0
175 180 0
8644 8648 0
8515 8513 0
3489 3492 0
8562 8567 0
4177 4175 0
8858 8853 0
8109 8111 0
6983 6982 0
7783 7779 0
5150 5155 0
1671 1670 0
2042 2037 0
1431 1434 0
3259 3263 0
1156 1155 0
4282 4280 0
9788 9787 0
4709 4708 0
9054 9051 0
9644 9642 0
2870 2867 0
8832 8836 0
3857 3861 0
1933 1938 0
392 394 0
6848 6843 0
2020 2025 0
4165 4161 0
5035 5032 0
9499 9495 0
6811 6808 0
5849 5848 0
5262 5260 0
3468 3471 0
7637 7635 0
3469 3468 0
3253 3254 0
2969 2965 0
95 97 0
4167 4170 0
3860 3859 0
7117 7120 0
1064 1066 0
3694 3693 0
7022 7023 0
7770 7771 0
9237 9236 0
220 217 0
9656 9651 0
4939 4936 0
9696 9701 0
8424 8426 0
3176 3173 0
2726 2721 0
2387 2385 0
7422 7425 0
3238 3236 0
8239 8241 0
6033 6035 0
8997 8996 0
3871 3872 0
9804 9800 0
1577 1581 0
4520 4515 0
7923 7928 0
9660 9656 0
1217 1215 0
2345 2347 0
769 768 0
4456 4458 0
3997 3998 0
342 344 0
6435 6437 0
6573 6570 0
2122 2119 0
9470 9471 0
2469 2465 0
4022 4025 0
8832 8828 0
7796 7798 0
8638 8635 0
3842 3843 0
6473 6469 0
8882 8880 0
3031 3028 0
6700 6703 0
2190 2192 0
4496 4501 0
4515 4510 0
8315 8317 0
8184 8187 0
1911 1912 0
1580 1585 0
7233 7237 0
6508 6505 0
8677 8676 0
2128 2130 0
5666 5663 0
2425 2426 0
5422 5424 0
5449 5452 0
5617 5620 0
100 97 0
5688 5685 0
4448 4453 0
4709 4713 0
604 608 0
9745 9742 0
5469 5464 0
4730 4733 0
6695 6699 0
642 644 0
4009 4007 0
4554 4551 0
6271 6274 0
2080 2085 0
5392 5397 0
7672 7670 0
5347 5348 0
3588 3591 0
806 807 0
6970 6965 0
4484 4483 0
5468 5470 0
7597 7596 0
9607 9604 0
9846 9851 0
9524 9525 0
9910 9914 0
8873 8876 0
3559 3560 0
7732 7729 0
8538 8533 0
9027 9032 0
1256 1258 0
9496 9495 0
9388 9390 0
6688 6686 0
2184 2182 0
4927 4922 0
9855 9857 0
3226 3227 0
8048 8044 0
5626 5631 0
4975 4977 0
6711 6708 0
8095 8100 0
6616 6619 0
4564 4559 0
5504 5500 0
9615 9620 0
8162 8165 0
1021 1023 0
2091 2090 0
6486 6489 0
3853 3855 0
7521 7517 0
8168 8163 0
226 223 0
3831 3832 0
8463 8466 0
6763 6764 0
2429 2433 0
2132 2127 0
968 971 0
3645 3640 0
5130 5133 0
9138 9136 0
1431 1436 0
6195 6192 0
8787 8790 0
8268 8269 0
9004 9002 0
3114 3113 0
2668 2667 0
8976 8975 0
9255 9258 0
2265 2266 0
2282 2279 0
7932 7936 0
8696 8701 0
1364 1363 0
6129 6125 0
614 613 0
7578 7576 0
5410 5409 0
7620 7621 0
9004 9000 0
1129 1133 0
6238 6242 0
872 867 0
808 807 0
2788 2787 0
1260 1262 0
362 364 0
8166 8162 0
2976 2975 0
46 48 0
5871 5872 0
9080 9078 0
1314 1319 0
8125 8120 0
8654 8653 0
7638 7637 0
5631 5629 0
2453 2454 0
5074 5071 0
546 541 0
8945 8940 0
749 745 0
5671 5670 0
3862 3859 0
5248 5250 0
4893 4888 0
4836 4832 0
6982 6985 0
9581 9585 0
4475 4476 0
450 453 0
2798 2803 0
8619 8614 0
1893 1891 0
2534 2539 0
4218 4220 0
5439 5443 0
7933 7932 0
198 200 0
2572 2576 0
7860 7863 0
7221 7218 0
5399 5401 0
550 555 0
3340 3343 0
2060 2055 0
8039 8041 0
7128 7124 0
4610 4613 0
605 610 0
7646 7643 0
927 923 0
9864 9869 0
4844 4847 0
3500 3495 0
1446 1451 0
2824 2820 0
5445 5450 0
3668 3664 0
8914 8915 0
6651 6653 0
2501 2500 0
2562 2560 0
7133 7132 0
3022 3027 0
2014 2016 0
9731 9735 0
1859 1862 0
6855 6858 0
7180 7184 0
3580 3585 0
9466 9471 0
6061 6063 0
796 798 0
6455 6457 0
1815 1819 0
2781 2785 0
6485 6487 0
8357 8355 0
3498 3499 0
2879 2875 0
3265 3266 0
1026 1029 0
4920 4922 0
7791 7790 0
6772 6767 0
6476 6474 0
2908 2903 0
8070 8065 0
7753 7757 0
3054 3052 0
1208 1206 0
1351 1352 0
6326 6329 0
2890 2886 0
2493 2488 0
300 302 0
1810 1814 0
9642 9646 0
4213 4216 0
3971 3969 0
3968 3970 0
3054 3051 0
2794 2799 0
2499 2497 0
8774 8779 0
636 640 0
2469 2468 0
4860 4858 0
1769 1765 0
7531 7529 0
5969 5972 0
3305 3308 0
7009 7005 0
2002 1999 0
7742 7745 0
6132 6131 0
2810 2806 0
5555 5554 0
6297 6293 0
2140 2137 0
7905 7910 0
2643 2646 0
6725 6721 0
2017 2022 0
9558 9554 0
5823 5826 0
3006 3005 0
8052 8048 0
8093 8095 0
2151 2147 0
3310 3312 0
9787 9784 0
6317 6322 0
1616 1614 0
9420 9417 0
6945 6941 0
7246 7244 0
2338 2340 0
6210 6209 0
108 112 0
9011 9006 0
8243 8242 0
9166 9169 0
5920 5916 0
6726 6727 0
5064 5068 0
633 629 0
1424 1429 0
7863 7865 0
9651 9646 0
586 588 0
7634 7637 0
8016 8015 0
5851 5855 0
3783 3786 0
4458 4454 0
5974 5971 0
4467 4462 0
1879 1877 0
4393 4394 0
2484 2489 0
2582 2586 0
1961 1960 0
8248 8249 0
3124 3120 0
3818 3815 0
4020 4017 0
8182 8186 0
2353 2348 0
7029 7033 0
4394 4398 0
5686 5688 0
6649 6652 0
255 254 0
1520 1525 0
7506 7511 0
4592 4593 0
1976 1978 0
8154 8149 0
5216 5220 0
7818 7817 0
4793 4790 0
9982 9987 0
6873 6878 0
630 628 0
1235 1233 0
6450 6455 0
2013 2012 0
4148 4150 0
2321 2318 0
9137 9141 0
9679 9682 0
462 464 0
6586 6588 0
6758 6756 0
5376 5371 0
7288 7293 0
8443 8446 0
4091 4095 0
2436 2437 0
987 985 0
5564 5559 0
615 620 0
7175 7176 0
5676 5680 0
210 214 0
8890 8888 0
8836 8831 0
4500 4497 0
455 458 0
3512 3515 0
4909 4912 0
7101 7098 0
298 303 0
2249 2245 0
2826 2825 0
9371 9372 0
3509 3505 0
1499 1494 0
6088 6093 0
1554 1549 0
444 439 0
1294 1292 0
423 420 0
7346 7349 0
4794 4791 0
9394 9391 0
4301 4296 0
6636 6632 0
8181 8176 0
9633 9638 0
4892 4891 0
7658 7657 0
990 993 0
972 967 0
7497 7496 0
2529 2533 0
1901 1905 0
9749 9748 0
5526 5531 0
3216 3220 0
670 668 0
494 490 0
4250 4245 0
2918 2914 0
5037 5041 0
3473 3469 0
2326 2322 0
3606 3607 0
8555 8554 0
5039 5038 0
3788 3792 0
9261 9257 0
8548 8546 0
3405 3408 0
2026 2023 0
1748 1752 0
2406 2403 0
5167 5164 0
3708 3705 0
3187 3191 0
3648 3653 0
6450 6452 0
8946 8943 0
801 806 0
7930 7928 0
1692 1695 0
7686 7688 0
8082 8084 0
2679 2677 0
6471 6472 0
4368 4370 0
2451 2447 0
3990 3992 0
5689 5685 0
2120 2115 0
4442 4437 0
6100 6099 0
4156 4155 0
815 819 0
7173 7177 0
3399 3395 0
3150 3151 0
1138 1136 0
2866 2867 0
4909 4905 0
5926 5930 0
342 343 0
2296 2292 0
7524 7523 0
7850 7845 0
9832 9831 0
5302 5307 0
4700 4697 0
5630 5634 0
2867 2871 0
3209 3208 0
3630 3635 0
3176 3171 0
1590 1585 0
2958 2959 0
2840 2843 0
8777 8774 0
9087 9091 0
6079 6075 0
5438 5441 0
9472 9470 0
1021 1017 0
8985 8989 0
6519 6517 0
8693 8694 0
9932 9933 0
7737 7741 0
4099 4103 0
6264 6262 0
8330 8328 0
1110 1106 0
2578 2576 0
1636 1632 0
7908 7912 0
7410 7405 0
2685 2686 0
7249 7254 0
9383 9386 0
6065 6064 0
1274 1269 0
6487 6489 0
9769 9772 0
931 928 0
8661 8664 0
6646 6649 0
1201 1200 0
2427 2425 0
3446 3448 0
9767 9765 0
9156 9160 0
6109 6108 0
4989 4994 0
6987 6991 0
1124 1126 0
4415 4420 0
9322 9324 0
2012 2014 0
7391 7396 0
7369 7371 0
6194 6191 0
7444 7445 0
1721 1717 0
2493 9505 0
8367 8362 0
225 226 0
9085 9082 0
9459 9455 0
6322 6327 0
186 185 0
5726 5725 0
9857 9859 0
5706 5710 0
4547 4542 0
1130 1128 0
1237 1242 0
1146 1151 0
4371 4369 0
7525 7529 0
8983 8982 0
6975 6978 0
9606 9604 0
3657 3655 0
7342 7341 0
8399 8400 0
3633 3632 0
690 686 0
4715 4714 0
6009 6005 0
7856 7852 0
178 183 0
4043 4041 0
904 909 0
2436 2432 0
8068 8063 0
9933 9928 0
3242 3245 0
2061 2057 0
6140 6142 0
149 144 0
8073 8075 0
270 267 0
1544 1547 0
1319 1322 0
1419 1414 0
9653 9652 0
270 273 0
6680 6685 0
747 743 0
8353 8354 0
2414 2409 0
4755 4758 0
9264 9263 0
8522 8523 0
1184 1188 0
4182 4184 0
9462 9464 0
8894 8898 0
184 186 0
9824 9821 0
7698 7699 0
2871 2873 0
1882 1880 0
7245 7246 0
8327 8329 0
4649 4644 0
6658 6662 0
3555 3550 0
3663 3659 0
6624 6620 0
9058 9053 0
657 661 0
5522 5517 0
2189 2193 0
473 471 0
6182 6181 0
2947 2943 0
6143 6138 0
8021 8020 0
6509 6508 0
1607 1610 0
7252 7250 0
6564 6567 0
686 683 0
2783 2780 0
9284 9289 0
9046 9043 0
9630 9626 0
3050 3045 0
455 459 0
1988 1992 0
8791 8792 0
4123 4127 0
467 472 0
2057 2056 0
7605 7609 0
127 130 0
6994 6996 0
9391 9393 0
7098 7102 0
2424 2423 0
5378 5382 0
4875 4871 0
8283 8288 0
7778 7774 0
8496 8495 0
7738 7740 0
126 129 0
2489 2491 0
7939 7943 0
8286 8284 0
6543 6548 0
4671 4675 0
7912 7909 0
3560 3563 0
4378 4380 0
9777 9773 0
3782 3784 0
4128 4127 0
8256 8255 0
4621 4618 0
5505 5507 0
4906 4909 0
483 478 0
8591 8587 0
5207 5208 0
1622 1625 0
3102 3104 0
7159 7164 0
2438 2439 0
1013 1011 0
5976 5977 0
7020 7018 0
1952 1955 0
502 501 0
2931 2926 0
3558 3561 0
6056 6051 0
6043 6047 0
2931 2930 0
3590 3593 0
7792 7797 0
3354 3350 0
6175 6173 0
8190 8186 0
8003 8000 0
3677 3676 0
7946 7949 0
385 389 0
6903 6900 0
7203 7199 0
2046 2048 0
1884 1885 0
7259 7261 0
549 548 0
6505 6501 0
3203 3207 0
2294 2293 0
9055 9051 0
3528 3529 0
729 726 0
9372 9375 0
527 532 0
531 528 0
2804 2803 0
9308 9303 0
6925 6921 0
6489 6491 0
954 958 0
7920 7923 0
3804 3805 0
6735 6730 0
3389 3387 0
8106 8110 0
8626 8631 0
6752 6750 0
1521 1525 0
1643 1641 0
4540 4538 0
9038 9034 0
7466 7465 0
315 316 0
2225 2220 0
8841 8839 0
6151 6148 0
5130 5132 0
6658 6655 0
1980 1975 0
291 293 0
9345 9341 0
3817 3816 0
1493 1490 0
369 368 0
1950 1946 0
564 561 0
8581 8579 0
5828 5829 0
7741 7745 0
6796 6795 0
6184 6188 0
5134 5131 0
5025 5021 0
7028 7030 0
3515 3511 0
2781 2778 0
655 654 0
669 664 0
1105 1101 0
6034 6032 0
7781 7785 0
1356 1358 0
3976 3980 0
205 207 0
5987 5990 0
8114 8116 0
3708 3704 0
6438 6437 0
3266 3271 0
3195 3197 0
9570 9568 0
1675 1678 0
8655 8660 0
7137 7134 0
5533 5528 0
2973 2977 0
7172 7177 0
3625 3630 0
7990 7992 0
327 324 0
3722 3727 0
2408 2406 0
9039 9044 0
7100 7105 0
8767 8765 0
1150 1151 0
9669 9665 0
7013 7015 0
3089 3090 0
645 649 0
2530 2532 0
8901 8903 0
5376 5372 0
7670 7667 0
2425 2429 0
202 205 0
9836 9839 0
4087 4086 0
5285 5282 0
2034 2038 0
9114 9117 0
5345 5347 0
6320 6315 0
2873 2872 0
7199 7198 0
2983 2982 0
5124 5121 0
9773 9770 0
3212 3216 0
9559 9560 0
3545 3547 0
947 944 0
5969 5970 0
9898 9897 0
4065 4064 0
6508 6504 0
903 899 0
6510 6508 0
6355 6352 0
6015 6019 0
9007 9006 0
9649 9651 0
7032 7027 0
7007 7009 0
1689 1691 0
4078 4075 0
915 914 0
6662 6667 0
8599 8595 0
809 805 0
1000 1002 0
4325 4324 0
8333 8330 0
8878 8876 0
8642 8639 0
4006 4001 0
1809 1814 0
5510 5513 0
7154 7159 0
6458 6454 0
395 393 0
1646 1643 0
5892 5890 0
9255 9259 0
1438 1436 0
7848 7847 0
970 969 0
2929 2925 0
1820 1822 0
1450 1449 0
558 557 0
5757 5759 0
3796 3791 0
6726 6730 0
7397 7401 0
5906 5908 0
9990 9986 0
8055 8056 0
9665 9666 0
3086 3090 0
7987 7989 0
7128 7126 0
7919 7918 0
4801 4798 0
6522 6520 0
2704 2701 0
6704 6699 0
2801 2804 0
6172 6173 0
3701 3698 0
4300 4304 0
3260 3257 0
302 297 0
3852 3854 0
9949 9945 0
4796 4799 0
9176 9178 0
4031 4028 0
19 20 0
6397 6394 0
2081 2085 0
5716 5714 0
9131 9136 0
41 39 0
9972 9973 0
8047 8051 0
656 661 0
2063 2059 0
1819 1824 0
5402 5400 0
2601 2602 0
6757 6762 0
642 640 0
4688 4687 0
7150 7154 0
5586 5581 0
7674 7673 0
8155 8152 0
9944 9948 0
2218 2214 0
3891 3890 0
8340 8345 0
8610 8613 0
7906 7910 0
7272 7270 0
4358 4353 0
1284 1286 0
7564 7559 0
2882 2881 0
825 828 0
9223 9222 0
5155 5151 0
2152 2151 0
2132 2137 0
3201 3199 0
9792 9793 0
3448 3443 0
9377 9372 0
8709 8713 0
743 742 0
5663 5664 0
9425 9428 0
3215 3220 0
832 837 0
2441 2436 0
4403 4398 0
9610 9609 0
6418 6414 0
1183 1182 0
2177 2172 0
9994 9989 0
951 947 0
6656 6660 0
7282 7284 0
5565 5567 0
4757 4761 0
3547 3552 0
580 578 0
9196 9191 0
7983 7978 0
9157 9153 0
8337 8335 0
4320 4315 0
1273 1270 0
9064 9061 0
7295 7299 0
3863 3867 0
3479 3483 0
295 291 0
9840 9839 0
4183 4186 0
3332 3334 0
4065 4070 0
4521 4520 0
968 966 0
2444 2440 0
122 120 0
6539 6544 0
7443 7447 0
6539 6542 0
3111 3106 0
4581 4579 0
8001 8003 0
6198 6193 0
3525 3520 0
7840 7841 0
902 907 0
7559 7557 0
8761 8763 0
3210 3208 0
5448 5447 0
2511 2506 0
2946 2945 0
3261 3266 0
2533 2530 0
1973 1968 0
3581 3577 0
6405 6403 0
5203 5200 0
3723 3728 0
7611 7608 0
1229 1234 0
2844 2842 0
4466 4461 0
4634 4636 0
3665 3663 0
5023 5020 0
5571 5574 0
4154 4152 0
8560 8555 0
1075 1077 0
7594 7590 0
7675 7677 0
9683 9687 0
3508 3512 0
7473 7478 0
9639 9634 0
8510 8508 0
554 552 0
1269 1273 0
6635 6634 0
6847 6843 0
5674 5671 0
9078 9077 0
3902 3903 0
275 271 0
8276 8279 0
7468 7464 0
7022 7026 0
5343 5348 0
2853 2849 0
6588 6585 0
2762 2761 0
9172 9171 0
8494 8496 0
7228 7227 0
7879 7883 0
8581 8584 0
7031 7033 0
6787 6783 0
292 289 0
3836 3833 0
5841 5844 0
880 885 0
8252 8248 0
5477 5474 0
6034 6038 0
2084 2086 0
2027 2028 0
9465 9466 0
8787 8782 0
5424 5419 0
2891 2888 0
590 593 0
2827 2828 0
4057 4058 0
9892 9890 0
3941 3937 0
7424 7421 0
1734 1739 0
4250 4253 0
2747 2748 0
7440 7438 0
1411 1416 0
1821 1818 0
7233 7232 0
985 982 0
1511 1510 0
8575 8577 0
3494 3491 0
5077 5073 0
7402 7403 0
7150 7153 0
885 884 0
1380 1382 0
2205 2208 0
8779 8778 0
871 867 0
5291 5293 0
2513 2516 0
2087 2083 0
9909 9913 0
1986 1990 0
4855 4857 0
8983 8979 0
8034 8037 0
1734 1732 0
2030 2027 0
9082 9086 0
4991 4996 0
9927 9928 0
3649 3651 0
6668 6667 0
7585 7586 0
2385 2382 0
3666 3662 0
3878 3881 0
1033 1028 0
7355 7356 0
806 802 0
6430 6432 0
6166 6165 0
7957 7959 0
5919 5924 0
4912 4907 0
4731 4735 0
5790 5791 0
9558 9553 0
2776 2779 0
8614 8618 0
6157 6161 0
8719 8718 0
1280 1277 0
2021 2022 0
6921 6922 0
9771 9772 0
7860 7864 0
5779 5781 0
4199 4200 0
4853 4850 0
156 161 0
9881 9880 0
3931 3934 0
5778 5774 0
6155 6160 0
9032 9035 0
5440 5439 0
518 515 0
4843 4842 0
2215 2216 0
7415 7411 0
9808 9811 0
4061 4058 0
9346 9347 0
3554 3549 0
390 385 0
410 412 0
1591 1592 0
6655 6657 0
6189 6185 0
9833 9836 0
6763 6767 0
1833 1835 0
8948 8943 0
8831 8829 0
6552 6550 0
2100 2098 0
8470 8472 0
6574 6576 0
3512 3516 0
7000 6999 0
7692 7693 0
5187 5188 0
6604 6607 0
288 293 0
7256 7251 0
1079 1081 0
1241 1242 0
5197 5194 0
7914 7915 0
8218 8213 0
5466 5470 0
4146 4143 0
3797 3801 0
8964 8960 0
1753 1758 0
2774 2769 0
5068 5072 0
6372 6376 0
4884 4883 0
3855 3859 0
411 415 0
2644 2648 0
9166 9171 0
2252 2249 0
9812 9807 0
6386 6381 0
8519 8515 0
4512 4514 0
4685 4681 0
6157 6160 0
3274 3278 0
4030 4033 0
3536 3539 0
519 517 0
4488 4487 0
7790 7794 0
9023 9018 0
6352 6356 0
2941 2942 0
6007 6002 0
4268 4269 0
3538 3539 0
2228 2223 0
5316 5318 0
4844 4840 0
8658 8653 0
1949 1954 0
2157 2156 0
2845 2847 0
794 792 0
245 250 0
9083 9086 0
1074 1077 0
3145 3148 0
9215 9213 0
5033 5035 0
7714 7710 0
3563 3567 0
7343 7339 0
27 23 0
2348 2343 0
4546 4549 0
5612 5615 0
1878 1877 0
3013 3010 0
4076 4071 0
7773 7777 0
8293 8296 0
2856 2860 0
2367 2368 0
125 124 0
9968 9965 0
4459 4464 0
2818 2820 0
417 418 0
2804 2799 0
2462 2459 0
4245 4243 0
8918 8921 0
7384 7389 0
7290 7289 0
4351 4346 0
3070 3071 0
2583 2587 0
7192 7195 0
8727 8726 0
3511 3516 0
5075 5073 0
9256 9257 0
2933 2930 0
1391 1395 0
8302 8307 0
4737 4733 0
5788 5785 0
1250 1251 0
796 793 0
8526 8521 0
6986 6984 0
6795 6797 0
7821 7825 0
5935 5931 0
6592 6593 0
248 245 0
5033 5031 0
1080 1085 0
9561 9562 0
7132 7131 0
5126 5125 0
8963 8958 0
2375 2371 0
3935 3937 0
7026 7027 0
1901 1896 0
5447 5443 0
7595 7591 0
819 820 0
3852 3853 0
9501 9499 0
523 526 0
2244 2243 0
8295 8294 0
3575 3573 0
4470 4465 0
1565 1563 0
2889 2884 0
3627 3624 0
8209 8204 0
8254 8250 0
372 374 0
7241 7244 0
4813 4816 0
2088 2090 0
2056 2055 0
4152 4148 0
2181 2185 0
6981 6985 0
6605 6603 0
580 582 0
3019 3020 0
3188 3185 0
3321 3326 0
1221 1219 0
6909 6910 0
4113 4112 0
7316 7320 0
2673 2672 0
4317 4322 0
1416 1417 0
697 693 0
9625 9622 0
5067 5063 0
7102 7106 0
6215 6216 0
3493 3490 0
4745 4750 0
1747 1743 0
6913 6915 0
4829 4826 0
9900 9902 0
6663 6660 0
8403 8402 0
7305 7307 0
3960 3958 0
4721 4718 0
6339 6341 0
4504 4508 0
8855 8853 0
9225 9226 0
372 375 0
9240 9236 0
303 302 0
6399 6401 0
7563 7559 0
7452 7457 0
7620 7617 0
7983 7980 0
9685 9682 0
2290 2286 0
4732 4728 0
3619 3615 0
406 403 0
5720 5719 0
3324 3322 0
3250 3249 0
5651 5649 0
5665 5667 0
6695 6698 0
4623 4627 0
3878 3883 0
8357 8352 0
4145 4143 0
4671 4666 0
9806 9801 0
431 432 0
4961 4964 0
7006 7010 0
3252 3257 0
3119 3117 0
3600 3598 0
9304 9301 0
1453 1454 0
1933 1932 0
2213 2215 0
9441 9436 0
2422 2426 0
7660 7665 0
1587 1584 0
2261 2262 0
2034 2032 0
5863 5867 0
1795 1797 0
5221 5216 0
1080 1079 0
7 2 0
2291 2288 0
5995 5996 0
2265 2267 0
6951 6949 0
5902 5906 0
6263 6268 0
3445 3446 0
250 247 0
3568 3572 0
5329 5328 0
8616 8611 0
3688 3689 0
9502 9500 0
5238 5233 0
9666 9662 0
2115 2116 0
8215 8218 0
5030 5029 0
6218 6214 0
7060 7062 0
8849 8846 0
8352 8350 0
9620 9625 0
7020 7021 0
6897 6899 0
5389 5393 0
2051 2053 0
5491 5488 0
9357 9353 0
5728 5726 0
9441 9444 0
957 956 0
5020 5025 0
1916 1917 0
7340 7336 0
1181 1177 0
5305 5300 0
8303 8301 0
8551 8555 0
1942 1939 0
3173 3174 0
3114 3111 0
8118 8115 0
3031 3033 0
1592 1587 0
1065 1068 0
226 228 0
4628 4631 0
6530 6533 0
7546 7542 0
3965 3962 0
4435 4432 0
3154 3153 0
6550 6548 0
8864 8866 0
361 356 0
6158 6160 0
411 416 0
9551 9546 0
9975 9972 0
1366 1364 0
6718 6721 0
7736 7740 0
1545 1543 0
3557 3555 0
8474 8475 0
7699 7703 0
5115 5116 0
8771 8774 0
856 857 0
4532 4536 0
7587 7591 0
1242 1247 0
9172 9169 0
8524 8529 0
6333 6335 0
3334 3339 0
1887 1885 0
3621 3618 0
7101 7106 0
2515 2510 0
80 76 0
5788 5787 0
9061 9065 0
3596 3601 0
5411 5410 0
3377 3373 0
4931 4933 0
9688 9683 0
3767 3768 0
5393 5397 0
1138 1137 0
8485 8486 0
2838 2842 0
9969 9971 0
8555 8550 0
7293 7295 0
9278 9283 0
3072 3067 0
8281 8276 0
9112 9111 0
1904 1906 0
8688 8687 0
2571 2573 0
8198 8202 0
6181 6176 0
7230 7225 0
6300 6303 0
5895 5891 0
8915 8913 0
9028 9026 0
579 574 0
947 943 0
5207 5209 0
864 860 0
1664 1669 0
3497 3492 0
7310 7308 0
3734 3736 0
3807 3811 0
5501 5502 0
1918 1921 0
5581 5580 0
102 104 0
446 441 0
3843 3840 0
4202 4206 0
5420 5416 0
2296 2294 0
6356 6357 0
9192 9197 0
9972 9976 0
8672 8675 0
2436 2440 0
7332 7334 0
9169 9167 0
5978 5983 0
8343 8345 0
2535 2540 0
1583 1584 0
9654 9655 0
7571 7572 0
5895 5893 0
7274 7273 0
5357 5360 0
8322 8320 0
153 148 0
703 701 0
938 935 0
2824 2825 0
3652 3651 0
7251 7246 0
8796 8794 0
2954 2959 0
1391 1394 0
8239 8235 0
1764 1763 0
8584 8586 0
4137 4138 0
8872 8868 0
2683 2680 0
5348 5351 0
8281 8285 0
9397 9399 0
4555 4554 0
6193 6191 0
2131 2130 0
5150 5145 0
4023 4026 0
6978 6973 0
3211 3208 0
9782 9777 0
1866 1867 0
7654 7650 0
1425 1429 0
5432 5429 0
8322 8321 0
241 240 0
3327 3331 0
808 812 0
4733 4735 0
6400 6395 0
537 535 0
690 688 0
8490 8486 0
4792 4790 0
3625 3628 0
6753 6758 0
287 286 0
9883 9881 0
9839 9837 0
626 630 0
1351 1349 0
7435 7433 0
1566 1563 0
6069 6071 0
9397 9395 0
8701 8705 0
7574 7576 0
1543 1546 0
7442 7443 0
7155 7154 0
2754 2751 0
1533 1538 0
5804 5806 0
1407 1410 0
1329 1334 0
8217 8215 0
4926 4929 0
2830 2828 0
3363 3366 0
165 170 0
674 676 0
5849 5845 0
1106 1107 0
3764 3765 0
7171 7176 0
7061 7060 0
4778 4779 0
6538 6540 0
5533 5535 0
7111 7114 0
3528 3523 0
4785 4784 0
5615 5616 0
186 183 0
3176 3181 0
140 139 0
1346 1343 0
2683 2678 0
1463 1461 0
7133 7128 0
3542 3544 0
1511 1515 0
3850 3846 0
9699 9704 0
4026 4029 0
8668 8670 0
1712 1714 0
888 886 0
2586 2585 0
5945 5943 0
8994 8991 0
137 139 0
872 876 0
1657 1653 0
2533 2536 0
266 264 0
5540 5536 0
1928 1933 0
5073 5074 0
3156 3158 0
1117 1116 0
3803 3805 0
58 63 0
2050 2055 0
188 190 0
2293 2296 0
6445 6443 0
4100 4102 0
188 186 0
465 460 0
4738 4742 0
5076 5075 0
3258 3255 0
4558 4554 0
6524 6522 0
4470 4473 0
7855 7851 0
3494 3492 0
7003 7004 0
7019 7022 0
1056 1059 0
9944 9946 0
8781 8784 0
8242 8238 0
6827 6829 0
1104 1102 0
3706 3702 0
2487 2488 0
5351 5356 0
4175 4172 0
9132 9130 0
3135 3132 0
1531 1536 0
2583 2581 0
7736 7738 0
8828 8826 0
5025 5026 0
4038 4033 0
8594 8589 0
9630 9627 0
8883 8882 0
1233 1231 0
5857 5855 0
8873 8877 0
3562 3566 0
9465 9463 0
9279 9275 0
481 482 0
8764 8761 0
514 516 0
4495 4500 0
8506 8504 0
3628 3633 0
2169 2172 0
3242 3246 0
1348 1346 0
863 861 0
5185 5180 0
2656 2661 0
6613 6610 0
6378 6374 0
4287 4292 0
9495 9494 0
8883 8878 0
4648 4647 0
5795 5798 0
285 281 0
8115 8120 0
246 249 0
4351 4347 0
1902 1899 0
2001 2003 0
5649 5653 0
6094 6090 0
4619 4623 0
51 50 0
6226 6228 0
9931 9929 0
7149 7151 0
4541 4536 0
509 506 0
2306 2307 0
1366 1371 0
2982 2981 0
2677 2675 0
3352 3356 0
6698 6697 0
5087 5082 0
8848 8845 0
5023 5022 0
1011 1014 0
4095 4099 0
2723 2722 0
5148 5153 0
3387 3390 0
2823 2827 0
7524 7529 0
705 700 0
6585 6582 0
3315 3311 0
6319 6320 0
6495 6500 0
5740 5743 0
1286 1282 0
4160 4161 0
7009 7011 0
2465 2460 0
1389 1387 0
1335 1333 0
6900 6895 0
4957 4955 0
1768 1763 0
3302 3297 0
4819 4817 0
8502 8503 0
5902 5907 0
6850 6847 0
5518 5520 0
6965 6960 0
1109 1112 0
4277 4282 0
7253 7251 0
5739 5742 0
4009 4011 0
208 204 0
2142 2143 0
2638 2642 0
7558 7561 0
2587 2592 0
7999 7996 0
3767 3772 0
1594 1592 0
190 193 0
1512 1515 0
9873 9869 0
1475 1470 0
1993 1997 0
4483 4486 0
8902 8898 0
1808 1813 0
9709 9705 0
7508 7507 0
7593 7597 0
5400 5404 0
9594 9596 0
4569 4568 0
5010 5012 0
4720 4717 0
1048 1044 0
6118 6121 0
3103 3107 0
4205 4206 0
6848 6852 0
2031 2036 0
5321 5318 0
1886 1891 0
9554 9559 0
8258 8256 0
5787 5789 0
2549 2547 0
5729 5728 0
9155 9157 0
4379 4375 0
2670 2667 0
3162 3164 0
8198 8199 0
1907 1911 0
251 247 0
4615 4612 0
5070 5069 0
4194 4192 0
6150 6154 0
1394 1389 0
7989 7984 0
2594 2592 0
9069 9070 0
4022 4019 0
8624 8621 0
1195 1190 0
9834 9832 0
7462 7463 0
4295 4299 0
1495 1491 0
9644 9647 0
2914 2919 0
2659 2663 0
42 40 0
7217 7212 0
6136 6140 0
5463 5461 0
5833 5829 0
6945 6946 0
2168 2167 0
438 434 0
360 365 0
8776 8773 0
5879 5875 0
3535 3539 0
2832 2830 0
3172 3170 0
3319 3315 0
9073 9075 0
7613 7609 0
1591 1596 0
6455 6459 0
8515 8520 0
314 317 0
7157 7159 0
6440 6442 0
572 569 0
1697 1692 0
354 358 0
4382 4383 0
9479 9478 0
9839 9834 0
2659 2658 0
8624 8622 0
4049 4053 0
4012 4008 0
1263 1267 0
3839 3841 0
4216 4219 0
2693 2697 0
4941 4939 0
3501 3497 0
5807 5806 0
5686 5689 0
8134 8132 0
4924 4922 0
9289 9293 0
3530 3533 0
8483 8486 0
7402 7407 0
2594 2599 0
2363 2362 0
2199 2194 0
1025 1020 0
7378 7383 0
9657 9658 0
5534 5536 0
824 829 0
4515 4517 0
7170 7168 0
1443 1447 0
6299 6304 0
9013 9009 0
3664 3660 0
4224 4227 0
2466 2468 0
1702 1699 0
1302 1297 0
987 983 0
861 865 0
9407 9403 0
7188 7189 0
4799 4795 0
6940 6935 0
4056 4053 0
2074 2077 0
9320 9317 0
8936 8939 0
3166 3171 0
7034 7030 0
5449 5453 0
5291 5288 0
7504 7505 0
6012 6015 0
4129 4127 0
77 74 0
805 802 0
7998 8000 0
3930 3925 0
7499 7501 0
1316 1320 0
5932 5937 0
7627 7630 0
5255 5250 0
7646 7651 0
4015 4013 0
7784 7779 0
8222 8223 0
9780 9778 0
9488 9483 0
523 518 0
9183 9182 0
7163 7165 0
6315 6316 0
765 764 0
7310 7311 0
1283 1278 0
3266 3268 0
8546 8551 0
9131 9135 0
7064 7067 0
5263 5260 0
6809 6812 0
1642 1637 0
4002 4003 0
398 393 0
5454 5457 0
4815 4810 0
2317 2321 0
3240 3237 0
2644 2640 0
1615 1620 0
1756 1761 0
8630 8631 0
6261 6265 0
1785 1790 0
9891 9894 0
9069 9071 0
4938 4940 0
9769 9771 0
550 551 0
6728 6729 0
9208 9203 0
9715 9720 0
8792 8794 0
3941 3943 0
7668 7666 0
2886 2891 0
5330 5327 0
2363 2365 0
8178 8179 0
9824 9819 0
1029 1033 0
6791 6794 0
1433 1438 0
3055 3050 0
5048 5044 0
2868 2867 0
1472 1477 0
9209 9205 0
7214 7209 0
5821 5822 0
6809 6814 0
6879 6883 0
6348 6351 0
6530 6526 0
5255 5260 0
4305 4302 0
1526 1523 0
9491 9489 0
2930 2925 0
3549 3546 0
3437 3438 0
5264 5266 0
4203 4199 0
4935 4932 0
4333 4335 0
9197 9201 0
3225 3221 0
3668 3672 0
1674 1675 0
2870 2866 0
532 528 0
7887 7885 0
7259 7262 0
1569 1572 0
6925 6924 0
4729 4733 0
2482 2479 0
689 685 0
4562 4564 0
6280 6285 0
9997 10000 0
9073 9072 0
5517 5515 0
7857 7854 0
6612 6614 0
4041 4044 0
5567 5562 0
2396 2399 0
181 186 0
989 993 0
4650 4649 0
2819 2814 0
5848 5844 0
3111 3116 0
1715 1711 0
2618 2616 0
9630 9634 0
2544 2540 0
6002 6005 0
3020 3025 0
8083 8079 0
183 180 0
4440 4442 0
9934 9939 0
1443 1446 0
2715 2711 0
3965 3966 0
7614 7617 0
9235 9230 0
3118 3113 0
273 276 0
1576 1571 0
4248 4243 0
2464 2469 0
8273 8269 0
4078 4080 0
450 455 0
8080 8085 0
7188 7183 0
7436 7432 0
8464 8469 0
2146 2141 0
2721 2717 0
120 125 0
199 196 0
8137 8136 0
5222 5221 0
7699 7696 0
1637 1635 0
5403 5405 0
8120 8117 0
7765 7769 0
1801 1802 0
2876 2875 0
2420 2418 0
1341 1346 0
7865 7861 0
3560 3565 0
7743 7745 0
1792 1789 0
9049 9045 0
3242 3239 0
4345 4341 0
1952 1951 0
4200 4204 0
5723 5721 0
2794 2793 0
1369 1373 0
3798 3795 0
5082 5081 0
6955 6959 0
4803 4807 0
1540 1543 0
1142 1145 0
4336 4339 0
8938 8937 0
2987 2985 0
7995 7990 0
7602 7601 0
3102 3099 0
9578 9573 0
9459 9454 0
2675 2679 0
5494 5497 0
9759 9756 0
4291 4286 0
6871 6874 0
4154 4149 0
9791 9792 0
2475 2473 0
9893 9898 0
2610 2609 0
2000 2001 0
119 115 0
2173 2169 0
8060 8057 0
5294 5295 0
7589 7588 0
8133 8130 0
4767 4769 0
9790 9789 0
1271 1270 0
6886 6882 0
2819 2815 0
4221 4226 0
9763 9766 0
5552 5549 0
5778 5782 0
9647 9650 0
617 619 0
3034 3035 0
2048 2045 0
8418 8421 0
8085 8087 0
425 424 0
4605 4602 0
2092 2096 0
8025 8029 0
4820 4821 0
2325 2324 0
107 110 0
1189 1185 0
431 436 0
466 462 0
3722 3724 0
7174 7172 0
8091 8093 0
222 226 0
9559 9564 0
1970 1974 0
2308 2312 0
946 949 0
6381 6376 0
9179 9184 0
4436 4431 0
3781 3784 0
7410 7408 0
2069 2067 0
846 845 0
1132 1131 0
8270 8272 0
7996 8001 0
7853 7850 0
2938 2940 0
5604 5605 0
951 955 0
8544 8539 0
2182 2177 0
1186 1187 0
6389 6391 0
5013 5014 0
2465 2462 0
80 75 0
7519 7518 0
5965 5960 0
1234 1233 0
9842 9846 0
6755 6759 0
9141 9139 0
7598 7595 0
684 681 0
6519 6514 0
1971 1975 0
5679 5681 0
6860 6863 0
7935 7934 0
2805 2808 0
8386 8381 0
3387 3383 0
6004 6005 0
5257 5255 0
3579 3582 0
6950 6947 0
3017 3018 0
2619 2617 0
63 60 0
6659 6662 0
4965 4962 0
9285 9284 0
3162 3158 0
4991 4993 0
9000 8996 0
466 467 0
4765 4767 0
2725 2729 0
7809 7808 0
7780 7778 0
2062 2059 0
8195 8192 0
408 413 0
4068 4072 0
5028 5027 0
6971 6972 0
6029 6027 0
255 252 0
1785 1788 0
7717 7718 0
9896 9898 0
7302 7297 0
3948 3952 0
5138 5140 0
2922 2919 0
1721 1716 0
5346 5344 0
2722 2724 0
977 981 0
8398 8394 0
6892 6895 0
512 514 0
1609 1604 0
8289 8293 0
9349 9351 0
3030 3027 0
95 92 0
462 460 0
160 156 0
4093 4096 0
6606 6609 0
5490 5488 0
2628 2629 0
2448 2443 0
3694 3692 0
4403 4399 0
1435 1434 0
6485 6482 0
5245 5244 0
3012 3008 0
7761 7766 0
5221 5226 0
4408 4411 0
942 946 0
914 916 0
9696 9695 0
9037 9035 0
7827 7826 0
1456 1461 0
4288 4284 0
9675 9672 0
9686 9681 0
7588 7590 0
3236 3232 0
2233 2237 0
9609 9612 0
5694 5689 0
6169 6167 0
5543 5545 0
9870 9868 0
4820 4817 0
651 655 0
2279 2275 0
3740 3745 0
3685 3689 0
4468 4471 0
3363 3362 0
7829 7825 0
4013 4012 0
8815 8819 0
8501 8500 0
9716 9715 0
1495 1498 0
6453 6449 0
1336 1340 0
5542 5539 0
5523 5528 0
3572 3570 0
4112 4115 0
3806 3807 0
2275 2270 0
4412 4410 0
9661 9659 0
6656 6661 0
7558 7562 0
3991 3986 0
9364 9366 0
192 196 0
2498 2499 0
2988 2991 0
4836 4831 0
6818 6817 0
3979 3981 0
9659 9656 0
5723 5726 0
4780 4785 0
8559 8556 0
5105 5108 0
3353 3350 0
7048 7051 0
5480 5485 0
7214 7215 0
9656 9652 0
6650 6648 0
890 893 0
2398 2397 0
5473 5470 0
308 306 0
8895 8899 0
2304 2307 0
7440 7444 0
973 969 0
6122 6126 0
6616 6618 0
2009 2014 0
6406 6403 0
734 729 0
807 811 0
4834 4839 0
4703 4700 0
171 167 0
463 465 0
977 978 0
7451 7446 0
5931 5928 0
167 165 0
5952 5950 0
7220 7224 0
1848 1844 0
9642 9641 0
6810 6806 0
9774 9775 0
5808 5812 0
4086 4088 0
5008 5007 0
4076 4073 0
7948 7949 0
5787 5784 0
2217 2218 0
7878 7882 0
6080 6075 0
2345 2340 0
8881 8884 0
8753 8748 0
2465 2470 0
339 340 0
2569 2571 0
7572 7568 0
3499 3497 0
1537 1532 0
4130 4129 0
747 744 0
6076 6071 0
7962 7960 0
7873 7868 0
6150 6155 0
2230 2235 0
3488 3491 0
2857 2856 0
8319 8323 0
250 253 0
1874 1870 0
5219 5220 0
1630 1633 0
9223 9219 0
4694 4699 0
8590 8589 0
8032 8035 0
6902 6897 0
946 950 0
1539 1538 0
7948 7951 0
5884 5880 0
9223 9221 0
6857 6862 0
8689 8690 0
4262 4259 0
222 223 0
6044 6045 0
221 219 0
5868 5867 0
7659 7663 0
4122 4126 0
5801 5805 0
7273 7275 0
4905 4908 0
8488 8492 0
4701 4698 0
2577 2579 0
4046 4049 0
9829 9827 0
5988 5991 0
4991 4992 0
3851 3854 0
8541 8546 0
2003 1999 0
4942 4943 0
3846 3842 0
291 296 0
6815 6814 0
5721 5717 0
585 586 0
2953 2958 0
6534 6529 0
3939 3938 0
2311 2308 0
153 151 0
8362 8363 0
9034 9029 0
9187 9189 0
9400 9397 0
8187 8182 0
6492 6491 0
4091 4094 0
6890 6888 0
2999 3003 0
8002 8004 0
9772 9774 0
5730 5733 0
9373 9368 0
4135 4140 0
2082 2085 0
44 43 0
7258 7257 0
1126 1122 0
5676 5677 0
5842 5841 0
544 539 0
7801 7806 0
7366 7369 0
7650 7651 0
5978 5974 0
1574 1570 0
4258 4253 0
1730 1727 0
9785 9787 0
9276 9273 0
2920 2923 0
9884 9887 0
5064 5065 0
3533 3528 0
628 625 0
8114 8113 0
2631 2632 0
2696 2692 0
8187 8192 0
2387 2382 0
4977 4980 0
3668 3669 0
4143 4144 0
9427 9425 0
4958 4963 0
3299 3298 0
5066 5071 0
4026 4028 0
3516 3521 0
7779 7775 0
5379 5375 0
2605 2607 0
8626 8622 0
3704 3701 0
2788 2786 0
3947 3945 0
7014 7015 0
4835 4834 0
344 345 0
8249 8253 0
3965 3961 0
6681 6684 0
2121 2117 0
8359 8361 0
701 698 0
2905 2902 0
4907 4908 0
7732 7734 0
2308 2303 0
2736 2740 0
5459 5462 0
3770 3769 0
2904 2900 0
7952 7951 0
6566 6564 0
337 340 0
6713 6715 0
668 666 0
5049 5047 0
1481 1486 0
4331 4329 0
4101 4099 0
5445 5442 0
498 500 0
6394 6399 0
6194 6198 0
2150 2145 0
5187 5192 0
8681 8685 0
4341 4338 0
1329 1333 0
2756 2761 0
6374 6379 0
3438 3434 0
2315 2310 0
801 799 0
374 378 0
565 568 0
3752 3747 0
9 11 0
1218 1216 0
7922 7920 0
7664 7661 0
8427 8428 0
4009 4013 0
9526 9523 0
9874 9879 0
5702 5700 0
2734 2731 0
4559 4562 0
845 840 0
6998 6993 0
9264 9260 0
8953 8958 0
1116 1114 0
7641 7637 0
2773 2775 0
5311 5312 0
8160 8162 0
5136 5137 0
8613 8615 0
7238 7237 0
2223 2225 0
7448 7443 0
9872 9874 0
7791 7789 0
5087 5091 0
7723 7720 0
319 317 0
6272 6268 0
9610 9608 0
3196 3194 0
279 282 0
8797 8799 0
8289 8292 0
243 248 0
7270 7275 0
3122 3120 0
5887 5885 0
355 354 0
6737 6734 0
551 548 0
283 279 0
1743 1748 0
7226 7228 0
9673 9677 0
2521 2517 0
9855 9850 0
1783 1784 0
587 585 0
4281 4277 0
4097 4098 0
4763 4768 0
9728 9727 0
5628 5623 0
8072 8069 0
2563 2564 0
1449 1454 0
3386 3391 0
1684 1685 0
2813 2811 0
3774 3779 0
7406 7404 0
3708 3713 0
9872 9870 0
9819 9823 0
9864 9861 0
804 802 0
7931 7929 0
4642 4637 0
9701 9703 0
9135 9139 0
8995 8993 0
7918 7923 0
278 279 0
4684 4689 0
4981 4976 0
4731 4732 0
8060 8065 0
9327 9329 0
362 358 0
6279 6276 0
7527 7532 0
9445 9441 0
6554 6558 0
901 906 0
5617 5619 0
8087 8091 0
412 408 0
195 194 0
6435 6440 0
7476 7479 0
4195 4197 0
307 312 0
3497 3493 0
3158 3159 0
932 934 0
2644 2646 0
930 925 0
5486 5485 0
374 370 0
4770 4769 0
2043 2048 0
8498 8500 0
8140 8141 0
294 298 0
2467 2463 0
552 555 0
4052 4057 0
8177 8172 0
7240 7237 0
5846 5850 0
3624 3628 0
5469 5467 0
2099 2097 0
6501 6504 0
9576 9571 0
9675 9679 0
4741 4738 0
2243 2248 0
9808 9807 0
6086 6091 0
8935 8939 0
4172 4176 0
4264 4269 0
1884 1883 0
9992 9989 0
4302 4300 0
1621 1623 0
6720 6725 0
3599 3597 0
4239 4240 0
8586 8588 0
972 970 0
9539 9535 0
8127 8131 0
8593 8594 0
4265 4261 0
5717 5720 0
6638 6634 0
802 800 0
5030 5027 0
9465 9462 0
8145 8148 0
7704 7700 0
378 383 0
6074 6071 0
3417 3412 0
9030 9029 0
6966 6961 0
7904 7900 0
2209 2204 0
4820 4815 0
3182 3183 0
8383 8385 0
8205 8203 0
8212 8207 0
4831 4830 0
6819 6814 0
3453 3454 0
33 35 0
5363 5358 0
5644 5640 0
5205 5210 0
605 600 0
6763 6766 0
107 108 0
6178 6175 0
2270 2273 0
239 235 0
1202 1200 0
2805 2803 0
2629 2633 0
1109 1106 0
3534 3539 0
9889 9885 0
2461 2465 0
1650 1647 0
2011 2009 0
2165 2167 0
7509 7505 0
6264 6259 0
9288 9292 0
3937 3936 0
3786 3788 0
3469 3470 0
4259 4256 0
2136 2133 0
444 442 0
1522 1525 0
5117 5121 0
4910 4908 0
209 206 0
4471 4466 0
7771 7774 0
6628 6633 0
1169 1173 0
7534 7531 0
400 405 0
9531 9535 0
1869 1864 0
8007 8009 0
6789 6792 0
4434 4431 0
1688 1687 0
7340 7335 0
1164 1163 0
3128 3125 0
1562 1557 0
7739 7738 0
9942 9946 0
4520 4522 0
3283 3279 0
9472 9473 0
5338 5343 0
2975 2980 0
9625 9630 0
8781 8776 0
6585 6589 0
7606 7601 0
6662 6661 0
9485 9480 0
8531 8533 0
8355 8351 0
5633 5628 0
5432 5435 0
9573 9575 0
2704 2700 0
6681 6683 0
6320 6323 0
8463 8461 0
3034 3031 0
1692 1687 0
4751 4753 0
7793 7791 0
4549 4548 0
7178 7177 0
5505 5502 0
8861 8858 0
464 465 0
7742 7738 0
6882 6878 0
2412 2413 0
4287 4289 0
4470 4474 0
5204 5208 0
6559 6561 0
1672 1671 0
9088 9092 0
8756 8758 0
1016 1015 0
6952 6953 0
6230 6227 0
9295 9290 0
8397 8396 0
2349 2348 0
7099 7102 0
3146 3151 0
2015 2016 0
2018 2014 0
5989 5991 0
512 517 0
5657 5653 0
519 514 0
534 539 0
1164 1169 0
9210 9213 0
7555 7558 0
871 870 0
6120 6125 0
7891 7886 0
2625 2628 0
2475 2477 0
998 996 0
9416 9414 0
6776 6774 0
7647 7642 0
531 536 0
3452 3450 0
8824 8828 0
304 300 0
6022 6019 0
8801 8804 0
1027 1026 0
2427 2423 0
6008 6010 0
1117 1112 0
2953 2957 0
176 180 0
6398 6394 0
153 155 0
753 758 0
5939 5937 0
8566 8569 0
8322 8318 0
6288 6291 0
3080 3077 0
7901 7905 0
2971 2969 0
9048 9051 0
8041 8046 0
4710 4708 0
445 448 0
4712 4715 0
2038 2037 0
169 167 0
8799 8795 0
7819 7816 0
2534 2538 0
3952 3957 0
5140 5141 0
5667 5664 0
4779 4783 0
1487 1484 0
2964 2968 0
7163 7167 0
9738 9734 0
3301 3303 0
3635 3634 0
9700 9702 0
3004 3000 0
324 321 0
8339 8340 0
6413 6418 0
8134 8129 0
6416 6421 0
5489 5484 0
3907 3906 0
3569 3570 0
2359 2360 0
5301 5304 0
7834 7833 0
5948 5946 0
3059 3058 0
9222 9219 0
1478 1479 0
4492 4491 0
842 841 0
5299 5303 0
2754 2758 0
4317 4313 0
672 674 0
1407 1409 0
4365 4367 0
7394 7392 0
431 426 0
7221 7223 0
6767 6762 0
1897 1892 0
5359 5361 0
9292 9291 0
4909 4904 0
3868 3863 0
8127 8125 0
1564 1562 0
5650 5655 0
7082 7081 0
7844 7842 0
2267 2268 0
367 365 0
4215 4212 0
4615 4611 0
3382 3380 0
9300 9304 0
9820 9817 0
7006 7003 0
1747 1746 0
4148 4151 0
9014 9018 0
2401 2406 0
8852 8856 0
7181 7180 0
882 884 0
445 443 0
4350 4352 0
5429 5424 0
7600 7604 0
8291 8293 0
7739 7735 0
9521 9517 0
6561 6563 0
259 260 0
4736 4732 0
3234 3236 0
2495 2492 0
2360 2357 0
2367 2365 0
8459 8455 0
2078 2083 0
752 749 0
9014 9012 0
7682 7686 0
9778 9773 0
5342 5340 0
5312 5313 0
2557 2553 0
7656 7655 0
2537 2533 0
3852 3856 0
8101 8097 0
5331 5334 0
2364 2361 0
1740 1738 0
4159 4164 0
5896 5901 0
5422 5423 0
3188 3186 0
6950 6946 0
523 527 0
7591 7596 0
3320 3315 0
8855 8854 0
873 868 0
2565 2568 0
5795 5792 0
5416 5411 0
3231 3229 0
4985 4981 0
9940 9941 0
8939 8934 0
2041 2042 0
7613 7618 0
1075 1079 0
8138 8141 0
9335 9331 0
1822 1818 0
8005 8008 0
6144 6143 0
4880 4882 0
6591 6594 0
4155 4160 0
3767 3769 0
8607 8612 0
2669 2671 0
7103 7106 0
8136 8133 0
4849 4845 0
8547 8552 0
313 310 0
6267 6264 0
2392 2397 0
1943 1946 0
7312 7311 0
1440 1438 0
2823 2822 0
252 251 0
6957 6955 0
5652 5654 0
7530 7533 0
2751 2749 0
5975 5970 0
140 145 0
5034 5039 0
3161 3157 0
3868 3869 0
9312 9310 0
2927 2923 0
4230 4225 0
5561 5559 0
9332 9337 0
7406 7402 0
2937 2939 0
7518 7522 0
3431 3428 0
9516 9520 0
2795 2791 0
4986 4981 0
937 939 0
3829 3827 0
8279 8284 0
4789 4790 0
3305 3307 0
3967 3968 0
1511 1506 0
5362 5357 0
8832 8827 0
8328 8333 0
6413 6410 0
8417 8412 0
4921 4920 0
5911 5909 0
8976 8972 0
9398 9403 0
6657 6658 0
6614 6616 0
4108 4113 0
7806 7807 0
158 162 0
5827 5824 0
7736 7732 0
5736 5740 0
7970 7975 0
1403 1406 0
9666 9668 0
914 910 0
8011 8010 0
8987 8986 0
7384 7387 0
4213 4211 0
1102 1100 0
7943 7941 0
4416 4411 0
8274 8269 0
3816 3820 0
8123 8127 0
7046 7044 0
208 209 0
9061 9059 0
5670 5666 0
9034 9030 0
5854 5857 0
4576 4572 0
4967 4962 0
2424 2422 0
6162 6166 0
8145 8142 0
4080 4079 0
9562 9565 0
3213 3215 0
1589 1591 0
4669 4674 0
159 164 0
9510 9508 0
197 196 0
414 417 0
796 801 0
8494 8499 0
3725 3728 0
574 577 0
7823 7826 0
9366 9369 0
4569 4573 0
4213 4217 0
6443 6444 0
8272 8276 0
3307 3306 0
95 90 0
2799 2796 0
6781 6784 0
7804 7803 0
1429 1427 0
8205 8201 0
2752 2755 0
6042 6046 0
5137 5141 0
5612 5614 0
8656 8659 0
654 649 0
8017 8014 0
9493 9491 0
4785 4782 0
1915 1919 0
7522 7519 0
7702 7700 0
4890 4892 0
2585 2589 0
8106 8107 0
7862 7861 0
363 365 0
449 4687 0
5807 5809 0
1980 1983 0
3988 3983 0
723 726 0
3086 3088 0
540 536 0
7196 7192 0
6451 6452 0
1809 1810 0
1518 1516 0
395 396 0
8803 8805 0
9542 9538 0
1299 1301 0
5342 5345 0
1802 1807 0
2009 2005 0
9657 9659 0
6177 6172 0
7560 7565 0
7103 7099 0
7371 7368 0
4775 4770 0
8732 8736 0
4678 4680 0
5801 5802 0
8642 8643 0
2119 2116 0
3002 3004 0
4761 4758 0
3137 3141 0
1032 1031 0
6454 6456 0
8150 8155 0
2066 2071 0
2137 2136 0
3064 3068 0
534 538 0
2839 2843 0
7810 7807 0
8297 8301 0
6355 6360 0
8028 8032 0
2860 2862 0
9672 9676 0
1836 1839 0
5134 5130 0
8016 8018 0
348 346 0
557 561 0
7304 7303 0
6332 6329 0
4278 4283 0
5086 5084 0
5144 5141 0
7711 7710 0
7993 7994 0
9560 9564 0
9878 9880 0
5249 5246 0
3331 3334 0
1438 1443 0
7837 7842 0
2855 2850 0
7413 7408 0
2400 2398 0
5762 5764 0
9947 9946 0
7078 7076 0
5031 5026 0
5610 5611 0
5380 5385 0
6499 6501 0
8558 8561 0
1283 1282 0
2650 2651 0
7109 7108 0
6406 6408 0
3362 3359 0
7933 7931 0
4914 4918 0
411 413 0
8527 8526 0
1019 1023 0
7880 7879 0
3957 3961 0
8561 8566 0
6175 6170 0
6569 6565 0
3597 3595 0
7269 7271 0
902 898 0
911 909 0
5132 5134 0
4392 4388 0
2721 2719 0
2918 2920 0
2677 2682 0
9483 9484 0
3522 3526 0
1029 1030 0
9720 9717 0
4009 4012 0
4664 4661 0
9190 9191 0
9756 9757 0
2780 2776 0
1197 1194 0
4050 4047 0
8294 8296 0
1745 1747 0
4686 4691 0
5141 5142 0
2233 2234 0
8503 8499 0
8564 8568 0
3262 3259 0
9864 9860 0
1579 1574 0
2998 2999 0
381 382 0
1156 1151 0
2973 2974 0
9012 9013 0
3868 3867 0
199 198 0
3827 3823 0
3051 3053 0
4341 4336 0
1208 1213 0
1446 1442 0
7712 7708 0
7091 7089 0
3828 3823 0
1983 1987 0
7166 7167 0
6434 6431 0
5734 5733 0
9179 9175 0
3341 3345 0
548 547 0
7311 7314 0
1315 1312 0
7026 7031 0
516 512 0
5115 5117 0
6784 6787 0
3040 3043 0
3391 3394 0
5333 5336 0
1648 1643 0
8646 8649 0
8203 8206 0
5805 5808 0
2348 2351 0
4213 4214 0
8649 8644 0
5075 5078 0
1032 1030 0
3192 3188 0
969 964 0
7218 7214 0
3416 3412 0
7725 7730 0
60 58 0
9626 9625 0
4638 4636 0
8591 8592 0
922 917 0
8546 8542 0
4648 4650 0
6329 6328 0
9945 9944 0
4177 4174 0
1855 1850 0
4820 4823 0
2443 2446 0
2718 2720 0
9869 9865 0
6112 6107 0
5900 5901 0
6605 6608 0
9347 9342 0
9310 9311 0
371 374 0
3600 3603 0
5230 5235 0
8866 8867 0
838 833 0
9308 9305 0
7372 7377 0
2948 2946 0
5125 5127 0
5969 5965 0
1954 1959 0
3107 3105 0
220 218 0
2485 2481 0
7256 7259 0
5123 5121 0
6960 6962 0
2738 2742 0
9046 9042 0
3090 3085 0
4688 4691 0
1148 1144 0
8537 8534 0
2759 2763 0
2382 2381 0
6986 6981 0
9081 9083 0
8454 8457 0
2621 2618 0
6522 6527 0
4219 4217 0
9049 9044 0
9852 9849 0
9572 9571 0
5703 5702 0
9752 9750 0
5883 5888 0
5595 5590 0
3945 3941 0
7906 7903 0
1469 1472 0
1208 1203 0
2970 2971 0
1210 1209 0
3460 3465 0
1844 1845 0
7713 7715 0
9755 9751 0
7083 7088 0
1456 1455 0
9515 9519 0
8272 8268 0
7819 7821 0
4846 4849 0
5078 5077 0
3260 3263 0
3019 3015 0
1437 1435 0
5635 5640 0
5548 5552 0
4912 4908 0
7101 7100 0
4922 4925 0
8884 8887 0
8818 8814 0
9227 9228 0
4283 4286 0
4396 4392 0
7353 7348 0
7550 7554 0
8603 8608 0
461 464 0
2007 2004 0
6576 6572 0
4012 4016 0
1984 1982 0
9991 9987 0
1053 1051 0
129 131 0
2643 2641 0
7852 7851 0
3761 3758 0
6325 6324 0
8125 8126 0
8132 8128 0
9264 9261 0
4483 4488 0
7310 7312 0
8923 8924 0
6669 6672 0
3609 3613 0
3880 3877 0
8871 8875 0
8025 8026 0
6289 6288 0
8165 8169 0
8603 8604 0
1483 1486 0
9695 9698 0
3466 3462 0
7756 7757 0
591 594 0
2155 2153 0
577 578 0
7472 7475 0
7131 7133 0
3794 3793 0
7877 7878 0
227 225 0
3995 3994 0
3144 3141 0
2703 2698 0
9632 9634 0
8100 8097 0
1459 1462 0
6101 6104 0
8146 8144 0
294 291 0
3192 3196 0
8775 8779 0
7166 7165 0
5332 5328 0
3692 3696 0
1910 1905 0
5432 5427 0
958 957 0
2332 2330 0
526 521 0
8317 8322 0
9328 9323 0
3415 3412 0
1340 1344 0
6371 6374 0
6519 6515 0
3971 3976 0
4722 4724 0
9765 9761 0
4479 4483 0
1815 1814 0
9325 9328 0
5277 5272 0
680 677 0
1067 1063 0
1154 1152 0
7836 7831 0
1229 1230 0
9650 9655 0
8711 8715 0
9658 9653 0
1867 1869 0
372 371 0
5924 5920 0
2155 2151 0
343 345 0
2664 2660 0
6934 6939 0
7030 7035 0
5860 5865 0
7860 7856 0
6317 6318 0
9527 9528 0
621 624 0
4594 4596 0
5901 5904 0
6399 6395 0
2272 2271 0
7132 7127 0
9098 9100 0
233 228 0
8313 8316 0
7207 7206 0
5750 5751 0
2510 2507 0
4412 4408 0
3018 3013 0
1049 1054 0
884 888 0
9503 9498 0
3412 3407 0
5981 5979 0
9988 9984 0
9943 9944 0
916 915 0
294 290 0
6704 6708 0
6422 6421 0
8490 8489 0
2527 2530 0
9784 9780 0
4379 4382 0
1229 1225 0
1107 1112 0
7478 7476 0
2335 2334 0
3739 3738 0
7506 7503 0
7345 7342 0
789 785 0
4201 4200 0
4122 4123 0
7371 7367 0
2058 2059 0
6632 6634 0
62 63 0
3984 3987 0
8862 8866 0
7880 7877 0
3618 3622 0
9718 9715 0
8044 8043 0
8958 8954 0
9313 9311 0
6435 6430 0
9817 9818 0
2393 2396 0
1554 1552 0
4179 4176 0
6972 6969 0
6010 6013 0
157 154 0
3917 3916 0
6918 6914 0
916 911 0
104 103 0
5390 5394 0
1036 1031 0
9170 9168 0
6944 6941 0
4847 4850 0
694 696 0
5063 5068 0
9188 9192 0
9561 9559 0
9455 9454 0
9403 9406 0
4087 4083 0
5967 5971 0
7324 7328 0
290 292 0
9330 9326 0
8127 8126 0
1097 1101 0
2744 2747 0
9728 9731 0
3442 3445 0
5831 5829 0
1676 1672 0
6207 6210 0
145 148 0
8392 8387 0
2187 2190 0
4086 4083 0
3975 3976 0
8225 8227 0
1768 1767 0
1054 1055 0
147 145 0
1490 1489 0
5799 5801 0
4852 4855 0
9030 9025 0
275 277 0
8846 8842 0
2229 2233 0
5950 5945 0
1435 1433 0
5153 5151 0
2427 2430 0
4128 4132 0
5509 5514 0
1630 1631 0
4697 4701 0
1959 1955 0
3552 3554 0
7539 7543 0
815 811 0
8109 8104 0
6655 6656 0
166 161 0
9006 9002 0
7294 7289 0
9644 9649 0
9027 9031 0
6249 6244 0
7879 7876 0
7474 7471 0
8975 8978 0
5711 5710 0
7321 7325 0
6393 6397 0
537 538 0
4235 4239 0
5957 5955 0
1711 1714 0
3981 3977 0
2386 2383 0
5763 5764 0
6605 6607 0
1501 1496 0
1856 1859 0
3902 3898 0
2997 2996 0
4085 4081 0
5128 5124 0
1071 1072 0
1850 1853 0
5598 5597 0
5202 5199 0
650 646 0
798 794 0
568 571 0
5510 5514 0
1010 1007 0
8692 8688 0
327 331 0
2771 2772 0
5507 5509 0
8587 8592 0
6405 6402 0
3641 3642 0
489 484 0
7507 7509 0
5868 5870 0
3311 3310 0
4857 4854 0
2493 2497 0
499 502 0
6040 6039 0
3283 3287 0
6729 6734 0
8292 8293 0
7309 7312 0
8758 8753 0
6991 6986 0
326 328 0
728 724 0
1220 1222 0
8181 8183 0
8501 8498 0
5266 5268 0
5383 5378 0
3604 3603 0
9574 9573 0
680 679 0
2523 2524 0
9514 9518 0
3583 3578 0
7693 7690 0
7411 7406 0
2158 2163 0
3233 3231 0
792 796 0
7019 7017 0
3174 3177 0
4356 4358 0
3202 3200 0
3357 3356 0
6311 6316 0
6013 6017 0
4014 4013 0
2242 2243 0
1333 1338 0
2257 2253 0
1248 1243 0
988 987 0
6167 6162 0
1812 1815 0
8540 8539 0
6712 6716 0
2941 2936 0
6987 6982 0
3438 3443 0
9879 9875 0
9289 9287 0
27 28 0
9497 9492 0
4145 4142 0
8389 8392 0
5215 5218 0
138 135 0
8836 8834 0
5336 5340 0
7771 7769 0
2032 2036 0
7248 7249 0
4753 4755 0
3628 3626 0
9461 9459 0
178 175 0
9517 9512 0
4350 4345 0
5917 5922 0
1022 1021 0
8723 8721 0
9973 9971 0
7185 7190 0
4907 4906 0
5972 5976 0
2356 2352 0
4037 4041 0
8876 8877 0
2463 2468 0
8404 8408 0
5983 5979 0
4756 4755 0
268 264 0
8900 8896 0
3033 3035 0
9505 9503 0
2901 2896 0
8805 8807 0
4319 4318 0
6684 6688 0
6515 6518 0
5697 5694 0
9514 9516 0
9379 9383 0
6097 6102 0
3977 3979 0
2727 2732 0
8898 8899 0
2225 2229 0
1706 1708 0
9192 9187 0
4441 4446 0
3948 3951 0
6516 6514 0
7964 7962 0
5893 5891 0
2989 2988 0
6408 6410 0
9268 9264 0
9545 9540 0
6368 6364 0
4953 4956 0
9874 9871 0
4669 4666 0
9144 9146 0
4842 4837 0
1025 1022 0
4478 4481 0
707 710 0
7480 7475 0
6740 6742 0
7262 7266 0
5153 5150 0
7712 7710 0
6341 6338 0
4370 4372 0
5494 5490 0
9242 9244 0
593 598 0
8508 8509 0
8624 8629 0
7274 7269 0
6691 6692 0
5112 5109 0
4724 4728 0
8766 8769 0
1672 1667 0
6669 6666 0
8510 8506 0
1606 1610 0
3072 3071 0
5213 5216 0
6271 6268 0
2207 2203 0
127 132 0
2675 2670 0
6818 6823 0
744 742 0
4958 4962 0
396 391 0
7907 7905 0
4373 4369 0
37 33 0
5359 5354 0
8607 8604 0
1864 1862 0
6819 6824 0
2537 2540 0
8972 8975 0
9336 9335 0
9411 9416 0
6641 6643 0
6546 6551 0
8540 8544 0
5591 5596 0
2440 2437 0
5696 5694 0
7690 7692 0
9570 9566 0
5499 5496 0
7383 7381 0
1850 1845 0
6200 6198 0
3452 3447 0
6088 6083 0
5406 5408 0
6811 6807 0
8590 8585 0
5192 5194 0
1348 1349 0
25 26 0
9261 9260 0
181 179 0
8047 8052 0
7021 7022 0
1607 1605 0
9612 9614 0
277 278 0
6594 6589 0
3831 3826 0
4004 4000 0
7909 7914 0
1182 1187 0
9077 9082 0
3446 3441 0
1554 1556 0
1913 1912 0
139 136 0
3496 3497 0
781 782 0
5994 5995 0
8605 8604 0
5365 5362 0
5462 5467 0
9315 9313 0
4412 4413 0
6791 6790 0
3872 3869 0
767 772 0
1603 1598 0
6120 6116 0
3165 3160 0
4890 4891 0
7619 7624 0
8594 8592 0
9198 9195 0
1712 1708 0
2798 2794 0
7672 7669 0
1533 1529 0
2054 2053 0
853 850 0
9291 9296 0
4748 4750 0
7415 7414 0
1476 1480 0
4492 4493 0
8710 8706 0
8860 8856 0
1751 1748 0
9385 9388 0
4426 4425 0
7032 7034 0
9427 9430 0
4472 4470 0
5907 5903 0
5120 5118 0
3397 3396 0
1503 1507 0
6084 6079 0
769 765 0
2548 2545 0
1127 1128 0
3872 3873 0
1974 1978 0
9032 9033 0
9683 9686 0
33 36 0
7721 7719 0
4243 4247 0
4409 4411 0
1260 1259 0
5200 5197 0
3551 3547 0
6972 6975 0
4875 4873 0
4810 4812 0
8990 8986 0
5314 5309 0
4173 4168 0
2679 2678 0
1373 1371 0
5737 5740 0
4783 4782 0
3496 3499 0
2547 2548 0
4243 4242 0
5343 5342 0
4508 4510 0
9665 9668 0
8235 8236 0
5560 5559 0
6232 6231 0
5267 5264 0
2486 2489 0
999 1003 0
5735 5737 0
4229 4225 0
6194 6192 0
2115 2110 0
9680 9679 0
1223 1222 0
9907 9906 0
2211 2214 0
2358 2361 0
1782 1781 0
6179 6183 0
3599 3600 0
7112 7107 0
7689 7694 0
7506 7504 0
4829 4827 0
837 841 0
1645 1648 0
1799 1796 0
5104 5100 0
2451 2446 0
2815 2812 0
1520 1522 0
4517 4513 0
7432 7431 0
957 955 0
2842 2843 0
4101 4102 0
1136 1140 0
7626 7622 0
5802 5805 0
7827 7830 0
6078 6083 0
2975 2974 0
9232 9233 0
2933 2928 0
914 909 0
8588 8591 0
4903 4904 0
149 152 0
5487 5492 0
1786 1785 0
3141 3140 0
9106 9107 0
7913 7909 0
5959 5964 0
3079 3077 0
4163 4166 0
6058 6053 0
976 977 0
8200 8195 0
9855 9859 0
1198 1193 0
3986 3987 0
362 361 0
3674 3669 0
4694 4698 0
5116 5121 0
1464 1462 0
1747 1750 0
1436 1433 0
1241 1243 0
5323 5320 0
7428 7432 0
9069 9066 0
9307 9312 0
4779 4781 0
3382 3386 0
4106 4104 0
4470 4468 0
4505 4508 0
361 357 0
380 384 0
50 45 0
1904 1907 0
9437 9441 0
7844 7841 0
5056 5058 0
6100 6105 0
5676 5679 0
1064 1059 0
8713 8715 0
6156 6152 0
2556 2552 0
3649 3646 0
1041 1046 0
3102 3101 0
4667 4669 0
4922 4918 0
8123 8128 0
1271 1274 0
9426 9421 0
9093 9088 0
5366 5369 0
1582 1577 0
3960 3956 0
4110 4112 0
1135 1134 0
5953 5952 0
2299 2302 0
4628 4629 0
3116 3119 0
6030 6034 0
3641 3643 0
6977 6980 0
7676 7672 0
5396 5392 0
3505 3504 0
6359 6357 0
7510 7511 0
5937 5941 0
903 906 0
801 805 0
3065 3063 0
8431 8432 0
517 521 0
3427 3426 0
9316 9320 0
37 42 0
9905 9902 0
8105 8102 0
2689 2691 0
6121 6122 0
4605 4610 0
537 533 0
3795 3793 0
8037 8040 0
377 375 0
1164 1159 0
6982 6978 0
1894 1898 0
7522 7517 0
5904 5907 0
1321 1318 0
9702 9701 0
2941 2946 0
8705 8706 0
8879 8884 0
7243 7241 0
7260 7263 0
2464 2466 0
7292 7291 0
6902 6906 0
8377 8375 0
8886 8891 0
2320 2322 0
9753 9758 0
2956 2954 0
3084 3087 0
1241 1238 0
7469 7466 0
8361 8357 0
915 912 0
4304 4307 0
3285 3289 0
550 554 0
4176 4177 0
2230 2231 0
9713 9710 0
8388 8389 0
4419 4421 0
9143 9141 0
3154 3152 0
1213 1210 0
3551 3552 0
5541 5540 0
5553 5556 0
3246 3249 0
5356 5359 0
7249 7250 0
1412 1410 0
3444 3441 0
1199 1200 0
2975 2972 0
586 589 0
6550 6545 0
240 244 0
2746 2751 0
7525 7521 0
5259 5258 0
5835 5830 0
2878 2873 0
5300 5299 0
4779 4782 0
3015 3016 0
2725 2730 0
5210 5209 0
6273 6272 0
8570 8565 0
8880 8884 0
4579 4584 0
685 690 0
6916 6913 0
9872 9877 0
480 483 0
5423 5427 0
3626 3623 0
6313 6317 0
7315 7316 0
7479 7480 0
8776 8780 0
6526 6531 0
8966 8962 0
5969 5967 0
6103 6100 0
1884 1888 0
556 554 0
9451 9455 0
3312 3311 0
9135 9130 0
8071 8069 0
1726 1725 0
9720 9722 0
891 893 0
1335 1336 0
1074 1070 0
3834 3835 0
4239 4242 0
977 974 0
1476 1471 0
3160 3163 0
7629 7627 0
6714 6716 0
1344 1349 0
2822 2826 0
3701 3705 0
5907 5908 0
5108 5107 0
4578 4576 0
6141 6143 0
7929 7927 0
3182 3184 0
6743 6742 0
8536 8539 0
2507 2511 0
1909 1908 0
9662 9657 0
6472 6476 0
9855 9854 0
5175 5173 0
9073 9071 0
7886 7882 0
7296 7300 0
558 553 0
8110 8109 0
2379 2378 0
6479 6474 0
3996 4000 0
6282 6284 0
1715 1710 0
1966 1971 0
587 590 0
2371 2369 0
7609 7606 0
8118 8122 0
9659 9655 0
2380 2377 0
5119 5115 0
8589 8593 0
2311 2306 0
7536 7533 0
2120 2123 0
2370 2367 0
2844 2847 0
1061 1062 0
5179 5177 0
5864 5869 0
7035 7036 0
5752 5747 0
5437 5439 0
7892 7895 0
9024 9022 0
9869 9866 0
14 9 0
2414 2415 0
2449 2452 0
6469 6472 0
492 496 0
5268 5267 0
7465 7464 0
6945 6940 0
7301 7304 0
8954 8959 0
6983 6979 0
63 59 0
814 816 0
4644 4639 0
3184 3185 0
6546 6550 0
4153 4155 0
7037 7038 0
1132 1128 0
9483 9487 0
8595 8593 0
4140 4138 0
2313 2311 0
1434 1432 0
2194 2190 0
7525 7528 0
7843 7839 0
5551 5550 0
4076 4077 0
1654 1659 0
9034 9032 0
8397 8395 0
6975 6980 0
710 709 0
51 54 0
1240 1235 0
1372 1375 0
918 921 0
929 933 0
4992 4987 0
7183 7178 0
303 306 0
5789 5785 0
8678 8683 0
9844 9845 0
6633 6637 0
7937 7940 0
2602 2597 0
6257 6261 0
4236 4235 0
8856 8851 0
6868 6864 0
2658 2653 0
6710 6715 0
7545 7543 0
7334 7335 0
1505 1504 0
4032 4031 0
8990 8985 0
875 871 0
965 960 0
8300 8295 0
7394 7390 0
4123 4124 0
111 110 0
730 729 0
430 433 0
8156 8152 0
4705 4710 0
8264 8269 0
5569 5570 0
5308 5304 0
6112 6111 0
3504 3507 0
3607 3604 0
6132 6128 0
2556 2551 0
2494 2492 0
9693 9697 0
5401 5403 0
8441 8445 0
8472 8473 0
5767 5768 0
5859 5864 0
5431 5432 0
2664 2663 0
5232 5235 0
1653 1654 0
1552 1555 0
3574 3573 0
6433 6436 0
2065 2068 0
2412 2417 0
3103 3101 0
927 929 0
168 173 0
3496 3500 0
23 28 0
8318 8323 0
4550 4554 0
7912 7910 0
6195 6198 0
3766 3771 0
3450 3445 0
6612 6607 0
6251 6247 0
8264 8263 0
996 997 0
3693 3696 0
2652 2653 0
198 203 0
2700 2697 0
1424 1420 0
514 515 0
1789 1786 0
717 721 0
2466 2461 0
4479 4474 0
6103 6106 0
7472 7473 0
5832 5827 0
5238 5240 0
7108 7110 0
5120 5115 0
6843 6844 0
1145 1148 0
8452 8455 0
7947 7950 0
5629 5624 0
7875 7879 0
982 984 0
628 623 0
822 819 0
878 873 0
3444 3446 0
6565 6566 0
9556 9557 0
6541 6540 0
1382 1387 0
8002 8006 0
9723 9725 0
7553 7549 0
5460 5464 0
7285 7286 0
6891 6886 0
6955 6958 0
8707 8710 0
7075 7080 0
8311 8308 0
604 605 0
1749 1753 0
1157 1152 0
8267 8264 0
9797 9794 0
423 421 0
472 477 0
9857 9854 0
6853 6851 0
966 971 0
2994 2995 0
4065 4066 0
536 532 0
710 705 0
149 148 0
506 501 0
3666 3663 0
3615 3616 0
5890 5889 0
2372 2374 0
5715 5716 0
3799 3802 0
4198 4195 0
9119 9115 0
8695 8699 0
5433 5436 0
9259 9264 0
5673 5676 0
610 606 0
4074 4077 0
6828 6833 0
6297 6296 0
6804 6803 0
3697 3695 0
6238 6240 0
1079 1083 0
5072 5073 0
8861 8860 0
4602 4597 0
9948 9943 0
8647 8650 0
797 801 0
7029 7026 0
1583 1582 0
4406 4401 0
7957 7960 0
4370 4374 0
5744 5748 0
9823 9821 0
3428 3427 0
3091 3093 0
1900 1904 0
8000 8002 0
7066 7064 0
2257 2255 0
436 434 0
2035 2034 0
4031 4035 0
7746 7751 0
6486 6481 0
4863 4860 0
309 304 0
4163 4158 0
4130 4133 0
4040 4036 0
8769 8765 0
4667 4663 0
89 94 0
8086 8084 0
5449 5454 0
6705 6703 0
5229 5225 0
5766 5771 0
8758 8755 0
3589 3590 0
1100 1101 0
9550 9546 0
2245 2250 0
6678 6673 0
5403 5398 0
1521 1522 0
3830 3835 0
6811 6810 0
244 243 0
8453 8450 0
86 87 0
448 450 0
4231 4235 0
7279 7277 0
7929 7926 0
2941 2945 0
8417 8413 0
5353 5351 0
5555 5557 0
8647 8645 0
6455 6452 0
4795 4790 0
1914 1913 0
7484 7489 0
4800 4802 0
477 481 0
4451 4455 0
2411 2415 0
7362 7363 0
8539 8538 0
9100 9097 0
1056 1061 0
7822 7821 0
6519 6523 0
984 980 0
6357 6355 0
8163 8165 0
6156 6155 0
9314 9316 0
8931 8926 0
7541 7544 0
7979 7978 0
3514 3515 0
4538 4539 0
1188 1190 0
3130 3126 0
7618 7614 0
7573 7569 0
7419 7415 0
1794 1799 0
7451 7447 0
9230 9233 0
4084 4087 0
4596 4601 0
7801 7802 0
2648 2652 0
2137 2139 0
2139 2141 0
4184 4181 0
8154 8152 0
5648 5647 0
677 678 0
8151 8156 0
6402 6403 0
2384 2379 0
5204 5206 0
5213 5218 0
7563 7560 0
3843 3848 0
9162 9160 0
9232 9228 0
1000 996 0
5045 5041 0
6267 6266 0
7654 7658 0
8714 8715 0
1351 1354 0
5422 5417 0
4019 4015 0
3926 3931 0
4563 4565 0
8358 8354 0
4812 4814 0
6545 6540 0
3385 3388 0
2083 2084 0
2991 2989 0
6918 6919 0
8317 8313 0
3290 3288 0
743 746 0
7805 7809 0
8219 8217 0
4677 4675 0
8055 8057 0
8450 8447 0
9425 9424 0
5683 5686 0
9649 9653 0
5149 5144 0
5254 5253 0
8478 8480 0
9172 9168 0
6599 6603 0
3417 3418 0
7867 7864 0
9707 9709 0
2526 2529 0
3195 3191 0
525 529 0
5016 5012 0
4876 4874 0
6052 6053 0
9498 9496 0
2889 2890 0
8313 8309 0
62 67 0
6323 6322 0
8441 8439 0
3368 3365 0
9523 9520 0
1886 1889 0
9760 9756 0
9022 9026 0
7629 7634 0
1291 1294 0
2100 2105 0
6797 6802 0
7555 7557 0
8904 8907 0
3422 3418 0
6280 6282 0
1664 1665 0
5583 5584 0
1224 1225 0
7103 7098 0
7706 7709 0
123 124 0
8440 8441 0
2718 2715 0
8583 8578 0
4084 4082 0
9054 9057 0
8617 8618 0
8663 8668 0
4145 4149 0
568 570 0
8371 8375 0
5535 5537 0
8279 8280 0
3909 3908 0
6842 6844 0
7114 7116 0
5852 5853 0
8842 8838 0
7296 7297 0
113 112 0
5800 5805 0
4513 4510 0
5035 5036 0
2268 2273 0
537 539 0
1771 1775 0
296 298 0
9406 9401 0
7912 7911 0
8480 8485 0
6533 6538 0
9934 9935 0
7506 7510 0
4838 4836 0
3807 3812 0
1279 1278 0
5484 5486 0
3421 3418 0
565 562 0
9198 9200 0
6006 6008 0
1189 1193 0
5854 5850 0
9088 9091 0
4287 4290 0
9724 9728 0
5411 5415 0
4775 4773 0
3195 3199 0
6390 6389 0
2852 2851 0
7652 7648 0
2996 2994 0
6545 6548 0
7224 7225 0
3214 3215 0
279 277 0
1580 1583 0
6154 6157 0
8661 8666 0
3878 3879 0
1940 1937 0
2892 2897 0
1629 1632 0
3098 3099 0
9912 9910 0
6730 6727 0
4823 4821 0
6647 6651 0
4853 4857 0
6056 6054 0
4910 4906 0
881 877 0
1624 1622 0
8850 8853 0
9709 9713 0
5892 5889 0
7351 7350 0
8567 8563 0
1625 1621 0
7178 7179 0
4966 4962 0
2874 2879 0
522 518 0
753 749 0
6396 6399 0
9152 9148 0
4036 4038 0
8771 8769 0
5524 5525 0
7701 7700 0
8124 8122 0
5449 5444 0
4832 4828 0
2439 2441 0
2733 2736 0
8216 8214 0
9547 9545 0
1006 1005 0
9650 9652 0
2354 2351 0
2545 2542 0
2425 2420 0
8477 8482 0
8484 8480 0
7133 7130 0
7040 7036 0
2189 2188 0
7538 7536 0
3678 3676 0
2208 2211 0
7577 7572 0
8139 8140 0
3565 3567 0
3341 3339 0
8636 8631 0
5232 5233 0
6882 6885 0
3826 3829 0
7827 7825 0
5267 5262 0
3181 3183 0
6041 6040 0
8347 8350 0
9817 9815 0
6266 6268 0
3801 3800 0
8638 8642 0
9250 9255 0
9448 9447 0
6414 6412 0
6928 6931 0
1801 1805 0
1785 1783 0
2064 2062 0
3579 3583 0
653 651 0
2254 2258 0
7209 7208 0
2719 2714 0
1193 1192 0
5831 5827 0
8922 8924 0
2571 2574 0
4570 4566 0
1166 1170 0
6660 6655 0
9782 9780 0
4616 4614 0
6135 6134 0
9072 9071 0
6935 6932 0
8676 8681 0
8082 8079 0
4987 4986 0
582 587 0
1872 1869 0
161 163 0
7146 7141 0
8704 8709 0
7709 7705 0
8292 8288 0
445 444 0
6135 6139 0
5628 5626 0
6551 6555 0
6172 6176 0
8474 8476 0
188 192 0
9327 9331 0
9250 9246 0
635 633 0
1537 1542 0
4625 4626 0
8294 8291 0
1975 1978 0
5315 5317 0
6954 6951 0
5416 5417 0
430 432 0
5199 5197 0
3729 3733 0
3929 3933 0
6387 6388 0
2882 2880 0
3763 3768 0
3428 3423 0
3757 3760 0
9964 9966 0
2706 2708 0
105 103 0
6919 6920 0
5337 5342 0
9712 9714 0
2410 2415 0
6204 6206 0
7450 7449 0
4132 4137 0
1749 1754 0
7391 7390 0
8733 8728 0
6699 6694 0
460 458 0
5070 5074 0
6774 6769 0
1947 1948 0
2118 2120 0
9727 9732 0
4464 4468 0
1097 1099 0
1090 1087 0
512 511 0
2801 2798 0
5757 5758 0
6079 6074 0
5263 5259 0
2679 2676 0
9733 9729 0
4170 4168 0
3035 3036 0
6668 6669 0
8379 8377 0
4871 4866 0
2038 2042 0
3675 3673 0
8313 8314 0
4861 4864 0
8489 8487 0
4633 4637 0
1778 1774 0
1867 1862 0
6189 6187 0
1940 1942 0
1291 1286 0
8040 8041 0
6520 6517 0
6184 6187 0
1070 1071 0
4254 4252 0
31 26 0
922 927 0
5197 5196 0
9120 9122 0
883 881 0
2219 2222 0
3807 3805 0
2667 2672 0
7038 7041 0
1448 1445 0
413 412 0
77 78 0
330 326 0
4525 4520 0
3487 3488 0
1860 1863 0
7346 7341 0
3293 3298 0
8332 8333 0
6221 6226 0
7173 7171 0
437 432 0
994 997 0
383 387 0
9284 9279 0
4787 4792 0
455 454 0
7996 7991 0
6236 6235 0
7562 7560 0
1943 1945 0
8554 8556 0
5592 5587 0
9226 9228 0
3726 3730 0
7005 7007 0
8251 8253 0
3774 3770 0
4885 4880 0
8442 8443 0
4395 4398 0
5492 5495 0
4978 4974 0
7600 596 0
2887 2890 0
6891 6893 0
1638 1639 0
6105 6104 0
4969 4971 0
4232 4230 0
1611 1610 0
1043 1038 0
3839 3843 0
5599 5604 0
3475 3477 0
1560 1564 0
519 522 0
3221 3216 0
8676 8674 0
5467 5471 0
8831 8828 0
3454 3449 0
14 10 0
815 818 0
6820 6817 0
3684 3687 0
4909 4914 0
1100 1095 0
5920 5917 0
5784 5785 0
9874 9873 0
7052 7047 0
249 253 0
2031 2029 0
2936 2934 0
9986 9983 0
7056 7051 0
9584 9579 0
4040 4042 0
8361 8358 0
8011 8016 0
5920 5921 0
3659 3658 0
2397 2401 0
8677 8674 0
7207 7211 0
6641 6646 0
405 407 0
5524 5519 0
5665 5668 0
6414 6417 0
3955 3953 0
3911 3912 0
919 915 0
9190 9192 0
513 510 0
4668 4663 0
2605 2600 0
6098 6097 0
9963 9962 0
4660 4661 0
1261 1257 0
9632 9627 0
5251 5246 0
3758 3762 0
6477 6473 0
6877 6874 0
9868 9871 0
3900 3905 0
7718 7720 0
4435 4437 0
5011 5013 0
6212 6210 0
9534 9529 0
2394 2390 0
6204 6199 0
496 498 0
420 415 0
5716 5712 0
9414 9412 0
4761 4766 0
7980 7978 0
8139 8142 0
2244 2239 0
6474 6471 0
2683 2688 0
5719 5722 0
3596 3599 0
8190 8187 0
7309 7311 0
9483 9479 0
1851 1846 0
5426 5430 0
2733 2734 0
2461 2456 0
6532 6537 0
3468 3466 0
2147 2149 0
1430 1425 0
2681 2676 0
5202 5206 0
7058 7059 0
7818 7823 0
752 751 0
7043 7040 0
826 821 0
6760 6765 0
2728 2727 0
1818 1820 0
1435 1438 0
2600 2597 0
3292 3293 0
2339 2338 0
697 695 0
1242 1243 0
6322 6319 0
6513 6508 0
6857 6856 0
2160 2162 0
3400 3397 0
6671 6672 0
8988 8992 0
8400 8402 0
4257 4260 0
3761 3766 0
5961 5956 0
8458 8460 0
3851 3852 0
7759 7755 0
9727 9723 0
527 528 0
5321 5324 0
3053 3050 0
9142 9146 0
348 350 0
421 416 0
7938 7941 0
9494 9497 0
7848 7844 0
1121 1116 0
2168 2173 0
1602 1601 0
5555 5558 0
7793 7789 0
8633 8630 0
4633 4636 0
843 842 0
1294 1290 0
5804 5808 0
9543 9540 0
1757 1753 0
1655 1652 0
9110 9111 0
9410 9415 0
8192 8194 0
3945 3949 0
1002 999 0
8081 8086 0
8368 8371 0
8354 8351 0
7382 7380 0
7656 7657 0
3099 3095 0
4086 4081 0
9014 9019 0
2561 2556 0
7753 7750 0
2168 2172 0
1214 1219 0
9790 9793 0
8604 8609 0
4602 4606 0
9109 9105 0
2173 2178 0
9593 9597 0
2891 2895 0
8421 8420 0
4198 4196 0
8537 8538 0
3460 3458 0
7153 7156 0
1108 1110 0
2432 2435 0
1489 1492 0
3074 3071 0
4215 4217 0
1189 1194 0
5068 5071 0
5705 5710 0
6042 6043 0
2122 2125 0
4433 4431 0
2496 2498 0
7309 7308 0
4005 4006 0
1993 1995 0
6289 6293 0
5076 5078 0
9345 9348 0
9572 9573 0
5862 5861 0
3172 3175 0
7285 7282 0
7898 7894 0
5874 5878 0
2332 2337 0
7598 7603 0
8118 8113 0
7544 7549 0
9871 9866 0
8844 8848 0
2569 2573 0
5074 5079 0
3096 3095 0
152 151 0
1568 1567 0
1910 1913 0
3575 3580 0
6022 6023 0
1767 1766 0
1040 1042 0
3014 3016 0
598 597 0
9195 9199 0
7392 7388 0
3998 4000 0
1969 1971 0
7941 7944 0
9812 9815 0
2503 2504 0
1945 1946 0
6730 6731 0
8984 8989 0
2728 2733 0
7766 7763 0
5190 5192 0
1199 1197 0
5355 5352 0
695 700 0
5115 5118 0
4160 4162 0
5114 5115 0
8159 8160 0
8717 8719 0
6977 6976 0
7919 7922 0
9465 9460 0
5366 5364 0
4356 4355 0
5161 5162 0
4929 4931 0
2383 2385 0
2209 2211 0
1223 1226 0
2210 2206 0
4953 4951 0
5206 5205 0
6821 6825 0
3448 3447 0
2438 2442 0
4139 4141 0
3179 3176 0
8052 8057 0
4308 4311 0
4595 4594 0
1768 1769 0
9179 9183 0
7250 7246 0
298 297 0
839 837 0
584 586 0
6811 6816 0
4105 4104 0
3769 3766 0
3023 3019 0
9866 9861 0
6574 6575 0
8097 8092 0
119 123 0
3399 3403 0
4541 4545 0
6020 6021 0
4062 4058 0
2524 2529 0
3106 3108 0
4084 4083 0
6906 6908 0
6330 6335 0
483 479 0
9525 9526 0
7131 7136 0
6534 6531 0
5656 5653 0
5498 5493 0
3012 3017 0
4441 4444 0
3169 3166 0
1242 1239 0
4725 4722 0
2640 2639 0
3543 3540 0
4100 4105 0
6732 6731 0
6180 6181 0
4718 4719 0
7457 7462 0
1457 1454 0
4689 4693 0
4804 4802 0
3747 3748 0
2995 2999 0
179 177 0
1174 1178 0
2819 2816 0
6282 6279 0
8104 8099 0
5910 5915 0
945 940 0
6364 6361 0
2641 2637 0
5284 5282 0
3735 3732 0
8489 8492 0
2166 2162 0
1009 1013 0
9673 9670 0
5394 5395 0
6914 6915 0
8620 8619 0
1020 1023 0
5272 5276 0
7550 7555 0
4598 4597 0
4998 4993 0
3794 3792 0
8260 8259 0
6293 6294 0
3985 3980 0
808 803 0
6361 6363 0
8487 8483 0
4532 4534 0
6242 6247 0
5397 5395 0
8822 8826 0
2263 2258 0
1063 1062 0
299 301 0
5032 5027 0
171 175 0
672 676 0
1322 1321 0
8118 8119 0
4998 4996 0
5830 5831 0
2930 2927 0
5468 5467 0
6788 6792 0
2342 2347 0
4824 4829 0
1560 1563 0
6736 6739 0
4099 4100 0
1234 1237 0
1662 1667 0
4545 4547 0
8535 8537 0
4234 4232 0
3127 3126 0
49 52 0
5122 5119 0
6438 6433 0
8842 8841 0
4448 4447 0
514 509 0
8862 8857 0
3879 3883 0
7383 7386 0
9239 9242 0
5292 5290 0
1215 1212 0
2465 2467 0
1416 1418 0
1871 1874 0
2715 2713 0
7752 7757 0
5906 5911 0
9990 9988 0
3734 3731 0
7733 7735 0
6188 6185 0
4736 4735 0
3488 3489 0
9356 9358 0
1256 1254 0
903 902 0
6641 6639 0
1161 1162 0
1737 1741 0
162 157 0
4432 4436 0
856 861 0
6565 6563 0
1146 1142 0
8906 8907 0
4111 4109 0
9479 9476 0
7725 7722 0
5457 5462 0
6302 6304 0
3254 3259 0
4187 4188 0
9566 9561 0
9818 9814 0
33 34 0
4292 4290 0
5697 5702 0
4692 4693 0
3389 3384 0
3355 3358 0
6814 6811 0
8637 8639 0
5394 5391 0
9599 9596 0
3848 3852 0
6810 6815 0
1355 1356 0
423 419 0
7497 7498 0
9402 9405 0
2559 2555 0
6489 6494 0
2192 2187 0
5783 5780 0
2778 2779 0
5324 5319 0
3608 3609 0
962 965 0
2250 2252 0
9544 9545 0
8038 8039 0
3848 3846 0
3426 3422 0
3578 3573 0
4093 4095 0
7145 7147 0
788 790 0
8062 8066 0
3751 3755 0
9767 9772 0
62 65 0
3741 3739 0
6407 6406 0
945 944 0
8640 8645 0
9663 9665 0
345 342 0
8760 8763 0
755 757 0
1585 1581 0
8997 8998 0
27 24 0
7688 7693 0
6800 6795 0
1448 1450 0
4125 4123 0
3314 3317 0
655 657 0
4736 4740 0
5222 5224 0
8548 8545 0
2475 2472 0
6969 6965 0
5542 5541 0
3405 3400 0
9023 9025 0
8978 8973 0
7457 7460 0
4986 4983 0
6217 6215 0
2292 2287 0
3593 3591 0
3086 3081 0
4979 4981 0
3589 3592 0
517 514 0
5532 5529 0
6632 6633 0
4674 4673 0
1318 1313 0
1178 1182 0
3798 3799 0
8590 8592 0
9153 9148 0
1310 1308 0
2195 2197 0
2740 2742 0
4837 4835 0
5039 5040 0
3190 3187 0
8160 8161 0
1405 1410 0
3218 3221 0
8308 8307 0
3763 3765 0
1025 1023 0
3602 3598 0
468 472 0
9583 9586 0
9723 9724 0
2952 2947 0
9848 9847 0
4911 4916 0
4522 4521 0
5789 5788 0
921 917 0
5960 5956 0
8673 8670 0
1237 1241 0
2303 2306 0
1478 1483 0
2575 2576 0
3264 3263 0
2442 2443 0
7383 7380 0
8398 8402 0
8832 8830 0
6901 6897 0
616 612 0
5114 5111 0
1164 1166 0
6173 6178 0
6696 6701 0
2558 2559 0
9207 9210 0
1213 1217 0
4962 4963 0
8489 8491 0
3498 3495 0
4788 4785 0
2885 2887 0
2940 2937 0
869 874 0
4213 4215 0
3954 3951 0
1082 1085 0
286 290 0
9761 9762 0
7447 7450 0
9522 9525 0
7358 7360 0
758 754 0
554 558 0
9578 9580 0
451 448 0
9135 9140 0
5663 5662 0
7936 7933 0
9968 9963 0
851 850 0
7739 7737 0
7765 7767 0
3666 3664 0
1442 1438 0
8310 8313 0
2677 2673 0
8359 8354 0
8544 8546 0
360 359 0
4611 4616 0
5731 5729 0
1656 1654 0
6205 6200 0
5747 5745 0
77 80 0
8835 8834 0
6914 6913 0
6100 6102 0
9506 9508 0
6845 6844 0
9569 9573 0
1357 1354 0
2839 2836 0
980 983 0
1724 1725 0
574 572 0
8656 8654 0
8687 8686 0
1571 1567 0
1013 1017 0
9211 9208 0
6064 6069 0
1131 1127 0
2928 2926 0
2171 2173 0
1763 1758 0
7147 7144 0
5047 5046 0
3542 3547 0
9104 9108 0
5437 5442 0
1649 1653 0
2592 2589 0
4715 4713 0
8819 8818 0
6222 6225 0
95 91 0
4352 4355 0
6821 6818 0
2594 2596 0
7800 7797 0
4593 4598 0
1041 1037 0
3686 3689 0
8453 8457 0
2280 2275 0
9711 9707 0
6262 6266 0
3392 3394 0
5186 5189 0
3816 3813 0
3073 3077 0
9986 9989 0
2413 2409 0
3911 3906 0
2930 2935 0
7949 7953 0
3412 3408 0
2659 2661 0
8037 8041 0
5910 5907 0
7347 7342 0
1798 1797 0
4362 4358 0
647 652 0
5993 5992 0
4130 4135 0
5754 5751 0
554 551 0
2990 2989 0
7892 7896 0
2642 2643 0
3671 3676 0
7972 7968 0
9630 9632 0
8312 8309 0
2922 2918 0
6885 6884 0
1394 1398 0
5273 5274 0
2163 2161 0
5776 5777 0
3057 3054 0
9830 9829 0
7241 7239 0
6429 6426 0
4855 4853 0
7290 7288 0
4516 4520 0
599 604 0
3243 3238 0
7926 7928 0
2389 2385 0
1499 1500 0
500 502 0
782 787 0
8526 8523 0
1319 1324 0
9709 9710 0
9916 9920 0
2051 2052 0
3980 3981 0
3068 3069 0
4457 4459 0
467 469 0
9329 9333 0
1201 1205 0
9977 9973 0
7790 7788 0
7798 7801 0
3020 3015 0
8806 8809 0
7293 7291 0
1171 1175 0
6663 6659 0
1162 1158 0
5181 5179 0
2853 2848 0
2273 2269 0
1986 1985 0
6413 6412 0
3082 3087 0
21 18 0
845 843 0
2019 2020 0
8513 8509 0
3347 3343 0
9306 9310 0
1949 1953 0
5368 5364 0
9288 9284 0
5274 5279 0
1059 1061 0
2867 2864 0
7626 7623 0
1014 1015 0
9395 9391 0
2227 2230 0
2242 2244 0
9786 9781 0
6612 6610 0
8014 8011 0
6652 6647 0
975 978 0
9778 9777 0
9356 9357 0
641 639 0
6401 6402 0
7206 7205 0
8039 8037 0
2662 2659 0
4425 4424 0
4764 4762 0
458 459 0
5211 5207 0
6495 6494 0
8007 8012 0
7195 7196 0
3577 3575 0
446 442 0
5217 5215 0
7444 7447 0
6504 6499 0
3227 3224 0
7566 7562 0
5365 5370 0
5285 5290 0
3018 3014 0
7698 7695 0
6245 6243 0
6297 6294 0
9827 9832 0
1371 1370 0
3727 3724 0
7046 7041 0
2141 2136 0
1092 1093 0
439 436 0
253 258 0
4973 4970 0
7184 7189 0
8627 8630 0
4823 4822 0
3975 3972 0
8197 8193 0
4856 4858 0
1202 1197 0
5004 5000 0
3210 3205 0
627 622 0
3303 3298 0
2021 2020 0
9285 9281 0
2006 2009 0
559 557 0
6833 6829 0
9249 9251 0
4776 4780 0
5600 5596 0
5772 5770 0
2133 2128 0
168 171 0
529 524 0
7934 7929 0
4712 4713 0
5650 5645 0
7984 7979 0
4703 4706 0
4778 4773 0
3815 3811 0
9016 9020 0
898 895 0
8194 8190 0
2979 2980 0
3517 3516 0
8511 8510 0
9690 9694 0
2816 2811 0
6724 6721 0
2164 2163 0
1908 1912 0
9056 9057 0
5019 5023 0
7457 7461 0
3647 3648 0
4744 4743 0
573 569 0
8048 8053 0
3191 3188 0
364 365 0
5034 5037 0
4678 4673 0
260 265 0
7351 7353 0
7307 7308 0
2622 2617 0
3250 3252 0
8401 8398 0
5569 5574 0
2144 2149 0
4256 4254 0
745 740 0
920 917 0
7917 7912 0
4557 4552 0
9600 9598 0
3770 3768 0
481 484 0
7237 7232 0
675 679 0
6602 6601 0
7803 7805 0
6219 6214 0
799 803 0
9768 9771 0
8179 8176 0
8621 8620 0
3487 3482 0
9796 9792 0
6332 6327 0
2176 2180 0
3558 3555 0
7463 7459 0
7967 7969 0
9993 9996 0
8092 8089 0
7783 7778 0
6841 6838 0
3303 3308 0
9625 9623 0
660 662 0
9077 9074 0
1179 1178 0
3943 3945 0
1468 1472 0
3416 3414 0
9361 9357 0
3587 3584 0
4955 4950 0
2711 2710 0
879 874 0
4344 4343 0
9180 9176 0
9015 9012 0
2089 2086 0
3783 3780 0
153 150 0
2192 2196 0
7328 7329 0
6473 6476 0
4727 4723 0
3933 3928 0
2930 2934 0
3856 3859 0
4580 4578 0
3443 3441 0
9516 9518 0
9790 9786 0
4335 4332 0
5650 5652 0
2767 2768 0
4283 4284 0
7332 7337 0
1233 1238 0
6451 6450 0
8547 8551 0
2501 2504 0
7992 7997 0
3303 3304 0
4481 4485 0
2813 2815 0
1375 1379 0
778 777 0
2642 2640 0
6031 6032 0
2078 2074 0
4261 4262 0
5667 5672 0
8443 8440 0
4592 4590 0
9166 9167 0
9212 9207 0
8359 8364 0
7814 7815 0
9090 9093 0
7280 7284 0
6552 6548 0
7296 7301 0
7276 7280 0
3613 3615 0
6753 6755 0
1549 1548 0
7365 7362 0
7348 7347 0
8738 8743 0
5954 5949 0
9429 9430 0
8355 8353 0
8735 8730 0
2008 2006 0
2822 2819 0
2731 2726 0
9674 9669 0
3329 3327 0
1518 1515 0
3519 3518 0
6830 6828 0
939 938 0
4798 4796 0
2126 2129 0
5881 5877 0
4530 4531 0
4090 4092 0
7186 7184 0
3659 3657 0
1123 1128 0
4701 4706 0
4188 4185 0
1665 1670 0
2630 2632 0
171 170 0
529 531 0
2775 2778 0
3086 3085 0
6373 6372 0
4076 4078 0
5731 5733 0
9529 9526 0
3075 3077 0
2642 2645 0
5291 5290 0
6248 6250 0
5703 5698 0
6596 6601 0
2738 2734 0
6520 6519 0
3061 3060 0
8507 8510 0
5144 5147 0
3747 3750 0
8778 8781 0
6901 6898 0
6714 6713 0
8177 8176 0
4211 4207 0
5379 5382 0
8938 8939 0
5444 5440 0
5407 5404 0
7111 7112 0
298 301 0
3840 3837 0
8711 8707 0
8237 8232 0
1162 1160 0
3601 3599 0
5470 5472 0
2139 2140 0
2478 2476 0
7735 7732 0
4578 4581 0
760 762 0
1976 1975 0
7387 7383 0
477 479 0
778 781 0
8379 8382 0
3270 3265 0
7517 7515 0
5537 5534 0
5516 5521 0
3166 3161 0
8552 8557 0
1597 1599 0
3213 3209 0
2663 2667 0
3634 3637 0
7951 7956 0
8364 8363 0
7245 7248 0
7955 7957 0
8652 8649 0
5301 5306 0
2678 2681 0
1311 1315 0
5059 5062 0
3047 3050 0
5883 5887 0
9271 9274 0
2614 2611 0
7356 7353 0
8973 8971 0
4793 4788 0
3627 3630 0
3874 3870 0
3024 3020 0
5646 5651 0
3375 3378 0
1554 1551 0
6362 6357 0
6840 6844 0
1231 1228 0
4822 4825 0
5884 5887 0
4956 4961 0
7921 7923 0
2302 2306 0
6393 6389 0
9770 9768 0
5370 5374 0
9091 9092 0
432 428 0
550 545 0
2046 2047 0
6134 6129 0
7231 7227 0
1878 1882 0
9470 9474 0
7752 7748 0
6210 6211 0
295 300 0
193 192 0
2748 2750 0
2712 2707 0
3229 3234 0
3807 3810 0
163 160 0
1218 1214 0
8444 8440 0
2656 2652 0
2522 2527 0
9359 9355 0
5733 5738 0
6594 6596 0
5005 5008 0
1424 1425 0
3870 3871 0
3125 3123 0
9348 9349 0
3864 3862 0
8698 8693 0
7579 7576 0
1822 1824 0
2186 2184 0
1377 1379 0
5858 5862 0
5733 5737 0
9747 9749 0
3398 3399 0
1209 1206 0
6112 6113 0
6784 6789 0
7410 7415 0
9300 9302 0
7583 7585 0
323 322 0
4563 4564 0
7042 7040 0
9868 9864 0
2087 2086 0
7868 7866 0
2915 2917 0
7662 7659 0
7993 7998 0
1287 1290 0
7310 7315 0
4592 4588 0
9341 9343 0
2117 2113 0
4577 4581 0
2371 2374 0
2982 2985 0
8887 8885 0
9027 9023 0
7615 7616 0
6157 6162 0
2512 2511 0
4606 4604 0
4865 4862 0
9485 9486 0
8887 8883 0
2945 2940 0
779 783 0
4446 4451 0
4751 4754 0
4858 4859 0
9669 9664 0
7486 7483 0
8676 8671 0
9966 9968 0
3770 3772 0
6510 6512 0
4512 4516 0
1532 1530 0
8790 8795 0
6667 6669 0
3184 3188 0
4021 4024 0
583 580 0
7487 7492 0
323 319 0
2372 2371 0
7132 7129 0
9775 9770 0
6865 6869 0
4148 4143 0
9475 9471 0
3922 3920 0
597 594 0
9593 9598 0
9402 9400 0
3798 3794 0
2671 2672 0
3339 3336 0
1262 1267 0
6807 6809 0
5030 5032 0
5434 5433 0
9891 9890 0
5854 5851 0
572 570 0
9381 9377 0
6750 6755 0
1626 1629 0
5551 5553 0
3653 3657 0
2942 2947 0
8270 8275 0
3199 3196 0
8805 8800 0
4641 4645 0
3449 3444 0
3436 3440 0
2072 2068 0
5389 5386 0
1864 1866 0
6135 6138 0
9811 9809 0
1838 1833 0
5241 5245 0
7302 7304 0
4230 4227 0
7305 7301 0
7077 7076 0
6042 6045 0
1020 1021 0
4133 4128 0
8844 8843 0
3680 3676 0
2354 2355 0
1773 1771 0
865 867 0
5591 5586 0
3059 3063 0
994 991 0
2259 2263 0
5152 5155 0
4591 4586 0
435 438 0
4588 4586 0
9675 9680 0
2792 2793 0
1420 1423 0
4828 4830 0
9934 9930 0
5099 5102 0
2961 2960 0
2206 2208 0
9567 9570 0
9556 9555 0
849 850 0
4034 4037 0
7849 7850 0
6857 6855 0
3104 3103 0
1412 1415 0
1579 1580 0
3694 3698 0
8113 8115 0
9044 9047 0
1220 1219 0
1475 1480 0
7924 7929 0
9080 9075 0
7315 7313 0
2497 2494 0
4343 4342 0
7987 7984 0
6659 6657 0
4133 4137 0
7722 7719 0
293 290 0
4225 4228 0
6841 6837 0
931 927 0
6169 6166 0
1775 1772 0
8271 8269 0
4533 4537 0
3865 3867 0
3310 3307 0
8758 8757 0
7584 7579 0
1230 1225 0
1182 1181 0
6841 6842 0
4994 4998 0
1240 1238 0
9254 9255 0
3618 3614 0
7085 7083 0
1329 1328 0
7323 7324 0
1927 1923 0
1780 1785 0
8565 8561 0
6034 6029 0
6768 6771 0
3485 3481 0
5118 5119 0
2812 2811 0
5827 5825 0
286 288 0
5823 5824 0
4027 4023 0
332 329 0
3026 3027 0
2767 2771 0
8093 8097 0
931 933 0
2851 2853 0
447 451 0
3373 3374 0
7756 7759 0
9947 9951 0
6236 6233 0
1046 1043 0
6460 6463 0
8988 8989 0
9197 9194 0
7310 7307 0
6850 6846 0
5102 5104 0
4273 4278 0
9698 9694 0
1721 1720 0
1374 1372 0
3245 3250 0
8230 8228 0
644 645 0
7478 7479 0
2997 3000 0
9971 9970 0
8530 8534 0
218 217 0
1114 1110 0
4948 4949 0
7245 7240 0
6438 6435 0
530 525 0
9122 9121 0
9094 9093 0
6586 6583 0
8043 8041 0
6894 6892 0
1815 1816 0
1970 1968 0
1727 1724 0
5454 5452 0
6915 6911 0
2235 2232 0
3038 3040 0
1845 1842 0
5392 5389 0
3672 3674 0
9371 9367 0
1013 1016 0
4092 4088 0
8570 8568 0
1988 1985 0
8433 8435 0
4133 4134 0
8652 8648 0
7983 7984 0
9712 9711 0
9604 9608 0
9794 9798 0
5921 5918 0
1035 1030 0
382 380 0
6759 6761 0
439 437 0
9876 9880 0
9105 9101 0
6833 6835 0
9975 9979 0
3460 3464 0
643 640 0
9489 9490 0
7568 7564 0
5304 5306 0
7014 7018 0
9849 9845 0
7802 7800 0
2109 2107 0
9212 9215 0
451 454 0
7235 7231 0
9568 9571 0
8106 8103 0
2333 2329 0
3872 3868 0
669 668 0
3787 3792 0
1906 1903 0
7391 7389 0
2130 2129 0
8006 8004 0
8446 8451 0
7142 7138 0
5847 5846 0
6610 6608 0
1062 1057 0
2169 2164 0
5284 5285 0
1153 1157 0
5265 5262 0
2098 2103 0
9613 9610 0
5369 5367 0
5024 5022 0
8474 8472 0
491 489 0
6283 6279 0
2264 2261 0
5820 5823 0
3542 3545 0
4571 4574 0
5498 5495 0
8463 8458 0
9804 9808 0
7508 7504 0
6837 6832 0
6009 6010 0
8108 8107 0
3494 3495 0
3748 3746 0
8116 8121 0
9798 9795 0
9510 9514 0
5559 5562 0
7513 7515 0
5666 5662 0
2005 2001 0
654 653 0
8595 8594 0
8135 8131 0
9687 9686 0
8734 8729 0
3384 3388 0
2336 2334 0
873 874 0
9333 9328 0
7450 7452 0
4919 4917 0
6141 6139 0
3903 3908 0
7296 7298 0
6838 6836 0
3334 3338 0
2613 2614 0
9072 9069 0
8490 8495 0
708 706 0
2599 2598 0
40 36 0
7081 7086 0
4215 4211 0
996 991 0
1914 1912 0
7852 7854 0
6650 6645 0
4019 4024 0
1362 1365 0
7547 7550 0
5454 5456 0
6665 6669 0
7129 7124 0
9480 9483 0
5125 5124 0
6773 6771 0
8714 8716 0
7085 7080 0
3147 3151 0
1625 1630 0
1034 1035 0
7454 7458 0
5505 5500 0
5736 5733 0
2431 2430 0
3431 3426 0
2935 2936 0
3151 3152 0
6968 6967 0
5808 5811 0
33 32 0
6827 6824 0
6287 6290 0
7084 7087 0
1353 1349 0
480 481 0
3408 3409 0
5968 5973 0
9226 9227 0
6870 6869 0
164 165 0
2551 2549 0
5034 5033 0
283 284 0
8445 8440 0
3234 3235 0
6132 6134 0
9797 9793 0
4843 4847 0
2298 2297 0
5772 5767 0
8485 8483 0
4688 4684 0
8307 8312 0
8045 8049 0
6087 6082 0
2938 2942 0
3079 3080 0
7467 7463 0
2055 2051 0
6090 6091 0
1447 1444 0
2655 2652 0
1182 1180 0
7619 7617 0
8061 8058 0
698 700 0
1974 1972 0
6446 6451 0
6477 6481 0
9464 9460 0
2732 2731 0
5742 5743 0
2506 2502 0
6776 6773 0
7340 7337 0
9543 9547 0
5003 5006 0
5100 5105 0
1975 1972 0
4670 4667 0
7158 7157 0
7263 7267 0
1235 1234 0
882 880 0
8333 8335 0
9511 9510 0
6482 6483 0
3416 3420 0
2535 2537 0
909 907 0
2381 2385 0
2243 2239 0
3307 3303 0
1550 1552 0
9626 9627 0
7820 7825 0
5981 5985 0
1738 1734 0
3650 3652 0
5466 5468 0
2467 2472 0
9107 9105 0
9916 9913 0
7409 7410 0
6138 6140 0
2756 2759 0
21 16 0
7340 7338 0
4854 4859 0
5591 5592 0
284 281 0
3968 3969 0
6149 6153 0
4949 4946 0
117 118 0
1578 1577 0
8488 8486 0
7733 7732 0
2471 2469 0
9841 9836 0
5953 5956 0
8996 8999 0
4966 4969 0
3374 3370 0
7988 7990 0
7866 7871 0
6500 6497 0
8815 8816 0
8713 8712 0
1466 1463 0
5009 5012 0
1538 1536 0
7426 7428 0
9509 9506 0
9371 9376 0
9095 9096 0
3644 3640 0
41 44 0
9435 9434 0
2117 2112 0
6984 6988 0
328 325 0
5514 5518 0
4784 4782 0
7574 7571 0
1085 1081 0
4665 4669 0
3173 3172 0
6710 6713 0
2903 2901 0
4878 4873 0
1159 1156 0
2583 2582 0
5975 5971 0
8286 8285 0
8962 8965 0
4434 4437 0
9868 9867 0
6840 6842 0
2078 2079 0
7380 7378 0
1299 1294 0
8429 8427 0
6922 6918 0
9757 9760 0
9104 9106 0
2364 2362 0
8219 8215 0
451 449 0
4028 4029 0
1679 1684 0
7767 7762 0
7079 7084 0
6161 6160 0
3269 3264 0
1259 1255 0
5390 5391 0
6001 5997 0
9221 9220 0
7414 7411 0
1367 1368 0
3950 3954 0
1358 1360 0
5211 5215 0
1889 1884 0
4212 4214 0
299 300 0
5952 5956 0
7435 7439 0
1825 1822 0
8980 8984 0
9076 9081 0
2476 2481 0
6492 6487 0
9918 9923 0
6205 6206 0
9401 9400 0
764 769 0
9345 9342 0
5953 5957 0
5661 5660 0
8464 8466 0
5527 5530 0
7839 7836 0
5715 5710 0
523 528 0
6031 6026 0
5079 5077 0
5261 5266 0
8481 8484 0
1652 1649 0
4203 4206 0
2015 2018 0
6678 6676 0
3771 3772 0
5288 5289 0
1762 1759 0
1130 1135 0
6462 6461 0
423 422 0
7935 7930 0
77 82 0
2793 2795 0
1043 1039 0
3392 3388 0
151 155 0
5570 5571 0
1095 1096 0
372 373 0
6914 6917 0
4056 4051 0
3624 3623 0
5766 5768 0
9439 9440 0
3459 3454 0
7726 7730 0
9768 9763 0
4750 4755 0
3688 3693 0
8519 8521 0
2500 2503 0
4877 4880 0
115 110 0
2379 2381 0
9540 9538 0
9265 9263 0
9956 9959 0
7704 7706 0
961 957 0
4504 4507 0
897 894 0
7115 7120 0
6579 6583 0
7768 7771 0
28 32 0
8040 8045 0
5640 5641 0
2547 2543 0
7714 7719 0
8576 8573 0
2563 2568 0
9035 9040 0
2572 2571 0
1670 1674 0
3490 3492 0
3632 3629 0
7623 7624 0
3521 3519 0
7465 7461 0
8477 8478 0
8721 8725 0
1504 1508 0
685 683 0
3717 3720 0
6029 6028 0
9762 9758 0
4233 4235 0
2845 2848 0
6693 6692 0
5517 5512 0
3986 3990 0
9318 9317 0
8067 8069 0
4438 4433 0
1317 1320 0
268 273 0
3175 3170 0
6006 6001 0
7437 7434 0
6756 6755 0
6540 6544 0
2832 2833 0
6865 6868 0
9983 9978 0
6097 6092 0
7185 7186 0
8711 8708 0
3546 3541 0
845 842 0
6595 6600 0
2008 2004 0
782 786 0
7028 7024 0
8527 8522 0
8614 8609 0
7174 7171 0
8380 8384 0
5547 5542 0
8516 8513 0
1811 1807 0
1321 1326 0
3400 3402 0
149 151 0
6089 6085 0
7949 7952 0
575 580 0
1962 1965 0
1652 1656 0
2430 2428 0
4884 4879 0
727 732 0
2888 2893 0
6953 6949 0
9024 9026 0
5092 5090 0
9854 9853 0
925 927 0
7423 7419 0
9187 9185 0
9750 9746 0
4219 4222 0
9110 9109 0
5099 5103 0
3837 3834 0
5678 5677 0
1837 1838 0
8228 8226 0
3829 3824 0
7716 7721 0
8389 8393 0
7273 7269 0
5081 5083 0
6330 6332 0
346 350 0
2307 2303 0
7794 7792 0
225 223 0
1034 1037 0
4993 4994 0
2317 2318 0
3721 3719 0
7837 7836 0
2267 2264 0
6803 8276 0
4485 4487 0
6043 6048 0
6611 6615 0
9046 9047 0
4545 4540 0
5422 5421 0
910 912 0
4262 4267 0
5858 5854 0
8265 8262 0
8832 8831 0
7605 7600 0
3239 3236 0
8076 8080 0
8821 8822 0
8978 8983 0
5411 5413 0
4951 4955 0
6885 6889 0
2132 2130 0
3278 3283 0
6054 6052 0
1964 1963 0
1288 1284 0
937 934 0
7841 7846 0
8099 8102 0
6410 6409 0
9202 9205 0
8584 8589 0
3572 3576 0
9828 9825 0
8001 8000 0
6022 6017 0
5353 5356 0
5043 5045 0
8206 8208 0
2340 2342 0
4476 4472 0
7840 7842 0
4459 4462 0
8735 8739 0
6965 6962 0
6827 6832 0
5256 5258 0
5476 5473 0
504 499 0
9979 9982 0
8743 8744 0
4076 4080 0
6389 6394 0
6274 6276 0
5301 5305 0
5709 5714 0
8504 8509 0
7201 7205 0
6086 6081 0
7639 7634 0
7893 7897 0
2689 2686 0
383 379 0
5103 5104 0
7230 7234 0
9965 9967 0
862 860 0
3228 3226 0
7885 7890 0
1024 1027 0
4253 4248 0
2407 2402 0
3686 3687 0
7030 7026 0
8474 8477 0
5859 5863 0
8821 8826 0
1059 1057 0
3736 3737 0
6913 6911 0
6600 6602 0
1455 1451 0
6992 6987 0
8281 8286 0
1758 1755 0
9463 9462 0
3552 3553 0
1214 1212 0
988 990 0
8748 8745 0
7278 7279 0
4483 4478 0
477 474 0
2605 2602 0
2834 2837 0
3459 3456 0
638 633 0
5601 5597 0
3300 3295 0
2187 2184 0
9063 9068 0
7384 7381 0
3904 3905 0
5162 5165 0
5645 5644 0
6504 6506 0
140 142 0
770 766 0
9590 9595 0
9671 9676 0
3172 3167 0
3055 3056 0
6363 6359 0
8110 8115 0
3436 3434 0
6885 6883 0
3943 3939 0
4157 4152 0
7309 7305 0
4118 4115 0
8940 8938 0
8353 8352 0
7670 7668 0
7720 7722 0
8949 8945 0
8625 8630 0
9309 9306 0
7832 7833 0
9647 9652 0
8589 8585 0
9291 9289 0
9533 9532 0
6861 6866 0
9870 9867 0
8857 8858 0
6163 6161 0
6908 6904 0
1018 1021 0
5026 5028 0
7102 7101 0
648 646 0
9395 9392 0
4328 4331 0
7828 7825 0
8326 8321 0
7453 7458 0
1769 1772 0
822 825 0
8452 8451 0
4006 4002 0
615 610 0
8305 8303 0
9785 9781 0
5608 5612 0
9600 9599 0
2261 2259 0
9151 9156 0
9362 9366 0
5282 5283 0
7580 7583 0
5884 5882 0
9879 9882 0
1517 1512 0
6222 6221 0
5181 5185 0
4433 4430 0
5812 5816 0
2403 2398 0
8151 8150 0
3684 3688 0
4421 4426 0
118 121 0
2968 2966 0
6148 6146 0
5705 5700 0
2152 2147 0
5746 5749 0
7717 7721 0
9246 9243 0
8119 8114 0
2087 2085 0
2546 2547 0
7932 7937 0
5056 5051 0
1320 1325 0
9611 9614 0
4975 4970 0
3642 3645 0
2030 2032 0
3301 3305 0
5003 5005 0
1680 1678 0
8820 8815 0
1766 1769 0
1006 1008 0
9205 9203 0
3759 3763 0
869 872 0
2790 2793 0
9195 9194 0
4455 4460 0
5524 5521 0
7222 7225 0
9803 9801 0
8417 8414 0
2173 2172 0
2786 2789 0
8874 8872 0
3627 3625 0
8977 8972 0
4163 4159 0
7271 7274 0
8430 8428 0
2481 2483 0
6572 6570 0
9381 9380 0
4367 4364 0
823 822 0
6872 6871 0
8130 8127 0
9014 9009 0
8875 8870 0
7824 7826 0
8408 8409 0
4149 4146 0
6578 6579 0
4324 4319 0
1817 1813 0
337 336 0
1111 1113 0
7471 7469 0
7963 7959 0
905 903 0
1375 1376 0
2990 2988 0
2235 2239 0
8334 8339 0
9090 9091 0
4021 4022 0
6346 6347 0
3223 3228 0
4432 4427 0
2312 2317 0
6866 6864 0
8108 8111 0
69 74 0
3030 3028 0
6625 6629 0
1480 1478 0
5770 5768 0
6059 6056 0
9742 9743 0
8602 8604 0
4409 4407 0
4939 4944 0
7307 7303 0
4466 4467 0
3253 3252 0
2617 2614 0
3128 3133 0
5776 5779 0
1734 1730 0
1544 1548 0
5930 5935 0
1086 1089 0
920 924 0
6687 6691 0
9790 9792 0
3840 3836 0
5926 5931 0
6499 6503 0
5637 5639 0
5802 5804 0
49 50 0
3855 3850 0
5043 5047 0
3630 3629 0
7002 7003 0
8959 8956 0
4910 4907 0
1684 1687 0
8866 8868 0
5402 5401 0
9724 9722 0
4297 4301 0
4176 4171 0
2555 2552 0
4809 4805 0
1650 1645 0
5907 5906 0
6500 6504 0
4272 4268 0
6713 6708 0
8660 8657 0
7706 7702 0
4285 4290 0
4798 4800 0
1682 1679 0
4066 4061 0
1549 1545 0
4204 4205 0
6301 6305 0
7637 7633 0
2012 2009 0
9375 9379 0
7852 7849 0
4035 4038 0
2981 2978 0
8799 8802 0
6674 6679 0
7589 7593 0
5664 5661 0
3709 3708 0
6341 6343 0
7087 7088 0
4787 4789 0
1195 1200 0
6352 6349 0
366 363 0
3201 3206 0
8173 8176 0
9752 9756 0
507 503 0
1705 1710 0
5406 5407 0
185 180 0
5481 5484 0
3219 3217 0
6787 6786 0
2679 2674 0
9704 9705 0
4776 4777 0
8275 8280 0
2728 2725 0
4253 4254 0
1276 1278 0
2553 2556 0
6835 6832 0
6015 6016 0
3290 3289 0
9937 9939 0
407 410 0
8350 8349 0
8304 8299 0
8962 8963 0
2435 2437 0
8340 8336 0
7888 7883 0
7726 7724 0
2855 2860 0
2705 2707 0
2962 2966 0
401 404 0
8655 8650 0
1244 1240 0
2039 2035 0
410 415 0
2331 2335 0
4423 4427 0
8046 8050 0
8400 8397 0
1757 1759 0
889 890 0
5780 5777 0
1083 1084 0
4831 4835 0
5947 5951 0
1345 1344 0
7216 7218 0
8240 8245 0
4354 4358 0
1559 1560 0
6624 6628 0
5361 5356 0
392 393 0
2450 2453 0
6008 6003 0
3810 3805 0
9892 9888 0
9491 9496 0
7975 7974 0
3402 3406 0
1930 1935 0
2266 2268 0
3694 3697 0
3043 3046 0
9269 9264 0
7753 7758 0
5721 5722 0
641 640 0
9290 9289 0
9935 9932 0
8193 8191 0
4477 4476 0
3217 3214 0
9910 9906 0
6821 6822 0
5979 5974 0
9311 9315 0
4566 4563 0
5632 5633 0
4080 4082 0
2799 2803 0
9373 9376 0
1695 1699 0
6564 6561 0
192 197 0
3726 3727 0
7008 7010 0
5057 5054 0
4057 4055 0
5929 5927 0
2073 2070 0
2155 2154 0
6030 6027 0
9612 9617 0
5520 5523 0
7250 7245 0
1813 1809 0
6414 6415 0
8857 8861 0
7414 7419 0
6375 6372 0
9133 9136 0
9794 9792 0
537 540 0
4329 4332 0
7225 7221 0
7294 7296 0
7981 7983 0
592 590 0
5540 5537 0
2993 2998 0
8314 8316 0
4418 4420 0
5129 5130 0
7092 7087 0
3200 3199 0
5504 5509 0
275 273 0
2138 2137 0
2409 2406 0
4798 4793 0
5999 6001 0
4603 4601 0
98 97 0
5629 5634 0
7633 7630 0
2560 2563 0
3879 3877 0
7324 7319 0
2798 2799 0
1635 1638 0
5844 5846 0
7609 7604 0
4610 4612 0
3720 3718 0
7152 7153 0
6894 6897 0
5082 5078 0
3838 3841 0
6931 6936 0
5240 5245 0
5466 5461 0
798 801 0
481 486 0
7306 7311 0
6475 6470 0
9297 9292 0
4427 4431 0
9453 9456 0
5471 5469 0
1908 1906 0
5040 5041 0
562 558 0
6708 6710 0
8976 8974 0
1142 1144 0
4476 4480 0
6154 6149 0
7258 7263 0
8134 8130 0
8986 8985 0
8560 8563 0
9803 9802 0
789 788 0
4938 4935 0
4151 4152 0
2373 2374 0
4921 4925 0
142 139 0
3375 3374 0
4682 4680 0
1604 1608 0
4185 4189 0
9282 9284 0
8784 8782 0
318 323 0
3969 3972 0
4674 4671 0
1953 1954 0
7277 7276 0
1595 1591 0
5968 5963 0
8298 8295 0
177 174 0
1874 1875 0
2970 2968 0
6554 6549 0
3932 3933 0
4299 4297 0
9554 9555 0
5928 5932 0
2522 2518 0
3697 3700 0
5275 5277 0
9648 9651 0
3850 3849 0
3885 3882 0
5152 5147 0
7459 7455 0
9913 9914 0
9248 9249 0
6993 6990 0
2082 2079 0
3165 3167 0
3065 3062 0
9258 9256 0
9988 9989 0
8428 8431 0
2114 2110 0
8030 8029 0
5893 5888 0
446 447 0
6907 6912 0
6143 6146 0
5458 5463 0
4063 4062 0
7037 7042 0
984 985 0
5747 5744 0
2937 2932 0
2254 2252 0
5884 5883 0
7635 7631 0
1761 1762 0
8174 8169 0
7145 7141 0
4044 4049 0
93 92 0
6048 6052 0
312 310 0
4178 4175 0
8237 8239 0
7916 7921 0
1177 1174 0
9466 9464 0
6306 6309 0
5597 5592 0
2702 2704 0
5883 5882 0
5825 5824 0
109 106 0
1591 1590 0
8755 8757 0
4272 4269 0
2091 2094 0
5804 5805 0
4670 4672 0
6227 6231 0
3075 3073 0
9982 9977 0
4034 4033 0
4602 4598 0
1015 1019 0
8889 8894 0
3062 3057 0
9202 9203 0
823 818 0
2737 2742 0
4734 4729 0
6646 6651 0
8749 8747 0
2631 2634 0
7782 7787 0
3673 3669 0
1593 1592 0
8098 8095 0
6322 6324 0
688 683 0
9451 9449 0
8851 8847 0
8543 8548 0
2584 2589 0
2698 2699 0
2568 2573 0
5933 5936 0
6512 6507 0
3145 3141 0
3548 3547 0
9239 9235 0
959 964 0
3548 3553 0
7456 7453 0
5448 5453 0
5136 5133 0
2979 2982 0
2525 2520 0
4706 4707 0
6936 6938 0
4169 4170 0
1248 1245 0
4762 4758 0
2187 2185 0
5086 5089 0
8595 8592 0
1087 1092 0
4020 4023 0
2099 2104 0
241 245 0
3129 3131 0
8259 8261 0
8864 8867 0
7744 7745 0
8447 8452 0
7800 7799 0
5340 5335 0
5544 5548 0
3902 3901 0
4226 4225 0
1277 1278 0
634 631 0
3643 3648 0
4057 4059 0
5918 5919 0
658 654 0
3102 3107 0
9538 9533 0
3740 3738 0
2773 2770 0
1054 1057 0
7367 7370 0
9071 9070 0
1643 1639 0
1183 1178 0
7653 7648 0
4069 4067 0
2911 2913 0
1969 1967 0
2869 2872 0
4359 4361 0
1858 1859 0
4961 4959 0
7032 7036 0
4256 4255 0
9637 9633 0
3697 3699 0
6098 6095 0
5758 5759 0
1067 1070 0
4190 4188 0
7527 7523 0
4187 4183 0
7062 7067 0
6520 6523 0
5298 5294 0
1813 1816 0
8159 8154 0
3944 3949 0
9494 9493 0
9260 9257 0
9603 9606 0
3247 3251 0
1332 1336 0
4159 4154 0
9163 9166 0
7569 7566 0
8106 8102 0
3663 3661 0
7872 7876 0
2 3 0
8007 8006 0
9150 9145 0
6018 6020 0
7856 7861 0
5719 5714 0
4425 4420 0
6256 6258 0
658 663 0
9878 9876 0
7763 7759 0
2669 2664 0
1323 1328 0
9890 9888 0
3195 3190 0
6004 6007 0
567 565 0
4201 4202 0
9876 9872 0
9529 9524 0
6829 6832 0
9150 9152 0
6665 6661 0
6476 6478 0
7252 7249 0
2613 2610 0
4691 4696 0
2670 2666 0
2576 2573 0
9708 9711 0
2001 2004 0
281 276 0
4436 4437 0
8752 8749 0
614 616 0
7545 7548 0
6237 6239 0
9543 9544 0
3884 3879 0
5714 5717 0
9277 9279 0
1774 1773 0
7104 7099 0
7382 7384 0
9382 9379 0
2891 2894 0
4110 4114 0
1515 1513 0
52 47 0
7761 7760 0
3504 3499 0
5971 5968 0
4693 4690 0
761 759 0
6986 6982 0
4410 4409 0
6146 6147 0
2333 2335 0
1216 1215 0
9428 9429 0
2981 2983 0
599 594 0
8698 8694 0
3694 3691 0
4150 4151 0
8931 8932 0
6578 6580 0
3779 3784 0
4672 4674 0
6360 6363 0
6014 6015 0
9742 9747 0
611 616 0
9151 9148 0
8005 8007 0
7213 7210 0
2790 2794 0
4955 4958 0
8760 8755 0
8068 8065 0
6555 6558 0
105 101 0
6460 6464 0
6202 6206 0
9638 9640 0
327 329 0
5285 5289 0
1562 1565 0
810 811 0
1002 1003 0
6816 6819 0
1657 1658 0
2150 2151 0
9086 9081 0
1964 1959 0
3910 3905 0
3316 3314 0
3279 3276 0
9754 9756 0
9713 9711 0
3921 3924 0
8539 8543 0
8382 8385 0
9155 9154 0
225 230 0
5221 5220 0
3089 3087 0
6688 6692 0
3443 3445 0
7648 7646 0
218 215 0
4320 4316 0
3720 3716 0
8887 8889 0
5026 5029 0
1140 1141 0
2655 2651 0
1334 1333 0
5933 5929 0
886 884 0
3292 3290 0
4953 4955 0
7089 7094 0
8610 8607 0
5676 5674 0
3193 3191 0
6331 6333 0
3919 3915 0
566 568 0
863 868 0
3559 3554 0
2458 2462 0
9556 9560 0
6092 6088 0
9418 9423 0
6806 6809 0
9158 9163 0
4585 4589 0
8401 8403 0
2022 2018 0
1490 1487 0
7395 7390 0
4479 4481 0
1884 1886 0
1113 1118 0
422 427 0
8818 8815 0
19 22 0
5139 5135 0
1308 1306 0
9111 9114 0
305 302 0
4835 4830 0
5559 5556 0
7344 7346 0
2831 2835 0
5198 5194 0
8391 8392 0
8158 8162 0
1337 1339 0
8393 8395 0
9726 9725 0
9685 9689 0
4395 4391 0
8451 8449 0
3631 3627 0
9541 9536 0
8817 8821 0
2460 2458 0
8497 8502 0
6728 6723 0
6075 6074 0
2376 2378 0
692 691 0
9968 9973 0
5771 5767 0
1201 1202 0
116 120 0
4273 4268 0
9785 9790 0
2594 2591 0
6410 6405 0
2884 2880 0
8823 8825 0
7906 7902 0
2312 2309 0
4470 4467 0
5341 5346 0
3221 3220 0
1906 1905 0
8765 8761 0
543 545 0
8511 8506 0
3745 3748 0
6536 6531 0
2257 2258 0
5315 5313 0
6003 6002 0
7333 7328 0
4704 4708 0
5143 5147 0
5943 5948 0
1353 1356 0
5181 5180 0
5528 5524 0
5921 5922 0
360 362 0
935 937 0
1182 1184 0
8799 8796 0
3467 3462 0
8790 8785 0
8438 8437 0
1992 1987 0
6251 6252 0
4625 4630 0
4628 4626 0
954 949 0
4340 4343 0
5480 5484 0
9716 9717 0
4452 4454 0
3367 3362 0
9903 9898 0
2389 2394 0
3435 3430 0
4091 4086 0
8364 8362 0
5277 5282 0
3149 3147 0
6394 6393 0
229 228 0
9841 9839 0
6320 6321 0
9130 9133 0
5350 5353 0
3654 3655 0
491 494 0
5471 5474 0
4011 4010 0
3482 3483 0
3376 3372 0
2054 2057 0
1152 1150 0
7852 7847 0
398 400 0
3347 3351 0
5099 5098 0
214 212 0
8961 8963 0
221 216 0
6931 6935 0
6637 6642 0
6903 6901 0
8809 8807 0
527 525 0
1648 1644 0
273 272 0
2982 2987 0
6086 6082 0
1647 1645 0
1811 1815 0
6570 6567 0
1504 1499 0
4956 4960 0
4870 4866 0
7620 7623 0
8563 8566 0
6322 6326 0
8948 8950 0
7165 7168 0
7523 7521 0
2614 2609 0
7146 7147 0
8509 8505 0
1201 1203 0
6388 6391 0
2830 2831 0
2171 2166 0
5031 5030 0
6696 6697 0
8719 8721 0
1991 1990 0
1003 998 0
9281 9276 0
343 340 0
998 999 0
4993 4996 0
5860 5862 0
2041 2045 0
3521 3520 0
3537 3541 0
8950 8954 0
535 534 0
4281 4279 0
698 699 0
761 762 0
6089 6091 0
4502 4499 0
744 740 0
2837 2833 0
7324 7326 0
2628 2632 0
3898 3899 0
5730 5727 0
2039 2034 0
1215 1214 0
7017 7022 0
8626 8621 0
4692 4688 0
5337 5332 0
2826 2824 0
2445 2441 0
5657 5658 0
4460 4456 0
3642 3647 0
5069 5064 0
3492 3493 0
9379 9378 0
9297 9298 0
6946 6942 0
6821 6819 0
198 193 0
2936 2931 0
3404 3408 0
8128 8130 0
3352 3349 0
2753 2750 0
411 412 0
4493 4498 0
1313 1310 0
8519 8517 0
9417 9412 0
8340 8341 0
3892 3896 0
3563 3558 0
4398 4396 0
2414 2417 0
4327 4323 0
1324 1320 0
7453 7455 0
951 949 0
6186 6187 0
7688 7691 0
622 621 0
5945 5948 0
8733 8735 0
7738 7743 0
4138 4135 0
2981 2977 0
7327 7331 0
9248 9243 0
3562 3565 0
5667 5669 0
1103 1099 0
4717 4716 0
3384 3387 0
2548 2551 0
7127 7130 0
7780 7775 0
5995 5993 0
5469 5466 0
2373 2375 0
5507 5508 0
9908 9913 0
6808 6803 0
647 642 0
3610 3614 0
2749 2753 0
1723 1718 0
2833 2835 0
4846 4841 0
2135 2132 0
3301 3304 0
5480 5476 0
3672 3667 0
6335 6339 0
5725 5729 0
6708 6709 0
2251 2249 0
9555 9559 0
3808 3812 0
2423 2426 0
390 387 0
8980 8982 0
6174 6176 0
9717 9721 0
237 239 0
6930 6926 0
7547 7551 0
6098 6101 0
457 458 0
164 167 0
7147 7143 0
2562 2557 0
3273 3270 0
7152 7157 0
2051 2050 0
2771 2768 0
4879 4874 0
7016 7021 0
2020 2024 0
248 251 0
5622 5626 0
7349 7345 0
8037 8033 0
9861 9856 0
5729 5727 0
1627 1626 0
1269 1264 0
9427 9428 0
7920 7925 0
2229 2226 0
3526 3531 0
241 243 0
5327 5332 0
4089 4086 0
7960 7959 0
9919 9924 0
3290 3295 0
2048 2047 0
5144 5148 0
8724 8719 0
7073 7074 0
4739 4736 0
3739 3734 0
2421 2422 0
4655 4657 0
540 535 0
5089 5088 0
7714 7712 0
728 732 0
3878 3880 0
7768 7766 0
9472 9477 0
8148 8143 0
3428 3430 0
6636 6640 0
5287 5288 0
9059 9064 0
2872 2876 0
8196 8194 0
7287 7288 0
1421 1424 0
3688 3686 0
1005 1004 0
2784 2786 0
7501 7503 0
981 980 0
64 60 0
3270 3271 0
7519 7520 0
9201 9203 0
9389 9394 0
5414 5410 0
8852 8849 0
3181 3182 0
6010 6014 0
5631 5633 0
8538 8536 0
154 150 0
4919 4923 0
7873 7874 0
3238 3233 0
9810 9811 0
185 181 0
5358 5356 0
695 696 0
3405 3404 0
6524 6521 0
581 576 0
8242 8247 0
9827 9823 0
9538 9543 0
7382 7386 0
3437 3432 0
2985 2980 0
9831 9833 0
9439 9434 0
7852 7848 0
6927 6929 0
7318 7319 0
674 678 0
7703 7698 0
6881 6884 0
9812 9810 0
2478 2474 0
2543 2548 0
9250 9251 0
2545 2544 0
9307 9310 0
39 36 0
3129 3132 0
8375 8372 0
9196 9198 0
3317 3313 0
7121 7126 0
9588 9590 0
9492 9491 0
8663 8665 0
5819 5815 0
2124 2126 0
5429 5427 0
8929 8928 0
5382 5384 0
6828 6826 0
8396 8399 0
661 664 0
8338 8337 0
1856 1851 0
8691 8689 0
863 865 0
2842 2847 0
7307 7302 0
8960 8965 0
8151 8148 0
7848 7846 0
8404 8403 0
3543 3539 0
3645 3649 0
5858 5856 0
4699 4698 0
4106 4110 0
1266 1269 0
7080 7081 0
9582 9587 0
3691 3688 0
6262 6257 0
5144 5139 0
4973 4974 0
7673 7675 0
2585 2584 0
4160 4163 0
3363 3365 0
5299 5296 0
2745 2743 0
5666 5664 0
4171 4172 0
5011 5010 0
7316 7321 0
1511 1514 0
9695 9699 0
1117 1115 0
2039 2037 0
4761 4764 0
8256 8254 0
5558 5562 0
138 133 0
2619 2616 0
7337 7338 0
2869 2873 0
8620 8624 0
8253 8254 0
700 703 0
587 584 0
9181 9176 0
6424 6419 0
784 785 0
5389 5394 0
6314 6318 0
6099 6094 0
5743 5746 0
6612 6608 0
9192 9193 0
9520 9521 0
9634 9638 0
2592 2597 0
143 141 0
9872 9868 0
1455 1460 0
6493 6495 0
992 995 0
4460 4463 0
7661 7656 0
3956 3954 0
8081 8083 0
5170 5174 0
9184 9181 0
8108 8103 0
9970 9966 0
1526 1521 0
5504 5506 0
3344 3339 0
8700 8701 0
3329 3334 0
7102 7103 0
9425 9423 0
2466 2467 0
8854 8852 0
3694 3696 0
7097 7101 0
3908 3911 0
8091 8088 0
8148 8147 0
2192 2197 0
2269 2274 0
4062 4061 0
770 772 0
5642 5645 0
3731 3729 0
3383 3380 0
6408 6407 0
8624 8626 0
4089 4088 0
1241 1240 0
1170 1169 0
9 7 0
7097 7100 0
3045 3046 0
7393 7392 0
9418 9421 0
1535 1530 0
5235 5240 0
5156 5154 0
9765 9770 0
69 65 0
8559 8563 0
8787 8788 0
6378 6377 0
7135 7138 0
2531 2533 0
8817 8814 0
9933 9937 0
2163 2165 0
2690 2695 0
7085 7086 0
2377 2381 0
2908 2907 0
9386 9391 0
1042 1044 0
9829 9834 0
6680 6682 0
4752 4753 0
1363 1368 0
55 56 0
8723 8727 0
7473 7476 0
3162 3161 0
3790 3794 0
1781 1780 0
9684 9683 0
7905 7900 0
9605 9603 0
9200 9202 0
8801 8796 0
1729 1731 0
5594 5590 0
6119 6123 0
3373 3371 0
6245 6249 0
84 80 0
7400 7397 0
1404 1409 0
8665 8662 0
6903 6906 0
1755 1757 0
7822 7823 0
2330 2331 0
5014 5011 0
5028 5023 0
2823 2818 0
4443 4441 0
990 994 0
2387 2384 0
6604 6609 0
7904 7903 0
2414 2411 0
2358 2362 0
1284 1287 0
7590 7587 0
9492 9496 0
9329 9330 0
1219 1215 0
409 407 0
2631 2635 0
2575 2573 0
9260 9258 0
8650 8654 0
527 529 0
8038 8037 0
919 921 0
9039 9040 0
1627 1622 0
2821 2816 0
2277 2276 0
1817 1822 0
8641 8643 0
7748 7749 0
5675 5673 0
1096 1094 0
1900 1903 0
5324 5328 0
5330 5329 0
8516 8511 0
3264 3260 0
5790 5795 0
9946 9951 0
6703 6708 0
1966 1963 0
9473 9477 0
7964 7965 0
6643 6648 0
1531 1532 0
1783 1786 0
2859 2855 0
9949 9950 0
9607 9603 0
1433 1437 0
3986 3984 0
2448 2450 0
3914 3917 0
8907 8902 0
2439 2444 0
650 648 0
9809 9808 0
7389 7390 0
8604 8606 0
3308 3313 0
9820 9823 0
1837 1833 0
6180 6176 0
2180 2185 0
5797 5799 0
5358 5360 0
8261 8257 0
4642 4647 0
8852 8848 0
6385 6383 0
7734 7739 0
8207 8202 0
6198 6201 0
3330 3327 0
900 897 0
4715 4720 0
3840 3844 0
1262 1261 0
7768 7772 0
6964 6963 0
6104 6108 0
9277 9274 0
8099 8095 0
1344 1342 0
5982 5978 0
1599 1604 0
9358 9361 0
3571 3576 0
6948 6952 0
1727 1731 0
4984 4989 0
1255 1257 0
7901 7898 0
1539 1543 0
1030 1031 0
376 378 0
8536 8534 0
4823 4827 0
8975 8970 0
1895 1898 0
7668 7664 0
4913 4914 0
8787 8785 0
9805 9808 0
7934 7933 0
5934 5930 0
8906 8904 0
8446 8447 0
8332 8327 0
6269 6274 0
4192 4195 0
2374 2370 0
3137 3140 0
2115 2118 0
4999 4994 0
2720 2715 0
1470 1466 0
111 109 0
8091 8086 0
7925 7930 0
4072 4074 0
8092 8093 0
4244 4240 0
9143 9144 0
9379 9381 0
5489 5488 0
3846 3841 0
1192 1187 0
9065 9060 0
4381 4376 0
6382 6385 0
5632 5635 0
7434 7430 0
4572 4567 0
2541 2542 0
6667 6663 0
2036 2034 0
3381 3382 0
6587 6582 0
3160 3164 0
4006 4008 0
5077 5074 0
473 474 0
8657 8661 0
1635 1636 0
1790 1792 0
627 628 0
7306 7305 0
267 268 0
7921 7920 0
1388 1387 0
4902 4904 0
4186 4182 0
372 368 0
8435 8436 0
6498 6495 0
2924 2928 0
5235 5239 0
4572 4573 0
9447 9445 0
108 109 0
6033 6037 0
5635 5638 0
2653 2657 0
9913 9915 0
1821 1825 0
2919 2920 0
9009 9005 0
1781 1785 0
1113 1115 0
1168 1166 0
152 157 0
6257 6254 0
9648 9643 0
207 204 0
4976 4975 0
2594 2595 0
8712 8716 0
6289 6285 0
3531 3536 0
6982 6981 0
1362 1359 0
5747 5748 0
4766 4768 0
1154 1153 0
103 101 0
4696 4695 0
8031 8030 0
5110 5112 0
2599 2600 0
4479 4475 0
2943 2941 0
2729 2731 0
6227 6222 0
8174 8176 0
2386 2382 0
7434 7432 0
1259 1262 0
5564 5563 0
7395 7400 0
9678 9682 0
5281 5279 0
8204 8203 0
326 324 0
481 485 0
6527 6531 0
8002 7999 0
4495 4496 0
1249 1252 0
4589 4593 0
157 155 0
8985 8983 0
3016 3012 0
219 217 0
9865 9868 0
2276 2272 0
7548 7546 0
6263 6260 0
7705 7706 0
5406 5402 0
5552 5557 0
1849 1854 0
7815 7817 0
9653 9657 0
9357 9358 0
897 896 0
960 956 0
5004 5007 0
347 345 0
3582 3583 0
1680 1675 0
7428 7424 0
6755 6760 0
4894 4893 0
7775 7771 0
4233 4234 0
625 630 0
8440 8436 0
268 269 0
5403 5406 0
4367 4370 0
2861 2865 0
8730 8726 0
1266 1261 0
2875 2871 0
4014 4011 0
2302 2307 0
5216 5214 0
9934 9932 0
3906 3903 0
7524 7520 0
1121 1118 0
4030 4025 0
2791 2796 0
5172 5174 0
3382 3384 0
5310 5307 0
8338 8339 0
9869 9867 0
9064 9060 0
135 133 0
4234 4230 0
6632 6630 0
7870 7865 0
6453 6452 0
3086 3091 0
1428 1423 0
6077 6075 0
5396 5395 0
2045 2050 0
4943 4939 0
642 637 0
5528 5527 0
1033 1037 0
1066 1071 0
8327 8330 0
4315 4318 0
4404 4402 0
4575 4570 0
4802 4798 0
4489 4484 0
5086 5088 0
8694 8696 0
1197 1201 0
6298 6293 0
2825 2822 0
7151 7154 0
6006 6009 0
9215 9217 0
5329 5327 0
6305 6306 0
7722 7723 0
7116 7118 0
8207 8204 0
6058 6063 0
5906 5910 0
9830 9832 0
9888 9884 0
4920 4923 0
1377 1378 0
2736 2739 0
8033 8030 0
3996 4001 0
6524 6525 0
9401 9404 0
4083 4085 0
900 902 0
6805 6804 0
2355 2358 0
6383 6382 0
4514 4517 0
7615 7613 0
3904 3906 0
8797 8798 0
4330 4328 0
4786 4789 0
5436 5438 0
9434 9429 0
629 634 0
4301 4305 0
5168 5172 0
6325 6321 0
5769 5768 0
5736 5741 0
5657 5655 0
3122 3127 0
5824 5822 0
3409 3411 0
2706 2701 0
802 801 0
3495 3491 0
2291 2290 0
7326 7325 0
7818 7813 0
534 537 0
7681 7683 0
6859 6861 0
7264 7261 0
2343 2344 0
6858 6853 0
6905 6901 0
9102 9097 0
6517 6518 0
7108 7111 0
949 947 0
8232 8231 0
815 810 0
1097 1096 0
9783 9786 0
8087 8090 0
3332 3335 0
7057 7058 0
6656 6654 0
709 712 0
9945 9941 0
1319 1317 0
8395 8400 0
8834 8831 0
5484 5483 0
6664 6661 0
7888 7891 0
9201 9200 0
7832 7836 0
9488 9490 0
5788 5793 0
1874 1877 0
9529 9525 0
5442 5444 0
3791 3794 0
2832 2835 0
6148 6144 0
8750 8749 0
6682 6683 0
2240 2244 0
999 1001 0
7112 7114 0
7396 7393 0
2362 2359 0
5859 5854 0
2982 2977 0
4723 4726 0
4941 4946 0
1293 1297 0
7984 7981 0
9094 9099 0
3498 3497 0
3013 3011 0
4373 4370 0
3638 3643 0
3210 3206 0
221 222 0
3702 3701 0
8028 8027 0
1332 1329 0
9736 9740 0
3420 3422 0
2252 2253 0
7729 7734 0
8755 8759 0
886 883 0
9674 9679 0
1708 1713 0
5764 5767 0
1351 1348 0
8230 8232 0
2552 2548 0
1580 1576 0
8810 8815 0
8902 8903 0
1520 1521 0
3772 3777 0
3899 3895 0
8464 8465 0
4337 4340 0
9546 9544 0
5901 5899 0
6779 6777 0
5621 5622 0
7256 7257 0
723 718 0
5837 5841 0
6322 6325 0
9250 9252 0
828 831 0
8716 8720 0
1265 1261 0
3625 3624 0
5393 5392 0
6039 6038 0
8607 8605 0
5510 5505 0
2020 2016 0
2767 2772 0
7491 7492 0
669 666 0
8143 8141 0
5861 5859 0
7650 7647 0
2480 2479 0
2366 2362 0
157 153 0
7227 7223 0
4480 4485 0
7165 7160 0
4717 4722 0
8996 8993 0
3234 3238 0
8566 8570 0
5029 5024 0
5875 5874 0
1876 1877 0
8224 8229 0
9985 9981 0
7263 7266 0
9482 9480 0
6890 6894 0
9649 9646 0
6486 6491 0
5112 5107 0
6309 6313 0
892 889 0
9803 9807 0
14 19 0
6862 6861 0
128 125 0
7055 7052 0
4923 4926 0
6352 6357 0
1459 1456 0
2957 2952 0
3860 3856 0
8059 8060 0
2810 2812 0
6386 6383 0
1869 1870 0
8897 8901 0
8695 8694 0
4621 4626 0
6435 6431 0
9073 9078 0
4232 4237 0
2472 2471 0
8287 8292 0
6204 6201 0
5243 5247 0
6531 6529 0
8091 8096 0
3453 3455 0
8574 8571 0
4771 4772 0
2516 2521 0
9425 9422 0
6471 6470 0
7448 7453 0
7281 7282 0
1305 1310 0
7999 8003 0
9242 9240 0
1974 1975 0
3214 3218 0
4194 4196 0
2501 2496 0
8446 8444 0
3306 3308 0
1606 1604 0
3440 3442 0
6676 6679 0
1556 1559 0
3124 3123 0
7561 7562 0
345 349 0
6444 6441 0
4238 4239 0
2245 2243 0
2561 2562 0
3427 3429 0
4429 4426 0
4465 4466 0
6415 6417 0
7590 7592 0
682 681 0
113 118 0
4215 4219 0
3614 3615 0
8560 8559 0
7956 7961 0
2859 2863 0
1978 1983 0
6964 6969 0
9236 9233 0
3024 3029 0
7343 7338 0
2981 2984 0
4142 4144 0
252 253 0
8753 8751 0
2279 2281 0
5887 5888 0
5239 5240 0
7242 7237 0
2171 2176 0
4499 4503 0
6359 6354 0
4711 4709 0
3930 3926 0
2348 2352 0
6111 6113 0
9865 9863 0
1256 1257 0
5209 5205 0
6485 6480 0
5329 5324 0
5065 5061 0
3925 3922 0
6860 6856 0
4727 4732 0
848 844 0
5456 5455 0
4965 4969 0
5558 5557 0
1113 1109 0
388 387 0
9691 9689 0
6760 6763 0
287 289 0
1343 1338 0
7238 7235 0
2563 2567 0
9864 9867 0
3860 3855 0
2 4 0
687 682 0
259 262 0
5828 5833 0
4662 4663 0
3939 3941 0
5988 5986 0
4531 4536 0
2115 2111 0
5500 5503 0
2624 2629 0
2547 2550 0
6375 6378 0
7302 7299 0
7822 7827 0
1571 1573 0
5996 6000 0
5860 5859 0
6166 6163 0
3513 3511 0
2455 2459 0
8030 8026 0
7390 7387 0
2189 2191 0
976 978 0
5698 5695 0
8011 8006 0
1179 1177 0
1467 1470 0
1036 1032 0
2966 2970 0
2363 2366 0
2339 2337 0
6749 6744 0
3207 3205 0
4145 4144 0
7222 7224 0
4476 4473 0
4534 4537 0
857 858 0
9652 9654 0
5713 5717 0
343 346 0
6833 6832 0
4508 4513 0
5773 5772 0
9855 9852 0
2206 2205 0
2489 2490 0
8525 8530 0
8720 8719 0
2285 2284 0
8447 8449 0
6062 6066 0
709 705 0
6838 6834 0
8683 8688 0
5592 5593 0
1314 1309 0
4603 4608 0
6737 6735 0
1484 1481 0
9719 9715 0
1707 1705 0
1416 1413 0
5765 5762 0
3760 3756 0
466 461 0
860 858 0
2039 2038 0
2940 2942 0
973 974 0
7795 7799 0
1576 1579 0
8033 8031 0
1984 1986 0
634 637 0
1342 1337 0
862 859 0
5860 5857 0
7850 7854 0
1526 1524 0
3013 3008 0
5106 5108 0
2097 2095 0
9587 9585 0
2727 2731 0
4653 4649 0
9071 9066 0
2267 2272 0
7265 7264 0
350 347 0
8892 8888 0
51 46 0
8446 8441 0
5813 5817 0
2102 2107 0
5753 5749 0
7580 7579 0
5414 5415 0
8822 8824 0
6376 6371 0
5798 5800 0
5999 6000 0
7997 7996 0
8555 8558 0
5384 5386 0
3661 3659 0
2971 2974 0
4249 4252 0
9293 9296 0
93 89 0
2485 2480 0
631 629 0
4811 4813 0
1456 1453 0
8678 8674 0
7071 7069 0
2420 2419 0
920 923 0
8932 8934 0
8808 8804 0
7169 7165 0
9041 9043 0
4153 4157 0
846 849 0
5129 5126 0
3304 3306 0
7034 7037 0
9678 9681 0
799 795 0
4074 4079 0
3459 3460 0
6962 6959 0
508 509 0
1589 1588 0
2999 2996 0
6774 6773 0
6778 6783 0
215 212 0
4352 4347 0
8487 8490 0
9091 9095 0
1073 1070 0
7171 7170 0
6107 6104 0
3623 3621 0
6963 6959 0
1867 1872 0
1016 1014 0
2603 2608 0
2394 2397 0
4997 4998 0
762 765 0
1003 1004 0
4248 4246 0
9556 9553 0
9639 9636 0
1179 1183 0
379 375 0
2386 2387 0
3496 3492 0
1549 1553 0
2534 2535 0
7518 7523 0
7749 7752 0
6427 6423 0
1942 1941 0
9474 9473 0
6270 6269 0
1270 1275 0
9548 9551 0
5182 5185 0
1578 1583 0
2209 2210 0
3654 3656 0
3027 3031 0
284 280 0
4286 4285 0
313 316 0
1428 1433 0
6893 6896 0
8499 8496 0
9019 9020 0
6980 6981 0
2688 2687 0
4774 4772 0
7752 7755 0
5995 5999 0
3883 3881 0
7655 7654 0
5971 5969 0
5571 5575 0
8508 8503 0
6427 6422 0
7590 7586 0
2811 2810 0
5713 5711 0
1962 1961 0
4708 4706 0
1165 1160 0
5528 5526 0
6459 6463 0
4683 4686 0
210 215 0
1383 1387 0
9437 9438 0
8917 8919 0
3754 3749 0
656 655 0
1709 1713 0
1881 1882 0
3007 3010 0
1452 1456 0
9005 9006 0
2797 2802 0
6796 6792 0
8767 8763 0
289 285 0
8084 8087 0
9920 9923 0
2464 2463 0
5087 5090 0
8169 8168 0
9979 9984 0
395 399 0
3348 3346 0
7282 7286 0
3333 3337 0
5693 5690 0
5287 5285 0
9331 9328 0
3915 3917 0
6944 6946 0
8653 8656 0
9501 9502 0
2186 2190 0
4686 4682 0
8429 8428 0
5080 5082 0
2691 2695 0
8231 8236 0
3963 3965 0
6133 6132 0
7847 7846 0
9780 9776 0
2234 2239 0
4455 4457 0
5596 5592 0
5850 5852 0
3187 3188 0
5304 5300 0
5058 5062 0
1585 1583 0
8165 8167 0
3898 3901 0
2030 2034 0
1377 1381 0
3498 3503 0
3148 3153 0
4948 4951 0
1830 1828 0
3423 3424 0
1822 1819 0
9490 9492 0
2246 2250 0
6464 6461 0
4186 4188 0
8512 8513 0
6399 6397 0
4979 4983 0
4797 4802 0
5953 5950 0
8913 8918 0
6023 6020 0
7199 7197 0
3458 3457 0
8190 8185 0
9142 9137 0
1293 1295 0
3713 3709 0
7467 7472 0
4883 4880 0
8271 8276 0
1 2 0
2929 2924 0
7453 7450 0
2732 2728 0
3997 4001 0
6916 6917 0
9849 9846 0
5659 5658 0
2047 2044 0
2091 2092 0
3656 3651 0
2676 2674 0
4714 4713 0
8973 8972 0
866 871 0
738 741 0
9523 9524 0
7560 7561 0
9720 9723 0
6968 6971 0
5966 5967 0
3157 3156 0
2371 2367 0
7782 7786 0
7220 7221 0
2345 2346 0
5697 5696 0
4046 4050 0
2211 2213 0
9164 9159 0
1699 1701 0
5405 5401 0
2591 2592 0
5783 5781 0
9914 9918 0
2714 2711 0
7770 7775 0
1561 1566 0
7517 7518 0
8704 8706 0
9619 9624 0
8920 8923 0
6635 6637 0
1290 1289 0
3806 3811 0
2079 2081 0
4673 4672 0
2744 2741 0
16 18 0
2895 2899 0
1423 1422 0
9383 9384 0
2580 2575 0
2932 2929 0
5720 5718 0
1175 1176 0
6406 6410 0
6169 6168 0
9322 9326 0
8397 8398 0
5388 5387 0
8328 8331 0
1247 1252 0
1600 1599 0
5685 5680 0
1621 1619 0
5842 5839 0
4638 4641 0
8115 8114 0
509 505 0
6811 6813 0
6344 6347 0
4722 4726 0
2136 2132 0
5464 5463 0
7570 7574 0
4305 4310 0
504 501 0
921 916 0
9678 9676 0
9392 9396 0
4465 4464 0
511 515 0
4542 4539 0
216 219 0
4739 4738 0
3262 3260 0
1692 1691 0
5412 5417 0
1246 1248 0
1515 1514 0
7869 7870 0
9660 9658 0
8310 8315 0
6638 6643 0
7267 7262 0
9884 9885 0
2005 2004 0
6174 6179 0
3765 3766 0
1971 1976 0
2851 2856 0
8044 8042 0
3007 3003 0
9374 9369 0
829 826 0
1782 1778 0
1948 1944 0
1145 1146 0
6585 6584 0
9381 9383 0
8539 8541 0
570 574 0
7278 7273 0
7236 7238 0
7067 7063 0
591 586 0
9760 9764 0
7157 7156 0
2225 2230 0
2923 2921 0
8328 8326 0
2517 2514 0
9890 9886 0
4609 4612 0
9336 9337 0
7725 7728 0
9205 9200 0
6603 6606 0
6384 6383 0
9521 9519 0
3717 3713 0
1053 1058 0
8664 8663 0
1870 1868 0
4434 4433 0
8369 8366 0
758 763 0
4120 4123 0
7360 7359 0
2653 2648 0
1546 1547 0
7835 7836 0
1519 1523 0
8319 8321 0
2428 2433 0
9169 9170 0
7574 7578 0
6898 6897 0
7643 7638 0
9597 9601 0
8723 8718 0
923 918 0
5567 5564 0
3731 3727 0
4108 4106 0
2227 2231 0
825 827 0
3417 3420 0
9806 9803 0
126 122 0
1141 1136 0
1445 1444 0
3544 3540 0
4864 4869 0
2407 2408 0
760 763 0
1489 1485 0
2160 2158 0
8747 8743 0
141 136 0
9733 9732 0
1426 1429 0
5530 5528 0
7291 7296 0
4537 4538 0
2763 2760 0
2455 2451 0
706 710 0
864 861 0
7873 7875 0
7522 7526 0
2314 2313 0
5580 5582 0
7825 7823 0
7615 7614 0
5700 5703 0
5575 5578 0
3002 3003 0
6535 6536 0
6393 6398 0
5933 5934 0
341 340 0
9826 9825 0
5937 5933 0
9377 9382 0
3909 3904 0
7243 7246 0
1153 1148 0
5209 5214 0
1568 1565 0
6203 6205 0
5039 5044 0
7431 7427 0
132 137 0
5794 5789 0
8368 8364 0
2400 2403 0
2682 2681 0
2329 2324 0
6819 6822 0
168 163 0
7761 7759 0
1881 1878 0
6392 6393 0
3208 3204 0
7762 7766 0
1551 1547 0
6217 6213 0
7579 7574 0
566 571 0
6920 6917 0
5156 5159 0
8247 8249 0
9001 9000 0
4606 4601 0
9748 9745 0
2286 2291 0
7646 7645 0
8285 8288 0
143 145 0
6705 6710 0
5863 5861 0
4901 4900 0
4425 4429 0
2527 2525 0
1295 1298 0
1591 1593 0
6098 6099 0
560 555 0
6273 6275 0
9016 9018 0
5921 5923 0
4792 4789 0
4215 4216 0
3935 3934 0
2818 2821 0
7005 7001 0
8010 8006 0
7868 7870 0
8553 8552 0
9713 9712 0
7996 8000 0
9160 9158 0
3341 3338 0
6796 6793 0
8858 8859 0
6234 6231 0
411 408 0
9097 9092 0
9520 9519 0
8786 8790 0
9230 9231 0
903 900 0
2390 2388 0
1119 1122 0
126 131 0
4218 4214 0
2223 2219 0
8993 8988 0
6912 6917 0
3862 3861 0
3386 3390 0
5062 5057 0
8194 8191 0
6117 6118 0
6028 6025 0
5499 5497 0
8958 8960 0
3096 3093 0
8297 8298 0
238 240 0
8867 8868 0
5463 5459 0
6941 6937 0
3197 3196 0
1361 1365 0
5495 5500 0
168 167 0
2971 2968 0
5585 5586 0
3282 3281 0
3396 3401 0
3649 3654 0
9008 9009 0
6226 6230 0
4036 4031 0
4566 4564 0
2494 2496 0
9830 9834 0
4160 4164 0
2775 2780 0
5506 5510 0
6953 6954 0
3154 3155 0
3113 3112 0
7734 7738 0
7967 7966 0
4699 4695 0
3552 3548 0
6143 6147 0
2812 2813 0
4265 4270 0
2892 2891 0
4186 4181 0
4026 4030 0
3556 3557 0
7454 7451 0
8447 8445 0
543 548 0
8494 8497 0
2352 2349 0
7187 7190 0
5882 5880 0
8463 8467 0
1570 1575 0
6970 6969 0
7976 7980 0
5309 5311 0
7122 7123 0
7071 7073 0
493 497 0
3502 3498 0
5741 5742 0
5872 5877 0
5764 5766 0
1633 1637 0
9498 9499 0
6750 6751 0
9940 9942 0
8378 8376 0
174 178 0
8315 8316 0
9310 9305 0
3134 3132 0
3270 3269 0
9120 9123 0
243 245 0
3749 3752 0
434 432 0
4135 4131 0
4422 4426 0
7725 7721 0
246 245 0
8714 8718 0
7733 7731 0
7851 7847 0
4320 4318 0
3037 3035 0
9014 9017 0
8136 8131 0
7980 7984 0
3102 3097 0
7101 7103 0
8580 8581 0
8865 8861 0
8514 8513 0
2328 2327 0
8846 8845 0
5256 5261 0
5098 5094 0
1458 1455 0
5266 5267 0
1569 1568 0
659 658 0
8530 8528 0
1883 1888 0
6036 6038 0
3553 3551 0
86 82 0
8899 8904 0
1114 1112 0
2447 2445 0
9500 9499 0
9432 9429 0
6348 6346 0
5319 5314 0
7876 7873 0
4240 4241 0
5094 5093 0
8144 8149 0
4761 4760 0
9660 9665 0
5132 5127 0
328 324 0
8845 8840 0
1620 1618 0
715 713 0
3509 3506 0
3550 3546 0
8062 8065 0
499 495 0
7337 7334 0
411 414 0
7418 7419 0
4330 4335 0
1053 1052 0
5838 5839 0
3076 3074 0
7231 7232 0
2596 2592 0
5574 5576 0
2881 2880 0
655 660 0
4838 4841 0
1687 1686 0
8144 8140 0
6061 6066 0
7038 7039 0
7549 7554 0
901 899 0
7406 7401 0
2042 2040 0
4992 4994 0
1374 1376 0
4867 4871 0
1038 1034 0
8179 8174 0
8716 8719 0
947 950 0
338 341 0
2419 2418 0
5609 5610 0
2858 2863 0
1745 1746 0
391 387 0
932 933 0
9476 9478 0
5858 5859 0
425 426 0
3466 3465 0
7293 7298 0
2588 2591 0
9495 9493 0
680 684 0
4793 4796 0
443 444 0
5477 5481 0
1131 1128 0
6796 6791 0
6793 6795 0
8040 8042 0
6666 6662 0
9107 9109 0
6562 6565 0
5207 5210 0
9544 9542 0
8918 8914 0
3819 3814 0
8222 8219 0
1274 1270 0
9654 9658 0
8820 8825 0
1778 1781 0
4983 4987 0
8981 8982 0
4337 4338 0
6446 6449 0
1282 1278 0
7667 7665 0
6456 6455 0
4986 4990 0
9323 9327 0
3067 3063 0
2523 2518 0
452 456 0
2524 2520 0
3121 3117 0
6096 6092 0
6390 6391 0
607 604 0
6377 6380 0
5721 5725 0
9016 9015 0
6170 6169 0
5298 5295 0
1552 1556 0
1858 1853 0
201 205 0
1567 1565 0
3978 3980 0
8895 8890 0
7924 7923 0
5996 5994 0
5597 5595 0
8149 8152 0
7359 7355 0
8329 8334 0
5775 5777 0
8536 8533 0
6959 6964 0
89 90 0
2136 2131 0
1242 1245 0
4478 4473 0
7215 7213 0
1645 1640 0
1751 1754 0
122 127 0
6301 6300 0
7650 7645 0
3274 3272 0
7477 7480 0
4064 4069 0
3865 3861 0
8406 8408 0
8811 8806 0
3688 3685 0
4949 4954 0
9545 9548 0
5081 5077 0
2982 2978 0
6709 6704 0
6399 6400 0
7862 7866 0
8663 8660 0
8051 8054 0
2424 2429 0
7897 7900 0
2718 2722 0
4609 4611 0
231 236 0
4299 4296 0
7007 7010 0
5033 5029 0
4100 4104 0
1689 1692 0
2540 2543 0
9661 9665 0
9382 9378 0
4650 4646 0
8434 8438 0
7724 7722 0
8532 8531 0
4263 4265 0
5241 5239 0
7684 7685 0
579 583 0
8279 8282 0
1900 1898 0
739 742 0
8948 8946 0
6876 6873 0
5695 5694 0
5560 5565 0
4621 4625 0
5847 5852 0
6236 6241 0
9647 9648 0
207 210 0
2680 2678 0
4490 4485 0
2999 2994 0
6555 6559 0
6109 6104 0
8979 8976 0
5022 5021 0
6787 6789 0
4885 4888 0
4847 4852 0
375 376 0
9230 9232 0
4683 4680 0
9108 9113 0
8394 8391 0
2358 2357 0
4743 4746 0
9327 9326 0
69 72 0
8564 8569 0
6200 6199 0
4198 4199 0
9856 9851 0
2489 2493 0
1150 1146 0
7796 7795 0
876 879 0
5108 5111 0
3775 3780 0
9783 9780 0
3737 3735 0
1272 1276 0
4677 4681 0
4062 4060 0
3738 3741 0
8079 8080 0
6697 6695 0
3365 3369 0
5084 5089 0
2895 2892 0
5798 5799 0
9282 9287 0
9332 9328 0
1748 1747 0
6627 6624 0
7830 7825 0
6915 6920 0
6644 6640 0
116 121 0
2112 2115 0
5975 5976 0
2696 2699 0
4293 4294 0
4440 4441 0
5842 5847 0
265 266 0
684 683 0
5224 5220 0
8079 8084 0
9191 9192 0
9447 9443 0
1733 1732 0
9832 9829 0
1468 1464 0
9355 9350 0
8497 8501 0
5264 5259 0
249 251 0
4456 4454 0
3707 3709 0
6806 6808 0
4048 4045 0
863 866 0
5122 5121 0
1061 1057 0
4106 4111 0
6948 6947 0
418 422 0
5872 5875 0
5471 5470 0
4842 4846 0
7924 7925 0
8848 8843 0
7181 7176 0
1292 1290 0
9806 9811 0
5121 5119 0
545 540 0
9089 9091 0
1527 1522 0
5570 5573 0
3125 3126 0
5260 5258 0
5785 5786 0
2490 2485 0
5627 5630 0
4040 4038 0
1265 1268 0
9878 9873 0
6017 6021 0
8909 8913 0
2554 2549 0
1025 1021 0
9206 9201 0
6599 6596 0
4901 4897 0
5987 5982 0
6308 6304 0
8948 8945 0
5259 5257 0
1581 1586 0
1316 1319 0
8789 8794 0
8790 8788 0
6195 6193 0
7782 7779 0
4117 4118 0
3979 3976 0
1355 1352 0
5798 5794 0
6476 6475 0
3770 3767 0
3673 3672 0
331 328 0
600 598 0
1347 1345 0
1183 1180 0
7087 7083 0
7128 7130 0
2398 2393 0
3100 3103 0
5350 5355 0
8849 8844 0
9443 9445 0
94 97 0
6459 6462 0
7834 7837 0
3678 3677 0
3281 3277 0
5974 5976 0
9308 9304 0
7622 7623 0
7118 7123 0
9735 9733 0
4213 4218 0
6252 6249 0
4812 4809 0
1034 1036 0
7742 7743 0
1974 1969 0
2280 2284 0
5254 5258 0
3494 3499 0
1379 1380 0
8839 8842 0
1619 1624 0
9303 9304 0
6339 6343 0
230 232 0
269 274 0
9675 9671 0
6121 6126 0
6409 6407 0
2219 2214 0
7075 7071 0
4531 4533 0
6883 6880 0
3680 3684 0
339 344 0
3503 3502 0
8692 8697 0
9810 9808 0
6103 6108 0
4160 4157 0
2956 2961 0
1766 1764 0
9451 9452 0
9338 9339 0
2433 2434 0
5225 5230 0
6906 6910 0
4518 4522 0
2598 2594 0
1880 1875 0
9776 9774 0
1601 1599 0
6616 6612 0
3558 3553 0
6190 6192 0
4214 4211 0
5946 5949 0
3287 3292 0
19 16 0
7896 7898 0
8327 8326 0
4312 4315 0
8725 8729 0
5734 5730 0
8571 8566 0
8895 8893 0
4422 4427 0
2786 2790 0
4569 4570 0
5818 5814 0
128 131 0
6672 6675 0
8681 8679 0
7355 7358 0
8680 8675 0
3810 3815 0
7521 7516 0
1466 1469 0
9627 9629 0
5970 5967 0
3030 3029 0
4734 4739 0
4084 4086 0
9014 9010 0
7952 7950 0
8195 8197 0
1581 1584 0
9950 9951 0
4769 4768 0
717 722 0
588 589 0
9843 9838 0
2516 2511 0
2718 2717 0
2509 2507 0
7636 7633 0
5236 5239 0
2930 2932 0
1781 1784 0
1910 1909 0
9587 9591 0
9166 9164 0
5295 5297 0
2642 2637 0
8112 8111 0
5643 5646 0
6260 6259 0
9491 9494 0
1297 1301 0
7517 7512 0
9397 9401 0
7828 7826 0
5979 5978 0
8772 8768 0
3427 3431 0
2570 2574 0
1326 1322 0
970 966 0
6684 6679 0
4486 4482 0
4915 4910 0
1838 1836 0
5286 5287 0
112 109 0
1626 1625 0
4974 4979 0
378 373 0
2054 2051 0
2996 3001 0
791 787 0
2296 2301 0
3012 3010 0
4777 4773 0
6152 6148 0
1868 1865 0
5137 5134 0
7152 7147 0
1040 1039 0
9366 9361 0
4655 4659 0
5044 5041 0
552 553 0
5610 5612 0
1455 1457 0
6135 6130 0
6677 6682 0
1800 1805 0
2365 2369 0
7909 7911 0
1804 1809 0
6723 6720 0
8141 8142 0
4258 4260 0
9884 9889 0
6299 6296 0
3333 3328 0
4699 4700 0
407 412 0
8938 8936 0
9389 9385 0
3911 3916 0
8005 8000 0
7188 7192 0
9782 9785 0
2291 2289 0
6345 6340 0
21 20 0
6915 6910 0
2554 2552 0
7768 7769 0
943 942 0
7587 7584 0
5213 5217 0
7796 7801 0
5746 5750 0
4663 4661 0
3696 3699 0
9087 9082 0
2654 2658 0
4847 4845 0
8319 8320 0
271 267 0
8955 8956 0
9786 9784 0
8114 8118 0
7038 7043 0
840 842 0
6196 6195 0
1212 1213 0
6762 6759 0
3927 3923 0
578 575 0
8301 8299 0
485 487 0
5600 5602 0
7808 7811 0
3987 3991 0
1419 1424 0
49 45 0
8323 8328 0
251 250 0
8543 8540 0
5977 5981 0
6997 6996 0
2455 2458 0
8089 8088 0
2569 2570 0
3679 3684 0
364 368 0
6198 6202 0
315 311 0
5852 5849 0
2894 2889 0
7884 7887 0
688 685 0
2723 2725 0
70 72 0
4425 4430 0
9548 9547 0
2010 2013 0
9816 9817 0
5346 5342 0
3464 3461 0
6421 6417 0
7095 7093 0
9754 9749 0
9252 9253 0
5524 5522 0
9931 9932 0
5727 5724 0
3953 3948 0
1546 1548 0
843 846 0
9674 9675 0
3463 3458 0
2072 2069 0
3852 3857 0
6550 6553 0
3261 3260 0
7943 7948 0
31 34 0
2387 2389 0
6331 6332 0
5053 5050 0
4664 4667 0
765 763 0
6709 6710 0
889 888 0
7263 7261 0
9914 9909 0
2092 2090 0
7485 7489 0
1134 1136 0
6356 6354 0
1939 1944 0
2501 2499 0
3925 3921 0
8335 8334 0
7233 7234 0
7162 7158 0
2578 2580 0
9647 9646 0
5834 5837 0
3453 3449 0
2392 2395 0
8123 8122 0
6417 6416 0
8511 8509 0
6855 6850 0
643 641 0
3019 3018 0
6190 6195 0
8343 8344 0
3664 3662 0
1265 1263 0
1172 1176 0
4851 4849 0
2926 2923 0
8615 8617 0
8196 8192 0
9302 9305 0
3440 3445 0
5885 5890 0
2526 2528 0
222 217 0
8043 8047 0
7605 7602 0
399 396 0
3036 3032 0
4630 4635 0
6185 6181 0
5818 5821 0
9019 9016 0
5664 5660 0
1821 1816 0
9209 9213 0
4604 4600 0
6273 6268 0
6063 6060 0
2483 2485 0
7239 7243 0
8484 8488 0
364 363 0
3193 3194 0
5334 5332 0
6928 6933 0
2245 2241 0
25 28 0
9066 9070 0
3424 3419 0
2143 2148 0
8987 8983 0
666 663 0
9877 9881 0
1019 1014 0
8557 8561 0
784 788 0
1532 1534 0
1445 1447 0
1717 1722 0
9572 9575 0
4053 4052 0
3693 3692 0
2699 2695 0
6677 6679 0
2333 2331 0
1277 1274 0
3858 3857 0
524 528 0
9592 9590 0
4593 4597 0
6007 6009 0
5552 5555 0
3849 3848 0
7360 7363 0
623 621 0
6318 6319 0
9945 9947 0
6073 6077 0
173 177 0
5509 5505 0
9018 9021 0
588 593 0
5097 5102 0
8742 8745 0
4855 4860 0
3636 3640 0
6773 6772 0
4348 4346 0
4412 4417 0
6627 6622 0
5280 5284 0
6222 6218 0
192 189 0
3957 3962 0
9786 9787 0
1350 1347 0
9806 9805 0
7415 7417 0
5175 5178 0
2852 2855 0
2122 2126 0
7202 7204 0
7431 7433 0
7073 7069 0
9239 9237 0
9046 9048 0
4340 4338 0
8961 8959 0
647 648 0
6960 6955 0
2557 2555 0
3559 3557 0
9149 9154 0
9877 9874 0
8064 8060 0
3155 3160 0
4316 4317 0
1485 1484 0
9055 9059 0
9035 9038 0
4348 4352 0
3797 3800 0
7701 7696 0
5538 5540 0
1970 1969 0
7004 7007 0
4753 4758 0
4844 4848 0
1048 1052 0
687 686 0
7496 7492 0
967 963 0
4000 4003 0
219 220 0
6820 6816 0
9185 9188 0
4284 4281 0
6281 6282 0
2680 2675 0
4845 4846 0
7020 7015 0
8002 8003 0
9136 9139 0
7860 7859 0
5136 5140 0
1766 1765 0
6268 6269 0
94 99 0
8234 8237 0
1218 1213 0
1511 1513 0
6388 6383 0
2802 2799 0
6737 6742 0
1498 1500 0
1725 1723 0
3662 3658 0
8683 8681 0
8531 8536 0
54 55 0
6244 6243 0
9737 9738 0
6938 6934 0
4344 4346 0
2071 2070 0
4205 4202 0
8325 8330 0
2173 2170 0
1915 1916 0
3400 3398 0
6976 6980 0
9747 9743 0
3322 3319 0
6948 6944 0
3772 3774 0
2448 2453 0
3321 3325 0
5937 5936 0
4234 4229 0
7495 7491 0
7115 7111 0
9559 9563 0
1776 1774 0
7553 7557 0
5292 5293 0
8650 8652 0
9658 9659 0
781 784 0
8881 8876 0
6103 6104 0
3148 3144 0
6482 6480 0
2191 2194 0
1457 1461 0
1069 1065 0
2601 2606 0
847 845 0
6024 6028 0
1932 1935 0
549 546 0
5720 5715 0
5973 5976 0
6091 6093 0
1046 1044 0
6695 6700 0
8249 8254 0
1617 1618 0
9752 9748 0
2723 2728 0
2581 2578 0
3899 3901 0
57 53 0
2522 2523 0
1546 1542 0
4614 4609 0
9711 9714 0
3145 3146 0
97 102 0
3007 3012 0
5987 5989 0
7531 7528 0
3306 3303 0
4170 4166 0
2636 2633 0
562 559 0
9341 9340 0
5936 5935 0
4052 4054 0
6526 6527 0
3876 3872 0
8513 8510 0
6486 6483 0
6318 6313 0
742 746 0
2353 2351 0
8861 8863 0
687 690 0
6988 6985 0
6224 6222 0
9774 9777 0
7520 7521 0
4110 4109 0
2469 2472 0
978 981 0
4205 4208 0
4238 4241 0
8549 8546 0
4496 4498 0
7426 7431 0
1988 1990 0
9558 9559 0
4957 4952 0
9937 9938 0
9042 9045 0
3289 3284 0
2463 2461 0
3819 3820 0
4827 4825 0
4987 4984 0
3457 3459 0
2802 2798 0
2870 2875 0
8462 8461 0
1260 1258 0
9103 9107 0
8731 8729 0
5618 5622 0
4446 4444 0
8886 8889 0
3690 3694 0
6618 6617 0
9721 9723 0
9369 9368 0
6652 6650 0
7117 7116 0
5056 5059 0
4703 4708 0
351 350 0
1058 1057 0
443 440 0
7902 7898 0
3320 3319 0
4058 4055 0
1641 1646 0
6859 6864 0
8896 8894 0
358 359 0
6390 6393 0
3089 3094 0
7361 7360 0
9764 9763 0
1135 1131 0
741 746 0
7003 7007 0
5295 5290 0
9753 9754 0
1744 1745 0
5255 5258 0
7674 7671 0
6748 6749 0
736 733 0
3029 3026 0
616 619 0
5643 5639 0
7602 7599 0
3232 3228 0
4768 4773 0
3476 3472 0
8784 8779 0
8302 8303 0
4931 4927 0
5991 5995 0
9915 9911 0
2720 2724 0
1228 1223 0
7146 7143 0
6564 6563 0
6163 6160 0
3083 3086 0
4226 4228 0
6332 6336 0
8381 8384 0
1402 1398 0
158 155 0
5829 5827 0
8985 8982 0
2444 2441 0
503 501 0
4668 4666 0
6019 6023 0
4479 4484 0
7820 7816 0
6836 6831 0
1426 1427 0
7295 7290 0
6306 6308 0
7327 7328 0
699 703 0
7931 7932 0
2801 2802 0
4395 4396 0
3235 3232 0
6342 6346 0
7165 7161 0
4205 4210 0
2795 2800 0
6713 6711 0
8368 8369 0
1892 1887 0
2672 2670 0
4372 4369 0
9179 9174 0
41 40 0
1034 1032 0
6726 6728 0
8937 8942 0
4236 4239 0
9577 9572 0
4882 4877 0
9018 9013 0
5758 5753 0
2079 2075 0
5242 5245 0
6125 6123 0
7404 7409 0
1371 1369 0
816 818 0
1418 1413 0
3541 3545 0
2201 2198 0
5722 5723 0
12 16 0
5043 5046 0
2951 2949 0
9364 9365 0
1715 1717 0
4764 4760 0
4381 4380 0
1367 1370 0
2078 2073 0
1297 1299 0
1327 1322 0
4559 4563 0
3454 3456 0
4328 4332 0
5945 5940 0
7148 7147 0
4237 4236 0
4394 4391 0
4978 4975 0
1735 1733 0
3003 3001 0
8499 8497 0
5009 5014 0
8013 8009 0
9930 9933 0
2468 2467 0
5397 5402 0
2020 2018 0
954 950 0
27 32 0
5890 5891 0
5158 5156 0
1399 1404 0
5806 5811 0
8726 8728 0
6188 6191 0
7820 7824 0
4211 4209 0
1070 1068 0
4615 4617 0
2174 2169 0
1803 1805 0
5750 5752 0
3596 3593 0
4395 4393 0
2424 2420 0
546 545 0
4395 4392 0
5568 5572 0
4494 4493 0
2439 2440 0
2193 2194 0
1294 1296 0
5814 5813 0
6611 6606 0
4323 4320 0
5992 5988 0
4206 4210 0
7916 7918 0
7874 7870 0
1027 1031 0
4820 4819 0
7308 7306 0
9174 9178 0
3044 3045 0
3023 3024 0
6591 6593 0
5838 5833 0
4094 4098 0
7413 7417 0
7928 7927 0
2202 2198 0
7905 7902 0
4200 4202 0
4232 4236 0
4617 4616 0
8693 8697 0
8305 8310 0
4716 4711 0
8290 8285 0
7757 7760 0
8638 8636 0
8424 8423 0
1033 1036 0
9367 9363 0
5766 5762 0
2413 2411 0
8521 8522 0
2866 2863 0
5048 5045 0
744 748 0
3312 3314 0
2577 2578 0
7958 7960 0
5348 5346 0
559 555 0
1623 1619 0
4745 4746 0
1968 1972 0
4339 4342 0
1091 1090 0
8136 8141 0
4459 4458 0
5758 5756 0
1930 1931 0
6006 6011 0
9156 9152 0
1221 1218 0
8080 8081 0
5928 5926 0
398 395 0
8248 8253 0
3967 3966 0
5127 5130 0
214 211 0
5377 5373 0
7226 7229 0
8841 8840 0
1965 1961 0
4122 4120 0
3192 3197 0
5851 5856 0
8633 8631 0
9568 9563 0
6511 6512 0
7422 7419 0
4227 4228 0
2058 2053 0
2067 2063 0
8209 8213 0
6862 6864 0
6415 6413 0
7281 7285 0
3117 3115 0
8734 8738 0
6932 6929 0
3473 3478 0
44 40 0
6864 6861 0
244 245 0
1533 1535 0
1002 1005 0
6507 6509 0
8937 8932 0
8824 8823 0
9295 9300 0
341 345 0
6228 6233 0
639 642 0
354 356 0
4202 4203 0
7554 7555 0
5186 5187 0
9892 9896 0
8444 8442 0
6688 6689 0
5013 5016 0
1687 1689 0
5824 5821 0
4553 4548 0
5615 5613 0
6504 6503 0
7272 7269 0
4813 4808 0
5934 5932 0
5491 5490 0
1957 1952 0
146 148 0
5643 5644 0
5900 5899 0
2048 2050 0
6183 6184 0
3822 3823 0
9340 9338 0
6970 6967 0
8357 8354 0
5273 5271 0
8483 8481 0
6239 6238 0
3293 3288 0
69 67 0
2725 2727 0
395 397 0
2834 2831 0
1995 2000 0
1792 1793 0
9081 9079 0
6447 6445 0
1750 1751 0
8997 8995 0
2037 2036 0
4960 4958 0
6021 6018 0
9249 9250 0
1249 1244 0
5213 5212 0
3967 3970 0
6254 6253 0
2326 2330 0
3416 3413 0
6041 6043 0
8485 8481 0
2386 2388 0
2218 2213 0
5293 5296 0
5283 5284 0
3975 3970 0
8573 8568 0
4965 4966 0
7109 7107 0
3937 3934 0
749 751 0
6652 6648 0
9714 9716 0
5467 5466 0
4694 4697 0
47 51 0
9624 9622 0
8045 8048 0
5316 5312 0
8103 8107 0
7232 7229 0
806 805 0
2696 2698 0
6261 6258 0
1388 1392 0
9912 9917 0
9672 9667 0
1013 1010 0
9062 9066 0
1323 1319 0
3875 3879 0
4584 4581 0
8355 8352 0
7991 7994 0
8305 8306 0
4995 4994 0
197 195 0
6425 6421 0
2366 2367 0
7009 7010 0
888 883 0
8999 9001 0
9691 9694 0
1919 1916 0
6698 6694 0
82 80 0
7766 7771 0
8471 8475 0
1522 1523 0
4477 4481 0
8982 8979 0
2254 2257 0
6082 6078 0
8092 8087 0
7377 7374 0
1367 1371 0
7421 7423 0
7661 7665 0
9712 9707 0
3400 3395 0
9527 9531 0
8410 8408 0
3206 3209 0
2019 2017 0
5484 5488 0
3752 3751 0
9949 9948 0
8118 8121 0
5909 5906 0
7044 7040 0
6386 6382 0
8948 8949 0
628 626 0
3608 3610 0
6868 6869 0
5231 5236 0
156 157 0
9242 9237 0
5152 5156 0
6070 6068 0
27 30 0
1340 1342 0
3008 3003 0
1391 1386 0
3827 3822 0
1161 1157 0
3846 3849 0
3976 3978 0
857 862 0
7946 7950 0
5836 5839 0
7709 7708 0
5629 5626 0
209 213 0
336 334 0
1854 1852 0
8347 8349 0
1672 1673 0
3178 3179 0
1839 1842 0
5607 5604 0
2444 2446 0
5340 5344 0
5945 5946 0
8291 8296 0
1129 1134 0
4859 4860 0
8767 8772 0
5683 5678 0
5359 5364 0
3353 3356 0
5111 5115 0
3531 3527 0
4884 4889 0
4861 4859 0
4068 4063 0
8445 8448 0
200 199 0
1002 997 0
4672 4668 0
8376 8381 0
1899 1896 0
2608 2611 0
8129 8125 0
2972 2968 0
4726 4731 0
5684 5683 0
4165 4163 0
7423 7425 0
5964 5963 0
6423 6420 0
3598 3601 0
511 508 0
1401 1398 0
1349 1345 0
5053 5052 0
3606 3605 0
8906 8905 0
4120 4118 0
574 575 0
3485 3482 0
7553 7551 0
6343 6347 0
8531 8530 0
4888 4890 0
4469 4474 0
5815 5817 0
8768 8765 0
8509 8506 0
5679 5680 0
1958 1957 0
8966 8968 0
6349 6348 0
1920 1921 0
2780 2781 0
817 818 0
2257 2256 0
122 125 0
1117 1119 0
8591 8590 0
1646 1642 0
5597 5594 0
6214 6217 0
5886 5884 0
9205 9208 0
8247 8243 0
9527 9523 0
6173 6174 0
3306 3309 0
7022 7024 0
8347 8351 0
7949 7945 0
1041 1039 0
9083 9080 0
2798 2793 0
8096 8092 0
6652 6655 0
5700 5699 0
4985 4986 0
7831 7830 0
8736 8731 0
7515 7519 0
7110 7109 0
1829 1825 0
8105 8101 0
457 459 0
3343 3342 0
6528 6526 0
1318 1323 0
9825 9830 0
8496 8493 0
9794 9790 0
6074 6069 0
5229 5232 0
8610 8606 0
2423 2420 0
5670 5668 0
7444 7449 0
8426 8428 0
6209 6214 0
2473 2470 0
3156 3160 0
3489 3491 0
4719 4724 0
8056 8059 0
4531 4529 0
8850 8848 0
7464 7463 0
2434 2431 0
3048 3045 0
4805 4804 0
9515 9511 0
1575 1579 0
7242 7247 0
2963 2962 0
5519 5515 0
2070 2068 0
1024 1020 0
7844 7846 0
672 668 0
7047 7043 0
8665 8669 0
1747 1751 0
6679 6683 0
8274 8278 0
2147 2148 0
5390 5395 0
2107 2110 0
6384 6379 0
608 607 0
2394 2396 0
5875 5880 0
6930 6934 0
3636 3633 0
5677 5681 0
1468 1463 0
4523 4527 0
3578 3581 0
288 285 0
7489 7493 0
4505 4510 0
3833 3829 0
445 442 0
9773 9772 0
4655 4658 0
2719 2715 0
1490 1486 0
8694 8690 0
5481 5478 0
4595 4600 0
6547 6548 0
3086 3082 0
9831 9834 0
8520 8523 0
8225 8229 0
9481 9478 0
4568 4572 0
636 641 0
3680 3675 0
738 735 0
2910 2909 0
2662 2665 0
5180 5179 0
5052 5055 0
73 69 0
5857 5859 0
5320 5315 0
1448 1443 0
4250 4255 0
8881 8883 0
6856 6854 0
6384 6389 0
6175 6177 0
1339 1336 0
2522 2519 0
3180 3176 0
895 900 0
3713 3710 0
1689 1685 0
3189 3188 0
6526 6521 0
8940 8939 0
5287 5282 0
9396 9401 0
200 195 0
6849 6851 0
9627 9625 0
3635 3631 0
8091 8090 0
7584 7588 0
3903 3907 0
5831 5826 0
4311 4313 0
2097 2098 0
7327 7330 0
4334 4338 0
7628 7633 0
5021 5018 0
7902 7903 0
650 645 0
5880 5877 0
4393 4398 0
1752 1750 0
7920 7918 0
6986 6985 0
3447 3445 0
1501 1498 0
2395 2400 0
859 858 0
6022 6026 0
1331 1335 0
8791 8787 0
776 778 0
8372 8369 0
6510 6515 0
2313 2317 0
4544 4540 0
5592 5588 0
4279 4278 0
2986 2990 0
8809 8812 0
7441 7438 0
6197 6202 0
5094 5089 0
4590 4586 0
9309 9307 0
4505 4501 0
1280 1283 0
3591 3587 0
5741 5744 0
4179 4177 0
6105 6109 0
373 371 0
4698 4702 0
4628 4623 0
6562 6558 0
6642 6645 0
7705 7701 0
9858 9855 0
2664 2668 0
4222 4218 0
2859 2861 0
409 406 0
7203 7204 0
6262 6263 0
7727 7726 0
8410 8411 0
4507 4512 0
2056 2051 0
3673 3677 0
5648 5650 0
2738 2741 0
5095 5098 0
4026 4025 0
2164 2167 0
7918 7922 0
4126 4131 0
9970 9965 0
2464 2461 0
2518 2513 0
1989 1993 0
9605 9607 0
8182 8180 0
6944 6942 0
8579 8575 0
7353 7349 0
5765 5766 0
6888 6892 0
9591 9596 0
6096 6099 0
2762 2766 0
2023 2022 0
2325 2322 0
3427 3425 0
7159 7163 0
2601 2604 0
6818 6822 0
9604 9602 0
2752 2751 0
8573 8577 0
5577 5572 0
9819 9817 0
6447 6452 0
9188 9193 0
6294 6296 0
7723 7726 0
6960 6959 0
4551 4552 0
5587 5586 0
7166 7162 0
8020 8018 0
601 603 0
9662 9663 0
6091 6092 0
5433 5438 0
9371 9369 0
5611 5607 0
2667 2664 0
234 233 0
9738 9735 0
2089 2094 0
4512 4509 0
3277 3278 0
7811 7815 0
9608 9609 0
3877 3875 0
5431 5427 0
4264 4268 0
7599 7596 0
6503 6501 0
9911 9913 0
8574 8579 0
3665 3666 0
311 309 0
5689 5693 0
8628 8627 0
6323 6324 0
9630 9628 0
9145 9146 0
2030 2035 0
3583 3585 0
2761 2765 0
3062 3064 0
7930 7927 0
9172 9173 0
2803 2800 0
8135 8136 0
1433 1429 0
9954 9957 0
6001 6005 0
4551 4546 0
7462 7460 0
4260 4262 0
781 779 0
6736 6732 0
7925 7929 0
7643 7640 0
9010 9006 0
4430 4426 0
7610 7609 0
4894 4895 0
7947 7952 0
8789 8791 0
5347 5346 0
6049 6048 0
7616 7611 0
7988 7987 0
1411 1413 0
499 501 0
3522 3524 0
920 919 0
9251 9248 0
9611 9606 0
6665 6670 0
4899 4897 0
6119 6121 0
5491 5493 0
5163 5158 0
7470 7466 0
1251 1253 0
5606 5601 0
6271 6267 0
1957 1962 0
7033 7037 0
5308 5309 0
5088 5091 0
3304 3308 0
4921 4923 0
5232 5237 0
652 654 0
5167 5171 0
3484 3483 0
6290 6292 0
4026 4031 0
3543 3547 0
297 292 0
1199 1195 0
2233 2235 0
9435 9439 0
7152 7150 0
6808 6807 0
958 963 0
8483 8480 0
3709 3710 0
1423 1425 0
1420 1422 0
5142 5143 0
3043 3047 0
5336 5332 0
4654 4653 0
1343 1345 0
3456 3457 0
2157 2161 0
6218 6216 0
9782 9784 0
2526 2530 0
9845 9840 0
5228 5226 0
8967 8964 0
7913 7914 0
7241 7245 0
7483 7480 0
3719 3722 0
7701 7698 0
4489 4486 0
9850 9849 0
9755 9756 0
997 992 0
8067 8063 0
2774 2776 0
5315 5311 0
1320 1322 0
2609 2605 0
5165 5163 0
1494 1489 0
8631 8627 0
8100 8096 0
6003 6000 0
3903 3901 0
9926 9928 0
2958 2955 0
7867 7871 0
1133 1130 0
355 356 0
3325 3327 0
4032 4036 0
3104 3100 0
1596 1594 0
2766 2767 0
9021 9019 0
8298 8294 0
4609 4608 0
4699 4704 0
9541 9540 0
3425 3421 0
1912 1909 0
8312 8311 0
9040 9042 0
1500 1504 0
3729 3724 0
513 508 0
5708 5704 0
9976 9971 0
4357 4361 0
7428 7429 0
298 299 0
2211 2215 0
1480 1477 0
148 147 0
390 395 0
3041 3046 0
8108 8109 0
5064 5061 0
9471 9473 0
1316 1315 0
2121 2124 0
2212 2216 0
2877 2872 0
9202 9207 0
9240 9244 0
7218 7219 0
4668 4667 0
9403 9408 0
5111 5113 0
4006 4007 0
9872 9867 0
1600 1597 0
5344 5349 0
2749 2747 0
4459 4460 0
7939 7938 0
4032 4035 0
8564 8563 0
4914 4911 0
4020 4025 0
2810 2813 0
4370 4375 0
3498 3493 0
5692 5691 0
6874 6878 0
5676 5681 0
4314 4318 0
8453 8448 0
4321 4317 0
5493 5497 0
5162 5163 0
179 184 0
9042 9044 0
5770 5765 0
8503 8506 0
7685 7680 0
8490 8493 0
6217 6221 0
1098 1103 0
9552 9551 0
866 861 0
3048 3043 0
1147 1148 0
9576 9579 0
3448 3444 0
1653 1648 0
8815 8812 0
2708 2711 0
7967 7963 0
6589 6588 0
2618 2623 0
5225 5223 0
8991 8990 0
6428 6431 0
3284 3279 0
8896 8893 0
6522 6518 0
8166 8169 0
791 796 0
1605 1603 0
448 447 0
3415 3417 0
1271 1268 0
2971 2967 0
5074 5072 0
830 827 0
4116 4111 0
1658 1659 0
3984 3983 0
2517 2516 0
989 984 0
8806 8810 0
2785 2780 0
5106 5110 0
7933 7938 0
716 717 0
9573 9576 0
8168 8173 0
2902 2900 0
5211 5216 0
7595 7593 0
9715 9711 0
4578 4573 0
7374 7378 0
4665 4666 0
4407 4402 0
5295 5300 0
3026 3021 0
4007 4005 0
9119 9114 0
5618 5614 0
2379 2375 0
8516 8517 0
7643 7648 0
9584 9588 0
9991 9989 0
4791 4795 0
8570 8573 0
8362 8361 0
6361 6357 0
261 259 0
7985 7984 0
6575 6571 0
5036 5031 0
6035 6031 0
9265 9269 0
1473 1477 0
8322 8325 0
8446 8449 0
1881 1876 0
8604 8600 0
2503 2507 0
5874 5879 0
3273 3274 0
568 563 0
3311 3308 0
5216 5218 0
3847 3846 0
7999 8000 0
8385 8380 0
6041 6042 0
2007 2011 0
7105 7109 0
6128 6131 0
9623 9622 0
8220 8223 0
5317 5321 0
414 415 0
4726 4730 0
712 707 0
8745 8740 0
2922 2925 0
9567 9569 0
433 431 0
8865 8860 0
6487 6482 0
6571 6573 0
5461 5456 0
4487 4483 0
7429 7433 0
9091 9093 0
2933 2931 0
199 203 0
1628 1626 0
719 714 0
9554 9556 0
291 292 0
8758 8762 0
3095 3092 0
4204 4203 0
1621 1620 0
3254 3255 0
7625 7622 0
4974 4976 0
2418 2416 0
3949 3946 0
1992 1993 0
6688 6691 0
1090 1086 0
140 144 0
6853 6849 0
1967 1968 0
7641 7645 0
7468 7470 0
9668 9672 0
7272 7268 0
6401 6397 0
855 858 0
9685 9690 0
2693 2695 0
7884 7881 0
309 308 0
3648 3649 0
4784 4783 0
460 455 0
1484 1483 0
2640 2638 0
6629 6633 0
4322 4319 0
6368 6367 0
3208 3206 0
5625 5622 0
6279 6275 0
1312 1313 0
8175 8179 0
172 173 0
4842 4840 0
9889 9890 0
9706 9708 0
3523 3521 0
8569 8571 0
3430 3425 0
5984 5989 0
6277 6272 0
8807 8806 0
711 709 0
5361 5362 0
1596 1592 0
4666 4664 0
5919 5916 0
9228 9233 0
9893 9888 0
8835 8838 0
9637 9636 0
5131 5126 0
790 787 0
9303 9307 0
3291 3287 0
7661 7659 0
1706 1707 0
1041 1036 0
1326 1330 0
3282 3279 0
8415 8411 0
1855 1860 0
9239 9236 0
1536 1537 0
1529 1534 0
5413 5410 0
8388 8392 0
9355 9353 0
870 866 0
2131 2128 0
4543 4548 0
6000 5995 0
3205 3209 0
4637 4632 0
2961 2958 0
8116 8118 0
5241 5243 0
1413 1408 0
7160 7164 0
3607 3603 0
3533 3529 0
1874 1879 0
2273 2276 0
725 720 0
783 785 0
4737 4735 0
3360 3358 0
9595 9598 0
6565 6568 0
7264 7267 0
6914 6919 0
9524 9528 0
1140 1144 0
8991 8993 0
8667 8666 0
3333 3338 0
4410 4406 0
8012 8014 0
4871 4876 0
10 7 0
7788 7785 0
8830 8835 0
8927 8929 0
8408 8413 0
2801 2799 0
5064 5059 0
9538 9539 0
8585 8583 0
5245 5246 0
3978 3983 0
4706 4702 0
9788 9789 0
5654 5653 0
8614 8616 0
4716 4719 0
2336 2333 0
7021 7018 0
9688 9690 0
5051 5055 0
1676 1678 0
3559 3556 0
3740 3739 0
5142 5139 0
4623 4618 0
5308 5307 0
975 976 0
5434 5431 0
2225 2222 0
6462 6463 0
3930 3931 0
9224 9220 0
6340 6339 0
3802 3805 0
2352 2351 0
9485 9484 0
5001 4997 0
3545 3550 0
3315 3317 0
2558 2554 0
7430 7425 0
9836 9840 0
5550 5552 0
2790 2791 0
8162 8161 0
7764 7767 0
4374 4378 0
2532 2529 0
2992 2995 0
8133 8128 0
4954 4957 0
9231 9235 0
6379 6382 0
1863 1867 0
1397 1400 0
797 793 0
6813 6812 0
5446 5445 0
2854 2849 0
6773 6768 0
6031 6030 0
203 202 0
952 947 0
6347 6350 0
1009 1012 0
9834 9833 0
6787 6782 0
8739 8737 0
4947 4948 0
7122 7125 0
1673 1675 0
4938 4937 0
2818 2814 0
759 758 0
6939 6935 0
5344 5348 0
7164 7165 0
8599 8598 0
9951 9952 0
5366 5362 0
9426 9431 0
6406 6409 0
1666 1670 0
7298 7299 0
4154 4153 0
1882 1886 0
681 676 0
230 228 0
6199 6196 0
3565 3566 0
8479 8478 0
1831 1832 0
8381 8383 0
5771 5773 0
3404 3399 0
7110 7114 0
516 515 0
9125 9123 0
5993 5990 0
4209 4204 0
3796 3792 0
5857 5852 0
3871 3869 0
1970 1972 0
3166 3170 0
3648 3645 0
5272 5268 0
911 912 0
3282 3278 0
1563 1562 0
7954 7951 0
8707 8704 0
9374 9371 0
3932 3934 0
137 142 0
3192 3195 0
1284 1285 0
471 466 0
4106 4109 0
5641 5637 0
6875 6874 0
1945 1942 0
7157 7155 0
9902 9899 0
4241 4237 0
1885 1882 0
631 632 0
8960 8962 0
2999 3000 0
3402 3401 0
6566 6562 0
8633 8637 0
3976 3973 0
1693 1696 0
347 346 0
8312 8315 0
5528 5525 0
7220 7219 0
5823 5819 0
1312 1310 0
7599 7601 0
2515 2511 0
5717 5718 0
7866 7869 0
8289 8287 0
8539 8542 0
7606 7602 0
7713 7712 0
7964 7960 0
9500 9496 0
9455 9456 0
4126 4125 0
4774 4773 0
5082 5086 0
9961 9966 0
5775 5778 0
3820 3824 0
4659 4658 0
1522 1519 0
4685 4687 0
2591 2587 0
5491 5487 0
6698 6702 0
8004 8009 0
1919 1917 0
8662 8664 0
271 269 0
3627 3626 0
1387 1385 0
8028 8030 0
4961 4965 0
2910 2906 0
8800 8797 0
8684 8687 0
6338 6335 0
1699 1696 0
8619 8617 0
4127 4122 0
1948 1943 0
1788 1791 0
4445 4450 0
3889 3888 0
9504 9500 0
3257 3256 0
6065 6063 0
7765 7760 0
7836 7834 0
9388 9391 0
5675 5672 0
7968 7971 0
7832 7829 0
1810 1808 0
7156 7160 0
5711 5714 0
3223 3219 0
3433 3429 0
1292 1296 0
7715 7720 0
7679 7684 0
7401 7400 0
7534 7535 0
9947 9948 0
143 139 0
2044 2045 0
5335 5331 0
2304 2301 0
7737 7742 0
6542 6540 0
7246 7241 0
4830 4827 0
9614 9616 0
6454 6452 0
4221 4217 0
4636 4641 0
9783 9778 0
2043 2038 0
263 267 0
3353 3351 0
9852 9847 0
6597 6600 0
6852 6855 0
8283 8278 0
1703 1701 0
1777 1773 0
6363 6362 0
9163 9167 0
9918 9917 0
8118 8123 0
8929 8933 0
3143 3142 0
9053 9054 0
4460 4464 0
6539 6538 0
7 5 0
2013 2014 0
1028 1029 0
1070 1069 0
6070 6067 0
5138 5141 0
3319 3324 0
3937 3940 0
3368 3363 0
3634 3629 0
5687 5685 0
8766 8768 0
8588 8585 0
9499 9504 0
5168 5170 0
7432 7427 0
1161 1164 0
7632 7628 0
8490 8494 0
2026 2025 0
418 414 0
8426 8423 0
8185 8187 0
9292 9295 0
4814 4811 0
3912 3914 0
3113 3108 0
2639 2643 0
2892 2890 0
2873 2870 0
7366 7365 0
6227 6225 0
5384 5380 0
7424 7422 0
9861 9863 0
7581 7577 0
1857 1855 0
8061 8063 0
6816 6815 0
9257 9254 0
4915 4911 0
7138 7137 0
9689 9688 0
1516 1521 0
4594 4593 0
7920 7916 0
525 520 0
4780 4784 0
9537 9541 0
2564 2561 0
1253 1249 0
6918 6917 0
3129 3124 0
9994 9990 0
9599 9603 0
1949 1945 0
8937 8941 0
9276 9272 0
2744 2743 0
5126 5127 0
7898 7903 0
9577 9573 0
9374 9375 0
5568 5571 0
2462 2464 0
6007 6011 0
142 138 0
595 599 0
2218 2223 0
2477 2482 0
4366 4369 0
1224 1221 0
4684 4686 0
1072 1077 0
811 813 0
6608 6606 0
7779 7778 0
4308 4309 0
7619 7621 0
7252 7256 0
9048 9043 0
5229 5230 0
7986 7990 0
3955 3959 0
706 703 0
2932 2934 0
9415 9420 0
2282 2287 0
223 221 0
5209 5208 0
8368 8373 0
9063 9064 0
2492 2493 0
7572 7569 0
6231 6229 0
7814 7811 0
6085 6082 0
9127 9125 0
4393 4388 0
8055 8059 0
9345 9347 0
4449 4445 0
2275 2277 0
7394 7391 0
4799 4804 0
8942 8947 0
371 369 0
3715 3719 0
7056 7060 0
4463 4461 0
13 15 0
9770 9772 0
1439 1437 0
6397 6395 0
4236 4233 0
1438 1437 0
722 724 0
137 138 0
4568 4563 0
4898 4899 0
946 951 0
5277 5280 0
6209 6212 0
3115 3110 0
3750 3746 0
9583 9584 0
5609 5605 0
4971 4968 0
6767 6771 0
117 113 0
2302 2300 0
9163 9165 0
4270 4266 0
5188 5189 0
1223 1227 0
1027 1029 0
5159 5164 0
1514 1509 0
650 649 0
308 303 0
575 579 0
9988 9983 0
2942 2944 0
4595 4593 0
7412 7416 0
1566 1565 0
9195 9196 0
2844 2848 0
9349 9345 0
1116 1113 0
8874 8875 0
2428 2429 0
8518 8521 0
4125 4130 0
5297 5296 0
6630 6629 0
9263 9262 0
4741 4744 0
4988 4984 0
3602 3600 0
1279 1276 0
8083 8085 0
8906 8909 0
1150 1147 0
263 264 0
102 107 0
7743 7747 0
9387 9384 0
2997 2995 0
1524 1519 0
3110 3107 0
2723 2726 0
4249 4246 0
9538 9535 0
9880 9885 0
284 282 0
1740 1739 0
2421 2424 0
6940 6942 0
9227 9223 0
2082 2081 0
4956 4952 0
1314 1316 0
7896 7893 0
2740 2735 0
5105 5101 0
2950 2955 0
6784 6785 0
9161 9160 0
658 655 0
2757 2756 0
7072 7068 0
3058 3063 0
5646 5642 0
7703 7701 0
9290 9288 0
8588 8583 0
6336 6331 0
103 107 0
6309 6312 0
2737 2739 0
2444 2447 0
2653 2656 0
5206 5210 0
8881 8878 0
6227 6224 0
1168 1167 0
304 307 0
1764 1765 0
7538 7537 0
3410 3411 0
9304 9305 0
7367 7362 0
2701 2703 0
8828 8827 0
9721 9725 0
4982 4978 0
4189 4191 0
3085 3082 0
253 248 0
1258 1259 0
2202 2199 0
3541 3543 0
4828 4825 0
4569 4574 0
7468 7463 0
9661 9664 0
6447 6451 0
4655 4660 0
1600 1603 0
8666 8663 0
8062 8060 0
8501 8505 0
8236 8238 0
5262 5257 0
7686 7687 0
9260 9256 0
863 862 0
9463 9468 0
9835 9833 0
9652 9657 0
9161 9159 0
2392 2388 0
6987 6989 0
23 20 0
1777 1781 0
6987 6990 0
1341 1345 0
8283 8280 0
2854 2856 0
1033 1031 0
1681 1677 0
7830 7834 0
505 504 0
2915 2914 0
9526 9528 0
5530 5529 0
8873 8875 0
8462 8464 0
6735 6731 0
3819 3815 0
953 948 0
713 712 0
3245 3241 0
9884 9886 0
1721 1726 0
6260 6256 0
1865 1870 0
1914 1918 0
9924 9925 0
1606 1601 0
6721 6716 0
776 777 0
5195 5194 0
389 391 0
4713 4708 0
9557 9555 0
4329 4325 0
9282 9281 0
1502 1503 0
6596 6595 0
7494 7490 0
2315 2313 0
3431 3430 0
1704 1701 0
8210 8205 0
8644 8647 0
9281 9284 0
6916 6920 0
6049 6046 0
539 536 0
7138 7139 0
821 825 0
3718 3717 0
1553 1554 0
2881 2886 0
9175 9171 0
2062 2063 0
1179 1180 0
2820 2816 0
5977 5974 0
9419 9422 0
5003 5008 0
4862 4867 0
8648 8649 0
6581 6578 0
6533 6536 0
1069 1074 0
871 869 0
9301 9300 0
4656 4659 0
301 302 0
4807 4804 0
7362 7360 0
714 711 0
875 877 0
8351 8356 0
4893 4895 0
220 225 0
5323 5325 0
5483 5480 0
9956 9957 0
260 261 0
6652 6653 0
3864 3861 0
3472 3477 0
6960 6958 0
1006 1007 0
3789 3785 0
1354 1359 0
9265 9266 0
1773 1768 0
8800 8798 0
5504 5501 0
3536 3538 0
5544 5543 0
8714 8719 0
2899 2901 0
4620 4621 0
6168 6165 0
6021 6025 0
1762 1764 0
4968 4972 0
6620 6615 0
564 565 0
6532 6528 0
9177 9176 0
5780 5785 0
5701 5698 0
4494 4492 0
5430 5435 0
8414 8416 0
7579 7581 0
4614 4612 0
2183 2188 0
5362 5364 0
1553 1548 0
1364 1360 0
2416 2411 0
9474 9471 0
2870 2869 0
4099 4104 0
9052 9049 0
5000 4997 0
6154 6156 0
2501 2498 0
314 310 0
1565 1564 0
6970 6974 0
7194 7190 0
1132 1134 0
5216 5215 0
7233 7231 0
7821 7818 0
1239 1244 0
2149 2151 0
6665 6666 0
9703 9702 0
9844 9849 0
4330 4325 0
9 10 0
6005 6007 0
6239 6236 0
9902 9898 0
3840 3839 0
5996 6001 0
191 188 0
6767 6764 0
1955 1956 0
1583 1588 0
7289 7285 0
323 321 0
5024 5027 0
5520 5525 0
568 573 0
2268 2263 0
1552 1547 0
9863 9864 0
1642 1644 0
3252 3247 0
2784 2781 0
2738 2735 0
6079 6080 0
4477 4472 0
166 171 0
1176 1180 0
1117 1121 0
5032 5037 0
7455 7452 0
8316 8317 0
3081 3078 0
2708 2713 0
6934 6929 0
3013 3014 0
5962 5967 0
4853 4851 0
5729 5733 0
5435 5433 0
424 429 0
5313 5314 0
1528 1524 0
6008 6007 0
6964 6960 0
8967 8972 0
385 380 0
8235 8231 0
9248 9253 0
5220 5218 0
9560 9558 0
7674 7669 0
4573 4575 0
3366 3369 0
5533 5538 0
8389 8390 0
1681 1683 0
4330 4327 0
3821 3826 0
1602 1597 0
8099 8098 0
2188 2190 0
1913 1908 0
36 35 0
3585 3588 0
9801 9805 0
8908 8909 0
5563 5560 0
2819 2823 0
7288 7291 0
5332 5329 0
8295 8293 0
9502 9497 0
5365 5369 0
8630 8635 0
9939 9942 0
1050 1051 0
9633 9634 0
6015 6013 0
7061 7059 0
9021 9024 0
5034 5035 0
5721 5719 0
7859 7856 0
1121 1126 0
8795 8792 0
2739 2735 0
9506 9501 0
8733 8737 0
3736 3732 0
8258 8260 0
2835 2836 0
6030 6026 0
6798 6800 0
7693 7695 0
8414 8415 0
156 151 0
5101 5098 0
8048 8051 0
6689 6692 0
6169 6164 0
3620 3624 0
6101 6100 0
1160 1157 0
8687 8683 0
4786 4781 0
5173 5174 0
7197 7198 0
1521 1519 0
1425 1427 0
6556 6558 0
4672 4675 0
1089 1092 0
2208 2210 0
8463 8459 0
9876 9871 0
7079 7081 0
3748 3743 0
9811 9816 0
9820 9818 0
9999 10000 0
282 287 0
2130 2134 0
721 719 0
4604 4603 0
5753 5748 0
3640 3642 0
9570 9572 0
1341 1340 0
7037 7039 0
7279 7283 0
3655 3656 0
5832 5828 0
5281 5283 0
3611 3613 0
391 388 0
9147 9152 0
2804 2805 0
972 974 0
6373 6378 0
1586 1583 0
5206 5201 0
2990 2992 0
8479 8476 0
8469 8465 0
729 733 0
6267 6270 0
3451 3446 0
7106 7111 0
7204 7205 0
8506 8508 0
688 692 0
996 995 0
6436 6434 0
8762 8763 0
6722 6725 0
6244 6248 0
8167 8171 0
7619 7614 0
2956 2959 0
4720 4716 0
6580 6575 0
4741 4737 0
3028 3025 0
8479 8483 0
3465 3470 0
3072 3074 0
3167 3163 0
6277 6282 0
9126 9122 0
5107 5106 0
7428 7433 0
3385 3384 0
396 401 0
4852 4853 0
9662 9659 0
1698 1696 0
3795 3799 0
8901 8898 0
4528 4533 0
932 930 0
7471 7470 0
4849 4854 0
3264 3267 0
726 724 0
309 307 0
3621 3624 0
8873 8874 0
9302 9307 0
7803 7799 0
5793 5794 0
606 604 0
7663 7665 0
9190 9194 0
3265 3264 0
538 540 0
9682 9684 0
4834 4833 0
4617 4622 0
5912 5917 0
4591 4589 0
5433 5437 0
5721 5720 0
2856 2853 0
2441 2446 0
1695 1700 0
5938 5933 0
9732 9736 0
9791 9795 0
3757 3754 0
5262 5266 0
3341 3343 0
9308 9311 0
9851 9847 0
8432 8436 0
2150 2149 0
8785 8782 0
5285 5288 0
4158 4162 0
3140 3139 0
7116 7115 0
690 689 0
5818 5820 0
3435 3440 0
7093 7098 0
4619 4615 0
4283 4279 0
2210 2212 0
1122 1117 0
5919 5915 0
8321 8324 0
3206 3203 0
321 319 0
3022 3026 0
8037 8042 0
9788 9793 0
5390 5393 0
3438 3441 0
1380 1378 0
2554 2556 0
411 406 0
9978 9979 0
7576 7572 0
9481 9476 0
2779 2782 0
5979 5976 0
5595 5592 0
2602 2606 0
190 186 0
5404 5403 0
2278 2277 0
3420 3415 0
640 638 0
5327 5325 0
6017 6015 0
1932 1928 0
4526 4527 0
4104 4101 0
4558 4555 0
687 684 0
140 141 0
9958 9962 0
4203 4201 0
5406 5405 0
221 225 0
3771 3776 0
809 810 0
4549 4554 0
8697 8700 0
3487 3486 0
5023 5025 0
1642 1643 0
6641 6637 0
3623 3622 0
7798 7793 0
785 786 0
5557 5562 0
2783 2787 0
625 627 0
1665 1666 0
6440 6445 0
7880 7883 0
9368 9366 0
4929 4930 0
449 444 0
9926 9922 0
1056 1057 0
6142 6141 0
7589 7592 0
7631 7636 0
5191 5189 0
5773 5775 0
607 605 0
2721 2722 0
376 374 0
2915 2911 0
1340 1338 0
1541 1544 0
2201 2197 0
364 360 0
6994 6995 0
6673 6672 0
1645 1649 0
1386 1390 0
485 480 0
3612 3609 0
6117 6115 0
2415 2417 0
2720 2722 0
8023 8018 0
2628 2624 0
2274 2270 0
9843 9840 0
8145 8149 0
1567 1562 0
4393 4397 0
9614 9609 0
3163 3159 0
7620 7622 0
5378 5377 0
638 639 0
4496 4497 0
5311 5316 0
8070 8066 0
4204 4206 0
3127 3132 0
6481 6482 0
1083 1080 0
4083 4081 0
7094 7098 0
9466 9470 0
2053 2050 0
4326 4325 0
4705 4704 0
494 496 0
8008 8010 0
8671 8669 0
7571 7570 0
6493 6498 0
3442 3438 0
1707 1712 0
388 389 0
3104 3101 0
4001 4003 0
1520 1519 0
9699 9701 0
4661 4662 0
3699 3695 0
4984 4986 0
7299 7296 0
2512 2514 0
8938 8933 0
2672 2674 0
2131 2129 0
4762 4759 0
9369 9373 0
9907 9911 0
2854 2851 0
3939 3944 0
968 969 0
3851 3847 0
6314 6317 0
5424 5421 0
309 313 0
9127 9126 0
3920 3918 0
6571 6574 0
854 859 0
3751 3750 0
4900 4902 0
3584 3589 0
4022 4027 0
7241 7240 0
9559 9556 0
9483 9482 0
8809 8804 0
293 296 0
3729 3732 0
5905 5904 0
752 747 0
9174 9169 0
3702 3699 0
6490 6485 0
5122 5126 0
8620 8617 0
8476 8480 0
6992 6997 0
912 916 0
4493 4490 0
6106 6111 0
6943 6946 0
6829 6830 0
570 566 0
4313 4312 0
9823 9825 0
7045 7042 0
4690 4695 0
2206 2209 0
4534 4535 0
9161 9165 0
2659 2654 0
5042 5045 0
6569 6564 0
3643 3644 0
8252 8257 0
1273 1271 0
3862 3858 0
5584 5587 0
1690 1691 0
4236 4238 0
8679 8676 0
8273 8270 0
2545 2541 0
1598 1597 0
6019 6014 0
6724 6726 0
3652 3654 0
1268 1273 0
7910 7908 0
3128 3131 0
6105 6101 0
7360 7365 0
7698 7694 0
5627 5623 0
3543 3545 0
5436 5439 0
5465 5462 0
9425 9430 0
6642 6639 0
7687 7683 0
4836 4835 0
4267 4272 0
3508 3511 0
3922 3917 0
5342 5344 0
2130 2125 0
228 227 0
4625 4624 0
9393 9392 0
510 506 0
4199 4196 0
5248 5249 0
6360 6357 0
8624 8627 0
5757 5761 0
2705 2706 0
6284 6289 0
8374 8373 0
6211 6207 0
6032 6028 0
2538 2540 0
1539 1536 0
6416 6413 0
3545 3540 0
5030 5025 0
809 808 0
5660 5665 0
5398 5397 0
8275 8271 0
3843 3838 0
1221 1220 0
6971 6976 0
6511 6506 0
2262 2260 0
9700 9696 0
9133 9135 0
4275 4274 0
4463 4459 0
4719 4714 0
6367 6372 0
9670 9671 0
8225 8224 0
247 246 0
3604 3602 0
8387 8391 0
6144 6145 0
7797 7795 0
9850 9852 0
2889 2893 0
197 202 0
6745 6743 0
1542 1543 0
8037 8032 0
1562 1559 0
7238 7240 0
9662 9664 0
8227 8223 0
2950 2954 0
3066 3069 0
5975 5972 0
3733 3730 0
6476 6480 0
3402 3399 0
6434 6429 0
7463 7458 0
7797 7802 0
7913 7915 0
5371 5369 0
7892 7893 0
4263 4260 0
1298 1293 0
3377 3376 0
3284 3287 0
3280 3277 0
5199 5194 0
6137 6132 0
742 741 0
3397 3392 0
6355 6353 0
1903 1904 0
7958 7959 0
1518 1521 0
1037 1042 0
3020 3021 0
7908 7909 0
3420 3419 0
2339 2341 0
1258 1253 0
9317 9314 0
4070 4069 0
338 333 0
6253 6250 0
3198 3196 0
6699 6696 0
9826 9822 0
3276 3271 0
5374 5378 0
4924 4921 0
2850 2849 0
6480 6475 0
7000 7005 0
4283 4282 0
1709 1705 0
8103 8098 0
898 896 0
8030 8034 0
780 782 0
3695 3690 0
2561 2565 0
2396 2392 0
6724 6720 0
641 645 0
4259 4261 0
6172 6169 0
4769 4765 0
1539 1544 0
108 104 0
3813 3814 0
2197 2202 0
4560 4558 0
5511 5514 0
1696 1700 0
4489 4491 0
3196 3195 0
5187 5184 0
2776 2773 0
2483 2484 0
566 561 0
8356 8358 0
4562 4567 0
6285 6284 0
6644 6643 0
5056 5053 0
994 996 0
8751 8749 0
9685 9688 0
4950 4946 0
6082 6083 0
9972 9977 0
838 835 0
8987 8988 0
9665 9670 0
6610 6607 0
5599 5596 0
6876 6880 0
4333 4328 0
5769 5764 0
6654 6653 0
5719 5724 0
1096 1098 0
6260 6261 0
227 230 0
4875 4874 0
5269 5264 0
5688 5684 0
2541 2546 0
6963 6967 0
5210 5214 0
6529 6533 0
7672 7677 0
1780 1783 0
9 8 0
1074 1076 0
5964 5969 0
4928 4924 0
3514 3519 0
4753 4754 0
7922 7923 0
1647 1642 0
31 29 0
4363 4358 0
5745 5741 0
2620 2624 0
5550 5547 0
8117 8122 0
5817 5820 0
8696 8695 0
2624 2625 0
5765 5764 0
376 379 0
9671 9674 0
6409 6412 0
2616 2614 0
3763 3766 0
2740 2737 0
502 498 0
6926 6929 0
295 296 0
9828 9826 0
2957 2954 0
1421 1426 0
3893 3894 0
1646 1644 0
8470 8474 0
1817 1818 0
4179 4181 0
3114 3115 0
701 704 0
4091 4092 0
3136 3135 0
3360 3356 0
9252 9249 0
6686 6687 0
5148 5145 0
8861 8866 0
7954 7950 0
8199 8197 0
6610 6615 0
9421 9417 0
3804 3803 0
7433 7438 0
5425 5423 0
9394 9395 0
2006 2010 0
8504 8507 0
7000 6996 0
5099 5101 0
6763 6759 0
1095 1092 0
2524 2519 0
9721 9724 0
9775 9773 0
1798 1802 0
4311 4307 0
2569 2566 0
1678 1679 0
7291 7294 0
488 492 0
8305 8302 0
1805 1807 0
7470 7465 0
7268 7269 0
7777 7782 0
1708 1703 0
2131 2135 0
5574 5577 0
2820 2815 0
4848 4845 0
7048 7044 0
8805 8806 0
7982 7977 0
2212 2214 0
7366 7361 0
3380 3377 0
1105 1103 0
5420 5421 0
4515 4516 0
1818 1814 0
5841 5846 0
4413 4410 0
4414 4415 0
5085 5083 0
2949 2948 0
9170 9165 0
7464 7469 0
1285 1289 0
8869 8864 0
382 383 0
9393 8285 0
1176 1179 0
716 718 0
8478 8482 0
1098 1097 0
9060 9062 0
7379 7374 0
3087 3091 0
2729 2728 0
896 892 0
2353 2350 0
9289 9292 0
6283 6280 0
5382 5377 0
757 753 0
8735 8731 0
9508 9505 0
9492 9488 0
2303 2299 0
5821 5817 0
1213 1211 0
2359 2355 0
8826 8830 0
9081 9084 0
4791 4796 0
3771 3768 0
9814 9815 0
6609 6611 0
6094 6097 0
5168 5166 0
8244 8242 0
5170 5175 0
6904 6900 0
6516 6511 0
1665 1668 0
1312 1317 0
901 903 0
9493 9497 0
8974 8973 0
768 766 0
1907 1909 0
2954 2949 0
1573 1577 0
3778 3776 0
2350 2346 0
6828 6823 0
2889 2888 0
3927 3925 0
3666 3668 0
4508 4507 0
730 727 0
4134 4138 0
7538 7539 0
9763 9760 0
9864 9865 0
7640 7638 0
7513 7510 0
2532 2531 0
9945 9942 0
5962 5965 0
5072 5077 0
7196 7193 0
2625 2627 0
1302 1303 0
6371 6369 0
9821 9822 0
9730 9729 0
6706 6702 0
7580 7577 0
3137 3133 0
6873 6869 0
495 498 0
297 293 0
5413 5409 0
7750 7751 0
6178 6181 0
7092 7094 0
5441 5439 0
9750 9745 0
1330 1335 0
5465 5470 0
830 833 0
3588 3586 0
4246 4251 0
8736 8740 0
1130 1132 0
7958 7962 0
7898 7897 0
8890 8886 0
2169 2170 0
471 474 0
8746 8748 0
244 249 0
2927 2925 0
6866 6869 0
8950 8947 0
3032 3035 0
2220 2221 0
5846 5843 0
3719 3718 0
8202 8200 0
7091 7093 0
7163 7168 0
4646 4643 0
2140 2138 0
5674 5679 0
4528 4524 0
2417 2413 0
1877 1873 0
8644 8642 0
1409 1408 0
3608 3607 0
6760 6761 0
3421 3424 0
5993 5998 0
3035 3030 0
3385 3390 0
4557 4561 0
1775 1780 0
2827 2831 0
7016 7013 0
8608 8607 0
3336 3337 0
4293 4290 0
5174 5178 0
3858 3854 0
3467 3464 0
7921 7922 0
2462 2463 0
4978 4977 0
1293 1292 0
371 367 0
552 547 0
3060 3059 0
7066 7062 0
6692 6697 0
456 455 0
2000 2003 0
7914 7917 0
1094 1098 0
19 24 0
9991 9988 0
4646 4644 0
4006 4011 0
4905 4907 0
6061 6059 0
3843 3845 0
3474 3476 0
3571 3566 0
2946 2951 0
8024 8020 0
9050 9048 0
5214 5218 0
2028 2031 0
7323 7318 0
5421 5419 0
2788 2789 0
6605 6610 0
9942 9944 0
759 763 0
5800 5802 0
2411 2412 0
4706 4709 0
1122 1123 0
4816 4811 0
9386 9382 0
4305 4308 0
5287 5291 0
4935 4930 0
1421 1420 0
6928 6926 0
493 494 0
3755 3759 0
3282 3284 0
731 729 0
9148 9145 0
209 214 0
8730 8729 0
8037 8035 0
89 92 0
3363 3364 0
2404 2407 0
2877 2878 0
9247 9244 0
7899 1641 0
8071 8072 0
905 906 0
1937 1939 0
6363 6364 0
8533 8530 0
773 770 0
7124 7126 0
4876 4873 0
4164 4162 0
3711 3715 0
5231 5234 0
6926 6927 0
4282 4278 0
4807 4805 0
970 967 0
9653 9654 0
774 771 0
6236 6238 0
1843 1844 0
5622 5620 0
3615 3618 0
7604 7607 0
6110 6114 0
4794 4789 0
9667 9671 0
2448 2444 0
2365 2360 0
9000 8998 0
3976 3974 0
6812 6807 0
1741 1746 0
3762 3759 0
2604 2602 0
7390 7385 0
6502 6504 0
5026 5021 0
8806 8804 0
5450 5446 0
3739 3737 0
5317 5322 0
154 156 0
644 647 0
5378 5375 0
1005 1009 0
3658 3661 0
3970 3969 0
683 679 0
7114 7115 0
7594 7591 0
3327 3332 0
1428 1424 0
3061 3057 0
1602 1600 0
8309 8308 0
7874 7869 0
8217 8213 0
4242 4244 0
6392 6394 0
8824 8825 0
3683 3685 0
3456 3458 0
5598 5603 0
1973 1970 0
7960 7955 0
7966 7968 0
8211 8207 0
9025 9024 0
9182 9186 0
5083 5079 0
4066 4062 0
3226 3223 0
5415 5413 0
2515 2514 0
1720 1723 0
5410 5412 0
6862 6865 0
2280 2285 0
3327 3323 0
4319 4320 0
3690 3689 0
256 259 0
9293 9292 0
2729 2733 0
7176 7173 0
1939 1943 0
2530 2529 0
6027 6022 0
422 417 0
1569 1570 0
8795 8791 0
9764 9765 0
1309 1305 0
4438 4443 0
6379 6383 0
2286 2289 0
1514 1513 0
9788 9792 0
8585 8587 0
3180 3182 0
7812 7817 0
622 623 0
5430 5427 0
5762 5761 0
6407 6405 0
2197 2194 0
4302 4304 0
2434 2436 0
9852 9848 0
4284 4279 0
7841 7842 0
586 582 0
7972 7975 0
8973 8969 0
1838 1842 0
2211 2207 0
2272 2273 0
2210 2214 0
3610 3607 0
8288 8290 0
3471 3466 0
8618 8615 0
1173 1172 0
6381 6380 0
8214 8218 0
9399 9402 0
737 739 0
3531 3528 0
2337 2342 0
1622 1617 0
1823 1827 0
6809 6811 0
7014 7019 0
2285 2283 0
6613 6616 0
6336 6335 0
7729 7725 0
7461 7458 0
4823 4828 0
2791 2794 0
8557 8556 0
9750 9747 0
6482 6477 0
2426 2421 0
1528 1525 0
3092 3096 0
6908 6913 0
6012 6013 0
8706 8708 0
9486 9481 0
6835 6838 0
1385 1390 0
8030 8027 0
8958 8955 0
904 901 0
8985 8981 0
6331 6334 0
7714 7717 0
9326 9328 0
8596 8600 0
5576 5572 0
2879 2882 0
8712 8711 0
3930 3935 0
8620 8616 0
61 60 0
3395 3392 0
6707 6712 0
3979 3975 0
146 142 0
2356 2359 0
5715 5714 0
6239 6241 0
4179 4183 0
6852 6850 0
1467 1462 0
8385 8390 0
1847 1852 0
6853 6857 0
1428 1426 0
219 222 0
1918 1919 0
7041 7036 0
6162 6160 0
2258 2261 0
4990 4985 0
6911 6909 0
5122 5127 0
3777 3776 0
278 282 0
8464 8467 0
503 500 0
9636 9640 0
3093 3092 0
9564 9561 0
761 756 0
6124 6122 0
2314 2309 0
2962 2959 0
1971 1973 0
4894 4899 0
4571 4570 0
1633 1636 0
4210 4214 0
3591 3594 0
9541 9543 0
1729 1724 0
2102 2100 0
2861 2862 0
1418 1422 0
9337 9341 0
7820 7817 0
5161 5156 0
169 165 0
9411 9412 0
6395 6394 0
9918 9919 0
3290 3286 0
4791 4788 0
6832 6830 0
1270 1267 0
3079 3078 0
8592 8589 0
8394 8392 0
59 56 0
7746 7742 0
2016 2017 0
5575 5574 0
7447 7442 0
6115 6118 0
7034 7036 0
7471 7473 0
429 433 0
8723 8726 0
4631 4633 0
5895 5898 0
1438 1434 0
6643 6647 0
9078 9081 0
3386 3381 0
6779 6776 0
323 320 0
9089 9085 0
7645 7643 0
8793 8792 0
9654 9649 0
8430 8426 0
9075 9076 0
2927 2926 0
38 37 0
2409 2410 0
1186 1183 0
9106 9111 0
5049 5045 0
9525 9528 0
3941 3940 0
9972 9969 0
5954 5956 0
6533 6537 0
9187 9188 0
2202 2205 0
7076 7072 0
7792 7795 0
4852 4856 0
9967 9963 0
6567 6566 0
6753 6757 0
660 664 0
6470 6467 0
6079 6078 0
5696 5692 0
7139 7137 0
7461 7459 0
6158 6161 0
5990 5989 0
3177 3173 0
4480 4475 0
6306 6307 0
2384 2388 0
9916 9912 0
2430 2429 0
732 731 0
7765 7770 0
7057 7054 0
3371 3367 0
2327 2325 0
1320 1318 0
5570 5575 0
3036 3041 0
6969 6974 0
6433 6432 0
3067 3062 0
1256 1259 0
4082 4077 0
1708 1707 0
2900 2905 0
3216 3215 0
4273 4272 0
4710 4709 0
9007 9004 0
6702 6703 0
42 46 0
9618 9613 0
9576 9578 0
803 806 0
2159 2156 0
8582 8586 0
5399 5397 0
1576 1577 0
103 108 0
3650 3651 0
1660 1656 0
972 969 0
9847 9846 0
6084 6086 0
8488 8483 0
7823 7821 0
1881 1884 0
6119 6115 0
3749 3750 0
500 505 0
4497 4495 0
1900 1901 0
506 502 0
8168 8165 0
6001 6002 0
7284 7287 0
4775 4779 0
559 560 0
8290 8286 0
1375 1380 0
4121 4119 0
8078 8073 0
335 330 0
7542 7547 0
9954 9955 0
7664 7666 0
2052 2047 0
2215 2220 0
3239 3240 0
8561 8559 0
7980 7979 0
3009 3011 0
910 913 0
3454 3450 0
5465 5460 0
8960 8956 0
7475 7471 0
8818 8820 0
3704 3707 0
7671 7666 0
5234 5239 0
4188 4184 0
9950 9945 0
441 442 0
7486 7490 0
7562 7557 0
4250 4251 0
8772 8770 0
5919 5917 0
6827 6823 0
275 280 0
2071 2072 0
5060 5056 0
9322 9323 0
2753 2757 0
6692 6695 0
460 459 0
848 850 0
4433 4432 0
8365 8367 0
3361 3358 0
2844 2849 0
6395 6392 0
8064 8066 0
4487 4489 0
2227 2228 0
8336 8339 0
8943 8939 0
3984 3989 0
600 601 0
7566 7568 0
674 671 0
4072 4070 0
9703 9706 0
4193 4194 0
8122 8121 0
5515 5511 0
8649 8647 0
4174 4179 0
1899 1897 0
2986 2991 0
4510 4511 0
1328 1331 0
6642 6640 0
7565 7562 0
3884 3881 0
8620 8615 0
8507 8509 0
462 467 0
5029 5025 0
3428 3426 0
2800 2804 0
9255 9251 0
9944 9941 0
1430 1433 0
8964 8965 0
3907 3905 0
9841 9837 0
7653 7658 0
3248 3251 0
6591 6590 0
5342 5339 0
2202 2201 0
174 179 0
8222 8224 0
7684 7682 0
6384 6385 0
6136 6131 0
6559 6554 0
4337 4341 0
6255 6257 0
4336 4332 0
7693 7696 0
7583 7579 0
666 661 0
7063 7065 0
5879 5881 0
5260 5256 0
6726 6723 0
5151 5156 0
4954 4953 0
9733 9738 0
1323 1326 0
664 663 0
3110 3106 0
336 331 0
6290 6295 0
1997 1995 0
8413 8416 0
1467 1468 0
6454 6450 0
7981 7976 0
6033 6028 0
5051 5054 0
8803 8799 0
7769 7772 0
1353 1352 0
4431 4426 0
87 90 0
9428 9424 0
4892 4889 0
4590 4593 0
9910 9908 0
8621 8619 0
8621 8617 0
7597 7598 0
9007 9008 0
6898 6896 0
9083 9082 0
7070 7067 0
7320 7325 0
8867 8863 0
7314 7319 0
3162 3165 0
6478 6482 0
3663 3660 0
6628 6630 0
4071 4069 0
707 702 0
7268 7264 0
6793 6789 0
3340 3338 0
852 848 0
7278 7281 0
398 396 0
22 24 0
4399 4397 0
9608 9613 0
1581 1580 0
9851 9854 0
8373 8369 0
4379 4381 0
2907 2911 0
7488 7487 0
1718 1722 0
7168 7172 0
2141 2140 0
8511 8512 0
5436 5437 0
3178 3181 0
4505 4502 0
5889 5891 0
9104 9105 0
2368 2371 0
5756 5751 0
9116 9113 0
5152 5150 0
8209 8214 0
4623 4620 0
1870 1866 0
730 735 0
6358 6355 0
1269 1270 0
7099 7097 0
1780 1776 0
6431 6432 0
5347 5349 0
508 503 0
5947 5950 0
7700 7696 0
2166 2161 0
45 48 0
4657 4658 0
2203 2205 0
5097 5098 0
4881 4879 0
908 907 0
9601 9604 0
9677 9680 0
9667 9666 0
2877 2879 0
729 725 0
6479 6480 0
314 311 0
9437 9440 0
8562 8565 0
8418 8422 0
6019 6016 0
2408 2403 0
2800 2802 0
6989 6984 0
7832 7831 0
2508 2512 0
1441 1439 0
4279 4274 0
1353 1357 0
368 371 0
1216 1213 0
1247 1250 0
4930 4925 0
6116 6113 0
67 65 0
7452 7449 0
8234 8235 0
3529 3527 0
5075 5070 0
7102 7104 0
5294 5290 0
4814 4817 0
6795 6792 0
3890 3895 0
627 631 0
1171 1173 0
8138 8139 0
5833 5831 0
4575 4580 0
7852 7850 0
4612 4611 0
9987 9983 0
6368 6365 0
9781 9783 0
8754 8751 0
9681 9680 0
434 437 0
7773 7774 0
8016 8020 0
2334 2329 0
9380 9375 0
8835 8831 0
672 669 0
782 777 0
9296 9295 0
9583 9585 0
7352 7355 0
8448 8443 0
5066 5068 0
8837 8834 0
6098 6096 0
9489 9492 0
5566 5570 0
3407 3411 0
188 189 0
8967 8968 0
2237 2232 0
1443 1440 0
9466 9468 0
32 36 0
3114 3116 0
4944 4945 0
4945 4950 0
2685 2689 0
1603 1601 0
4308 4310 0
5373 5378 0
4062 4064 0
7345 7344 0
8147 8152 0
6993 6992 0
7437 7440 0
1049 1052 0
3170 3171 0
1729 1726 0
8439 8435 0
7999 7994 0
2027 2023 0
5428 5424 0
9360 9355 0
2905 2910 0
6580 6579 0
2280 2282 0
3177 3175 0
541 539 0
2921 2926 0
366 361 0
2033 2032 0
8428 8432 0
6433 6428 0
3001 2997 0
9857 9852 0
3220 3225 0
484 488 0
2052 2057 0
2704 2703 0
4466 4469 0
5284 5286 0
7941 7945 0
4529 4527 0
3143 3138 0
9613 9612 0
5154 5157 0
2725 2721 0
7923 7925 0
7180 7175 0
4368 4366 0
2438 2440 0
4655 4656 0
9456 9454 0
8287 8284 0
1221 1222 0
8222 8220 0
2390 2385 0
1355 1360 0
3508 3510 0
197 193 0
8568 8571 0
520 521 0
9058 9055 0
6903 6908 0
7305 7308 0
4778 4775 0
889 893 0
8159 8163 0
7300 7295 0
6758 6761 0
3209 3210 0
5636 5631 0
4098 4093 0
3832 3834 0
4277 4274 0
7892 7897 0
4029 4025 0
4749 4748 0
9231 9226 0
3263 3261 0
1759 1763 0
3528 3524 0
2719 2718 0
7641 7638 0
4654 4651 0
8479 8475 0
3942 3938 0
4041 4046 0
5771 5769 0
1843 1848 0
7373 7372 0
5803 5808 0
3144 3142 0
6004 5999 0
5063 5062 0
3299 3295 0
4136 4131 0
6663 6664 0
4600 4597 0
6655 6650 0
3646 3641 0
2474 2477 0
1471 1466 0
2898 2895 0
4178 4179 0
6307 6309 0
7063 7058 0
4565 4568 0
9621 9618 0
3555 3559 0
6658 6656 0
3141 3146 0
4173 4172 0
5519 5516 0
1078 1082 0
392 388 0
7062 7057 0
3035 3031 0
9028 9031 0
6872 6875 0
8928 8923 0
8297 8300 0
5172 5171 0
4685 4689 0
4360 4359 0
8987 8992 0
7319 7317 0
9021 9022 0
3314 3319 0
747 749 0
2152 2154 0
5919 5920 0
147 149 0
5834 5833 0
5160 5157 0
3206 3204 0
3044 3046 0
2534 2536 0
6631 6630 0
2177 2181 0
5380 5383 0
3940 3939 0
7995 8000 0
7363 7364 0
4380 4383 0
4141 4140 0
5086 5087 0
2587 2589 0
6789 6790 0
7788 7789 0
4896 4894 0
1287 1283 0
9063 9060 0
731 727 0
80 79 0
5845 5843 0
1559 1561 0
3101 3098 0
8379 8378 0
9519 9524 0
4192 4197 0
2546 2551 0
9920 9922 0
6180 6179 0
5569 5565 0
7065 7067 0
7340 7344 0
577 579 0
9388 9389 0
4653 4650 0
2229 2228 0
9396 9400 0
8182 8179 0
8380 8375 0
7023 7024 0
9584 9586 0
6918 6921 0
6356 6355 0
3440 3441 0
8569 8567 0
6087 6084 0
391 394 0
5946 5951 0
1394 1399 0
2972 2977 0
569 568 0
2866 2865 0
2049 2050 0
1857 1862 0
1217 1216 0
1703 1702 0
9359 9362 0
8415 8420 0
8457 8455 0
8562 8560 0
1906 1909 0
636 638 0
2826 2830 0
5016 5011 0
961 956 0
2461 2458 0
9016 9014 0
6497 6495 0
7279 7284 0
1964 1965 0
891 895 0
4924 4927 0
1622 1623 0
6838 6837 0
991 995 0
1443 1441 0
1722 1723 0
9316 9311 0
7150 7145 0
9206 9209 0
7001 7006 0
4352 4357 0
1443 1445 0
674 677 0
1082 1087 0
8784 8780 0
2904 2909 0
8792 8797 0
2054 2052 0
4781 4783 0
3264 3266 0
3098 3103 0
8801 8802 0
2186 2187 0
2698 2694 0
4469 4468 0
1800 1803 0
7534 7530 0
8617 8622 0
5896 5893 0
1715 1714 0
3629 3631 0
6201 6206 0
1446 1441 0
9435 9431 0
213 214 0
9488 9489 0
7186 7189 0
1547 1543 0
7718 7721 0
2536 2535 0
9251 9252 0
7679 7678 0
3449 3445 0
1294 1295 0
9978 9977 0
1407 1403 0
1067 1066 0
3914 3911 0
91 96 0
3009 3014 0
2402 2400 0
5481 5476 0
9333 9331 0
342 338 0
4225 4223 0
9138 9139 0
3734 3737 0
1260 1263 0
1102 1098 0
2550 2552 0
1157 1159 0
3940 3935 0
8537 8542 0
4186 4184 0
5903 5899 0
4271 4269 0
382 378 0
1275 1280 0
5279 5277 0
155 152 0
9532 9537 0
4794 4795 0
1703 1704 0
2705 2703 0
4237 4235 0
2344 2341 0
9995 9992 0
2609 2606 0
2016 2012 0
8914 8909 0
6039 6036 0
5131 5128 0
3681 3676 0
4466 4470 0
9835 9832 0
365 368 0
730 733 0
4369 4368 0
5471 5476 0
3683 3688 0
7969 7971 0
6737 6738 0
421 422 0
9806 9802 0
9134 9129 0
2681 2685 0
747 746 0
331 332 0
8336 8335 0
72 68 0
6194 6196 0
6127 6124 0
7490 7487 0
3532 3530 0
9194 9192 0
8661 8659 0
8778 8776 0
3379 3375 0
4745 4742 0
3278 3273 0
8860 8859 0
230 231 0
9322 9317 0
7306 7309 0
3455 3451 0
6687 6682 0
4445 4443 0
9909 9904 0
1924 1928 0
5193 5198 0
9897 9900 0
8241 8243 0
4822 4827 0
8780 8775 0
1372 1370 0
4795 4800 0
773 769 0
1363 1367 0
8528 8526 0
509 510 0
4791 4792 0
7618 7617 0
6509 6513 0
6881 6877 0
6229 6230 0
3758 3763 0
9323 9319 0
6861 6858 0
2591 2595 0
955 960 0
6448 6449 0
5428 5427 0
8471 8467 0
9000 8995 0
1242 1244 0
7875 7880 0
7280 7278 0
4081 4079 0
5149 5154 0
8348 8346 0
3927 3929 0
3081 3076 0
8105 8100 0
2181 2183 0
1252 1248 0
9032 9036 0
2713 2709 0
7775 7772 0
2026 2024 0
6797 6796 0
1964 1961 0
8927 8925 0
4668 4671 0
1286 1290 0
9220 9217 0
1109 1104 0
1350 1348 0
9127 9132 0
200 197 0
6556 6555 0
6089 6094 0
9938 9941 0
8458 8462 0
934 933 0
8810 8809 0
9893 9897 0
9026 9027 0
9772 9775 0
670 674 0
1825 1823 0
5056 5052 0
3787 3790 0
6527 6530 0
4763 4765 0
8551 8548 0
7182 7180 0
7984 7982 0
265 262 0
2951 2955 0
6757 6761 0
3223 3221 0
3535 3540 0
8003 8007 0
5837 5839 0
9387 9388 0
912 907 0
8238 8239 0
6219 6220 0
6044 6039 0
7799 7801 0
9102 9104 0
2379 2383 0
6507 6510 0
7752 7756 0
8320 8323 0
4559 4561 0
4147 4152 0
440 435 0
1251 1246 0
6075 6070 0
4816 4812 0
320 318 0
9870 9874 0
9655 9658 0
600 603 0
6101 6099 0
237 236 0
8703 8698 0
2989 2993 0
6619 6624 0
2158 2159 0
9122 9125 0
2026 2021 0
2367 2372 0
5716 5717 0
8524 8521 0
2483 2488 0
2861 2856 0
4681 4686 0
5590 5585 0
3573 3576 0
2561 2558 0
9247 9245 0
7549 7546 0
6282 6285 0
5202 5198 0
3423 3420 0
7835 7837 0
9317 9312 0
4005 4009 0
2581 2576 0
7770 7769 0
3599 3594 0
3732 3737 0
6242 6246 0
6661 6663 0
8786 8787 0
9940 9935 0
5629 5628 0
4867 4863 0
126 127 0
7474 7470 0
5470 5474 0
3168 3164 0
9459 9456 0
7935 7931 0
1191 1189 0
7853 7851 0
3860 3864 0
1178 1176 0
941 940 0
7575 7576 0
1530 1526 0
1766 1768 0
5184 5183 0
7536 7541 0
9219 9217 0
8849 8850 0
5929 5925 0
7082 7078 0
8276 8273 0
4013 4011 0
2289 2292 0
4474 4473 0
6265 6266 0
5532 5528 0
6949 6950 0
2986 2989 0
7158 7160 0
8406 8409 0
604 603 0
3876 3881 0
673 668 0
6311 6313 0
2093 2094 0
2476 2475 0
9117 9115 0
4000 4002 0
8170 8175 0
5802 5797 0
9727 9730 0
6603 6604 0
7831 7828 0
8667 8663 0
3755 3760 0
2292 2288 0
8807 8811 0
4226 4231 0
9125 9129 0
718 715 0
9512 9515 0
1243 1244 0
7529 7530 0
1244 1247 0
4372 4367 0
2914 2912 0
4789 4785 0
564 559 0
3352 3351 0
2382 2379 0
65 63 0
4245 4242 0
7216 7214 0
6823 6826 0
6563 6567 0
7198 7200 0
5887 5882 0
9858 9860 0
9783 9784 0
1181 1184 0
4717 4712 0
5617 5612 0
2309 2306 0
9519 9518 0
7854 7859 0
5520 5521 0
7867 7865 0
6671 6666 0
6012 6011 0
8816 8817 0
4445 4441 0
9784 9788 0
9887 9885 0
2650 2647 0
9933 9938 0
2635 2640 0
9968 9967 0
1247 1243 0
8935 8940 0
8843 8847 0
1603 1607 0
2881 2879 0
6308 6310 0
1385 1381 0
5969 5974 0
3209 3212 0
2891 2887 0
70 75 0
8095 8094 0
4411 4414 0
7785 7784 0
8280 8276 0
7513 7517 0
8833 8830 0
8390 8394 0
3582 3580 0
2554 2557 0
1155 1150 0
3263 3262 0
7411 7410 0
7437 7442 0
1941 1946 0
3553 3557 0
3482 3477 0
2619 2621 0
8518 8514 0
7418 7413 0
1394 1392 0
8784 8785 0
9888 9885 0
3847 3848 0
5581 5579 0
8606 8605 0
8280 8281 0
6553 6556 0
6619 6615 0
762 758 0
6860 6859 0
2486 2483 0
6682 6685 0
4775 4777 0
8876 8880 0
5047 5052 0
9740 9745 0
7832 7830 0
9405 9408 0
3049 3052 0
5235 5238 0
1958 1955 0
2436 2438 0
1987 1988 0
7222 7226 0
778 775 0
8714 8717 0
1670 1672 0
6657 6656 0
2315 2318 0
7625 7623 0
5638 5643 0
7217 7222 0
9073 9069 0
4742 4747 0
8023 8020 0
7413 7411 0
6536 6541 0
8766 8764 0
7337 7341 0
8413 8414 0
9808 9806 0
2273 2275 0
7084 7080 0
9332 9333 0
6336 6341 0
4929 4927 0
6735 6733 0
2908 2909 0
2157 2153 0
5363 5360 0
4574 4572 0
6012 6008 0
4592 4589 0
8297 8292 0
2671 2673 0
6835 6830 0
60 62 0
3204 3207 0
730 728 0
2421 2416 0
3816 3812 0
2482 2481 0
8622 8621 0
158 154 0
1142 1141 0
1129 1125 0
7411 7412 0
9584 9581 0
3005 3004 0
1257 1252 0
6030 6028 0
8486 8491 0
9973 9969 0
3356 3359 0
6140 6143 0
5903 5898 0
1550 1547 0
8331 8329 0
5818 5813 0
576 578 0
5122 5125 0
4263 4261 0
9911 9914 0
7255 7254 0
3736 3731 0
8308 8310 0
3510 3513 0
7744 7740 0
8641 8638 0
4991 4994 0
7289 7293 0
644 649 0
8917 8915 0
3365 3367 0
6413 6408 0
5205 5201 0
202 198 0
7979 7976 0
3718 3714 0
7334 7331 0
7256 7255 0
1535 1537 0
3130 3131 0
3208 3205 0
2900 2901 0
9593 9588 0
6397 6398 0
1612 1617 0
8724 8729 0
5352 5353 0
4394 4396 0
7898 7899 0
2077 2082 0
4661 4665 0
1911 1910 0
308 311 0
3117 3113 0
9503 9501 0
3805 3808 0
7014 7011 0
55 58 0
2558 2553 0
7110 7112 0
463 466 0
5314 5311 0
2371 2370 0
853 848 0
7398 7401 0
1148 1149 0
9480 9477 0
8171 8166 0
8680 8677 0
3750 3752 0
4240 4243 0
3396 3399 0
6980 6982 0
2396 2400 0
8304 8306 0
3936 3938 0
4223 4222 0
9512 9511 0
6253 6256 0
9807 9802 0
6260 6257 0
3733 3735 0
4875 4880 0
8944 8940 0
1698 1699 0
1162 1157 0
3834 3839 0
3384 3380 0
8616 8621 0
826 828 0
1887 1889 0
3666 3669 0
1004 999 0
7858 7856 0
4349 4354 0
3803 3802 0
977 980 0
2170 2168 0
5452 5455 0
4960 4964 0
7082 7080 0
4064 4059 0
7075 7076 0
5345 5346 0
6977 6975 0
3740 3736 0
2726 2724 0
2010 2009 0
3406 3410 0
7788 7792 0
6951 6956 0
5432 5436 0
6754 6752 0
8107 8102 0
7981 7985 0
1684 1688 0
6780 6781 0
1865 1862 0
5121 5126 0
8078 8083 0
1259 1254 0
6375 6379 0
8338 8333 0
871 876 0
7843 7841 0
9420 9416 0
8309 8310 0
2822 2818 0
3887 3886 0
6400 6405 0
6276 6271 0
5736 5735 0
9985 9983 0
1798 1800 0
5938 5937 0
9692 9695 0
6285 6287 0
2011 2013 0
841 838 0
79 82 0
4531 4528 0
591 587 0
8246 8250 0
9294 9291 0
2266 2261 0
4880 4878 0
5231 5230 0
1186 1188 0
1787 1783 0
467 463 0
6367 6370 0
9101 9096 0
2845 2849 0
8703 8705 0
1051 1047 0
1450 1451 0
4551 4555 0
2738 2739 0
5004 5006 0
9394 9390 0
6337 6334 0
5799 5795 0
5054 5049 0
2220 2216 0
8553 8555 0
4689 4686 0
843 838 0
8174 8170 0
6103 6101 0
4652 4654 0
9776 9777 0
2669 2674 0
8145 8150 0
6691 6690 0
4419 4423 0
6453 6456 0
1361 1364 0
1504 1503 0
7503 7508 0
3091 3092 0
7973 7972 0
493 491 0
6129 6124 0
5950 5955 0
145 142 0
1497 1502 0
759 760 0
6869 6874 0
1198 1194 0
8981 8979 0
2221 2225 0
9453 9454 0
1779 1775 0
7892 7891 0
254 252 0
4976 4977 0
5579 5575 0
8670 8667 0
8294 8292 0
8011 8013 0
7190 7188 0
9298 9293 0
92 96 0
4133 4136 0
2683 2686 0
4342 4347 0
1110 1107 0
3595 3599 0
9054 9056 0
6625 6626 0
8340 8338 0
2854 2857 0
5422 5420 0
2689 2694 0
3940 3938 0
5266 5270 0
2912 2911 0
1487 1491 0
3917 3912 0
4208 4209 0
2256 2260 0
1938 1943 0
3416 3417 0
3599 3598 0
3021 3019 0
9261 9262 0
5990 5994 0
9144 9145 0
8033 8034 0
9625 9629 0
3730 3727 0
8859 8854 0
4984 4983 0
9191 9189 0
4320 4321 0
2466 2471 0
9063 9059 0
234 238 0
550 547 0
2227 2223 0
1539 1540 0
7159 7158 0
5452 5447 0
8280 8278 0
8446 8442 0
6706 6705 0
4860 4861 0
7652 7655 0
1488 1483 0
3541 3544 0
227 229 0
6985 6983 0
2779 2784 0
6164 6162 0
8887 8882 0
172 174 0
9480 9478 0
9436 9433 0
1163 1168 0
2210 2207 0
7221 7226 0
5757 5752 0
6813 6809 0
3419 3416 0
6893 6890 0
4961 4958 0
7627 7631 0
6431 6430 0
8672 8667 0
7329 7331 0
1958 1956 0
2589 2590 0
526 522 0
784 783 0
417 420 0
1830 1832 0
9455 9453 0
7907 7908 0
6460 6465 0
6381 6379 0
9842 9837 0
5861 5860 0
3333 3331 0
6562 6560 0
5937 5940 0
1884 1882 0
2428 2423 0
6423 6426 0
7511 7513 0
144 147 0
4314 4312 0
3542 3546 0
8648 8645 0
8678 8676 0
4036 4041 0
7857 7861 0
1240 1237 0
2692 2697 0
386 391 0
878 883 0
1411 1409 0
8208 8209 0
6800 6804 0
1272 1273 0
4248 4252 0
7361 7363 0
170 175 0
8160 8156 0
1173 1174 0
2673 2676 0
6171 6176 0
4189 4188 0
6447 6444 0
880 876 0
1368 1366 0
4796 4801 0
6816 6821 0
7516 7520 0
8874 8871 0
9357 9355 0
6519 6522 0
3809 3814 0
2205 2207 0
811 812 0
3153 3155 0
5253 5252 0
4682 4683 0
6046 6041 0
2689 2687 0
7104 7106 0
5585 5587 0
9949 9946 0
1269 1272 0
4072 4071 0
7360 7357 0
9762 9766 0
3651 3647 0
5666 5667 0
129 130 0
4552 4549 0
5736 5737 0
3660 3661 0
5817 5819 0
741 737 0
3582 3587 0
385 384 0
8910 8905 0
9847 9849 0
683 682 0
8517 8520 0
983 982 0
2568 2564 0
2923 2919 0
8684 8682 0
5606 5610 0
4923 4927 0
2314 2310 0
981 986 0
8341 8338 0
1954 1958 0
2836 2840 0
5906 5905 0
419 414 0
9353 9350 0
1350 1349 0
6143 6139 0
883 879 0
5110 5115 0
9960 9956 0
2807 2804 0
1677 1679 0
8766 8763 0
9870 9873 0
4900 4898 0
1545 1541 0
8948 8951 0
6493 6494 0
9444 9446 0
8928 8930 0
7301 7297 0
2860 2863 0
7719 7715 0
6674 6673 0
1326 1329 0
2307 2308 0
7821 7817 0
7046 7050 0
282 281 0
9488 9491 0
1480 1484 0
4650 4647 0
9948 9946 0
8332 8330 0
2433 2431 0
5303 5302 0
531 527 0
6057 6056 0
1375 1370 0
1925 1920 0
7246 7248 0
5148 5150 0
1540 1545 0
7123 7125 0
2577 2576 0
6166 6168 0
3981 3978 0
5604 5600 0
1562 1561 0
9456 9452 0
5057 5061 0
9129 9132 0
3276 3278 0
9274 9269 0
9995 9999 0
7674 7678 0
5104 5109 0
9569 9565 0
834 839 0
2766 2768 0
8657 8656 0
14 17 0
9148 9147 0
3604 3600 0
5968 5967 0
5556 5558 0
1563 1559 0
3761 3764 0
2242 2246 0
8445 8444 0
6776 6780 0
1966 1969 0
3586 3589 0
5049 5046 0
7793 7797 0
4795 4792 0
380 381 0
9813 9809 0
1682 1685 0
9951 9954 0
8528 8531 0
5541 5536 0
9000 9002 0
427 426 0
3659 3662 0
657 652 0
2833 2836 0
1506 1505 0
8135 8134 0
5773 5778 0
1881 1880 0
435 434 0
5039 5043 0
9413 9416 0
54 57 0
265 270 0
2735 2737 0
4309 4307 0
4607 4602 0
1124 1121 0
9522 9527 0
8368 8372 0
2423 2421 0
7920 7924 0
7282 7277 0
483 485 0
4755 4757 0
680 683 0
8486 8481 0
7167 7172 0
8454 8453 0
6347 6352 0
6485 6483 0
8173 8171 0
2295 2294 0
2370 2366 0
1254 1253 0
7576 7571 0
4310 4312 0
7520 7523 0
3722 3717 0
3303 3305 0
7964 7959 0
5616 5618 0
7896 7899 0
2832 2836 0
8833 8831 0
9733 9730 0
7441 7444 0
658 660 0
3317 3321 0
5619 5621 0
1566 1562 0
7743 7746 0
695 690 0
7097 7092 0
4916 4915 0
4458 4455 0
4349 4347 0
7657 7659 0
7886 7884 0
8254 8257 0
4381 4384 0
8197 8200 0
1314 1318 0
4919 4915 0
3336 3338 0
9466 9462 0
6860 6862 0
6868 6866 0
8160 8158 0
8117 8115 0
4800 4796 0
8046 8048 0
832 829 0
4455 4450 0
7791 7788 0
6478 6475 0
3825 3826 0
9378 9383 0
8438 8440 0
8655 8651 0
7957 7958 0
3859 3858 0
4644 4641 0
8661 8665 0
8978 8981 0
6918 6913 0
2747 2746 0
2110 2111 0
5017 5014 0
887 890 0
3227 3231 0
3146 3144 0
7328 7325 0
5637 5632 0
4150 4154 0
3655 3653 0
285 282 0
1080 1076 0
5134 5129 0
5271 5269 0
7215 7216 0
8617 8616 0
2416 2414 0
4373 4377 0
3918 3913 0
8794 8798 0
423 427 0
3549 3551 0
5246 5243 0
8302 8306 0
1106 1111 0
4382 4381 0
466 468 0
5158 5155 0
800 803 0
3717 3715 0
2864 2860 0
5429 5426 0
1153 1149 0
6928 6923 0
2711 2716 0
4140 4139 0
3019 3014 0
2928 2927 0
6363 6358 0
3094 3090 0
3524 3519 0
6087 6086 0
1359 1364 0
8632 8630 0
7731 7726 0
1391 1392 0
1030 1033 0
3585 3586 0
7892 7887 0
9934 9937 0
4613 4608 0
8637 8641 0
9344 9348 0
8598 8600 0
8558 8554 0
8111 8106 0
4684 4680 0
5438 5435 0
1609 1614 0
1841 1845 0
6975 6976 0
4972 4973 0
2767 2763 0
27 22 0
3702 3705 0
769 770 0
1155 1159 0
3406 3404 0
2438 2435 0
5400 5398 0
502 503 0
6505 6500 0
9427 9432 0
9492 9487 0
7461 7463 0
8526 8529 0
2734 2729 0
7744 7743 0
8632 8629 0
8745 8747 0
1924 1922 0
8173 8174 0
7865 7868 0
4933 4934 0
2825 2827 0
3623 3628 0
9143 9148 0
3618 3623 0
1278 1281 0
1693 1689 0
1941 1936 0
9613 9615 0
7880 7878 0
2795 2796 0
1074 1072 0
8148 8152 0
3224 3225 0
8365 8360 0
7781 7776 0
5249 5245 0
8784 8788 0
4246 4242 0
9540 9536 0
6348 6350 0
8421 8419 0
4756 4760 0
8367 8370 0
7611 7614 0
6183 6187 0
4399 4394 0
7963 7961 0
1245 1243 0
8051 8052 0
4179 4184 0
7365 7369 0
1611 1616 0
2877 2881 0
6615 6616 0
8255 8250 0
1110 1113 0
2700 2698 0
4556 4559 0
1608 1606 0
913 911 0
6618 6613 0
7170 7174 0
9956 9953 0
2148 2152 0
6113 6110 0
7780 7783 0
4652 4655 0
3579 3578 0
3133 3132 0
9425 9421 0
6189 6188 0
1268 1269 0
5119 5123 0
3064 3063 0
2961 2963 0
2718 2713 0
941 944 0
3437 3435 0
1267 1264 0
2362 2361 0
3908 3904 0
4126 4124 0
518 514 0
2600 2602 0
2286 2288 0
4777 4774 0
2770 2775 0
600 595 0
6702 6700 0
9128 9130 0
4544 4547 0
2584 2587 0
2269 2266 0
8417 8419 0
7368 7372 0
6609 6613 0
1664 1659 0
9926 9930 0
6803 6800 0
8734 8730 0
1404 1406 0
8950 8955 0
9925 9930 0
3511 3512 0
2248 2249 0
1940 1944 0
2472 2473 0
1629 1633 0
1513 1517 0
5324 5322 0
8554 8550 0
1574 1571 0
2186 2183 0
4503 4502 0
6501 6497 0
54 58 0
557 554 0
2228 2230 0
6217 6220 0
9123 9127 0
9985 9984 0
7310 7309 0
1384 1380 0
3978 3975 0
6364 6365 0
3315 3310 0
9177 9174 0
275 274 0
4234 4231 0
1397 1395 0
9972 9971 0
3955 3951 0
3919 3923 0
5196 5191 0
9990 9993 0
1457 1456 0
3510 3505 0
1162 1163 0
2446 2450 0
9339 9344 0
8615 8610 0
2733 2732 0
6840 6839 0
7342 7340 0
6769 6770 0
104 101 0
3591 3589 0
7119 7118 0
3139 3141 0
8916 8919 0
886 889 0
4803 4799 0
3847 3842 0
2353 2357 0
7290 7291 0
2896 2893 0
7616 7620 0
5819 5818 0
5766 5770 0
6854 6850 0
7178 7175 0
4043 4044 0
3310 3306 0
8954 8952 0
1160 1159 0
3055 3052 0
9697 9701 0
6014 6011 0
1759 1761 0
6429 6432 0
1017 1018 0
2214 2209 0
1236 1235 0
5009 5010 0
3081 3079 0
5020 5022 0
4613 4614 0
9142 9143 0
4516 4514 0
2901 2902 0
6196 6200 0
5256 5254 0
2678 2677 0
5640 5639 0
7329 7334 0
4296 4292 0
633 637 0
5856 5853 0
6954 6950 0
6540 6535 0
6973 6977 0
9851 9853 0
3312 3315 0
6826 6822 0
5428 5429 0
1712 1716 0
3355 3354 0
959 956 0
5986 5984 0
5344 5339 0
9581 9583 0
5903 5904 0
5991 5987 0
820 825 0
8237 8238 0
1822 1821 0
1682 1677 0
7240 7242 0
7029 7028 0
4643 4647 0
8610 8612 0
9621 9623 0
740 738 0
8922 8919 0
7257 7254 0
1978 1973 0
3606 3604 0
8885 8884 0
4085 4082 0
9523 9518 0
8325 8329 0
4108 4107 0
9272 9268 0
605 601 0
2871 2869 0
6259 6257 0
704 707 0
3044 3048 0
6295 6297 0
8656 8652 0
1212 1207 0
6806 6804 0
2326 2331 0
7879 7878 0
86 83 0
8527 8530 0
8527 8528 0
822 820 0
3117 3120 0
8535 8539 0
9588 9585 0
1337 1340 0
6059 6064 0
2762 2764 0
986 991 0
5523 5521 0
6366 6371 0
694 692 0
8429 8426 0
1762 1758 0
8376 8377 0
2123 2127 0
3944 3946 0
9783 9788 0
3639 3644 0
32 37 0
9943 9942 0
9567 9565 0
6560 6555 0
3900 3902 0
2407 2412 0
7996 7993 0
6397 6392 0
3884 3889 0
7875 7877 0
316 320 0
3150 3146 0
7414 7416 0
9819 9814 0
8977 8975 0
8362 8358 0
5425 5426 0
6619 6622 0
2058 2060 0
6546 6541 0
8914 8912 0
7510 7509 0
3687 3690 0
3966 3961 0
6308 6313 0
2409 2411 0
6409 6404 0
2938 2939 0
5847 5844 0
7069 7068 0
4392 4393 0
2477 2472 0
6401 6406 0
1283 1288 0
1058 1059 0
8999 8994 0
6200 6202 0
9331 9332 0
4071 4075 0
6902 6899 0
7751 7754 0
2606 2604 0
6093 6090 0
9925 9922 0
1261 1264 0
9265 9264 0
8432 8427 0
9875 9873 0
8201 8203 0
6424 6423 0
1404 1403 0
5975 5973 0
6966 6962 0
3377 3375 0
7902 7897 0
3414 3413 0
3390 3393 0
4929 4932 0
4583 4585 0
6183 6182 0
6746 6751 0
4469 4465 0
9584 9582 0
4499 4494 0
4299 4300 0
9421 9419 0
9490 9493 0
5231 5226 0
705 708 0
785 780 0
2054 2058 0
5013 5009 0
7716 7718 0
6352 6353 0
3894 3899 0
4588 4590 0
2030 2031 0
4606 4607 0
962 963 0
2654 2655 0
8604 8608 0
6611 6616 0
3485 3484 0
8259 8262 0
8775 8774 0
133 130 0
8300 8304 0
6850 6853 0
5627 5626 0
1343 1347 0
5185 5183 0
3273 3269 0
2967 2966 0
8893 8898 0
5998 6001 0
8044 8040 0
533 538 0
6192 6189 0
2281 2277 0
8381 8380 0
7316 7317 0
7049 7054 0
1748 1744 0
2542 2539 0
8077 8079 0
2795 2794 0
5873 5872 0
1050 1045 0
4040 4037 0
8611 8609 0
724 723 0
6883 6878 0
1948 1946 0
6066 6065 0
7531 7536 0
8777 8778 0
7123 7121 0
343 347 0
9322 9319 0
9692 9696 0
6227 6223 0
9286 9281 0
534 536 0
6257 6253 0
4968 4966 0
1472 1474 0
4579 4576 0
1883 1880 0
4039 4043 0
3160 3157 0
8907 8912 0
6116 6112 0
8726 8725 0
9031 9026 0
4995 5000 0
2092 2094 0
2448 2447 0
3999 4002 0
3878 3875 0
3700 3701 0
3254 3250 0
4449 4454 0
5945 5941 0
5942 5941 0
933 936 0
866 862 0
1764 1760 0
6368 6369 0
6574 6578 0
9838 9834 0
9169 9164 0
3884 3888 0
4376 4380 0
8011 8009 0
9559 9562 0
37 34 0
665 660 0
2955 2953 0
2082 2086 0
6724 6727 0
9225 9220 0
2551 2554 0
3143 3140 0
1427 1432 0
437 435 0
9574 9575 0
1556 1558 0
1229 1231 0
4337 4339 0
8921 8926 0
1382 1381 0
9703 9707 0
3531 3534 0
9211 9209 0
1660 1665 0
6589 6587 0
5572 5574 0
1877 1880 0
5222 5227 0
9432 9437 0
721 722 0
7151 7148 0
7763 7767 0
8023 8019 0
4433 4436 0
8882 8886 0
1974 1979 0
1097 1095 0
8978 8977 0
2007 2005 0
167 163 0
1794 1791 0
6631 6627 0
6626 6631 0
6545 6541 0
5019 5018 0
2184 2183 0
4793 4797 0
9255 9257 0
5738 5741 0
2458 2454 0
953 957 0
8117 8119 0
5851 5847 0
2596 2593 0
2579 2578 0
4053 4051 0
3872 3874 0
5387 5390 0
5852 5854 0
6717 6722 0
4957 4956 0
6453 6454 0
6786 6782 0
6731 6727 0
3443 3442 0
9296 9301 0
3182 3178 0
133 137 0
202 200 0
7439 7440 0
2578 2574 0
7810 7814 0
3847 3849 0
3263 3258 0
3359 3357 0
5939 5934 0
2821 2822 0
3549 3548 0
3229 3227 0
3483 3487 0
8041 8038 0
8971 8969 0
6496 6497 0
1152 1156 0
3657 3656 0
7527 7530 0
2566 2562 0
2722 2717 0
8217 8220 0
8520 8525 0
5304 5309 0
4032 4027 0
9926 9924 0
4945 4946 0
9079 9076 0
2834 2835 0
6715 6717 0
6329 6324 0
9586 9582 0
39 43 0
4807 4809 0
7713 7708 0
3675 3671 0
4195 4199 0
7944 7948 0
3341 3346 0
4556 4553 0
8087 8088 0
5758 5754 0
8155 8154 0
456 461 0
3056 3052 0
6754 6759 0
7841 7836 0
881 886 0
62 58 0
5603 5608 0
6440 6439 0
5883 5886 0
5751 5752 0
3951 3949 0
5835 5833 0
1356 1352 0
2185 2189 0
98 99 0
9509 9510 0
2601 2597 0
2715 2717 0
689 688 0
785 782 0
1075 1073 0
1885 1888 0
2193 2196 0
2840 2844 0
990 986 0
178 182 0
9423 9428 0
3312 3317 0
1095 1093 0
6496 6492 0
1558 1561 0
3873 3874 0
6911 6908 0
5345 5349 0
9285 9280 0
3463 3464 0
8935 8932 0
10 11 0
5777 5774 0
724 725 0
6953 6956 0
3838 3837 0
4263 4258 0
5264 5265 0
3794 3797 0
3074 3075 0
5562 5563 0
5177 5178 0
4614 4615 0
5972 5970 0
4269 4270 0
5531 5530 0
9716 9718 0
1290 1288 0
1564 1559 0
3751 3753 0
6630 6634 0
4456 4455 0
6698 6701 0
5267 5270 0
9338 9334 0
6546 6542 0
7707 7705 0
1954 1951 0
6603 6608 0
1488 1486 0
447 444 0
9667 9668 0
7188 7187 0
5226 5223 0
9522 9526 0
5247 5246 0
9760 9765 0
653 655 0
8019 8024 0
501 505 0
3270 3275 0
3907 3910 0
2611 2606 0
3221 3222 0
9891 9893 0
2385 2386 0
8098 8102 0
2764 2759 0
3355 3352 0
8075 8076 0
4911 4912 0
6016 6021 0
7885 7881 0
2019 2014 0
6604 6602 0
1101 1102 0
1854 1856 0
8157 8161 0
602 601 0
824 827 0
723 720 0
2838 2840 0
6744 6740 0
2936 2933 0
6419 6414 0
2880 2875 0
3041 3042 0
3268 3270 0
8226 8222 0
6834 6836 0
5144 5145 0
1286 1281 0
1712 1715 0
8473 8478 0
6059 6062 0
913 918 0
4895 4890 0
9457 9460 0
1339 1341 0
9657 9654 0
9926 9925 0
8912 8909 0
1653 1656 0
7569 7574 0
221 226 0
2959 2964 0
5291 5292 0
6601 6606 0
1897 1896 0
5127 5123 0
3569 3568 0
401 399 0
7187 7191 0
601 598 0
5763 5765 0
9342 9341 0
574 571 0
7088 7093 0
9451 9454 0
466 464 0
4271 4270 0
5081 5079 0
3908 3910 0
8595 8590 0
668 663 0
8221 8220 0
9827 9828 0
5832 5831 0
2566 2564 0
1252 1251 0
5879 5882 0
3370 3369 0
6799 6797 0
3556 3553 0
1392 1390 0
7864 7866 0
905 904 0
6522 6525 0
7487 7489 0
881 882 0
3781 3776 0
942 937 0
8092 8091 0
6202 6205 0
718 720 0
8437 8436 0
5184 5185 0
4414 4418 0
7305 7303 0
3570 3573 0
3034 3030 0
5408 5409 0
8343 8340 0
6876 6875 0
104 106 0
7618 7620 0
570 575 0
8264 8268 0
2091 2096 0
9729 9732 0
4482 4477 0
2134 2129 0
9682 9677 0
4031 4033 0
298 295 0
3973 3975 0
8673 8669 0
4879 4877 0
5822 5817 0
4301 4299 0
1612 1616 0
5508 5513 0
3540 3536 0
2921 2916 0
818 821 0
7342 7346 0
8287 8286 0
2063 2058 0
9638 9639 0
476 481 0
8547 8549 0
8234 8238 0
3187 3192 0
3983 3981 0
4920 4919 0
5695 5699 0
6584 6582 0
7326 7322 0
6590 6585 0
4246 4243 0
8543 8547 0
5318 5315 0
4870 4865 0
7046 7042 0
7585 7590 0
8926 8928 0
567 570 0
21 23 0
2660 2658 0
5908 5905 0
5176 5174 0
2915 2919 0
7307 7312 0
2935 2934 0
336 333 0
1527 1528 0
8406 8402 0
4830 4834 0
3756 3754 0
4644 4640 0
6057 6052 0
2149 2148 0
7925 7921 0
7996 7994 0
6609 6605 0
2212 2208 0
9657 9655 0
4741 4745 0
87 92 0
1281 1285 0
2107 2105 0
8288 8286 0
5445 5448 0
3133 3131 0
8601 8602 0
5560 5556 0
3757 3759 0
9681 9677 0
5944 5939 0
3142 3147 0
2474 2479 0
6002 5997 0
9309 9311 0
2040 2035 0
8751 8755 0
3146 3143 0
2811 2815 0
8623 8628 0
8551 8553 0
7222 7220 0
2280 2279 0
1064 1065 0
6047 6048 0
3866 3869 0
1057 1055 0
4169 4173 0
8516 8512 0
7157 7154 0
283 288 0
1646 1645 0
438 441 0
8662 8658 0
9567 9564 0
6430 6429 0
3685 3686 0
9108 9110 0
2346 2348 0
7629 7631 0
8469 8467 0
7063 7060 0
570 569 0
7763 7765 0
6003 6007 0
8047 8044 0
3138 3133 0
1738 1733 0
2771 2769 0
7211 7214 0
3591 3586 0
3880 3875 0
1206 1210 0
2140 2135 0
4541 4542 0
6095 6090 0
2195 2192 0
7582 7586 0
5980 5982 0
7369 7368 0
7781 7780 0
3751 3746 0
1274 1273 0
9464 9461 0
5568 5563 0
7769 7764 0
3535 3533 0
2777 2778 0
6990 6985 0
5232 5234 0
5010 5014 0
8927 8922 0
2753 2755 0
1547 1545 0
7042 7038 0
7537 7532 0
6441 6438 0
9743 9738 0
9052 9053 0
8492 8497 0
8470 8468 0
7625 7624 0
4048 4047 0
4180 4182 0
2610 2614 0
4975 4974 0
3423 3426 0
9374 9377 0
5050 5054 0
547 549 0
1142 1143 0
5088 5083 0
5491 5496 0
5715 5719 0
1458 1462 0
3560 3557 0
6756 6752 0
9092 9093 0
5023 5021 0
9116 9118 0
6073 6068 0
9199 9204 0
8766 8767 0
3282 3286 0
9404 9408 0
874 876 0
1917 1922 0
8391 8390 0
2037 2034 0
2922 2921 0
8131 8133 0
1131 1130 0
8363 8366 0
703 707 0
138 134 0
8961 8960 0
8232 8235 0
2335 2338 0
2241 2244 0
3185 3182 0
827 823 0
1699 1697 0
8256 8260 0
4354 4351 0
9058 9059 0
6005 6010 0
885 890 0
1122 1124 0
9398 9396 0
8547 8542 0
9395 9399 0
9541 9538 0
8076 8071 0
3034 3032 0
5660 5656 0
1954 1957 0
8550 8547 0
486 491 0
6036 6033 0
2720 2721 0
7209 7206 0
6962 6957 0
5744 5740 0
8321 8316 0
7450 7446 0
5197 5192 0
7671 7672 0
5049 5052 0
144 143 0
262 266 0
8732 8729 0
902 899 0
4656 4658 0
6671 6670 0
1436 1439 0
8994 8992 0
4903 4899 0
7009 7013 0
1827 1831 0
9184 9186 0
5978 5975 0
2343 2341 0
647 645 0
1472 1467 0
3687 3691 0
5703 5708 0
9052 9057 0
5757 5756 0
8787 8789 0
419 418 0
1115 1110 0
703 698 0
6097 6101 0
8049 8046 0
8070 8075 0
611 607 0
4052 4047 0
880 875 0
2210 2213 0
6609 6612 0
282 283 0
2740 2744 0
6380 6375 0
332 334 0
346 349 0
832 835 0
2607 2609 0
9707 9710 0
5875 5870 0
7229 7230 0
9203 9204 0
5553 5558 0
5095 5094 0
5416 5418 0
6621 6619 0
9408 9411 0
7577 7573 0
4270 4272 0
3653 3651 0
6780 6783 0
1527 1530 0
2702 2699 0
3049 3054 0
2806 2807 0
5927 5923 0
264 265 0
748 746 0
2387 2388 0
3689 3693 0
1429 1430 0
3565 3569 0
7769 7773 0
6069 6065 0
4795 4797 0
5037 5033 0
7912 7915 0
1903 1902 0
5377 5372 0
8365 8369 0
2336 2338 0
1846 1845 0
2926 2930 0
2091 2086 0
7424 7429 0
5855 5852 0
1679 1680 0
4140 4142 0
7617 7621 0
8268 8267 0
8643 8647 0
3708 3712 0
7079 7077 0
3305 3309 0
7282 7280 0
8411 8412 0
7615 7619 0
5978 5980 0
6696 6692 0
4655 4650 0
5643 5640 0
5756 5752 0
7189 7192 0
6865 6861 0
4350 4349 0
9578 9577 0
5520 5516 0
5160 5156 0
3898 3895 0
6231 6230 0
7905 7903 0
6466 6471 0
9114 9110 0
5331 5327 0
8312 8317 0
5405 5410 0
5072 5070 0
222 218 0
2316 2320 0
1847 1845 0
6029 6030 0
7409 7414 0
5106 5102 0
3495 3492 0
6870 6875 0
7997 7994 0
2622 2625 0
6100 6096 0
7008 7011 0
6367 6371 0
2788 2784 0
1308 1304 0
6800 6797 0
3940 3943 0
9512 9508 0
2863 2868 0
9936 9932 0
674 673 0
1023 1028 0
469 468 0
3333 3332 0
4735 4738 0
2396 2398 0
474 476 0
3198 3202 0
5438 5440 0
8968 8972 0
5596 5601 0
4540 4541 0
8431 8434 0
3895 3900 0
2012 2007 0
8469 8473 0
9837 9834 0
4457 4453 0
1881 1879 0
7715 7717 0
1634 1636 0
9114 9115 0
6541 6537 0
9418 9420 0
7627 7622 0
8640 8637 0
4840 4839 0
9337 9335 0
6464 6462 0
3575 3578 0
7516 7514 0
4754 4756 0
915 913 0
9224 9229 0
7418 7421 0
375 371 0
6213 6216 0
2964 2969 0
7130 7132 0
1543 1541 0
9271 9266 0
9992 9988 0
1004 1007 0
4331 4332 0
9731 9730 0
5670 5669 0
8277 8281 0
2028 2033 0
830 825 0
3294 3299 0
499 500 0
9029 9024 0
7315 7317 0
4563 4560 0
860 857 0
9093 9098 0
3328 3324 0
8144 8139 0
8930 8926 0
1626 1623 0
649 653 0
3112 3114 0
4507 4502 0
4739 4737 0
5935 5933 0
2223 2221 0
1753 1750 0
2685 2682 0
7249 7251 0
9707 9704 0
6376 6373 0
1714 1719 0
8879 8875 0
9313 9314 0
6246 6243 0
7873 7870 0
2265 2261 0
1927 1926 0
812 807 0
101 97 0
77 81 0
8658 8661 0
6045 6046 0
7807 7802 0
7448 7452 0
497 499 0
4565 4564 0
1096 1099 0
5092 5095 0
9393 9395 0
3576 3578 0
8472 8467 0
373 368 0
3353 3348 0
7371 7372 0
5703 5699 0
7968 7963 0
4448 4446 0
9334 9331 0
364 361 0
4629 4631 0
6018 6015 0
3633 3630 0
7086 7084 0
2412 2408 0
7303 7299 0
1981 1980 0
252 247 0
7577 7574 0
706 704 0
7607 7606 0
3783 3788 0
1979 1980 0
1537 1540 0
8818 8816 0
3485 3490 0
5869 5865 0
201 198 0
2637 2636 0
846 851 0
6071 6075 0
6032 6030 0
7712 7707 0
8868 8869 0
7777 7776 0
5496 5493 0
3168 3166 0
4226 4223 0
2545 2543 0
8459 8464 0
8022 8017 0
51 53 0
8257 8258 0
2354 2358 0
9256 9261 0
2095 2093 0
7113 7109 0
6719 6717 0
787 784 0
4212 4207 0
6899 6903 0
6533 6531 0
8803 8808 0
3992 3993 0
6125 6121 0
6306 6311 0
4645 4648 0
277 281 0
3382 3387 0
8243 8240 0
3277 3273 0
4786 4790 0
5062 5061 0
8596 8592 0
1586 1582 0
6512 6513 0
4307 4308 0
2062 2066 0
3665 3668 0
3064 3069 0
9582 9580 0
597 596 0
2072 2067 0
4999 5001 0
7147 7149 0
4212 4216 0
8368 8366 0
6490 6493 0
5355 5354 0
3738 3736 0
4419 4417 0
5128 5125 0
7435 7432 0
8258 8255 0
4705 4700 0
8956 8957 0
8002 8001 0
8205 8208 0
3201 3202 0
5186 5190 0
9622 9626 0
3217 3220 0
1072 1070 0
5157 5153 0
1588 1591 0
9477 9479 0
6996 6991 0
1513 1510 0
7494 7493 0
2330 2334 0
9569 9566 0
6503 6498 0
3624 3626 0
6102 6107 0
8217 8222 0
2183 2179 0
5414 5411 0
2779 2781 0
7123 7124 0
3507 3503 0
105 104 0
3301 3302 0
6799 6798 0
4127 4130 0
6718 6715 0
2325 2328 0
2911 2908 0
8686 8690 0
5242 5239 0
1429 1428 0
6465 6462 0
1026 1030 0
4290 4289 0
2083 2085 0
936 938 0
5865 5867 0
5782 5777 0
339 334 0
8519 8523 0
6301 6297 0
6924 6921 0
8840 8839 0
2642 2639 0
7121 7122 0
9803 9805 0
8882 8879 0
3385 3386 0
7754 7753 0
8436 8438 0
9547 9552 0
7636 7637 0
1469 1467 0
9152 9151 0
4428 4432 0
5736 5734 0
9099 9097 0
9134 9131 0
6820 6824 0
4058 4054 0
1126 1130 0
1140 1135 0
3055 3053 0
4874 4877 0
9579 9580 0
6896 6900 0
1278 1273 0
9795 9796 0
3795 3800 0
160 164 0
8995 8991 0
7356 7361 0
9403 9401 0
5630 5632 0
5613 5611 0
6930 6927 0
2304 2300 0
9588 9583 0
5856 5859 0
2912 2915 0
380 376 0
9316 9315 0
1917 1913 0
7955 7958 0
6310 6312 0
6539 6534 0
5450 5453 0
8236 8240 0
8538 8535 0
8691 8692 0
5 4 0
709 704 0
5179 5176 0
509 507 0
126 125 0
2943 2938 0
2633 2630 0
4189 4184 0
3584 3579 0
5335 5338 0
9089 9090 0
4166 4167 0
8042 8043 0
3084 3088 0
3429 3424 0
1041 1045 0
4662 4665 0
6075 6072 0
3617 8956 0
1015 1013 0
2762 2760 0
3300 3301 0
9030 9026 0
68 71 0
6230 6232 0
4907 4904 0
6781 6777 0
9126 9124 0
5178 5173 0
997 995 0
8082 8077 0
1025 1024 0
9040 9044 0
7057 7053 0
9172 9167 0
6884 6889 0
4506 4509 0
4495 4494 0
8261 8264 0
2117 2116 0
5668 5672 0
8941 8936 0
6437 6442 0
4218 4215 0
8912 8910 0
1795 1794 0
2789 2794 0
9313 9312 0
3520 3515 0
5660 5657 0
165 166 0
7036 7031 0
9349 9353 0
757 758 0
5120 5119 0
9004 9005 0
6576 6575 0
7257 7260 0
3722 3721 0
6434 6435 0
6319 6324 0
3344 3343 0
5105 5109 0
66 64 0
7349 7348 0
5057 5055 0
212 209 0
8968 8971 0
7454 7457 0
3745 3750 0
1054 1053 0
3407 3406 0
795 797 0
2042 2047 0
588 585 0
5946 5943 0
4891 4896 0
5046 5051 0
9287 9284 0
1667 1664 0
2226 2222 0
8981 8983 0
4031 4034 0
7224 7219 0
560 557 0
8755 8753 0
5673 5678 0
3573 3569 0
5005 5000 0
5317 5320 0
8814 8811 0
8682 8681 0
1587 1588 0
9051 9053 0
9749 9753 0
4709 4712 0
491 490 0
1951 1948 0
9610 9611 0
5160 5163 0
709 707 0
9021 9020 0
4254 4255 0
9866 9863 0
9761 9763 0
3771 3775 0
6734 6735 0
3083 3088 0
6416 6414 0
2078 2076 0
7850 7855 0
4996 4997 0
9477 9478 0
416 414 0
6278 6282 0
4168 4163 0
4245 4244 0
9695 9691 0
7016 7020 0
1104 1106 0
6629 6626 0
5274 5271 0
5864 5862 0
5493 5492 0
2789 2787 0
3135 3137 0
5123 5122 0
9028 9030 0
2034 2033 0
1075 1072 0
5837 5842 0
4870 4871 0
2237 2241 0
3658 3656 0
7330 7326 0
8740 8737 0
1153 1150 0
6641 6636 0
9786 9788 0
9436 9439 0
5360 5362 0
9827 9826 0
4841 4839 0
1461 1460 0
3201 3204 0
3587 3583 0
6510 6509 0
700 699 0
8009 8010 0
9758 9760 0
1807 1809 0
6019 6024 0
2875 2878 0
2462 2457 0
3794 3796 0
4893 4890 0
8615 8611 0
750 745 0
5453 5452 0
5306 5308 0
7345 7348 0
248 247 0
3672 3675 0
8166 8161 0
387 392 0
4447 4446 0
8648 8643 0
9073 9068 0
4709 4704 0
6539 6535 0
5683 5681 0
2198 2194 0
3744 3746 0
4282 4286 0
2845 2843 0
5538 5535 0
7178 7174 0
1325 1326 0
6228 6227 0
8879 8880 0
2555 2553 0
8851 8852 0
1446 1448 0
2684 2685 0
1265 1264 0
8854 8851 0
3484 3479 0
2800 2799 0
8945 8947 0
3859 3861 0
3433 3432 0
6842 6838 0
8783 8779 0
1411 1415 0
8141 8137 0
9007 9005 0
3530 3534 0
2920 2917 0
8517 8514 0
8564 8566 0
4016 4013 0
9626 9628 0
2600 2595 0
1388 1391 0
817 821 0
8922 8920 0
6940 6936 0
5245 5248 0
5931 5929 0
5036 5038 0
6287 6282 0
5154 5158 0
3242 3243 0
8715 8717 0
8893 8889 0
2771 2770 0
387 384 0
6704 6700 0
4097 4099 0
5731 5728 0
2886 2887 0
1549 1547 0
8869 8865 0
3119 3124 0
9050 9052 0
1453 1452 0
3850 3852 0
9506 9502 0
8701 8698 0
9193 9197 0
5895 5890 0
5144 5143 0
2984 2989 0
3380 3376 0
8917 8916 0
5463 5467 0
6829 6831 0
1333 1332 0
8896 8899 0
6525 6526 0
2643 2640 0
1104 1103 0
8913 8914 0
8469 8468 0
6439 6443 0
8754 8758 0
4630 4632 0
6927 6931 0
8242 8245 0
217 221 0
4056 4057 0
4476 4471 0
6232 6233 0
2065 2060 0
1399 1396 0
7240 7236 0
4553 4557 0
6214 6215 0
9906 9903 0
4762 4760 0
8852 8853 0
5361 5363 0
1159 1154 0
6620 6616 0
8550 8548 0
1932 1929 0
6459 6454 0
1035 1037 0
4320 4325 0
680 676 0
9705 9708 0
2600 2596 0
7052 7053 0
1148 1143 0
2933 2929 0
3311 3306 0
9904 9905 0
2405 2407 0
2717 2720 0
2022 2027 0
1271 1275 0
1677 1675 0
7134 7139 0
7966 7961 0
2122 2120 0
9042 9041 0
5270 5268 0
2917 2912 0
9140 9141 0
1600 1596 0
712 716 0
6254 6252 0
2498 2494 0
7573 7570 0
6887 6883 0
7922 7917 0
2409 2407 0
9015 9014 0
5206 5203 0
1453 1458 0
7508 7513 0
833 835 0
5524 5529 0
5271 5275 0
578 581 0
8012 8015 0
2457 2453 0
3053 3052 0
2731 2736 0
596 599 0
6492 6489 0
4173 4174 0
9970 9972 0
9401 9405 0
4720 4725 0
2804 2808 0
5845 5847 0
6391 6386 0
7547 7549 0
6216 6217 0
3008 3006 0
5303 5301 0
1992 1989 0
8307 8304 0
5800 5797 0
9333 9337 0
306 302 0
7756 7754 0
1012 1014 0
4926 4927 0
2788 2785 0
2346 2349 0
3255 3251 0
2135 2130 0
2925 2923 0
1230 1226 0
2626 2629 0
5978 5981 0
6305 6304 0
1088 1089 0
6210 6215 0
4471 4472 0
9221 9224 0
4034 4032 0
980 978 0
9941 9939 0
2614 2619 0
2430 2433 0
8023 8021 0
1560 1556 0
4298 4300 0
761 757 0
1927 1928 0
4584 4580 0
8342 8339 0
3052 3048 0
6951 6947 0
3358 3357 0
103 102 0
3521 3526 0
2986 2984 0
5120 5121 0
6545 6546 0
989 987 0
8574 8572 0
4657 4662 0
4558 4561 0
4266 4268 0
9738 9736 0
6186 6183 0
1590 1592 0
6681 6678 0
4761 4765 0
1612 1614 0
6586 6581 0
3335 3333 0
1274 1275 0
5431 5435 0
7093 7094 0
7791 7792 0
1723 1726 0
5829 5826 0
3828 3829 0
1956 1954 0
8098 8094 0
363 368 0
5495 5499 0
2993 2996 0
1631 1633 0
887 885 0
9374 9372 0
6678 6682 0
3780 3782 0
5224 5227 0
7656 7651 0
4409 4405 0
9748 9753 0
4979 4977 0
1755 1759 0
9539 9541 0
4429 4433 0
7300 7301 0
5304 5302 0
9585 9582 0
8799 8798 0
461 462 0
5417 5419 0
3513 3509 0
4445 4448 0
4646 4642 0
6432 6427 0
7427 7430 0
7658 7656 0
9646 9650 0
7281 7277 0
3086 3089 0
171 176 0
3725 3720 0
340 345 0
5253 5250 0
6608 6613 0
7758 7755 0
9116 9117 0
4929 4933 0
9862 9858 0
634 633 0
9683 9679 0
5646 5644 0
3983 3987 0
7029 7032 0
2447 2449 0
6275 6271 0
1806 1805 0
3795 3792 0
207 202 0
4862 4859 0
714 709 0
9853 9858 0
3568 3565 0
1440 1436 0
8240 8244 0
9118 9119 0
2453 2451 0
3163 3164 0
3334 3336 0
1403 1399 0
908 904 0
6135 6132 0
8815 8817 0
1138 1140 0
476 478 0
4765 4762 0
3570 3565 0
4525 4526 0
7933 7935 0
2974 2979 0
3531 3529 0
9606 9607 0
3464 3459 0
6387 6389 0
3714 3716 0
1722 1726 0
6047 6050 0
5957 5960 0
2008 2009 0
2289 2287 0
7868 7872 0
237 235 0
5856 5861 0
2927 2922 0
3874 3877 0
9913 9917 0
9144 9141 0
5973 5977 0
6944 6940 0
2985 2986 0
4924 4923 0
6858 6856 0
7607 7609 0
272 270 0
8608 8612 0
161 164 0
8706 8709 0
2762 2767 0
1187 1188 0
3169 3174 0
6333 6328 0
2019 2018 0
6075 6076 0
1662 1658 0
2005 2003 0
7100 7099 0
4461 4465 0
3650 3647 0
6207 6203 0
6168 6163 0
8535 8533 0
5953 5958 0
836 832 0
1980 1976 0
1555 1560 0
7857 7852 0
1311 1314 0
4026 4024 0
4143 4139 0
3212 3207 0
60 65 0
5950 5949 0
9387 9391 0
3029 3032 0
858 862 0
1476 1474 0
1475 1474 0
9640 9645 0
5283 5287 0
3407 3408 0
6013 6014 0
3369 3373 0
9342 9338 0
8639 8635 0
9228 9231 0
5568 5567 0
5173 5168 0
6567 6568 0
4940 4939 0
838 842 0
1181 1180 0
6622 6626 0
2340 2335 0
8183 8184 0
4735 4730 0
261 263 0
7546 7545 0
7668 7665 0
7487 7491 0
3122 3118 0
7321 7326 0
8654 8649 0
3913 3912 0
6222 6220 0
5855 5860 0
6050 6051 0
8074 8069 0
9577 9579 0
8750 8746 0
3009 3013 0
2037 2041 0
8734 8731 0
7172 7175 0
3465 3469 0
3448 3452 0
2752 2754 0
1735 1736 0
2378 2381 0
2470 2467 0
1204 1209 0
6376 6379 0
9460 9463 0
9339 9334 0
9672 9677 0
327 332 0
9808 9803 0
2969 2967 0
388 386 0
5583 5581 0
1310 1307 0
1127 1123 0
5538 5543 0
6701 6697 0
6735 6739 0
5301 5296 0
8751 8748 0
7741 7738 0
4380 4384 0
7047 7048 0
9201 9205 0
4842 4844 0
7478 7477 0
7199 7200 0
5416 5412 0
3731 3733 0
6996 6995 0
3047 3052 0
2972 2967 0
7639 7640 0
195 192 0
4095 4097 0
8089 8094 0
6875 6873 0
1960 1962 0
1334 1339 0
7210 7208 0
9381 9378 0
568 572 0
2871 2866 0
4576 4577 0
1833 1832 0
4868 4869 0
5745 5750 0
5963 5960 0
6054 6057 0
6315 6319 0
3393 3397 0
7092 7095 0
5840 5838 0
5232 5228 0
41 42 0
6415 6420 0
3813 3812 0
9293 9290 0
1700 1705 0
281 286 0
5503 5506 0
1101 1104 0
8689 8686 0
3245 3240 0
8070 8069 0
9447 9452 0
8556 8552 0
499 503 0
7564 7562 0
5404 5406 0
693 691 0
7393 7391 0
1791 1786 0
1754 1753 0
1641 1636 0
5294 5299 0
5141 5146 0
9411 9407 0
7858 7862 0
5734 5732 0
2960 2963 0
2638 2639 0
4443 4440 0
3996 3991 0
3141 3142 0
4177 4178 0
7293 7292 0
4575 4579 0
9445 9440 0
6245 6242 0
5075 5080 0
760 765 0
4829 4830 0
6199 6195 0
5922 5919 0
2240 2243 0
6401 6404 0
3599 3602 0
6470 6473 0
8920 8916 0
7180 7179 0
5090 5086 0
3952 3954 0
9332 9336 0
9907 9910 0
2128 2132 0
5596 5595 0
9896 9893 0
5217 5214 0
9705 9703 0
5954 5952 0
531 534 0
7558 7557 0
5399 5404 0
5098 5093 0
4054 4053 0
1661 1659 0
3247 3248 0
3009 3008 0
3507 3505 0
5187 5183 0
7058 7061 0
8419 8416 0
3681 3684 0
8988 8984 0
2201 2196 0
885 882 0
9289 9286 0
134 135 0
9563 9558 0
7487 7485 0
5803 5800 0
9513 9509 0
7058 7053 0
8698 8702 0
1549 1550 0
1769 1773 0
7661 7662 0
1005 1000 0
9640 9642 0
2884 2887 0
7035 7040 0
1769 1767 0
7081 7077 0
3721 3723 0
7702 7698 0
2452 2448 0
8757 8754 0
8865 8863 0
7598 7602 0
6251 6249 0
4905 4902 0
3649 3647 0
4459 4461 0
4109 4112 0
8096 8095 0
268 270 0
9361 9359 0
1345 1348 0
2113 2108 0
7915 7920 0
4369 4374 0
6847 6842 0
6506 6502 0
7291 7295 0
8265 8270 0
8342 8346 0
713 710 0
6300 6304 0
4490 4494 0
195 191 0
8853 8857 0
3281 3280 0
1661 1662 0
5691 5686 0
4039 4036 0
4275 4280 0
3829 3832 0
641 642 0
863 860 0
4905 4903 0
5172 5175 0
9093 9095 0
8277 8274 0
5286 5288 0
9021 9025 0
6352 6350 0
3700 3702 0
9752 9747 0
1281 1283 0
7320 7324 0
2040 2045 0
6899 6901 0
4862 4861 0
244 241 0
9539 9543 0
4395 4399 0
6518 6513 0
4767 4762 0
6486 6485 0
5960 5955 0
7818 7815 0
1847 1844 0
7599 7597 0
4955 4954 0
7678 7682 0
305 309 0
5575 5576 0
4124 4122 0
9393 9389 0
9661 9660 0
9462 9458 0
8122 8127 0
9942 9938 0
3359 3363 0
5608 5611 0
5147 5145 0
8406 8411 0
8959 8955 0
6305 6309 0
7357 7352 0
8580 8579 0
1377 1376 0
2683 2682 0
397 396 0
4575 4576 0
7088 7090 0
512 515 0
2960 2958 0
7771 7776 0
7368 7367 0
3035 3038 0
7862 7859 0
5363 5368 0
828 823 0
4710 4707 0
2950 2946 0
8650 8651 0
9694 9689 0
7667 7664 0
9993 9991 0
1599 1602 0
3657 3652 0
6515 6514 0
8613 8611 0
8222 8221 0
2368 2372 0
7105 7110 0
4272 4277 0
6459 6464 0
766 764 0
9368 9365 0
7782 7780 0
7781 7783 0
1762 1766 0
3389 3392 0
3563 3565 0
7766 7764 0
4398 4399 0
6561 6565 0
1957 1959 0
4504 4503 0
1997 1999 0
6807 6803 0
401 406 0
1181 1178 0
1923 1922 0
1259 1263 0
4465 4463 0
7800 7795 0
1874 1869 0
1206 1203 0
9743 9748 0
8262 8264 0
8742 8746 0
5851 5853 0
1008 1007 0
2152 2149 0
3762 3765 0
324 320 0
6928 6932 0
8985 8980 0
6391 6387 0
6565 6567 0
3890 3888 0
3857 3860 0
3066 3067 0
3472 3469 0
1861 1858 0
2829 2833 0
4875 4879 0
1628 1633 0
329 325 0
4071 4074 0
5763 5767 0
666 665 0
9335 9334 0
9433 9438 0
779 776 0
612 610 0
1199 1202 0
8125 8121 0
1832 1836 0
5393 5388 0
5110 5108 0
3830 3832 0
7114 7119 0
6059 6055 0
6750 6754 0
5934 5929 0
6614 6615 0
9806 9804 0
9683 9678 0
2442 2439 0
137 140 0
2134 2137 0
4839 4837 0
6145 6148 0
2278 2275 0
4342 4338 0
9174 9173 0
8022 8021 0
3826 3827 0
2689 2684 0
8840 8836 0
600 604 0
4191 4192 0
159 162 0
3817 3822 0
1499 1503 0
7351 7347 0
6786 6789 0
7668 7671 0
6808 6809 0
1922 1926 0
2443 2445 0
4118 4119 0
6841 6845 0
5990 5995 0
857 854 0
4819 4821 0
5799 5803 0
4260 4264 0
8865 8862 0
7474 7472 0
601 606 0
5007 5012 0
8966 8963 0
4348 4350 0
2349 2351 0
3077 3076 0
7781 7778 0
6020 6022 0
9409 9413 0
2438 2433 0
6040 6042 0
3603 3608 0
4457 4458 0
3989 3988 0
8714 8709 0
2104 2100 0
921 922 0
9224 9219 0
5963 5959 0
307 305 0
6285 6286 0
4974 4977 0
8858 8862 0
992 996 0
8785 8783 0
4715 4717 0
6237 6236 0
8876 8871 0
4150 4152 0
2606 2610 0
692 697 0
4441 4437 0
4190 4195 0
221 220 0
6439 6441 0
1848 1847 0
6516 6517 0
8406 8410 0
3481 3483 0
3950 3952 0
1977 1980 0
5845 5846 0
489 485 0
5118 5121 0
8065 8063 0
2977 2980 0
939 934 0
987 990 0
5015 5011 0
8638 8633 0
5833 5837 0
8738 8733 0
3173 3175 0
9007 9002 0
7970 7967 0
443 438 0
8388 8393 0
382 385 0
1226 1224 0
546 550 0
1667 1670 0
4165 4169 0
7090 7095 0
3824 3823 0
3090 3093 0
2888 2892 0
8848 8851 0
3359 3355 0
5713 5712 0
6630 6633 0
5805 5807 0
1314 1312 0
5062 5067 0
1895 1896 0
4760 4765 0
1302 1306 0
8113 8117 0
7018 7015 0
2665 2660 0
7725 7723 0
2703 2707 0
8898 8903 0
1779 1778 0
8194 8195 0
9400 9404 0
9278 9281 0
4436 4435 0
2732 2729 0
9376 9374 0
7284 7286 0
687 688 0
5966 5965 0
1482 1481 0
1175 1173 0
1046 1049 0
8414 8412 0
9697 9702 0
7157 7161 0
3548 3543 0
708 707 0
9861 9857 0
6553 6552 0
1285 1290 0
2949 2947 0
9268 9265 0
7967 7971 0
3111 3115 0
8990 8989 0
4524 4529 0
2060 2062 0
7841 7845 0
8806 8803 0
1794 1789 0
3682 3686 0
7530 7532 0
8973 8976 0
9921 9925 0
284 285 0
1190 1192 0
6923 6926 0
4147 4149 0
7073 7075 0
7939 7937 0
487 486 0
9571 9569 0
143 148 0
3490 3494 0
1426 1423 0
1796 1792 0
1513 1512 0
306 310 0
6756 6757 0
26 30 0
9953 9954 0
8744 8741 0
9083 9088 0
4075 4079 0
2371 2373 0
5382 5385 0
7681 7677 0
4306 4307 0
1822 1823 0
4596 4599 0
6775 6772 0
117 116 0
9935 9936 0
662 666 0
9504 9505 0
8260 8257 0
3316 3320 0
9602 9601 0
2950 2945 0
7841 7837 0
1075 1080 0
8186 8191 0
4744 4745 0
4639 4637 0
7449 7454 0
7244 7245 0
1863 1864 0
4038 4042 0
5146 5142 0
536 538 0
5219 5222 0
8862 8859 0
8208 8213 0
8749 8744 0
9934 9929 0
9594 9591 0
7273 7277 0
9873 9876 0
9337 9340 0
2370 2365 0
5132 5136 0
4090 4093 0
6407 6402 0
4119 4120 0
8811 8809 0
9393 9388 0
8738 8740 0
4633 4638 0
5245 5243 0
9316 9318 0
8279 8281 0
3558 3557 0
5514 5517 0
1634 1639 0
6017 6020 0
7451 7450 0
2593 2592 0
7603 7600 0
299 303 0
8557 8555 0
3152 3148 0
743 748 0
7212 7214 0
5829 5825 0
3776 3779 0
4864 4867 0
4435 4439 0
1164 1160 0
2642 2644 0
8758 8760 0
9318 9313 0
69 64 0
8991 8989 0
8087 8083 0
7751 7753 0
2042 2046 0
9276 9279 0
533 530 0
9928 9929 0
8010 8012 0
438 439 0
196 198 0
3820 3825 0
7600 7601 0
1392 1389 0
1883 1881 0
1629 1634 0
4969 4972 0
5446 5444 0
2197 2198 0
7454 7450 0
5173 5171 0
5526 5527 0
9237 9234 0
6292 6288 0
4959 4963 0
1379 1384 0
4910 4912 0
3520 3516 0
6568 6572 0
337 342 0
9426 9427 0
2814 2813 0
8367 8369 0
959 962 0
3233 3228 0
2497 2495 0
9117 9122 0
4973 4969 0
4326 4328 0
222 220 0
7719 7720 0
3555 3551 0
4306 4303 0
3149 3145 0
1985 1983 0
9616 9611 0
9795 9790 0
3128 3124 0
2866 2868 0
191 194 0
1796 1801 0
3475 3478 0
7150 7146 0
5282 5286 0
3752 3754 0
8219 8220 0
2292 2297 0
3129 3127 0
1928 1930 0
7722 7727 0
7127 7129 0
2107 2106 0
2863 2864 0
5170 5173 0
9231 9233 0
5698 5700 0
7802 7806 0
7302 7305 0
1327 1326 0
4403 4406 0
90 86 0
1642 1639 0
8584 8588 0
2072 2076 0
7061 7066 0
7123 7120 0
2101 2097 0
9561 9560 0
3112 3107 0
5375 5373 0
1856 1855 0
3034 3033 0
1575 1572 0
1774 1769 0
4354 4355 0
4281 4276 0
8444 8448 0
9449 9446 0
7228 7229 0
1069 1071 0
6631 6633 0
672 667 0
7887 7886 0
1410 1411 0
9389 9386 0
8768 8771 0
5774 5775 0
7568 7573 0
3294 3298 0
3163 3165 0
152 147 0
9362 9363 0
161 157 0
1835 1836 0
6285 6283 0
6995 7000 0
8762 8759 0
5678 5675 0
7035 7031 0
431 434 0
4122 4118 0
7226 7230 0
2638 2637 0
9 13 0
4148 4153 0
9006 9008 0
6384 6380 0
116 111 0
9424 9421 0
5360 5356 0
7065 7062 0
5970 5974 0
6960 6963 0
412 414 0
4992 4997 0
3643 3639 0
9507 9505 0
9242 9241 0
4851 4856 0
6979 6976 0
3726 3729 0
4533 4536 0
7174 7173 0
5506 5509 0
4171 4168 0
195 193 0
6668 6663 0
7132 7128 0
937 938 0
8495 8497 0
2386 2381 0
9760 9761 0
5578 5574 0
7970 7968 0
2494 2493 0
5242 5240 0
8549 8553 0
850 846 0
5984 5980 0
9391 9390 0
8154 8157 0
4327 4328 0
6422 6420 0
5922 5918 0
1930 1925 0
7710 7705 0
1899 1900 0
50 54 0
1393 1391 0
7760 7763 0
5984 5981 0
1888 1886 0
6186 6190 0
1066 1063 0
6459 6461 0
3766 3767 0
1753 1752 0
8122 8119 0
7338 7336 0
6643 6640 0
4230 4231 0
7747 7746 0
2992 2994 0
4713 4717 0
5111 5109 0
5582 5581 0
9269 9273 0
8775 8772 0
6669 6674 0
3420 3418 0
6832 6831 0
1619 1620 0
2434 2438 0
2967 2963 0
4223 4219 0
8061 8060 0
6064 6068 0
7482 7481 0
8093 8090 0
9518 9517 0
9531 9530 0
4869 4874 0
8146 8145 0
3241 3244 0
7178 7181 0
8567 8564 0
6801 6806 0
3078 3074 0
2127 2125 0
2961 2964 0
4492 4489 0
3941 3946 0
2911 2909 0
9991 9986 0
5071 5069 0
719 722 0
3192 3194 0
6138 6133 0
1492 1495 0
8752 8750 0
2001 1999 0
6622 6621 0
4637 4641 0
7528 7533 0
8260 8262 0
6554 6552 0
2169 2167 0
5404 5408 0
5623 5619 0
760 761 0
3883 3880 0
9396 9397 0
851 848 0
46 43 0
9819 9815 0
9199 9196 0
8097 8096 0
7578 7573 0
558 563 0
9575 9570 0
9062 9067 0
1760 1765 0
2744 2739 0
5378 5381 0
6439 6444 0
624 626 0
5120 5123 0
1069 1064 0
8100 8099 0
5687 5684 0
8963 8965 0
2584 2583 0
6343 6338 0
7777 7772 0
511 507 0
8074 8079 0
2612 2608 0
6060 6064 0
3790 3789 0
9831 9836 0
6126 6123 0
1577 1575 0
7721 7723 0
5862 5859 0
9899 9895 0
6764 6765 0
1540 1541 0
3321 3320 0
2704 2709 0
4537 4532 0
3764 3763 0
3348 3351 0
2697 2701 0
3457 3461 0
948 947 0
2269 2268 0
3299 3302 0
7167 7168 0
5637 5638 0
6821 6817 0
1376 1378 0
6593 6598 0
6625 6620 0
9154 9151 0
5418 5422 0
2895 2890 0
1084 1087 0
8963 8960 0
5276 5277 0
2437 2434 0
4565 4561 0
7655 7657 0
2774 2770 0
3741 3742 0
5389 5384 0
8372 8371 0
252 256 0
9198 9203 0
9495 9500 0
4011 4015 0
5531 5536 0
1799 1797 0
8576 8577 0
9901 9903 0
5187 5185 0
9896 9899 0
8251 8248 0
8863 8860 0
3340 3335 0
2759 2754 0
1366 1370 0
4954 4958 0
9788 9791 0
9178 9182 0
9422 9421 0
6309 6314 0
9587 9588 0
5211 5206 0
6569 6570 0
5397 5396 0
1174 1170 0
9892 9895 0
1020 1018 0
5474 5478 0
7981 7982 0
9705 9707 0
3964 3959 0
9438 9442 0
5952 5951 0
9697 9692 0
7677 7674 0
4252 4257 0
2718 2716 0
7905 7908 0
9577 9581 0
6959 6956 0
3179 3174 0
617 620 0
7656 7652 0
8952 8949 0
1757 1756 0
1457 1458 0
9599 9604 0
1901 1902 0
1482 1478 0
8679 8678 0
3288 3285 0
5888 5892 0
1239 1234 0
1795 1790 0
8016 8013 0
5703 5706 0
1849 1850 0
1092 1091 0
8668 8666 0
4801 4800 0
8955 8960 0
6286 6284 0
266 267 0
3775 3776 0
6650 6649 0
6456 6458 0
5377 5376 0
697 702 0
5428 5433 0
7798 7797 0
937 933 0
7554 7553 0
5396 5401 0
4721 4723 0
8872 8869 0
3522 3525 0
7031 7029 0
5779 5780 0
4318 4317 0
6078 6076 0
5409 5407 0
2559 2557 0
9522 9523 0
4483 4482 0
4842 4845 0
2420 2422 0
9542 9543 0
19 15 0
2833 2831 0
958 956 0
2904 2902 0
3728 3729 0
7194 7198 0
9289 9285 0
4573 4570 0
81 80 0
6568 6571 0
9651 9653 0
1130 1134 0
2237 2234 0
4988 4993 0
395 394 0
623 620 0
4131 4127 0
9501 9500 0
7237 7241 0
5293 5298 0
1713 1710 0
102 101 0
3147 3148 0
9394 9396 0
2043 2045 0
6772 6771 0
2578 2582 0
1904 1908 0
2612 2617 0
5004 5005 0
851 854 0
3366 3364 0
4740 4743 0
9877 9873 0
2339 2343 0
3465 3467 0
4887 4888 0
4734 4738 0
2716 2714 0
3065 3067 0
8644 8641 0
7397 7398 0
637 639 0
6144 6141 0
6715 6719 0
1712 1711 0
3862 3863 0
7823 7824 0
8087 8089 0
5149 5148 0
6530 6532 0
632 634 0
6349 6347 0
3549 3547 0
5269 5273 0
2079 2084 0
6577 6572 0
1538 1535 0
8963 8964 0
3228 3230 0
1796 1794 0
7827 7828 0
7193 7198 0
575 573 0
9910 9915 0
7276 7274 0
7892 7894 0
5020 5018 0
2368 2363 0
4073 4077 0
6268 6267 0
3098 3096 0
3493 3494 0
4721 4724 0
4581 4576 0
136 135 0
4088 4083 0
1352 1350 0
5044 5046 0
2343 2338 0
4134 4135 0
1684 1683 0
8927 8924 0
4949 4953 0
5965 5968 0
8539 8537 0
7496 7493 0
622 618 0
9839 9838 0
3738 3743 0
3411 3416 0
2475 2479 0
2948 2951 0
4213 4210 0
7905 7906 0
1891 1896 0
252 257 0
4574 4577 0
557 555 0
1398 1399 0
4305 4306 0
4382 4377 0
8757 8756 0
8577 8578 0
6845 6840 0
7206 7208 0
3342 3340 0
7316 7312 0
4595 4599 0
9996 10000 0
8399 8398 0
7748 7747 0
6752 6753 0
605 603 0
2921 2917 0
701 705 0
3379 3382 0
8718 8722 0
1900 1905 0
8524 8520 0
6982 6977 0
1315 1320 0
5811 5815 0
5358 5361 0
1414 1411 0
8022 8019 0
2345 2350 0
2643 2644 0
555 553 0
6261 6264 0
276 271 0
9937 9932 0
2549 2552 0
7766 7770 0
8343 8338 0
1594 1593 0
3587 3589 0
641 644 0
1666 1668 0
6329 6327 0
9411 9409 0
1798 1799 0
1109 1111 0
7675 7670 0
7135 7137 0
4311 4315 0
3768 3773 0
7726 7721 0
4948 4946 0
4181 4180 0
9974 9978 0
7985 7987 0
3991 3995 0
8485 8489 0
5429 5425 0
6396 6398 0
5878 5873 0
2185 2188 0
1400 1404 0
5665 5664 0
1414 1409 0
6288 6285 0
3670 3672 0
670 667 0
7014 7013 0
5986 5987 0
8081 8082 0
6969 6966 0
6575 6579 0
2850 2854 0
2100 2095 0
7567 7571 0
1929 1928 0
5619 5622 0
7457 7458 0
346 342 0
5198 5196 0
6826 6829 0
4809 4814 0
7068 7064 0
2257 2252 0
1780 1777 0
4000 3997 0
5189 5194 0
1323 1327 0
1188 1193 0
5138 5134 0
7007 7012 0
3440 3437 0
1732 1730 0
9798 9796 0
1253 1252 0
3207 3208 0
2068 2067 0
3483 3485 0
596 593 0
6493 6489 0
8498 8497 0
3854 3855 0
9206 9203 0
2936 2940 0
1386 1388 0
2914 2911 0
6402 6398 0
4109 4114 0
9703 9700 0
6331 6327 0
3227 3230 0
7778 7782 0
7876 7881 0
1073 1072 0
8629 8631 0
6623 6618 0
4075 4072 0
9720 9724 0
6538 6541 0
248 249 0
2236 2231 0
4888 4883 0
5006 5008 0
8572 8567 0
4237 4234 0
3538 3537 0
764 761 0
4579 4578 0
9956 9954 0
4041 4039 0
65 70 0
7125 7129 0
1308 1311 0
6047 6051 0
9212 9208 0
466 465 0
445 446 0
9544 9540 0
5962 5963 0
2649 2652 0
487 482 0
7156 7158 0
8781 8786 0
7481 7480 0
2231 2235 0
1851 1850 0
2419 2422 0
8248 8243 0
7378 7373 0
4690 4687 0
4016 4015 0
9765 9769 0
4490 4491 0
8404 8407 0
7833 7830 0
1222 1218 0
5863 5868 0
7988 7993 0
8910 8909 0
8487 8488 0
6274 6279 0
4834 4838 0
3502 3504 0
1761 1760 0
280 277 0
2724 2729 0
4346 4347 0
9174 9172 0
8043 8048 0
2993 2995 0
1597 1592 0
5212 5208 0
9635 9637 0
2502 2499 0
853 857 0
186 187 0
3968 3966 0
3277 3282 0
4687 4692 0
1403 1401 0
7325 7324 0
8056 8057 0
5742 5740 0
971 975 0
3558 3562 0
7618 7621 0
37 36 0
5254 5250 0
7039 7042 0
1657 1661 0
7484 7483 0
787 792 0
5971 5966 0
8200 8198 0
8781 8783 0
7774 7769 0
3377 3378 0
5368 5367 0
9743 9746 0
3535 3536 0
2752 2748 0
5949 5948 0
8874 8876 0
1825 1820 0
6372 6368 0
3860 3858 0
3961 3958 0
3509 3507 0
9878 9875 0
4628 4630 0
1951 1953 0
2815 2818 0
5450 5454 0
2589 2586 0
1664 1662 0
8777 8779 0
2612 2614 0
1383 1378 0
7437 7438 0
9644 9648 0
4635 4631 0
9712 9716 0
2754 2756 0
1593 1589 0
8484 8487 0
1350 1345 0
9906 9908 0
8319 8316 0
2380 2383 0
6348 6347 0
776 780 0
6170 6168 0
787 783 0
9137 9136 0
7103 7107 0
9246 9251 0
8049 8048 0
8324 8325 0
3481 3476 0
9718 9720 0
8884 8882 0
4406 4405 0
5058 5053 0
6523 6524 0
8645 8642 0
3758 3757 0
7772 7773 0
3244 3242 0
2548 2553 0
5668 5673 0
9371 9370 0
1080 1081 0
7754 7752 0
7711 7709 0
666 671 0
7494 7498 0
1078 1077 0
4929 4925 0
9219 9215 0
3148 3149 0
6 7 0
2172 2170 0
1385 1384 0
9994 9996 0
7042 7041 0
7674 7675 0
3226 3221 0
9516 9521 0
3871 3875 0
7135 7133 0
8782 8780 0
2071 2068 0
7601 7598 0
3002 3006 0
4366 4371 0
3368 3372 0
5802 5807 0
8140 8136 0
7858 7859 0
7395 7393 0
4292 4294 0
7718 7715 0
2566 2571 0
3163 3161 0
3920 3923 0
1893 1896 0
9058 9061 0
498 493 0
3514 3518 0
3430 3426 0
8158 8156 0
8798 8793 0
3007 3002 0
7785 7790 0
8701 8697 0
8505 8504 0
694 698 0
4481 4483 0
1107 1104 0
6557 6555 0
7542 7540 0
9311 9314 0
3523 3522 0
5577 5581 0
5695 5691 0
7764 7765 0
222 225 0
6507 6511 0
22 23 0
5768 5772 0
3328 3329 0
9121 9126 0
1377 1373 0
6849 6850 0
5955 5952 0
7703 7700 0
7609 7608 0
7685 7687 0
3156 3151 0
4507 4510 0
6106 6102 0
6645 6643 0
7782 7784 0
3764 3767 0
9287 9291 0
4204 4199 0
5264 5262 0
9094 9096 0
7981 7980 0
8524 8519 0
2361 2363 0
4291 4289 0
8664 8668 0
5101 5100 0
2693 2688 0
1621 1618 0
3871 3876 0
8366 8362 0
9889 9887 0
4421 4425 0
7644 7639 0
7581 7585 0
603 607 0
2153 2149 0
3131 3126 0
4259 4260 0
3642 3639 0
7099 7094 0
5084 5082 0
779 784 0
5046 5050 0
8911 8914 0
3937 3938 0
2817 2814 0
6557 6559 0
2108 2111 0
4821 4818 0
8425 8421 0
3433 3434 0
4285 4282 0
3542 3537 0
7088 7086 0
1717 1719 0
4432 4429 0
9905 9910 0
461 463 0
2857 2858 0
9993 9994 0
8449 8454 0
2617 2615 0
2306 2301 0
1363 1360 0
1644 1647 0
2747 2742 0
4191 4194 0
1197 1196 0
838 837 0
2786 2783 0
5456 5459 0
5920 5923 0
5550 5546 0
9271 9272 0
7657 7654 0
9407 9406 0
4602 4600 0
6400 6398 0
9948 9952 0
684 682 0
1024 1023 0
5430 5432 0
6289 6291 0
731 736 0
4024 4022 0
3974 3971 0
3867 3862 0
4348 4345 0
5482 5478 0
3679 3676 0
1798 1793 0
417 419 0
7047 7049 0
7242 7245 0
6230 6233 0
2759 2762 0
956 951 0
8741 8745 0
6413 6417 0
5672 5677 0
2514 2513 0
9631 9630 0
1217 1218 0
5691 5696 0
48 44 0
9154 9159 0
8202 8197 0
6139 6137 0
8321 8323 0
2315 2319 0
3366 3362 0
9884 9882 0
9622 9617 0
617 616 0
9851 9848 0
9970 9973 0
7237 7235 0
1631 1629 0
1968 1965 0
4892 4887 0
3834 3836 0
6370 6369 0
638 642 0
8678 8677 0
4259 4264 0
1363 1359 0
1941 1944 0
9775 9777 0
5178 5179 0
3145 3150 0
7311 7307 0
2079 2076 0
9883 9880 0
4509 4505 0
6746 6742 0
7592 7591 0
2828 2829 0
4345 4342 0
9078 9082 0
1178 1173 0
2164 2160 0
4866 4867 0
7112 7116 0
4944 4943 0
4304 4303 0
7017 7018 0
3047 3044 0
7945 7947 0
7302 7306 0
2965 2970 0
7629 7628 0
3629 3627 0
3921 3922 0
4025 4028 0
5874 5871 0
4204 4208 0
3102 3105 0
6833 6836 0
4938 4943 0
5414 5416 0
7442 7446 0
400 401 0
3150 3148 0
2450 2454 0
7298 7300 0
8033 8028 0
6843 6840 0
2199 2198 0
1609 1610 0
7261 7260 0
9102 9103 0
348 343 0
5106 5105 0
9776 9781 0
2701 2699 0
6304 6307 0
6801 6799 0
2994 2990 0
3350 3352 0
9231 9236 0
7210 7207 0
4842 4841 0
3626 3631 0
9739 9740 0
9152 9153 0
692 687 0
5930 5931 0
7633 7632 0
4444 4449 0
8107 8105 0
6218 6219 0
1172 1170 0
5847 5848 0
4633 4630 0
3805 3801 0
5477 5475 0
2256 2251 0
2642 2646 0
7223 7228 0
1551 1555 0
2776 2775 0
9004 8999 0
5601 5604 0
8993 8994 0
2106 2111 0
5969 5966 0
1315 1310 0
1896 1894 0
8152 8151 0
373 375 0
9166 9165 0
3322 3325 0
6510 6514 0
9101 9100 0
1697 1695 0
2396 2397 0
6452 6457 0
2680 2682 0
6660 6665 0
2268 2271 0
2010 2011 0
5796 5801 0
2455 2452 0
6202 6207 0
4332 4337 0
3622 3619 0
542 538 0
5814 5817 0
3120 3125 0
7392 7395 0
9334 9329 0
3490 3495 0
4962 4960 0
5691 5694 0
8783 8778 0
7530 7531 0
7135 7139 0
5402 5398 0
7723 7727 0
1231 1227 0
1318 1319 0
1940 1945 0
3926 3923 0
8453 8458 0
3494 3498 0
6131 6130 0
348 352 0
762 759 0
2630 2629 0
755 752 0
8690 8693 0
6752 6749 0
9566 9563 0
608 606 0
9273 9270 0
9990 9985 0
935 936 0
6901 6902 0
4855 4859 0
4989 4992 0
1127 1124 0
8995 8999 0
3696 3691 0
3911 3913 0
7668 7663 0
1099 1104 0
5271 5272 0
8549 8551 0
5349 5353 0
1084 1081 0
7601 7604 0
363 361 0
7721 7722 0
1911 1906 0
6738 6734 0
6468 6467 0
6142 6138 0
682 686 0
591 588 0
9214 9218 0
5590 5591 0
5325 5322 0
7006 7008 0
9793 9798 0
9962 9961 0
6577 6578 0
771 776 0
2052 2056 0
8384 8379 0
6192 6196 0
8470 8467 0
9139 9137 0
6177 6179 0
5377 5375 0
1505 1508 0
3362 3364 0
6678 6679 0
6161 6162 0
8494 8492 0
4301 4302 0
2028 2029 0
7318 7322 0
2851 2849 0
1389 1390 0
973 972 0
7243 7238 0
9827 9830 0
3279 3281 0
6590 6588 0
1703 1705 0
4635 4632 0
4722 4723 0
4865 4864 0
5441 5437 0
6693 6694 0
5896 5895 0
4891 4886 0
8636 8635 0
6404 6408 0
5586 5584 0
5930 5925 0
6307 6312 0
4785 4783 0
6413 6411 0
5472 5475 0
9802 9805 0
1580 1578 0
8027 8031 0
4286 4284 0
4152 4156 0
819 824 0
8189 8192 0
4491 4486 0
1504 1509 0
9778 9774 0
2122 2127 0
8749 8753 0
7633 7631 0
1325 1329 0
1337 1336 0
2767 2769 0
4434 4430 0
8286 8291 0
2066 2069 0
8519 8520 0
2841 2842 0
4484 4482 0
9516 9513 0
2549 2550 0
7939 7941 0
5959 5957 0
4694 4690 0
1263 1268 0
9706 9701 0
987 984 0
3054 3059 0
2670 2665 0
6684 6685 0
1362 1367 0
89 91 0
870 872 0
533 534 0
5674 5670 0
7974 7969 0
6221 6224 0
7833 7835 0
8293 8288 0
1839 1838 0
3238 3242 0
985 989 0
2838 2837 0
6957 6954 0
9759 9757 0
5694 5692 0
2383 2382 0
3285 3290 0
7298 7295 0
4609 4607 0
788 793 0
6046 6048 0
4362 4361 0
9883 9884 0
9094 9090 0
4373 4378 0
1586 1585 0
8262 8267 0
9099 9101 0
5203 5204 0
3118 3120 0
5610 5614 0
1446 1444 0
3503 3506 0
1790 1788 0
9180 9178 0
3891 3887 0
448 446 0
3791 3792 0
7419 7421 0
5227 5232 0
7528 7523 0
5802 5799 0
8342 8344 0
9374 9370 0
5902 5901 0
6798 6795 0
4894 4889 0
3513 3515 0
8473 8476 0
6841 6839 0
2274 2273 0
8503 8507 0
7507 7504 0
2461 2459 0
8786 8791 0
470 469 0
1314 1313 0
2229 2230 0
8613 8614 0
6916 6921 0
5375 5372 0
5651 5656 0
3824 3819 0
1260 1255 0
4601 4598 0
8144 8142 0
7379 7378 0
569 571 0
8546 8543 0
5848 5846 0
647 649 0
7993 7997 0
8466 8469 0
8911 8908 0
1897 1902 0
3060 3055 0
5217 5212 0
7461 7460 0
4276 4274 0
2389 2393 0
9784 9785 0
1830 1826 0
727 723 0
7008 7005 0
7364 7369 0
813 814 0
1174 1171 0
2363 2364 0
3814 3815 0
6599 6604 0
6315 6314 0
8057 8062 0
2239 2236 0
9233 9235 0
1418 1414 0
6356 6361 0
7744 7741 0
1839 1834 0
4552 4555 0
5114 5109 0
6365 6370 0
397 401 0
635 634 0
542 541 0
7635 7638 0
6636 6633 0
9670 9667 0
8108 8110 0
9039 9034 0
3158 3160 0
2214 2215 0
4395 4400 0
702 700 0
3626 3621 0
6755 6758 0
3381 3383 0
5096 5095 0
6390 6395 0
5684 5686 0
6228 6223 0
4706 4710 0
7241 7236 0
2364 2360 0
4486 4488 0
9722 9723 0
9275 9271 0
2423 2425 0
7926 7931 0
4246 4250 0
2462 2461 0
319 322 0
3912 3915 0
1770 1765 0
1646 1650 0
9981 9976 0
1534 1531 0
5363 5362 0
4618 4617 0
564 562 0
2474 2469 0
1846 1843 0
4712 4714 0
9768 9769 0
692 690 0
3931 3933 0
5229 5227 0
1891 1892 0
446 443 0
6670 6668 0
3050 3052 0
5044 5045 0
7674 7676 0
1615 1610 0
3767 3765 0
9194 9189 0
3092 3087 0
8109 8113 0
998 994 0
4940 4936 0
3352 3353 0
6205 6208 0
6033 6031 0
878 875 0
6863 6861 0
986 987 0
5660 5662 0
2177 2176 0
1789 1793 0
7758 7756 0
9759 9754 0
1097 1102 0
6032 6035 0
4672 4669 0
1472 1475 0
1335 1339 0
7854 7856 0
491 488 0
602 598 0
9611 9615 0
2531 2530 0
2384 2380 0
6501 6500 0
1701 1705 0
7479 7484 0
3250 3253 0
2298 2294 0
7551 7550 0
7976 7971 0
7105 7102 0
1720 1719 0
2277 2282 0
6320 6316 0
5928 5930 0
6179 6175 0
117 120 0
2224 2226 0
7284 7288 0
8396 8400 0
2715 2716 0
1110 1112 0
2253 2255 0
8804 8805 0
2400 2405 0
8094 8091 0
2251 2250 0
4220 4223 0
4126 4128 0
6396 6401 0
2788 2793 0
497 492 0
3402 3403 0
925 929 0
5104 5099 0
1695 1694 0
3251 3253 0
3042 3037 0
9013 9015 0
1683 1679 0
2801 2805 0
4998 5003 0
5150 5147 0
3985 3986 0
5069 5068 0
683 681 0
7364 7360 0
3032 3031 0
7228 7231 0
1641 1644 0
4124 4129 0
8457 8456 0
8184 8185 0
4386 4383 0
1646 1648 0
8677 8679 0
623 625 0
3293 3290 0
5653 5652 0
609 614 0
14 13 0
5542 5545 0
6532 6527 0
1031 1029 0
7890 7892 0
9809 9814 0
2679 2683 0
584 579 0
1066 1070 0
3469 3466 0
2584 2588 0
1903 1907 0
30 31 0
4913 4910 0
7908 7906 0
5723 5718 0
7191 7192 0
6338 6342 0
5621 5623 0
3121 3125 0
1078 1076 0
1474 1469 0
1987 1984 0
5049 5053 0
3276 3280 0
3453 3456 0
1408 1407 0
2166 2169 0
7109 7112 0
3441 3439 0
6729 6730 0
4619 4622 0
381 377 0
4812 4815 0
310 305 0
6497 6499 0
7581 7584 0
4896 4893 0
3817 3815 0
733 734 0
7491 7488 0
3244 3249 0
8880 8881 0
5608 5604 0
3897 3899 0
6968 6970 0
4083 4080 0
6304 6306 0
9675 9670 0
2826 2828 0
9080 9079 0
7270 7265 0
4065 4063 0
2245 2240 0
8147 8150 0
9591 9593 0
6487 6488 0
3715 3714 0
4637 4636 0
8536 8541 0
9214 9219 0
7887 7888 0
9316 9319 0
7021 7024 0
1732 1735 0
7227 7232 0
8124 8128 0
9790 9787 0
411 409 0
3151 3154 0
9676 9673 0
5838 5842 0
9143 9140 0
9537 9533 0
4361 4356 0
1152 1151 0
7602 7597 0
3038 3036 0
618 617 0
8518 8515 0
3395 3394 0
7844 7843 0
5004 5008 0
1774 1777 0
5360 5365 0
5434 5432 0
4218 4217 0
5287 5289 0
6634 6629 0
7937 7933 0
3358 3362 0
6710 6714 0
6139 6138 0
5440 5436 0
8716 8717 0
3340 3341 0
6185 6186 0
1605 1610 0
9564 9563 0
6668 6666 0
6888 6884 0
8122 8125 0
4111 4114 0
4520 4517 0
6345 6346 0
9151 9146 0
5466 5471 0
3489 3487 0
9722 9727 0
4452 4451 0
6695 6693 0
8498 8499 0
5711 5709 0
7342 7344 0
602 600 0
5446 5451 0
973 968 0
734 738 0
123 128 0
5269 5267 0
3689 3692 0
9302 9297 0
5479 5477 0
4594 4598 0
3879 3876 0
7519 7517 0
3462 3461 0
8975 8971 0
4878 4883 0
9685 9683 0
4098 4099 0
6223 6220 0
1465 1461 0
1052 1050 0
3318 3321 0
184 185 0
5577 5578 0
4350 4354 0
1409 1406 0
6937 6938 0
4718 4723 0
7088 7092 0
3670 3665 0
1362 1366 0
9578 9582 0
6245 6244 0
8064 8062 0
579 581 0
9619 9617 0
6681 6685 0
8869 8866 0
7730 7731 0
8615 8614 0
8946 8949 0
7184 7188 0
5847 5843 0
4514 4511 0
6172 6174 0
3515 3516 0
4008 4004 0
2616 2621 0
2806 2801 0
9338 9341 0
5823 5821 0
9410 9405 0
2062 2067 0
7779 7780 0
5494 5496 0
1415 1418 0
6617 6613 0
4543 4539 0
9088 9084 0
5302 5299 0
9519 9517 0
8513 8511 0
7981 7979 0
7168 7166 0
4223 4227 0
8558 8563 0
8045 8041 0
8560 8565 0
714 715 0
2671 2676 0
9051 9052 0
1910 1908 0
7899 7897 0
5780 5784 0
3315 3316 0
3113 3109 0
1752 1749 0
1094 1092 0
7051 7047 0
2650 2646 0
8823 8826 0
5247 5244 0
3230 3232 0
9146 9148 0
1050 1053 0
9507 9504 0
892 890 0
651 647 0
2216 2211 0
7872 7870 0
5392 5390 0
3742 3737 0
4288 4285 0
2630 2631 0
399 403 0
3884 3880 0
2613 2616 0
5239 5238 0
4246 4244 0
1274 1276 0
771 767 0
7579 7578 0
7814 7809 0
4173 4171 0
9496 9497 0
8102 8101 0
9258 9259 0
7189 7191 0
3100 3096 0
9605 9600 0
105 108 0
5735 5739 0
6512 6515 0
7120 7124 0
605 609 0
3702 3704 0
9586 9581 0
1123 1119 0
8288 8291 0
5160 5158 0
2965 2964 0
3251 3254 0
5024 5023 0
8363 8358 0
5790 5794 0
1378 1373 0
3561 3564 0
1723 1727 0
9139 9144 0
354 351 0
6736 6738 0
719 724 0
5213 5211 0
7556 7552 0
219 218 0
1842 1844 0
7560 7558 0
9998 9994 0
8646 8643 0
3613 3610 0
4878 4876 0
2528 2532 0
9825 9822 0
5382 5383 0
7541 7543 0
3647 3644 0
8685 8689 0
6436 6438 0
6783 6788 0
2255 2256 0
9321 9318 0
9161 9166 0
7217 7213 0
7436 7433 0
9421 9423 0
5430 5428 0
3407 3410 0
4477 4480 0
8716 8715 0
7812 7808 0
9651 9652 0
5163 5167 0
4516 4513 0
9689 9687 0
1798 1795 0
4680 4681 0
6348 6343 0
2937 2942 0
1194 1195 0
8018 8015 0
3890 3893 0
2782 2778 0
2523 2519 0
2505 2503 0
794 797 0
4107 4111 0
3434 3439 0
9334 9330 0
3127 3130 0
7964 7961 0
9450 9449 0
3455 3450 0
819 821 0
7128 7131 0
6002 5999 0
6163 6165 0
7558 7554 0
9992 9993 0
8247 8246 0
8638 8634 0
4781 4782 0
4616 4620 0
8718 8721 0
6702 6707 0
8167 8170 0
62 66 0
6780 6782 0
2555 2558 0
5147 5151 0
4894 4897 0
2247 2245 0
2649 2651 0
2021 2017 0
4653 4657 0
9025 9026 0
3791 3788 0
8315 8318 0
3248 3250 0
238 236 0
7690 7688 0
5097 5093 0
3489 3494 0
7655 7660 0
3704 3705 0
8139 8143 0
5827 5823 0
7875 7871 0
1879 1882 0
6923 6920 0
3260 3259 0
8290 8294 0
4342 4346 0
7384 7383 0
1750 1748 0
5256 5257 0
6410 6412 0
2931 2934 0
2166 2168 0
4703 4705 0
130 126 0
8698 8700 0
6414 6409 0
2114 2118 0
5010 5013 0
1114 1109 0
2776 2772 0
6606 6604 0
4723 4719 0
4598 4595 0
3140 3144 0
127 125 0
4862 4866 0
1851 1849 0
3805 3800 0
1571 1575 0
9912 9915 0
3457 3453 0
2934 2933 0
8496 8497 0
531 532 0
267 265 0
6763 6762 0
3109 3107 0
7764 7762 0
4026 4027 0
9338 9335 0
5731 5735 0
3430 3433 0
1118 1120 0
5278 5273 0
8563 8561 0
3972 3968 0
1136 1131 0
5786 5781 0
8315 8319 0
4421 4418 0
8801 8806 0
3678 3674 0
1618 1614 0
8735 8732 0
1306 1305 0
9427 9431 0
7054 7052 0
4205 4207 0
2828 2832 0
7641 7642 0
2238 2233 0
4275 4271 0
3193 3189 0
5689 5692 0
9457 9453 0
1265 1269 0
3538 3533 0
2590 2594 0
9499 9494 0
3518 3513 0
8203 8198 0
5602 5604 0
8917 8920 0
8344 8345 0
4446 4443 0
1081 1086 0
3586 3584 0
5917 5916 0
6470 6474 0
1443 1444 0
9790 9788 0
7503 7505 0
5695 5700 0
2885 2881 0
5646 5649 0
6119 6124 0
6887 6892 0
8316 8318 0
2529 2525 0
1947 1950 0
348 349 0
9907 9905 0
8006 8009 0
8840 8843 0
1329 1327 0
7480 7476 0
3458 3453 0
3572 3573 0
351 353 0
2850 2848 0
295 297 0
2838 2835 0
1444 1441 0
136 133 0
3849 3844 0
8621 8618 0
6368 6371 0
6733 6731 0
1040 1035 0
5536 5537 0
5492 5488 0
8174 8171 0
2426 2428 0
6404 6407 0
6458 6455 0
1708 1711 0
5157 5159 0
8234 8233 0
2137 2142 0
6865 6870 0
5739 5744 0
9126 9131 0
319 314 0
1165 1167 0
2756 2760 0
7840 7838 0
8766 8761 0
4612 4608 0
6622 6623 0
5091 5094 0
2145 2146 0
8147 8149 0
2860 2859 0
9907 9902 0
5634 5635 0
3277 3279 0
9764 9769 0
5527 5525 0
7668 7672 0
7977 7980 0
3588 3589 0
6134 6138 0
3098 3102 0
8972 8970 0
291 287 0
1402 1405 0
7818 7822 0
408 405 0
589 594 0
6592 6597 0
8598 8597 0
4811 4807 0
92 94 0
9531 9534 0
2630 2628 0
2821 2823 0
2514 2509 0
7940 7938 0
7149 7154 0
6331 6329 0
753 751 0
6278 6276 0
7025 7026 0
8212 8211 0
1449 1451 0
4735 4734 0
6673 6675 0
4248 4245 0
592 591 0
3632 3635 0
5769 5766 0
5321 5316 0
469 472 0
8958 8961 0
7012 7014 0
9194 9191 0
351 355 0
3517 3520 0
711 715 0
2533 2532 0
4092 4095 0
3154 3158 0
8894 8891 0
1554 1550 0
9699 9700 0
9106 9110 0
1321 1317 0
6051 6048 0
2688 2684 0
5508 5511 0
7605 7610 0
3784 3788 0
9655 9656 0
453 454 0
3379 3381 0
5802 5798 0
2282 2278 0
3609 3607 0
4752 4750 0
3012 3009 0
2499 2503 0
1048 1053 0
4044 4040 0
3368 3373 0
8832 8829 0
2888 2887 0
3179 3180 0
6167 6171 0
9580 9577 0
1776 1778 0
9831 9835 0
7013 7012 0
3411 3415 0
5027 5022 0
272 268 0
548 550 0
1555 1550 0
7506 7509 0
1252 1254 0
3628 3629 0
931 935 0
3261 3257 0
5133 5134 0
2674 2677 0
771 766 0
389 384 0
7326 7323 0
3293 3296 0
5036 5033 0
8978 8982 0
6782 6781 0
3921 3917 0
5412 5409 0
9719 9714 0
3534 3535 0
6107 6110 0
6193 6196 0
7351 7354 0
9955 9951 0
1358 1363 0
7848 7845 0
585 581 0
7263 7268 0
5441 5442 0
3226 3229 0
1340 1339 0
3696 3701 0
1804 1807 0
5008 5010 0
4236 4234 0
779 777 0
5618 5619 0
1001 1003 0
9688 9693 0
7655 7659 0
5927 5922 0
3890 3885 0
8307 8309 0
1327 1330 0
8599 8601 0
1633 1634 0
1994 1991 0
8924 8928 0
5380 5376 0
852 849 0
554 549 0
124 126 0
2376 2380 0
3607 3605 0
4386 4389 0
693 696 0
7397 7394 0
4797 4792 0
6390 6386 0
9733 9728 0
5937 5935 0
3956 3951 0
3531 3532 0
1147 1142 0
2018 2023 0
8354 8350 0
3056 3058 0
2184 2189 0
5375 5374 0
7042 7044 0
1237 1238 0
9899 9894 0
4888 4892 0
1621 1626 0
2660 2655 0
7261 7257 0
5320 5322 0
5389 5388 0
479 474 0
9768 9764 0
4503 4508 0
6995 6999 0
9780 9775 0
9118 9113 0
8237 8236 0
506 504 0
7139 7141 0
2185 2183 0
1686 1684 0
2841 2840 0
7663 7664 0
1800 1799 0
3108 3103 0
8760 8761 0
237 233 0
197 201 0
7941 7940 0
9226 9221 0
2566 2567 0
7794 7796 0
2232 2234 0
2521 2525 0
3731 3728 0
9261 9258 0
3718 3716 0
9363 9365 0
7729 7730 0
2477 2473 0
1198 1196 0
8537 8540 0
374 375 0
6481 6480 0
9241 9246 0
603 598 0
3757 3755 0
1194 1196 0
1369 1367 0
4343 4346 0
8363 8359 0
3830 3834 0
4146 4148 0
2044 2041 0
7023 7021 0
2219 2216 0
8615 8619 0
9323 9325 0
2666 2668 0
346 351 0
5614 5609 0
5696 5693 0
7212 7209 0
7967 7965 0
8277 8276 0
5281 5277 0
4603 4602 0
8879 8878 0
5970 5968 0
75 77 0
6194 6193 0
233 236 0
4638 4635 0
4125 4124 0
867 862 0
9274 9272 0
3392 3393 0
6961 6964 0
1590 1595 0
7188 7185 0
1998 1996 0
5752 5754 0
3610 3605 0
5027 5031 0
9241 9237 0
6115 6113 0
6709 6712 0
475 471 0
7077 7073 0
1848 1849 0
6141 6146 0
7809 7804 0
9172 9175 0
7542 7544 0
6321 6324 0
7169 7170 0
7900 7901 0
2483 2480 0
9393 9394 0
6561 6558 0
5895 5894 0
5420 5417 0
8483 8478 0
1770 1769 0
1826 1824 0
4156 4151 0
699 695 0
8277 8273 0
4015 4017 0
1258 1255 0
6690 6694 0
6080 6085 0
8854 8850 0
6175 6180 0
1413 1414 0
661 665 0
5767 5769 0
2119 2124 0
199 195 0
3620 3622 0
7862 7857 0
1558 1563 0
7178 7180 0
3727 3732 0
8443 8445 0
2030 2029 0
8916 8918 0
5458 5457 0
1379 1376 0
8257 8262 0
6776 6777 0
713 714 0
2283 2286 0
2788 2783 0
2944 2947 0
5252 5256 0
2916 2912 0
9801 9800 0
923 922 0
3995 3993 0
2271 2266 0
4935 4940 0
536 537 0
484 480 0
826 830 0
6034 6035 0
5526 5524 0
2361 2359 0
1616 1613 0
6695 6694 0
5335 5332 0
5570 5565 0
6242 6239 0
5986 5983 0
7689 7688 0
9533 9535 0
8665 8670 0
5264 5261 0
7089 7088 0
1064 1062 0
8036 8037 0
592 596 0
5271 5276 0
5380 5377 0
8613 8609 0
3403 3398 0
3681 3685 0
5792 5787 0
4207 4206 0
795 793 0
7843 7838 0
8521 8525 0
3418 3413 0
8008 8006 0
5127 5124 0
1065 1063 0
8613 8616 0
3999 3996 0
3106 3103 0
6805 6803 0
3347 3342 0
9859 9858 0
4621 4623 0
2471 2474 0
1525 1529 0
6300 6296 0
6431 6436 0
2536 2540 0
9280 9278 0
9623 9620 0
9912 9908 0
7213 7214 0
9927 9924 0
7692 7688 0
5576 5579 0
1189 1192 0
8154 8156 0
7782 7781 0
838 836 0
9490 9494 0
4190 4192 0
6278 6274 0
3867 3864 0
1709 1708 0
5082 5079 0
6797 6792 0
6694 6697 0
1696 1701 0
5261 5259 0
2655 2658 0
7685 7688 0
5464 5468 0
2574 2572 0
7009 7014 0
8062 8061 0
6253 6258 0
9 6 0
9144 9147 0
3099 3097 0
1073 1071 0
1073 1078 0
1868 1871 0
988 984 0
935 933 0
4782 4778 0
4418 4413 0
9066 9064 0
7720 7725 0
7776 7775 0
9239 9234 0
3162 3157 0
6576 6578 0
2005 2006 0
4839 4836 0
3094 3097 0
4327 4332 0
8357 8353 0
7920 7919 0
5496 5498 0
8557 8562 0
3018 3016 0
4003 4005 0
5431 5430 0
3515 3518 0
8017 8016 0
1751 1752 0
2227 2225 0
8857 8852 0
9361 9362 0
6674 6677 0
8928 8931 0
4105 4110 0
1905 1907 0
9328 9324 0
1318 1317 0
1456 1458 0
300 303 0
6359 6360 0
3431 3435 0
5189 5190 0
474 470 0
8368 8365 0
8825 8821 0
849 851 0
6426 6422 0
8938 8934 0
6323 6319 0
6676 6677 0
5361 5365 0
6412 6407 0
6269 6273 0
3471 3473 0
1839 1835 0
8443 8447 0
8504 8500 0
8420 8424 0
9780 9781 0
6365 6361 0
5578 5581 0
3730 3725 0
2633 2634 0
8618 8619 0
8185 8180 0
4706 4704 0
5475 5480 0
5578 5580 0
7619 7620 0
7918 7915 0
1684 1680 0
2406 2402 0
1915 1912 0
3618 3619 0
859 860 0
620 618 0
3658 3657 0
9006 9003 0
5190 5193 0
415 419 0
2112 2114 0
6105 6103 0
7650 7648 0
4238 4233 0
4607 4604 0
8610 8609 0
9485 9487 0
1968 1971 0
7567 7569 0
338 337 0
6782 6784 0
3484 3480 0
9838 9840 0
6149 6148 0
9444 9443 0
9740 9744 0
4862 4863 0
3584 3580 0
6597 6596 0
4606 4609 0
6286 6288 0
6641 6644 0
6211 6215 0
3218 3216 0
5677 5674 0
4558 4553 0
5919 5914 0
8947 8952 0
9959 9955 0
9238 9240 0
8776 8779 0
741 736 0
8032 8029 0
1323 1320 0
3121 3122 0
3933 3935 0
2459 2454 0
163 164 0
9694 9695 0
1046 1050 0
8812 8813 0
3583 3580 0
9883 9882 0
8856 8861 0
4727 4728 0
3708 3710 0
7346 7347 0
3000 3003 0
4323 4322 0
5093 5088 0
3135 3139 0
3730 3735 0
3503 3508 0
798 799 0
4272 4274 0
6839 6844 0
4438 4437 0
469 465 0
3897 3902 0
5751 5746 0
4872 4868 0
97 93 0
1454 1450 0
5573 5569 0
4988 4989 0
685 681 0
939 936 0
1383 1379 0
884 883 0
4249 4251 0
8374 8375 0
2331 2327 0
336 341 0
1382 1378 0
4908 4906 0
5795 5800 0
2389 2386 0
5448 5451 0
299 297 0
3202 3203 0
3394 3393 0
7175 7171 0
6340 6342 0
2514 2516 0
5551 5556 0
7099 7095 0
6096 6091 0
7149 7145 0
2432 2429 0
1954 1955 0
5006 5002 0
2622 2621 0
3696 3698 0
5314 5316 0
6229 6234 0
8759 8757 0
868 866 0
4197 4194 0
730 731 0
6393 6388 0
7078 7073 0
9233 9238 0
8186 8188 0
7461 7462 0
9964 9965 0
3343 3348 0
8602 8599 0
5425 5428 0
4085 4080 0
5018 5015 0
3477 3479 0
5465 5463 0
1414 1417 0
6440 6436 0
8801 8799 0
4670 4673 0
1004 1000 0
4303 4298 0
4261 4257 0
6374 6369 0
4338 4335 0
5373 5371 0
9696 9694 0
1172 1167 0
2099 2098 0
4110 4115 0
2898 2894 0
9424 9426 0
1444 1439 0
5602 5606 0
1897 1894 0
2146 2150 0
9054 9049 0
3216 3211 0
836 831 0
3712 3711 0
938 941 0
4208 4206 0
7866 7863 0
5107 5105 0
7414 7412 0
1686 1685 0
7216 7220 0
8022 8025 0
5337 5333 0
6943 6940 0
3931 3935 0
5354 5353 0
1712 1710 0
9383 9387 0
4710 4713 0
9669 9666 0
8117 8121 0
6125 6127 0
5444 5441 0
1313 1315 0
1510 1509 0
5153 5156 0
1121 1120 0
2409 2408 0
9717 9715 0
9290 9294 0
7183 7179 0
3269 3272 0
4164 4161 0
9418 9415 0
8792 8789 0
7667 7662 0
4707 4708 0
7052 7050 0
8748 8750 0
1786 1784 0
8348 8351 0
2883 2888 0
8227 8232 0
6889 6892 0
3142 3137 0
4870 4874 0
7886 7890 0
677 676 0
9245 9248 0
5822 5826 0
2495 2500 0
4161 4157 0
1401 1404 0
453 456 0
5195 5191 0
3935 3938 0
9354 9357 0
4004 4002 0
7375 7378 0
4974 4970 0
1635 1640 0
3698 3703 0
9512 9516 0
1522 1517 0
998 993 0
5561 5564 0
4008 4005 0
8415 8417 0
8070 8071 0
6110 6111 0
6379 6377 0
8950 8946 0
1398 1403 0
7524 7525 0
5344 5347 0
2109 2106 0
3064 3067 0
2478 2479 0
992 994 0
4073 4074 0
680 681 0
4129 4131 0
1167 1164 0
4338 4339 0
8506 8502 0
5181 5177 0
2775 2774 0
8305 8308 0
2729 2726 0
4912 4915 0
9373 9372 0
1334 1335 0
8560 8561 0
6684 6682 0
9366 9367 0
2029 2033 0
3015 3011 0
2094 2099 0
1378 1381 0
3735 3740 0
2623 2619 0
1674 1679 0
1298 1297 0
3738 3737 0
8620 8623 0
7456 7461 0
6672 6670 0
8784 8783 0
1586 1584 0
6128 6124 0
7694 7695 0
1726 1724 0
1647 1643 0
9089 9093 0
6130 6129 0
8187 8188 0
5798 5801 0
3714 3710 0
1304 1301 0
8783 8787 0
4061 4060 0
4113 4110 0
4490 4489 0
8721 8724 0
6986 6988 0
2473 2476 0
6186 6181 0
3838 3839 0
3000 2995 0
9929 9926 0
11 6 0
1353 1351 0
8559 8557 0
3737 3733 0
7200 7204 0
4273 4276 0
394 393 0
4434 4429 0
9850 9845 0
3107 3104 0
4731 4729 0
6344 6346 0
9965 9966 0
3687 3682 0
2870 2874 0
7817 7814 0
2049 2053 0
9435 9432 0
4294 4296 0
292 294 0
6486 6488 0
6506 6503 0
9254 9253 0
735 731 0
1727 1725 0
8119 8121 0
3981 3976 0
72 77 0
8707 8702 0
523 525 0
1798 1801 0
9556 9551 0
7325 7329 0
6795 6794 0
8230 8233 0
795 791 0
7472 7468 0
1496 1500 0
6635 6640 0
9106 9101 0
6384 6381 0
4824 4819 0
9573 9568 0
7973 7968 0
4716 4718 0
1496 1498 0
6024 6021 0
3057 3053 0
6870 6871 0
3169 3173 0
3187 3185 0
3138 3140 0
9428 9431 0
7677 7676 0
1638 1636 0
6788 6786 0
5792 5789 0
4090 4086 0
3056 3054 0
3962 3964 0
4648 4651 0
2864 2865 0
7297 7293 0
8886 8887 0
2367 2362 0
672 673 0
2235 2234 0
7134 7138 0
6266 6269 0
8894 8893 0
1496 1493 0
2733 2738 0
4442 4445 0
8823 8821 0
6189 6193 0
5642 5640 0
8435 8434 0
2738 2740 0
8568 8572 0
2031 2033 0
5 8 0
8604 8599 0
6547 6543 0
6735 6738 0
1959 1956 0
7809 7813 0
6884 6886 0
5440 5442 0
5730 5731 0
8054 8057 0
9459 9460 0
5905 5900 0
5254 5252 0
6361 6359 0
7206 7211 0
4636 4635 0
5794 5792 0
2575 2570 0
8984 8983 0
1418 1419 0
6623 6628 0
4958 4959 0
3292 3297 0
9894 9897 0
211 206 0
6300 6305 0
9113 9117 0
6116 6118 0
7930 7932 0
2969 2968 0
147 142 0
3809 3808 0
460 457 0
3801 3804 0
2733 2731 0
5606 5611 0
1959 1962 0
5138 5143 0
2004 1999 0
1879 1878 0
200 204 0
5443 5441 0
5479 5482 0
4813 4815 0
2192 2189 0
4159 4155 0
8189 8193 0
2745 2747 0
7292 7289 0
1442 1437 0
5820 5815 0
8212 8213 0
1616 1619 0
600 599 0
9983 9980 0
8123 8120 0
7439 7437 0
3894 3890 0
959 961 0
7408 7409 0
2797 2801 0
2364 2367 0
6838 6839 0
5430 5433 0
768 765 0
3367 3372 0
6851 6855 0
4505 4500 0
6119 6118 0
6473 6468 0
946 948 0
2168 2163 0
5469 5472 0
4325 4321 0
777 780 0
7891 7895 0
7565 7569 0
3820 3818 0
7458 7462 0
1944 1946 0
3379 3378 0
7770 7768 0
9221 9217 0
9061 9057 0
2489 2494 0
9608 9605 0
9853 9849 0
1981 1976 0
9119 9116 0
6351 6349 0
5626 5624 0
4385 4380 0
239 242 0
323 327 0
3377 3381 0
2864 2869 0
7464 7462 0
6522 6526 0
9700 9704 0
4562 4566 0
2212 2213 0
6639 6637 0
2996 2992 0
3460 3456 0
5324 5325 0
472 476 0
8038 8033 0
3323 3325 0
5036 5037 0
8866 8865 0
587 592 0
83 79 0
8054 8049 0
2141 2143 0
877 874 0
5690 5687 0
1556 1557 0
357 356 0
317 312 0
3852 3849 0
4055 4051 0
9828 9824 0
1243 1246 0
6273 6270 0
561 558 0
8423 8421 0
8399 8401 0
7864 7863 0
8444 8439 0
5735 5730 0
8558 8560 0
9778 9779 0
6007 6010 0
1971 1967 0
2785 2783 0
4519 4516 0
6847 6845 0
5876 5872 0
5370 5369 0
5272 5269 0
2155 2157 0
344 348 0
3107 3106 0
4769 4772 0
3041 3037 0
6897 6896 0
678 679 0
3239 3244 0
4767 4772 0
4264 4266 0
3855 3858 0
9312 9311 0
7482 7479 0
6039 6035 0
9667 9665 0
2645 2640 0
3186 3185 0
5104 5108 0
3329 3330 0
4127 4125 0
2617 2620 0
5539 5536 0
3305 3310 0
8803 8802 0
7811 7812 0
3259 3257 0
8489 8484 0
8740 8743 0
18 14 0
6298 6301 0
1405 1408 0
3703 3706 0
8472 8469 0
1409 1410 0
2315 2312 0
6646 6643 0
3177 3178 0
580 577 0
182 183 0
916 918 0
9947 9952 0
9617 9615 0
5218 5219 0
6295 6294 0
791 792 0
4495 4490 0
8877 8875 0
1200 1204 0
2305 2308 0
4926 4921 0
2065 2061 0
6364 6359 0
874 872 0
890 891 0
3558 3556 0
109 104 0
2704 2706 0
5484 5482 0
7849 7851 0
6513 6515 0
9662 9665 0
7297 7295 0
1598 1601 0
9149 9150 0
1792 1791 0
2699 2694 0
762 757 0
3162 3166 0
3140 3145 0
846 844 0
2808 2803 0
4749 4745 0
4858 4854 0
6096 6101 0
1782 1784 0
5771 5770 0
1005 1008 0
5893 5892 0
4148 4144 0
6948 6950 0
6945 6943 0
1918 1913 0
5003 5002 0
495 500 0
6560 6564 0
9430 9434 0
1831 1829 0
5346 5343 0
7114 7118 0
6367 6363 0
2128 2124 0
2482 2478 0
4369 4367 0
6956 6957 0
5866 5869 0
4810 4809 0
2962 2957 0
8619 8616 0
8869 8871 0
8337 8332 0
5496 5501 0
9254 9259 0
7486 7481 0
9962 9957 0
5088 5090 0
3655 3650 0
551 552 0
8672 8669 0
7167 7169 0
6935 6934 0
2283 2282 0
601 597 0
9245 9241 0
6907 6903 0
5384 5381 0
290 295 0
9148 9144 0
2491 2494 0
1198 1201 0
5222 5226 0
9059 9056 0
5929 5924 0
3450 3449 0
2575 2578 0
6239 6243 0
7141 7143 0
2274 2272 0
8285 8287 0
2775 2777 0
1460 1465 0
8626 8628 0
9176 9174 0
66 69 0
2368 2365 0
9530 9529 0
3939 3937 0
3908 3913 0
2293 2295 0
7506 7501 0
9786 9791 0
9225 9228 0
7770 7773 0
1514 1516 0
1395 1396 0
2215 2218 0
6535 6530 0
2678 2674 0
7857 7859 0
9220 9218 0
7452 7456 0
6952 6957 0
1683 1680 0
3610 3611 0
5644 5648 0
6995 6991 0
6235 6230 0
6726 6731 0
7883 7887 0
9225 9221 0
8924 8925 0
8049 8052 0
8461 8466 0
548 544 0
264 261 0
5746 5744 0
7905 7909 0
8470 8471 0
8492 8491 0
3995 3999 0
2711 2706 0
7113 7112 0
5493 5488 0
9625 9628 0
5983 5988 0
6173 6177 0
7795 7790 0
1287 1286 0
7702 7699 0
7084 7088 0
4091 4089 0
9184 9189 0
887 891 0
7139 7144 0
4940 4941 0
7632 7627 0
4817 4812 0
7003 7008 0
3829 3830 0
2214 2217 0
5047 5048 0
6275 6277 0
6726 6729 0
4710 4714 0
1653 1650 0
7380 7377 0
3250 3246 0
8508 8507 0
363 360 0
7499 7503 0
1400 1401 0
2320 2317 0
7891 7887 0
2255 2259 0
4518 4514 0
1151 1149 0
1578 1574 0
29 25 0
4892 4893 0
941 943 0
343 338 0
8697 8696 0
7039 7036 0
1589 1585 0
4908 4903 0
5210 5213 0
6462 6467 0
8063 8060 0
4669 4664 0
7115 7110 0
7065 7061 0
9253 9251 0
1978 1979 0
7600 7595 0
4029 4034 0
93 90 0
9118 9123 0
7069 7074 0
8129 8132 0
3837 3832 0
1845 1843 0
308 313 0
4750 4749 0
7286 7290 0
2247 2249 0
563 561 0
571 573 0
8537 8536 0
9690 9686 0
9762 9759 0
5275 5280 0
9618 9616 0
3004 3009 0
318 317 0
7034 7031 0
3813 3809 0
3999 3997 0
2755 2760 0
5319 5321 0
1219 1223 0
8339 8341 0
6212 6214 0
8331 8334 0
5559 5555 0
6323 6328 0
4382 4384 0
5049 5050 0
4227 4225 0
6173 6176 0
7631 7628 0
2874 2873 0
9308 9310 0
1948 1950 0
6582 6580 0
2741 2740 0
4027 4030 0
2393 2392 0
3769 3772 0
9923 9921 0
9258 9262 0
9422 9417 0
2937 2934 0
9105 9108 0
1666 1663 0
898 893 0
6932 6937 0
1140 1142 0
9507 9508 0
6488 6492 0
6523 6518 0
1660 1662 0
2116 2121 0
3532 3528 0
9344 9347 0
3318 3323 0
3899 3896 0
174 170 0
6680 6677 0
5508 5506 0
1465 1468 0
8340 8337 0
6426 6421 0
9986 9981 0
3163 3168 0
1091 1095 0
172 171 0
4865 4861 0
5297 5293 0
1527 1529 0
6210 6214 0
1022 1018 0
6889 6893 0
150 151 0
1841 1844 0
1357 1362 0
786 787 0
7944 7942 0
3038 3033 0
6846 6843 0
8827 8825 0
6663 6662 0
2846 2848 0
2069 2074 0
853 856 0
9276 9278 0
3670 3669 0
1324 1325 0
2497 2496 0
8782 8786 0
8025 8024 0
668 664 0
8638 8637 0
5871 5869 0
6223 6222 0
8026 8022 0
7850 7851 0
8948 8952 0
8299 8298 0
7866 7861 0
765 770 0
2453 2456 0
6153 6154 0
6729 6732 0
6458 6461 0
8433 8431 0
6332 6334 0
9901 9900 0
7650 7655 0
9691 9692 0
1831 1836 0
5954 5953 0
4675 4670 0
6523 6527 0
6210 6205 0
1914 1909 0
3942 3939 0
2744 2749 0
5534 5535 0
5799 5800 0
7097 7094 0
8178 8176 0
2883 2882 0
4539 4536 0
9560 9555 0
4103 4105 0
4121 4120 0
1820 1823 0
8857 8855 0
5719 5717 0
2991 2987 0
4383 4388 0
1767 1771 0
8876 8872 0
6930 6925 0
3595 3592 0
2634 2635 0
6621 6616 0
5567 5570 0
8815 8814 0
4613 4618 0
1238 1239 0
9842 9844 0
4226 4224 0
3519 3520 0
5458 5460 0
9893 9892 0
591 590 0
7049 7052 0
4481 4482 0
532 533 0
1144 1139 0
1568 1564 0
5568 5570 0
6912 6914 0
4181 4177 0
8575 8572 0
173 175 0
2000 2002 0
8807 8802 0
6786 6781 0
5601 5602 0
6723 6724 0
9548 9546 0
9291 9295 0
2282 2286 0
7889 7888 0
3391 3390 0
1542 1547 0
8422 8424 0
5943 5939 0
3171 3168 0
912 908 0
780 778 0
7036 7038 0
7808 7813 0
589 585 0
7532 7535 0
5076 5074 0
8293 8297 0
3705 3706 0
3609 3614 0
3374 3376 0
7916 7911 0
6180 6182 0
4852 4849 0
975 977 0
7681 7680 0
3902 3906 0
160 158 0
8012 8013 0
9911 9909 0
4424 4420 0
3893 3897 0
45 41 0
6145 6147 0
9379 9374 0
5237 5236 0
7497 7501 0
174 169 0
6919 6917 0
7616 7619 0
9506 9504 0
5073 5071 0
9938 9939 0
8395 8394 0
7860 7865 0
4573 4577 0
5276 5274 0
5688 5689 0
4468 4467 0
8226 8225 0
9019 9023 0
1266 1271 0
1530 1534 0
2665 2669 0
7904 7907 0
5852 5851 0
7586 7588 0
1462 1463 0
763 768 0
4495 4492 0
806 809 0
8908 8904 0
7063 7068 0
326 322 0
4362 4360 0
7028 7033 0
2486 2490 0
549 545 0
2751 2755 0
1331 1329 0
9771 9776 0
3343 3345 0
9280 9276 0
2101 2099 0
4463 4462 0
6301 6302 0
4412 4407 0
9056 9052 0
7445 7449 0
9481 9484 0
389 394 0
212 216 0
1553 1555 0
2717 2712 0
5960 5962 0
9020 9025 0
3413 3410 0
7789 7784 0
7072 7067 0
3255 3256 0
8348 8344 0
3458 3462 0
7299 7301 0
3476 3479 0
5511 5516 0
4313 4316 0
4416 4413 0
3539 3542 0
8708 8704 0
5737 5734 0
6081 6085 0
2872 2874 0
6744 6746 0
1453 1457 0
8852 8847 0
8636 8634 0
7376 7373 0
4039 4038 0
9257 9259 0
2240 2237 0
4737 4734 0
7878 7875 0
7195 7190 0
2665 2668 0
2800 2805 0
8361 8356 0
2827 2826 0
207 212 0
5681 5682 0
2725 2724 0
9729 9731 0
6067 6069 0
4007 4011 0
9594 9597 0
5426 5423 0
6748 6746 0
404 400 0
9624 9623 0
5208 5213 0
1936 1933 0
4526 4523 0
8680 8684 0
7289 7288 0
1722 1727 0
2571 2568 0
4237 4242 0
7947 7949 0
5254 5259 0
2152 2153 0
3129 3126 0
8343 8339 0
1101 1103 0
124 127 0
1456 1460 0
5887 5890 0
5925 5923 0
8585 8586 0
9734 9729 0
577 582 0
2432 2430 0
8591 8595 0
10000 9995 0
5608 5607 0
9412 9407 0
8957 8960 0
9011 9016 0
8415 8413 0
9608 9612 0
6462 6458 0
708 704 0
2684 2681 0
2434 2430 0
5058 5055 0
5522 5518 0
9922 9924 0
3980 3984 0
2663 2662 0
7890 7888 0
6491 6495 0
7751 7747 0
9527 9530 0
9878 9877 0
322 327 0
9163 9162 0
8277 8275 0
8149 8148 0
4591 4588 0
1843 1847 0
7675 7680 0
2917 2918 0
1191 1195 0
5844 5845 0
7119 7116 0
802 797 0
1923 1920 0
2295 2291 0
6904 6903 0
3949 3954 0
354 349 0
7127 7125 0
2145 2144 0
8263 8266 0
2193 2195 0
8739 8741 0
1026 1021 0
4 9 0
4051 4046 0
9709 9714 0
176 181 0
1335 1332 0
6264 6260 0
6709 6713 0
9116 9111 0
7692 7697 0
3831 3829 0
4017 4016 0
6822 6820 0
5370 5375 0
2643 2648 0
926 924 0
5594 5599 0
5020 5021 0
7566 7565 0
5003 5004 0
3719 3717 0
9969 9964 0
4392 4390 0
1325 1328 0
1001 996 0
7827 7823 0
4479 4480 0
7192 7193 0
943 938 0
6755 6751 0
7803 7806 0
1722 1719 0
9994 9992 0
9167 9168 0
8421 8424 0
7352 7348 0
1990 1985 0
9528 9533 0
6745 6744 0
1016 1020 0
9010 9009 0
3233 3236 0
8645 8643 0
3803 3801 0
800 796 0
5938 5934 0
5820 5816 0
3999 4000 0
1381 1386 0
4511 4516 0
1839 1843 0
3643 3640 0
2903 2900 0
6985 6984 0
6778 6780 0
8063 8066 0
9164 9163 0
259 254 0
8596 8594 0
8173 8177 0
5169 5174 0
5768 5771 0
4976 4973 0
8740 8744 0
609 608 0
2853 2858 0
5771 5774 0
414 413 0
3846 3845 0
617 613 0
5985 5987 0
2098 2095 0
3075 3072 0
2070 2069 0
7608 7605 0
4930 4932 0
1967 1966 0
5863 5862 0
8741 8743 0
7596 7600 0
6640 6638 0
7834 7831 0
3000 2998 0
8320 8315 0
1542 1545 0
4681 4678 0
3439 3436 0
5436 5435 0
9476 9477 0
26 22 0
4123 4118 0
5315 5310 0
3418 3415 0
4165 4160 0
4804 4808 0
5011 5007 0
4773 4776 0
5565 5563 0
1571 1569 0
9597 9592 0
8813 8808 0
4811 4810 0
3506 3511 0
4798 4799 0
7974 7979 0
9475 9472 0
9877 9875 0
6654 6659 0
6572 6567 0
3975 3977 0
7727 7729 0
6135 6140 0
3276 3272 0
4774 4770 0
2333 2338 0
4580 4585 0
1474 1479 0
683 687 0
8259 8255 0
3228 3231 0
9072 9068 0
2650 2648 0
6872 6876 0
4764 4766 0
7729 7724 0
8855 8858 0
3157 3158 0
7274 7277 0
6536 6532 0
3181 3184 0
2125 2123 0
1375 1374 0
4064 4068 0
4239 4234 0
6539 6543 0
9234 9229 0
3072 3068 0
3077 3072 0
2155 2159 0
6771 6775 0
1894 1893 0
6578 6582 0
3639 3638 0
2777 2773 0
9826 9824 0
9363 9361 0
1853 1856 0
3184 3183 0
8892 8894 0
7277 7278 0
254 253 0
613 611 0
1229 1227 0
3811 3810 0
4439 4437 0
5928 5925 0
9380 9385 0
1988 1991 0
9229 9228 0
5754 5759 0
3186 3189 0
3450 3446 0
276 274 0
1630 1634 0
7989 7993 0
1864 1867 0
8992 8995 0
6447 6446 0
9974 9972 0
8399 8394 0
295 294 0
9681 9685 0
5365 5368 0
3941 3942 0
1972 1967 0
2939 2935 0
4825 4830 0
7944 7940 0
7075 7078 0
3524 3525 0
4662 4659 0
9990 9991 0
9946 9943 0
368 367 0
3529 3525 0
975 974 0
7568 7571 0
8552 8550 0
6808 6804 0
3731 3730 0
9557 9560 0
6826 6827 0
752 753 0
4180 4179 0
9325 9324 0
6065 6061 0
8481 8477 0
9185 9184 0
9440 9444 0
5786 5790 0
3340 3344 0
3953 3958 0
4947 4950 0
3754 3755 0
5554 5550 0
7753 7749 0
3434 3431 0
2730 2729 0
151 148 0
3381 3385 0
5726 5729 0
2748 2744 0
4042 4039 0
9015 9011 0
7484 7486 0
1339 1338 0
6383 6381 0
5132 5135 0
2284 2286 0
3000 3001 0
9800 9799 0
7638 7634 0
3787 3788 0
4523 4521 0
6151 6147 0
287 288 0
4386 4388 0
8090 8092 0
5317 5316 0
8761 8757 0
4228 4224 0
8352 8349 0
1793 1790 0
2777 2772 0
9187 9184 0
8239 8234 0
5001 5004 0
6428 6425 0
3552 3556 0
5226 5225 0
9577 9574 0
2604 2599 0
5399 5396 0
7934 7931 0
1567 1563 0
710 708 0
6301 6304 0
9467 9466 0
3764 3768 0
631 633 0
6474 6475 0
1297 1294 0
1930 1929 0
1628 1630 0
1452 1457 0
5181 5186 0
5567 5569 0
2544 2548 0
9557 9558 0
6771 6774 0
1082 1080 0
5212 5216 0
9236 9232 0
8828 8833 0
7203 7200 0
1709 1707 0
3955 3952 0
2751 2748 0
9821 9826 0
1915 1917 0
5532 5527 0
1694 1690 0
4138 4142 0
9190 9193 0
6461 6463 0
8102 8103 0
8391 8395 0
3594 3596 0
6917 6921 0
7521 7522 0
5624 5622 0
6052 6056 0
6110 6115 0
6639 6636 0
9647 9651 0
8180 8175 0
8745 8749 0
4772 4775 0
7691 7689 0
3432 3431 0
3888 3886 0
9427 9429 0
551 549 0
4616 4612 0
3351 3349 0
7177 7176 0
6758 6757 0
2826 2823 0
6073 6072 0
1624 1621 0
4159 4157 0
2469 2470 0
8134 8138 0
8384 8383 0
2547 2542 0
4806 4808 0
634 638 0
6269 6272 0
3864 3866 0
4760 4758 0
2016 2018 0
8710 8705 0
5169 5166 0
2499 2504 0
7839 7834 0
478 480 0
6784 6786 0
6377 6374 0
7967 7964 0
3671 3670 0
9920 9924 0
8729 8727 0
106 108 0
2574 2569 0
5024 5019 0
6333 6336 0
2258 2260 0
7015 7011 0
4433 4435 0
7009 7004 0
5259 5255 0
2867 2869 0
4378 4379 0
8690 8692 0
2360 2358 0
9988 9993 0
9499 9503 0
2844 2843 0
3097 3096 0
6128 6129 0
8409 8414 0
6502 6498 0
9927 9932 0
406 410 0
4085 4084 0
7731 7732 0
1182 1185 0
1231 1230 0
5112 5117 0
2806 2811 0
2765 2763 0
2566 2561 0
9382 9381 0
4937 4939 0
9948 9950 0
3445 3444 0
9145 9143 0
425 420 0
4390 4393 0
7097 7102 0
6997 6993 0
2971 2972 0
6319 6321 0
4242 4247 0
7639 7638 0
9223 9225 0
8689 8684 0
3056 3060 0
5731 5727 0
3962 3960 0
5481 5486 0
1804 1805 0
5262 5263 0
3374 3369 0
4982 4979 0
5900 5902 0
6743 6747 0
7447 7449 0
2236 2233 0
22 20 0
4795 4798 0
9812 9811 0
9354 9356 0
5029 5027 0
8896 8901 0
4784 4781 0
1853 1849 0
5864 5867 0
5435 5434 0
2897 2901 0
4821 4826 0
7173 7169 0
3986 3989 0
4885 4884 0
1108 1112 0
1931 1932 0
8313 8308 0
359 354 0
6647 6648 0
8286 8283 0
9782 9786 0
9763 9767 0
1032 1035 0
4232 4231 0
5117 5114 0
9098 9096 0
83 80 0
3804 3800 0
25 24 0
5479 5484 0
55 52 0
7644 7649 0
2596 2601 0
1257 1260 0
768 772 0
8829 8825 0
6006 6010 0
2932 2931 0
4016 4018 0
1120 1123 0
9306 9311 0
8200 8203 0
9089 9086 0
7055 7057 0
6109 6111 0
741 745 0
6543 6544 0
7960 7961 0
5084 5081 0
5349 5351 0
9097 9095 0
4536 4534 0
3327 3322 0
8390 8395 0
2663 2661 0
9335 9339 0
8545 8541 0
7737 7736 0
9569 9572 0
8417 8421 0
861 859 0
8844 8842 0
5177 5180 0
8516 8520 0
4011 4008 0
3003 2998 0
4816 4815 0
9900 9905 0
3136 3140 0
9080 9076 0
3233 3229 0
3291 3289 0
88 92 0
5290 5293 0
7130 7129 0
7692 7694 0
2544 2543 0
9157 9159 0
1432 1437 0
3129 3125 0
8358 8360 0
831 827 0
3406 3405 0
419 421 0
5070 5065 0
2588 2589 0
6769 6772 0
9623 9627 0
6879 6880 0
7328 7331 0
2743 2742 0
5232 5236 0
7697 7696 0
6534 6537 0
2373 2378 0
3116 3115 0
5271 5270 0
9444 9442 0
3561 3566 0
1581 1579 0
27 26 0
3153 3150 0
4699 4703 0
6607 6602 0
4118 4116 0
1796 1798 0
1830 1827 0
7090 7093 0
2164 2161 0
3745 3741 0
9527 9529 0
1861 1864 0
7455 7456 0
7107 7106 0
8387 8384 0
3137 3138 0
3711 3710 0
3103 3102 0
9429 9433 0
4809 4811 0
5728 5723 0
5 6 0
2095 2092 0
1493 1497 0
1553 1557 0
8673 8675 0
1419 1417 0
6366 6363 0
2877 2875 0
9151 9147 0
5005 5001 0
7960 7963 0
587 589 0
7358 7361 0
968 965 0
6291 6295 0
5436 5431 0
3616 3614 0
3112 3111 0
2341 2340 0
7809 7812 0
8578 8579 0
3218 3213 0
6364 6366 0
9277 9282 0
8898 8897 0
8450 8445 0
6331 6326 0
3480 3479 0
9585 9584 0
8751 8746 0
2944 2946 0
5148 5152 0
8265 8261 0
9819 9822 0
9675 9673 0
4819 4816 0
853 855 0
1143 1144 0
4261 4264 0
1605 1609 0
5980 5985 0
7066 7063 0
3634 3632 0
1904 1905 0
8159 8161 0
8478 8476 0
2651 2653 0
6877 6878 0
6768 6769 0
2851 2846 0
5153 5152 0
649 648 0
4487 4491 0
922 918 0
8957 8953 0
4967 4965 0
5104 5107 0
5803 5804 0
431 430 0
6211 6206 0
3135 3134 0
4088 4093 0
5521 5522 0
919 924 0
607 602 0
2751 2750 0
4297 4298 0
8740 8742 0
6591 6588 0
579 582 0
5207 5206 0
516 511 0
4276 4278 0
91 93 0
7035 7039 0
1875 1873 0
159 157 0
166 168 0
6790 6794 0
899 898 0
4089 4092 0
5266 5265 0
8210 8208 0
2002 1998 0
6947 6946 0
7545 7547 0
9638 9635 0
4971 4976 0
6380 6383 0
4102 4106 0
1842 1841 0
8184 8186 0
4436 4438 0
7005 7003 0
1865 1861 0
6449 6445 0
7871 7874 0
5881 5884 0
5913 5910 0
7169 7171 0
7067 7071 0
6362 6359 0
2837 2836 0
9270 9272 0
9232 9237 0
1880 1884 0
9132 9131 0
1321 1324 0
1770 1768 0
8485 8484 0
1048 1051 0
7726 7729 0
8612 8615 0
9167 9171 0
6202 6201 0
4670 4671 0
5952 5949 0
2391 2395 0
9706 9704 0
7002 7006 0
2511 2508 0
7954 7955 0
2617 2621 0
2813 2816 0
8651 8653 0
1715 1719 0
7459 7460 0
9987 9985 0
6533 6528 0
4723 4720 0
8306 8307 0
6453 6450 0
5045 5047 0
8704 8699 0
1734 1729 0
6254 6256 0
6209 6213 0
2285 2290 0
9145 9149 0
450 447 0
104 99 0
2484 2486 0
4211 4208 0
8969 8965 0
8703 8707 0
837 835 0
3742 3744 0
4873 4869 0
5884 5885 0
630 627 0
3389 3394 0
2092 2097 0
1674 1672 0
3099 3100 0
4373 4375 0
6522 6517 0
4742 4739 0
9386 9384 0
587 583 0
6969 6967 0
2095 2096 0
8345 8349 0
6716 6715 0
5611 5614 0
2344 2349 0
9564 9568 0
3711 3707 0
8207 8206 0
3370 3366 0
3023 3021 0
6416 6412 0
7974 7973 0
7349 7350 0
5468 5465 0
2857 2861 0
4965 4963 0
4591 4596 0
147 151 0
8687 8682 0
2690 2694 0
5392 5395 0
834 833 0
150 148 0
6295 6293 0
2080 2075 0
1827 1826 0
1864 1860 0
1718 1715 0
6087 6089 0
7943 7945 0
3457 3455 0
929 930 0
2587 2586 0
1447 1448 0
2232 2236 0
6037 6035 0
2344 2346 0
3930 3927 0
1025 1030 0
5857 5853 0
2967 2962 0
2181 2186 0
1203 1202 0
3032 3033 0
8742 8737 0
670 671 0
2909 2914 0
1596 1599 0
2888 2885 0
2211 2206 0
5629 5633 0
4120 4117 0
9807 9811 0
9814 9816 0
395 400 0
2765 2764 0
4886 4884 0
3284 3285 0
4922 4917 0
9865 9870 0
5163 5166 0
4464 4469 0
4677 4679 0
1871 1870 0
1568 1570 0
2308 2306 0
2253 2250 0
3155 3159 0
2171 2175 0
6723 6722 0
8427 8422 0
294 289 0
823 826 0
3350 3345 0
1777 1782 0
1810 1805 0
707 706 0
2799 2797 0
7881 7879 0
2439 2437 0
2599 2597 0
4963 4960 0
6113 6117 0
2658 2662 0
739 740 0
8867 8862 0
4933 4932 0
2466 2462 0
6187 6192 0
2652 2654 0
8312 8308 0
9822 9817 0
6680 6679 0
7054 7058 0
4077 4078 0
8518 8520 0
2026 2031 0
626 625 0
995 994 0
9486 9487 0
6432 6437 0
6203 6201 0
6246 6250 0
7994 7998 0
6013 6011 0
5583 5582 0
6021 6023 0
1788 1792 0
6422 6418 0
8596 8601 0
9726 9722 0
9821 9817 0
4453 4452 0
4351 4350 0
5342 5341 0
3563 3559 0
8610 8608 0
7206 7202 0
9005 9010 0
9680 9676 0
5516 5515 0
261 258 0
2526 2531 0
2017 2013 0
4633 4628 0
9545 9542 0
2182 2178 0
6517 6521 0
1032 1029 0
8862 8863 0
5104 5101 0
4443 4447 0
2961 2962 0
8812 8811 0
9304 9306 0
6299 6300 0
2634 2632 0
5297 5302 0
3106 3104 0
8295 8291 0
2727 2723 0
5918 5917 0
2788 2791 0
9136 9140 0
4819 4822 0
3049 3051 0
9965 9969 0
4587 4582 0
8967 8970 0
7678 7675 0
4689 4690 0
8481 8480 0
8134 8131 0
8271 8273 0
7815 7813 0
846 847 0
322 320 0
7540 7536 0
7253 7257 0
1231 1232 0
4486 4487 0
5801 5800 0
9858 9861 0
7479 7477 0
8306 8301 0
7298 7301 0
5058 5063 0
8558 8556 0
919 923 0
1108 1104 0
179 176 0
5561 5566 0
5884 5888 0
3455 3452 0
1730 1729 0
1584 1579 0
6392 6387 0
3596 3600 0
3885 3886 0
640 635 0
3134 3133 0
1051 1056 0
6480 6477 0
9329 9326 0
6701 6704 0
428 433 0
3423 3427 0
6770 6765 0
110 113 0
1193 1195 0
5324 5327 0
7582 7578 0
1214 1211 0
9635 9631 0
9952 9949 0
1878 1883 0
3929 3924 0
8571 8573 0
882 887 0
304 299 0
7352 7347 0
7837 7838 0
8000 8004 0
146 144 0
1238 1235 0
8643 8639 0
4747 4744 0
8830 8827 0
7090 7092 0
7063 7061 0
1224 1227 0
5848 5845 0
6158 6162 0
3410 3414 0
4726 4724 0
3658 3654 0
2892 2889 0
5064 5060 0
3075 3078 0
7941 7936 0
2330 2333 0
5803 5798 0
9736 9731 0
2259 2262 0
3524 3521 0
3890 3889 0
2836 2834 0
8929 8926 0
1852 1848 0
5250 5246 0
3178 3174 0
2579 2575 0
5089 5085 0
8978 8980 0
3825 3828 0
6315 6318 0
8904 8905 0
1920 1919 0
3808 3806 0
5999 5994 0
61 63 0
4662 4658 0
7781 7786 0
8987 8989 0
3111 3110 0
7344 7343 0
2547 2552 0
6914 6909 0
3811 3813 0
719 723 0
7085 7089 0
241 239 0
3992 3994 0
6844 6841 0
4624 4628 0
4885 4889 0
7943 7947 0
7695 7691 0
9068 9065 0
7354 7356 0
170 169 0
5494 5489 0
9348 9347 0
2601 2600 0
1812 1816 0
6775 6774 0
2976 2977 0
6969 6971 0
4163 4164 0
9483 9481 0
5851 5848 0
6017 6019 0
7572 7574 0
2886 2884 0
6728 6733 0
9436 9431 0
3459 3462 0
6741 6744 0
2305 2300 0
5736 5738 0
2686 2684 0
9415 9417 0
4415 4412 0
7686 7683 0
7185 7180 0
6236 6240 0
6682 6686 0
1953 1958 0
2965 2968 0
3106 3101 0
4079 4084 0
5885 5882 0
1119 1116 0
844 849 0
6339 6342 0
9928 9923 0
2750 2752 0
1175 1177 0
2025 2027 0
2922 2926 0
5124 5120 0
9039 9037 0
7516 7513 0
1011 1009 0
9481 9480 0
9730 9726 0
4255 4259 0
4919 4918 0
1587 1591 0
492 493 0
7221 7224 0
6805 6802 0
9750 9748 0
1523 1518 0
8688 8685 0
4232 4229 0
829 827 0
2060 2061 0
9625 9621 0
9603 9604 0
4095 4090 0
5699 5701 0
7590 7595 0
908 911 0
7387 7385 0
890 888 0
2020 2015 0
9575 9571 0
2450 2452 0
9175 9176 0
1756 1758 0
5357 5352 0
4664 4668 0
7506 7505 0
554 555 0
8219 8214 0
2692 2688 0
3973 3978 0
8110 8112 0
9055 9054 0
9708 9710 0
7431 7434 0
5159 5163 0
2871 2868 0
9736 9735 0
5210 5212 0
7089 7084 0
3467 3463 0
5538 5539 0
9708 9707 0
8215 8213 0
6021 6026 0
2588 2593 0
9027 9029 0
7130 7125 0
3190 3191 0
2094 2098 0
822 818 0
9385 9390 0
7071 7072 0
6094 6095 0
5085 5090 0
857 855 0
5869 5870 0
5475 5470 0
2981 2979 0
1417 1412 0
9730 9735 0
4518 4513 0
8457 8459 0
5694 5698 0
3249 3254 0
8290 8291 0
7051 7053 0
4649 4646 0
840 843 0
6741 6742 0
9980 9975 0
15 20 0
3830 3833 0
8795 8798 0
9928 9924 0
5113 5114 0
2957 2960 0
2619 2618 0
5599 5601 0
2616 2611 0
917 914 0
8165 8164 0
9263 9261 0
2761 2763 0
5200 5199 0
3966 3964 0
4928 4930 0
6975 6971 0
9225 9222 0
9567 9572 0
1308 1305 0
627 624 0
5035 5031 0
6830 6825 0
5796 5799 0
118 119 0
4231 4233 0
6264 6265 0
7228 7225 0
1032 1027 0
6271 6273 0
1974 1976 0
9403 9405 0
9716 9711 0
9279 9280 0
7696 7695 0
3421 3423 0
5870 5871 0
9001 8998 0
1975 1977 0
4287 4288 0
8032 8031 0
8780 8777 0
4247 4252 0
3552 3550 0
9146 9150 0
4615 4618 0
1593 1590 0
8955 8957 0
9180 9177 0
2914 2913 0
7812 7815 0
4993 4992 0
4501 4502 0
2811 2814 0
7973 7976 0
7577 7579 0
6805 6809 0
5191 5193 0
6628 6625 0
3114 3119 0
4004 4009 0
6488 6483 0
2459 2464 0
9124 9128 0
4853 4858 0
7957 7954 0
7235 7232 0
8855 8859 0
852 850 0
1201 1204 0
1446 1450 0
1182 1179 0
1510 1508 0
4374 4371 0
7298 7303 0
9324 9327 0
8064 8061 0
8886 8881 0
5429 5433 0
9188 9189 0
7456 7451 0
3716 3721 0
887 886 0
6231 6228 0
3927 3926 0
5749 5754 0
5720 5724 0
7061 7057 0
7089 7087 0
6890 6895 0
8374 8377 0
2387 2392 0
1924 1925 0
4760 4755 0
1237 1233 0
7210 7205 0
5534 5529 0
2208 2204 0
7800 7804 0
4071 4067 0
3809 3806 0
9798 9802 0
5092 5091 0
1601 1605 0
8008 8004 0
9640 9641 0
2480 2482 0
2666 2663 0
9288 9289 0
810 807 0
814 810 0
2666 2664 0
9352 9353 0
9892 9894 0
7630 7626 0
9530 9533 0
2333 2328 0
2889 2885 0
6904 6899 0
6874 6870 0
8819 8822 0
7209 7210 0
1258 1257 0
8049 8051 0
4864 4863 0
751 750 0
6577 6576 0
1484 1482 0
3396 3394 0
4937 4934 0
8380 8377 0
4783 4778 0
6385 6387 0
233 229 0
9895 9896 0
7765 7766 0
2134 2131 0
6010 6011 0
7886 7888 0
5030 5026 0
8181 8185 0
5252 5257 0
6944 6939 0
9741 9736 0
2888 2884 0
3371 3370 0
1873 1868 0
4249 4253 0
4895 4898 0
8636 8637 0
3223 3218 0
1363 1362 0
283 281 0
1671 1669 0
9216 9212 0
6610 6609 0
8172 8169 0
7320 7323 0
5916 5912 0
3785 3790 0
3609 3611 0
7941 7946 0
4397 4398 0
1260 1265 0
6055 6058 0
2412 2414 0
5888 5885 0
7867 7863 0
5943 5944 0
2083 2081 0
2485 2487 0
1617 1615 0
2603 2604 0
9656 9653 0
8334 8337 0
3267 3270 0
8590 8594 0
1713 1712 0
4125 4129 0
2858 2856 0
1226 1228 0
5637 5636 0
6760 6758 0
1848 1851 0
436 441 0
7487 7483 0
892 888 0
4309 4314 0
262 257 0
8904 8909 0
116 119 0
4388 4384 0
1213 1214 0
7012 7017 0
8195 8193 0
586 581 0
7365 7367 0
5992 5989 0
3200 3204 0
4928 4929 0
5431 5428 0
3251 3252 0
1771 1772 0
8143 8138 0
6603 6601 0
1187 1185 0
1653 1651 0
1879 1880 0
970 973 0
2730 2732 0
3661 3666 0
3453 3452 0
8995 8996 0
8370 8375 0
5497 5492 0
8436 8439 0
8941 8946 0
555 556 0
2498 2500 0
6946 6951 0
9263 9268 0
4498 4500 0
8322 8323 0
8047 8050 0
1548 1543 0
1721 1722 0
8340 8344 0
621 619 0
3868 3864 0
2892 2894 0
4681 4683 0
9187 9182 0
4237 4239 0
3939 3934 0
5137 5132 0
5275 5272 0
4801 4805 0
7529 7533 0
5186 5188 0
5049 5044 0
8180 8183 0
2540 2539 0
3304 3302 0
8394 8396 0
1539 1541 0
1266 1270 0
2598 2601 0
2686 2691 0
8298 8301 0
9696 9698 0
7056 7061 0
4043 4040 0
4928 4932 0
7130 7131 0
8931 8927 0
4698 4695 0
2379 2377 0
4111 4108 0
1949 1950 0
2020 2022 0
363 367 0
4768 4770 0
4470 4475 0
3753 3749 0
2744 2742 0
1074 1075 0
2608 2610 0
2572 2575 0
8873 8870 0
4832 4833 0
9635 9634 0
4670 4669 0
310 309 0
7953 7954 0
3593 3598 0
2144 2146 0
4777 4780 0
8029 8026 0
3743 3745 0
474 469 0
5148 5146 0
8044 8039 0
9507 9511 0
3808 3811 0
1302 1304 0
2193 2190 0
865 860 0
4167 4169 0
1612 1608 0
6633 6635 0
2064 2061 0
4823 4825 0
3070 3067 0
7806 7805 0
5512 5510 0
6114 6116 0
5314 5310 0
1120 1115 0
4771 4769 0
1701 1702 0
5935 5934 0
3772 3775 0
5463 5468 0
612 609 0
1202 1205 0
4518 4521 0
889 891 0
7233 7235 0
3738 3742 0
9908 9909 0
8450 8446 0
1143 1139 0
1207 1206 0
7991 7995 0
1111 1112 0
6721 6722 0
5182 5186 0
1694 1689 0
660 657 0
7339 7340 0
1981 1977 0
615 612 0
7985 7980 0
5502 5503 0
6264 6266 0
816 813 0
7494 7495 0
1063 1068 0
8336 8331 0
4240 4235 0
5573 5572 0
2864 2866 0
4519 4518 0
6116 6115 0
279 284 0
6994 6997 0
9922 9927 0
498 503 0
9263 9266 0
1726 1727 0
6461 6465 0
5896 5897 0
2581 2577 0
8026 8028 0
3491 3486 0
1026 1025 0
8178 8174 0
4504 4501 0
4473 4477 0
4545 4543 0
5252 5248 0
4699 4696 0
8922 8921 0
6847 6851 0
6873 6877 0
8328 8325 0
9416 9412 0
519 523 0
1337 1335 0
2723 2720 0
4760 4759 0
8807 8812 0
177 178 0
493 495 0
3836 3838 0
5093 5095 0
1056 1053 0
6031 6034 0
3727 3725 0
7313 7318 0
7361 7362 0
8911 8916 0
8318 8317 0
3213 3208 0
8701 8703 0
6598 6602 0
4856 4859 0
2040 2036 0
2179 2178 0
3985 3981 0
1840 1838 0
5408 5407 0
6022 6025 0
1488 1492 0
372 377 0
2726 2722 0
5998 5997 0
5028 5032 0
2209 2208 0
2761 2757 0
8684 8685 0
3616 3618 0
1251 1255 0
9316 9313 0
9668 9670 0
2218 2221 0
6988 6987 0
2751 2756 0
1841 1839 0
1962 1963 0
3909 3911 0
5705 5702 0
2590 2591 0
2590 2586 0
5650 5651 0
9642 9639 0
735 740 0
8304 8301 0
9745 9743 0
337 339 0
7728 7731 0
5840 5845 0
8845 8850 0
4057 4060 0
8284 8280 0
3036 3040 0
6745 6747 0
6592 6590 0
6810 6807 0
1506 1509 0
7798 7794 0
354 353 0
6303 6299 0
9935 9938 0
2179 2181 0
8323 8324 0
714 716 0
257 254 0
2634 2629 0
4752 4754 0
9282 9285 0
7860 7861 0
5844 5843 0
7236 7231 0
9030 9035 0
7050 7049 0
2319 2323 0
8618 8620 0
3597 3596 0
612 614 0
5869 5867 0
4518 4520 0
1669 1666 0
5141 5143 0
3555 3553 0
3682 3677 0
919 916 0
5279 5280 0
3744 3745 0
5175 5179 0
8433 8434 0
4076 4072 0
4993 4997 0
8723 8719 0
2673 2678 0
6411 6414 0
7983 7987 0
6953 6950 0
4304 4308 0
7970 7972 0
5294 5291 0
9791 9787 0
6876 6878 0
7400 7399 0
794 789 0
8700 8699 0
6783 6779 0
3001 3006 0
6433 6429 0
7108 7104 0
3897 3896 0
6532 6533 0
5278 5281 0
9181 9185 0
6239 6234 0
5456 5452 0
7539 7537 0
5767 5762 0
9469 9466 0
2185 2184 0
8210 8213 0
4771 4770 0
3390 3394 0
3109 3106 0
3402 3397 0
6092 6087 0
9405 9400 0
3326 3330 0
5866 5863 0
3256 3261 0
8235 8237 0
4151 4154 0
9484 9479 0
4107 4104 0
7359 7357 0
572 575 0
5071 5072 0
4685 4682 0
5129 5124 0
4440 4445 0
8796 8798 0
1806 1801 0
4424 4423 0
2327 2323 0
562 561 0
7224 7227 0
4764 4759 0
543 544 0
7283 7281 0
3977 3974 0
6493 6497 0
8648 8646 0
4959 4960 0
5414 5418 0
3489 3490 0
243 247 0
585 584 0
3353 3349 0
293 289 0
1084 1089 0
6310 6307 0
2066 2068 0
5131 5127 0
3721 3718 0
5870 5865 0
4144 4149 0
9263 9259 0
7442 7444 0
9457 9459 0
1843 1840 0
1001 1004 0
4772 4770 0
2859 2856 0
9002 9005 0
9393 9390 0
2413 2415 0
2505 2507 0
1903 1899 0
63 64 0
2236 2238 0
2394 2395 0
435 436 0
5092 5096 0
3870 3872 0
7468 7467 0
746 750 0
567 568 0
1894 1892 0
5055 5056 0
3947 3948 0
4413 4411 0
4533 4534 0
2573 2574 0
1439 1443 0
7930 7931 0
9846 9848 0
4249 4245 0
5947 5949 0
4730 4727 0
4055 4052 0
7402 7400 0
2485 2482 0
6410 6415 0
551 556 0
3742 3745 0
6099 6104 0
2515 2520 0
8132 8127 0
2829 2824 0
3040 3044 0
4883 4881 0
1373 1375 0
4454 4450 0
4375 4374 0
6557 6553 0
8918 8923 0
2738 2737 0
4707 4709 0
3268 3271 0
2087 2082 0
8967 8963 0
1238 1242 0
979 977 0
9961 9963 0
2875 2874 0
1989 1985 0
9233 9229 0
7201 7197 0
1115 1111 0
3870 3869 0
9960 9963 0
7406 7405 0
6270 6275 0
5089 5090 0
9153 9150 0
35 30 0
2808 2813 0
5638 5634 0
2953 2956 0
1008 1011 0
179 175 0
347 352 0
2943 2942 0
2665 2661 0
26 28 0
4042 4043 0
754 755 0
9186 9185 0
7276 7278 0
1170 1168 0
439 443 0
6723 6727 0
5816 5819 0
3967 3963 0
178 176 0
9740 9742 0
4831 4834 0
1682 1684 0
5538 5541 0
1902 1898 0
7089 7086 0
9550 9553 0
2809 2811 0
6334 6338 0
6806 6803 0
6760 6757 0
1766 1771 0
294 297 0
4668 4669 0
6360 6358 0
390 388 0
2665 2666 0
9799 9797 0
1027 1028 0
5711 5706 0
750 754 0
1820 1821 0
1163 1160 0
4061 4063 0
2159 2154 0
5857 5862 0
271 268 0
5192 5195 0
1518 1519 0
1287 1282 0
2317 2316 0
9055 9060 0
8292 8296 0
4627 4625 0
326 321 0
7739 7740 0
9751 9746 0
7020 7017 0
913 909 0
9524 9521 0
608 603 0
2133 2138 0
8614 8610 0
1393 1390 0
3739 3743 0
1947 1952 0
3032 3030 0
4904 4899 0
6801 6797 0
7898 7900 0
283 286 0
124 122 0
4421 4420 0
308 307 0
9568 9567 0
7165 7170 0
2807 2809 0
4649 4648 0
2500 2497 0
9490 9486 0
7136 7139 0
1634 1631 0
8167 8168 0
1651 1646 0
3332 3337 0
7133 7138 0
9238 9239 0
9636 9638 0
3274 3271 0
1676 1681 0
9019 9022 0
257 256 0
4346 4350 0
8321 8318 0
5316 5315 0
4093 4094 0
3711 3709 0
2938 2937 0
1640 1643 0
7468 7473 0
8777 8775 0
539 535 0
9367 9368 0
3389 3390 0
1006 1002 0
3621 3616 0
8046 8051 0
1936 1938 0
4771 4775 0
71 74 0
4570 4572 0
401 398 0
6026 6024 0
6559 6563 0
7952 7957 0
4813 4809 0
5102 5105 0
5009 5008 0
7940 7943 0
1647 1652 0
3946 3942 0
1609 1607 0
4651 4650 0
8117 8116 0
4899 4901 0
9693 9696 0
4401 4402 0
9485 9488 0
5805 5803 0
4061 4059 0
4285 4283 0
7398 7402 0
793 794 0
8897 8900 0
7388 7386 0
8375 8378 0
5396 5394 0
7340 7345 0
8244 8243 0
1466 1461 0
1823 1824 0
9667 9664 0
4012 4015 0
3548 3551 0
25 30 0
8357 8359 0
9262 9257 0
1743 1746 0
4401 4398 0
2074 2073 0
7217 7220 0
6888 6893 0
1611 1607 0
3523 3527 0
2913 2910 0
2547 2551 0
2240 2238 0
3471 3474 0
5192 5196 0
4222 4220 0
1060 1061 0
1998 2000 0
8260 8255 0
9511 9513 0
6980 6983 0
1682 1686 0
6438 6442 0
9757 9758 0
3260 3256 0
7746 7749 0
8378 8382 0
2904 2899 0
4335 4340 0
7077 7072 0
1889 1888 0
2349 2350 0
9931 9934 0
4396 4391 0
7106 7110 0
8831 8826 0
4533 4530 0
9614 9615 0
3023 3022 0
6579 6577 0
2981 2985 0
9302 9299 0
4662 4660 0
819 823 0
4120 4125 0
7315 7314 0
896 893 0
3689 3691 0
8565 8569 0
1235 1239 0
4012 4017 0
2418 2422 0
3246 3244 0
3664 3663 0
902 901 0
3927 3931 0
5865 5861 0
7690 7694 0
839 835 0
897 898 0
6240 6241 0
1216 1211 0
330 334 0
7670 7669 0
5598 5600 0
3229 3228 0
4381 4383 0
5021 5016 0
4888 4889 0
5927 5930 0
9034 9033 0
8824 8826 0
3411 3414 0
2810 2807 0
6470 6466 0
5313 5318 0
1961 1963 0
2409 2404 0
344 341 0
7710 7709 0
3169 3172 0
7537 7536 0
3614 3617 0
2828 2825 0
197 199 0
3406 3403 0
2829 2830 0
2388 2389 0
6703 6701 0
7387 7392 0
2105 2109 0
3080 3083 0
5130 5125 0
3918 3923 0
3799 3803 0
8894 8899 0
7816 7811 0
8336 8334 0
4405 4402 0
4911 4907 0
3620 3615 0
4844 4843 0
5233 5230 0
5019 5022 0
1022 1026 0
5032 5034 0
9368 9372 0
691 687 0
3500 3497 0
7570 7567 0
8759 8760 0
6321 6322 0
6579 6574 0
145 149 0
3582 3581 0
8638 8643 0
9636 9635 0
3037 3039 0
5339 5343 0
1055 1058 0
5188 5183 0
9825 9821 0
2410 2414 0
4248 4250 0
4759 4754 0
4868 4873 0
4552 4547 0
3237 3238 0
9283 9279 0
8711 8714 0
8408 8411 0
9285 9287 0
7206 7203 0
48 49 0
8513 8517 0
3346 3351 0
6330 6328 0
9672 9670 0
6317 6312 0
3909 3907 0
3856 3858 0
2779 2777 0
8544 8547 0
9106 9109 0
7756 7755 0
7937 7936 0
3255 3257 0
8894 8895 0
5572 5570 0
3907 3908 0
7416 7420 0
9419 9418 0
6384 6388 0
5789 5784 0
5704 5705 0
6094 6098 0
112 110 0
4993 4990 0
7592 7593 0
1242 1240 0
6553 6551 0
5411 5406 0
9270 9266 0
6422 6417 0
1354 1358 0
7626 7627 0
9591 9589 0
356 351 0
9584 9589 0
3235 3236 0
2814 2815 0
7329 7324 0
4428 4425 0
5618 5623 0
801 800 0
7766 7769 0
6983 6978 0
9959 9962 0
6471 6469 0
2698 2701 0
4089 4093 0
1574 1577 0
3310 3313 0
678 682 0
5459 5458 0
4848 4851 0
8797 8795 0
3273 3275 0
1720 1715 0
1940 1935 0
9545 9541 0
5583 5580 0
7617 7613 0
7289 7286 0
4007 4004 0
8076 8074 0
9860 9863 0
7147 7151 0
5239 5244 0
9936 9940 0
7212 7211 0
6279 6277 0
3348 3350 0
6647 6650 0
5551 5549 0
894 893 0
441 443 0
5286 5285 0
6709 6714 0
7194 7192 0
7759 7760 0
4871 4873 0
3142 3140 0
5082 5085 0
9805 9810 0
4355 4360 0
8910 8915 0
2352 2353 0
1940 1943 0
1594 1595 0
6589 6591 0
7567 7572 0
5222 5220 0
400 397 0
5456 5453 0
4828 4827 0
1979 1982 0
4988 4990 0
3877 3876 0
3071 3073 0
2322 2323 0
9507 9506 0
9056 9055 0
3081 3082 0
9183 9181 0
8338 8336 0
8481 8476 0
8336 8332 0
6078 6081 0
6440 6441 0
3021 3025 0
5910 5905 0
7232 7230 0
4613 4612 0
3569 3567 0
3027 3029 0
145 150 0
808 811 0
3001 3005 0
5094 5092 0
3513 3514 0
2343 2340 0
4699 4697 0
9715 9714 0
5649 5648 0
3311 3314 0
5258 5257 0
1412 1413 0
3808 3803 0
6987 6984 0
4352 4351 0
6942 6939 0
8300 8301 0
2382 2380 0
1804 1800 0
7010 7014 0
1386 1389 0
6797 6794 0
5569 5571 0
8183 8185 0
5556 5554 0
7069 7065 0
2353 2354 0
7813 7817 0
255 250 0
546 548 0
2526 2527 0
4939 4935 0
5675 5676 0
4217 4214 0
2808 2812 0
1937 1932 0
3110 3113 0
7400 7403 0
1363 1365 0
2792 2796 0
2539 2535 0
5753 5751 0
6087 6091 0
1309 1310 0
6690 6689 0
9414 9417 0
4918 4920 0
5876 5880 0
5054 5058 0
8627 8629 0
8132 8136 0
6088 6091 0
7512 7516 0
5370 5373 0
7644 7648 0
8601 8600 0
9125 9120 0
5618 5620 0
193 194 0
1893 1898 0
88 93 0
2377 2376 0
8253 8255 0
9970 9975 0
5214 5215 0
4824 4822 0
7207 7203 0
6052 6055 0
9966 9962 0
8228 8233 0
2785 2784 0
7238 7233 0
6008 6009 0
6829 6834 0
3320 3324 0
8100 8103 0
2200 2204 0
9056 9053 0
2317 2314 0
7811 7809 0
6768 6763 0
3572 3575 0
3923 3928 0
4211 4216 0
1934 1936 0
247 244 0
4181 4178 0
9767 9764 0
7041 7045 0
5606 5604 0
9839 9844 0
4153 4149 0
6381 6385 0
7570 7568 0
6027 6023 0
8097 8094 0
1406 1410 0
1533 1536 0
9734 9730 0
9987 9990 0
6837 6835 0
279 276 0
1995 1994 0
8355 8359 0
8853 8848 0
4638 4637 0
725 728 0
3991 3990 0
4294 4295 0
2496 2500 0
1706 1705 0
650 655 0
9960 9964 0
9000 8999 0
98 96 0
2238 2241 0
4823 4824 0
6299 6294 0
1615 1612 0
181 184 0
81 86 0
8924 8920 0
2614 2615 0
5276 5273 0
1993 1998 0
390 389 0
3101 3097 0
790 786 0
4419 4424 0
2900 2895 0
1831 1826 0
5812 5809 0
959 954 0
2590 2587 0
4263 4259 0
2980 2978 0
322 325 0
5945 5949 0
1917 1921 0
5341 5343 0
3870 3868 0
9190 9187 0
3835 3837 0
5205 5207 0
7427 7423 0
6760 6762 0
3546 3551 0
8388 8384 0
6066 6070 0
1454 1456 0
1894 1895 0
944 949 0
7143 7148 0
7645 7642 0
8917 8912 0
4061 4057 0
1978 1982 0
4083 4079 0
3298 3301 0
1850 1847 0
8324 8329 0
5897 5901 0
799 796 0
6994 6993 0
4940 4942 0
9141 9136 0
6025 6024 0
8939 8941 0
4881 4876 0
4394 4392 0
8126 8128 0
4683 4679 0
1864 1865 0
1094 1090 0
8919 8923 0
3882 3878 0
724 729 0
1412 1416 0
2253 2251 0
9320 9318 0
4952 4950 0
2148 2150 0
5219 5221 0
1788 1787 0
5870 5873 0
8708 8707 0
6262 6265 0
9036 9037 0
6639 6638 0
9820 9819 0
5643 5647 0
6466 6469 0
8243 8246 0
9023 9021 0
5002 4999 0
5069 5067 0
9090 9092 0
678 680 0
2919 2924 0
6418 6415 0
4581 4585 0
6015 6020 0
7819 7815 0
1428 1425 0
3754 3751 0
3484 3488 0
786 784 0
7666 7662 0
8056 8051 0
7556 7555 0
7609 7612 0
5295 5292 0
3158 3153 0
9174 9170 0
3465 3463 0
6341 6344 0
2319 2314 0
7767 7770 0
2802 2804 0
8232 8234 0
5564 5562 0
1712 1709 0
8922 8926 0
7267 7266 0
1934 1935 0
621 618 0
4250 4249 0
7050 7051 0
5835 5831 0
4208 4212 0
6036 6031 0
1774 1770 0
8373 8370 0
2076 2075 0
2711 2707 0
660 661 0
9313 9308 0
6036 6037 0
8325 8323 0
7392 7397 0
2079 2077 0
7243 7244 0
5275 5276 0
3088 3090 0
2025 2030 0
7519 7516 0
419 420 0
5674 5673 0
9417 9413 0
7675 7671 0
6353 6348 0
7307 7309 0
2518 2517 0
9423 9424 0
6297 6298 0
6608 6607 0
5707 5711 0
8771 8772 0
2676 2680 0
5909 5912 0
4567 4563 0
9923 9927 0
2913 2917 0
5659 5654 0
831 832 0
31 36 0
4975 4972 0
813 812 0
1947 1944 0
963 960 0
3409 3404 0
3678 3683 0
4530 4532 0
8703 8706 0
6725 6724 0
6486 6487 0
9120 9121 0
403 401 0
2642 2647 0
1266 1268 0
1489 1493 0
1084 1079 0
764 759 0
9270 9275 0
7422 7417 0
4669 4671 0
1251 1256 0
8023 8026 0
6926 6924 0
2279 2274 0
1406 1405 0
9577 9576 0
2410 2413 0
9964 9967 0
165 161 0
9886 9888 0
7327 7324 0
1460 1462 0
2158 2154 0
9305 9306 0
2069 2071 0
7655 7658 0
3949 3948 0
3202 3197 0
2904 2905 0
4336 4331 0
8647 8646 0
5667 5671 0
2710 2714 0
5752 5749 0
7775 7778 0
510 515 0
2226 2231 0
9987 9986 0
5318 5319 0
258 254 0
3786 3789 0
1760 1759 0
8098 8096 0
5217 5216 0
9960 9957 0
1951 1949 0
9779 9782 0
5546 5545 0
8415 8418 0
3304 3307 0
2705 2710 0
8350 8351 0
2356 2353 0
8916 8914 0
6472 6475 0
8800 8803 0
8405 8401 0
4499 4497 0
7651 7652 0
9465 9464 0
8159 8162 0
8437 8441 0
6332 6337 0
3719 3714 0
9531 9526 0
4350 4355 0
1496 1499 0
1240 1236 0
5813 5808 0
8901 8902 0
9100 9104 0
2762 2758 0
3192 3193 0
4057 4062 0
1989 1984 0
6053 6048 0
6546 6544 0
6005 6008 0
995 1000 0
9570 9573 0
9440 9435 0
5566 5563 0
5534 5532 0
4776 4778 0
1749 1744 0
6428 6432 0
8066 8071 0
442 440 0
2917 2914 0
8273 8268 0
1887 1882 0
4063 4064 0
2328 2324 0
9452 9454 0
4804 4806 0
4632 4628 0
6424 6420 0
1831 1833 0
8903 8907 0
4647 4646 0
8696 8691 0
4416 4419 0
3331 3332 0
3433 3431 0
7194 7195 0
405 402 0
2130 2126 0
4744 4739 0
2582 2579 0
300 305 0
2792 2797 0
9796 9800 0
2042 2044 0
1060 1065 0
3950 3946 0
4097 4094 0
5857 5856 0
5726 5722 0
5827 5830 0
5664 5662 0
5825 5823 0
3578 3577 0
562 563 0
4495 4499 0
5133 5138 0
7061 7064 0
3956 3959 0
9532 9534 0
8169 8164 0
3898 3900 0
6208 6213 0
3449 3448 0
6739 6734 0
1938 1935 0
7366 7364 0
5793 5797 0
1287 1289 0
1473 1471 0
8025 8028 0
313 317 0
3835 3833 0
6897 6900 0
6521 6519 0
6256 6257 0
3292 3291 0
3370 3372 0
9140 9139 0
320 321 0
1211 1207 0
1752 1757 0
6743 6740 0
4050 4055 0
5926 5925 0
8557 8560 0
2222 2220 0
5281 5285 0
1449 1444 0
3209 3211 0
6729 6733 0
3360 3362 0
4352 4349 0
6717 6720 0
4529 4533 0
1168 1172 0
7754 7758 0
6090 6089 0
5065 5063 0
6152 6151 0
4578 4575 0
3733 3738 0
3241 3246 0
4887 4889 0
2039 2043 0
1187 1183 0
3014 3010 0
2499 2495 0
9829 9825 0
8974 8978 0
9216 9213 0
1594 1589 0
7159 7162 0
4248 4251 0
1442 1447 0
7680 7677 0
1313 1316 0
3451 3456 0
3234 3232 0
6637 6632 0
2274 2276 0
7798 7799 0
160 157 0
9286 9285 0
4617 4613 0
7551 7549 0
6317 6320 0
2582 2577 0
802 799 0
8090 8086 0
8228 8225 0
4933 4938 0
7386 7384 0
9691 9686 0
5544 5539 0
3441 3442 0
3568 3564 0
6626 6623 0
450 445 0
3640 3638 0
9551 9555 0
4068 4073 0
8117 8114 0
187 191 0
1360 1365 0
2538 2535 0
431 435 0
4288 4292 0
9844 9843 0
3743 3744 0
6333 6329 0
5970 5973 0
8259 8256 0
7622 7617 0
9354 9350 0
2479 2481 0
4744 4746 0
8425 8423 0
4492 4497 0
5868 5865 0
9792 9795 0
7971 7974 0
6040 6043 0
68 65 0
2988 2984 0
3576 3575 0
8836 8838 0
4597 4594 0
9941 9936 0
3711 3708 0
27 25 0
8595 8600 0
7583 7582 0
3677 3681 0
2626 2628 0
8859 8857 0
1257 1253 0
1515 1516 0
622 620 0
6551 6554 0
434 430 0
2474 2476 0
5230 5227 0
7743 7739 0
1744 1742 0
4789 4784 0
6846 6844 0
4266 4265 0
1442 1444 0
1657 1652 0
3328 3332 0
6951 6953 0
1540 1536 0
2228 2232 0
3174 3171 0
4882 4884 0
8322 8319 0
3238 3240 0
1120 1117 0
770 767 0
6849 6854 0
5963 5961 0
7615 7612 0
7831 7835 0
2929 2934 0
1332 1327 0
737 732 0
7807 7811 0
7991 7992 0
5613 5608 0
4422 4423 0
5339 5341 0
1585 1582 0
9380 9382 0
4685 4683 0
7484 7482 0
9657 9661 0
576 572 0
7659 7654 0
3683 3681 0
7751 7749 0
6237 6241 0
1850 1854 0
7839 7840 0
2872 2868 0
1532 1533 0
6849 6848 0
3964 3967 0
2156 2152 0
44 47 0
2533 2535 0
9995 9994 0
5195 5190 0
6816 6812 0
7333 7338 0
4794 4793 0
9509 9512 0
109 114 0
927 930 0
8535 8540 0
4888 4886 0
7127 7128 0
3741 3740 0
8334 8338 0
9949 9947 0
5961 5962 0
9649 9650 0
7274 7279 0
8170 8165 0
7914 7916 0
4548 4546 0
9161 9158 0
1661 1656 0
8728 8723 0
7647 7646 0
5182 5183 0
2238 2242 0
629 630 0
9148 9150 0
7017 7021 0
1346 1342 0
1342 1345 0
4551 4548 0
8460 8457 0
635 636 0
3130 3129 0
9208 9204 0
8188 8183 0
2959 2961 0
6476 6479 0
8726 8729 0
7264 7260 0
571 567 0
8715 8718 0
7253 7250 0
315 319 0
9903 9905 0
1423 1421 0
7281 7280 0
376 371 0
3212 3215 0
1866 1862 0
5852 5856 0
872 871 0
1459 1457 0
1155 1153 0
4329 4327 0
7428 7425 0
5483 5478 0
8603 8606 0
972 977 0
47 50 0
9740 9737 0
6465 6467 0
3355 3351 0
3504 3500 0
2299 2298 0
1985 1982 0
9355 9356 0
5533 5534 0
7078 7074 0
8088 8085 0
4182 4178 0
6895 6894 0
8346 8347 0
4202 4207 0
8017 8019 0
7718 7723 0
2734 2737 0
2743 2747 0
6484 6480 0
4836 4834 0
532 535 0
689 684 0
2622 2627 0
9045 9046 0
496 501 0
9179 9176 0
8025 8027 0
6137 6138 0
9436 9435 0
2882 2885 0
1319 1320 0
8887 8891 0
338 339 0
299 295 0
3792 3797 0
7978 7981 0
3258 3262 0
7399 7404 0
3905 3901 0
2358 2353 0
9843 9846 0
1238 1234 0
1662 1666 0
5516 5518 0
7398 7400 0
3561 3562 0
4697 4698 0
981 979 0
5245 5247 0
8831 8830 0
2360 2361 0
7502 7500 0
4475 4477 0
2242 2239 0
8480 8475 0
7022 7018 0
527 522 0
2086 2088 0
2489 2492 0
1092 1097 0
1451 1454 0
6640 6641 0
2770 2765 0
5033 5038 0
2417 2419 0
3536 3533 0
7322 7320 0
4517 4512 0
4833 4837 0
9241 9238 0
8635 8640 0
7435 7438 0
5833 5836 0
315 314 0
9799 9795 0
8110 8114 0
3620 3623 0
4804 4800 0
9415 9411 0
5984 5985 0
1537 1539 0
9016 9012 0
4138 4133 0
725 727 0
4126 4121 0
7696 7698 0
4928 4933 0
607 610 0
6992 6990 0
6760 6756 0
4956 4959 0
5538 5536 0
1842 1837 0
6087 6090 0
8573 8572 0
7213 7211 0
2363 2367 0
8641 8640 0
5056 5061 0
6337 6333 0
6290 6293 0
7395 7396 0
4400 4401 0
6186 6189 0
3892 3891 0
2568 2566 0
5204 5200 0
3361 3360 0
9436 9440 0
6928 6924 0
422 420 0
9005 9000 0
4516 4521 0
887 889 0
8163 8164 0
2569 2568 0
9699 9702 0
8832 8833 0
70 71 0
9645 9649 0
9278 9282 0
9169 9165 0
2766 2765 0
8858 8856 0
9119 9117 0
4953 4948 0
9548 9543 0
7604 7603 0
9071 9068 0
684 679 0
192 190 0
9863 9859 0
4031 4027 0
9554 9553 0
703 704 0
4576 4574 0
6899 6895 0
2748 2753 0
4335 4334 0
4007 4010 0
3478 3479 0
129 124 0
2745 2749 0
9608 9607 0
8108 8104 0
9518 9522 0
1753 1756 0
729 732 0
7489 7492 0
9097 9096 0
3503 3499 0
90 94 0
5927 5928 0
6231 6233 0
6932 6930 0
8688 8686 0
2313 2312 0
2681 2680 0
9506 9511 0
8125 8124 0
4132 4136 0
3878 3877 0
9547 9551 0
8736 8737 0
4631 4627 0
8059 8063 0
6952 6947 0
5473 5469 0
6664 6662 0
1347 1342 0
5321 5323 0
4693 4691 0
7587 7588 0
7891 7896 0
7978 7974 0
4496 4491 0
6675 6679 0
4260 4255 0
7928 7933 0
8969 8968 0
5507 5503 0
2632 2629 0
4968 4970 0
6703 6707 0
4891 4888 0
8173 8172 0
7885 7889 0
3820 3822 0
176 177 0
9883 9878 0
3230 3229 0
9777 9781 0
7468 7465 0
3530 3525 0
1929 1933 0
5097 5099 0
1989 1990 0
8764 8760 0
4035 4030 0
189 185 0
5630 5626 0
7606 7611 0
7243 7247 0
5989 5985 0
6160 6159 0
2632 2627 0
2085 2088 0
4180 4178 0
6793 6790 0
2357 2356 0
4544 4539 0
7182 7187 0
7921 7926 0
448 449 0
4756 4751 0
3811 3809 0
3791 3789 0
3144 3139 0
6278 6277 0
1799 1801 0
8177 8179 0
6364 6360 0
4562 4565 0
4902 4901 0
8660 8664 0
1707 1703 0
8423 8418 0
6994 6989 0
3886 3884 0
8482 8481 0
59 62 0
1640 1637 0
8278 8275 0
7279 7275 0
4351 4356 0
8449 8445 0
6863 6868 0
616 618 0
1028 1031 0
3110 3109 0
6390 6392 0
2899 2894 0
895 892 0
9875 9871 0
8161 8165 0
6374 6370 0
9116 9112 0
1860 1861 0
7095 7096 0
9467 9464 0
69 71 0
6745 6740 0
6193 6190 0
3151 3149 0
5656 5657 0
3064 3065 0
8756 8760 0
6313 6314 0
6077 6076 0
3664 3669 0
9385 9386 0
6472 6467 0
1422 1426 0
8704 8705 0
5552 5551 0
4661 4657 0
8930 8927 0
1481 1476 0
7768 7773 0
9886 9891 0
6490 6489 0
88 85 0
844 841 0
836 841 0
3922 3923 0
8153 8148 0
1494 1493 0
1851 1855 0
6290 6285 0
8970 8973 0
6966 6968 0
5355 5356 0
3325 3326 0
6181 6184 0
2700 2696 0
5383 5385 0
2724 2723 0
263 258 0
6478 6481 0
6126 6125 0
8801 8798 0
5149 5147 0
9388 9386 0
7901 7902 0
2945 2942 0
3237 3239 0
9151 9150 0
225 229 0
8751 8750 0
6279 6280 0
6409 6411 0
9700 9698 0
2912 2910 0
2623 2624 0
804 807 0
6364 6367 0
758 760 0
6834 6832 0
6077 6082 0
3066 3068 0
3065 3069 0
154 152 0
799 804 0
2345 2343 0
1534 1538 0
6925 6923 0
9464 9468 0
3961 3959 0
6291 6294 0
1395 1390 0
3460 3462 0
8739 8744 0
6740 6736 0
7642 7640 0
2764 2763 0
1694 1699 0
5018 5023 0
850 855 0
1548 1552 0
5087 5089 0
7822 7825 0
5376 5375 0
1574 1575 0
3676 3672 0
8794 8790 0
5992 5995 0
5487 5482 0
2441 2440 0
7554 7559 0
2746 2744 0
1619 1615 0
4953 4952 0
2787 2790 0
2032 2027 0
6718 6719 0
910 906 0
5211 5209 0
2925 2928 0
6714 6718 0
3467 3471 0
8191 8190 0
7191 7195 0
4291 4290 0
1371 1368 0
8239 8244 0
4263 4264 0
7002 6997 0
1685 1687 0
7161 7158 0
1783 1778 0
1193 1191 0
4945 4943 0
9631 9633 0
355 350 0
3801 3799 0
7459 7454 0
3588 3592 0
7004 7002 0
9701 9698 0
4183 4180 0
5618 5615 0
6561 6557 0
2143 2147 0
3621 3625 0
8815 8813 0
6034 6037 0
8855 8851 0
8408 8403 0
140 143 0
9247 9251 0
2645 2644 0
262 258 0
9745 9746 0
2105 2104 0
2992 2987 0
6899 6894 0
3504 3506 0
8254 8251 0
7115 7113 0
3092 3089 0
4675 4674 0
7951 7955 0
428 427 0
10 5 0
5261 5258 0
5330 5333 0
8397 8394 0
4174 4171 0
4515 4518 0
1466 1467 0
2865 2867 0
1717 1713 0
2639 2635 0
7714 7718 0
3636 3632 0
4441 4439 0
6958 6962 0
7687 7684 0
5123 5128 0
5816 5821 0
3449 3451 0
9256 9255 0
4580 4581 0
6468 6465 0
3235 3231 0
5963 5967 0
5451 5453 0
5475 5473 0
2512 2513 0
3395 3397 0
8588 8592 0
1656 1659 0
4143 4140 0
8188 8189 0
7283 7286 0
9306 9307 0
3283 3286 0
7319 7315 0
9981 9983 0
6123 6128 0
955 959 0
2435 2433 0
4382 4386 0
9106 9103 0
9301 9305 0
5566 5568 0
7366 7368 0
390 391 0
9028 9024 0
6594 6590 0
3473 3468 0
1453 1450 0
8702 8701 0
6445 6446 0
4702 4701 0
6553 6548 0
7727 7730 0
4657 4660 0
8158 8159 0
6961 6960 0
5898 5900 0
1322 1325 0
9120 9115 0
8848 8847 0
1965 1966 0
7421 7426 0
3257 3253 0
702 701 0
2559 2563 0
4802 4801 0
6459 6458 0
678 681 0
4829 4834 0
5229 5233 0
9501 9496 0
9684 9687 0
5937 5934 0
1812 1807 0
416 412 0
7679 7677 0
117 121 0
1899 1898 0
2083 2088 0
6121 6124 0
3700 3704 0
598 599 0
7990 7991 0
4912 4916 0
7958 7963 0
7330 7332 0
6218 6221 0
1449 1447 0
1656 1651 0
5492 5494 0
805 800 0
3904 3901 0
4377 4380 0
3922 3927 0
2722 2719 0
1249 1246 0
6702 6704 0
6067 6062 0
1558 1554 0
3823 3821 0
3956 3961 0
8120 8124 0
5285 5283 0
5607 5610 0
1312 1308 0
9798 9803 0
725 722 0
8133 8134 0
6062 6063 0
9051 9046 0
2272 2275 0
6916 6914 0
4850 4855 0
5919 5921 0
670 673 0
9764 9762 0
3376 3381 0
5400 5397 0
66 67 0
3162 3160 0
9179 9180 0
6762 6765 0
2516 2519 0
7819 7824 0
8356 8360 0
4895 4900 0
8393 8394 0
1787 1790 0
9968 9964 0
5790 5793 0
2950 2953 0
3611 3616 0
9751 9756 0
1681 1680 0
3810 3809 0
3883 3884 0
8580 8582 0
3502 3506 0
3915 3920 0
2564 2567 0
2637 2634 0
6981 6976 0
9332 9327 0
4131 4130 0
4654 4649 0
5561 5562 0
3589 3585 0
2709 2706 0
3045 3049 0
9482 9477 0
7968 7969 0
3594 3593 0
1264 1260 0
7647 7645 0
378 381 0
4957 4953 0
9162 9159 0
4065 4062 0
3832 3835 0
2132 2134 0
4046 4043 0
5508 5509 0
2233 2231 0
1120 1116 0
33 30 0
8004 8007 0
6381 6382 0
2346 2351 0
13 16 0
6725 6730 0
6562 6559 0
5591 5594 0
9719 9721 0
729 728 0
7918 7913 0
4402 4400 0
6707 6708 0
2567 2569 0
7070 7075 0
2920 2924 0
6276 6273 0
4201 4205 0
3169 3165 0
3674 3675 0
3885 3888 0
5042 5043 0
6937 6935 0
3393 3388 0
1804 1803 0
8466 8462 0
3636 3638 0
8530 8532 0
8692 8696 0
9517 9516 0
7969 7970 0
6919 6915 0
5883 5881 0
2582 2580 0
6823 6821 0
8468 8471 0
1803 1799 0
6956 6952 0
9089 9084 0
2172 2171 0
768 764 0
5580 5576 0
6204 6202 0
8116 8115 0
7417 7416 0
7464 7461 0
9718 9722 0
2538 2539 0
1323 1322 0
9075 9079 0
7792 7796 0
1406 1407 0
4686 4685 0
3893 3892 0
7677 7682 0
2776 2771 0
5787 5785 0
7436 7441 0
7976 7978 0
9990 9995 0
134 132 0
3955 3950 0
4629 4626 0
4998 4999 0
1906 1910 0
325 323 0
4375 4376 0
188 185 0
2049 2054 0
6905 6908 0
9566 9567 0
8711 8710 0
3758 3759 0
6108 6110 0
3787 3784 0
1197 1195 0
103 100 0
1422 1427 0
4832 4831 0
5607 5605 0
5732 5736 0
1333 1328 0
5632 5628 0
1705 1702 0
2974 2976 0
4422 4424 0
2224 2222 0
7912 7914 0
9110 9113 0
8318 8314 0
5410 5406 0
2649 2654 0
362 365 0
4502 4497 0
5820 5824 0
928 932 0
7064 7059 0
3353 3358 0
3524 3523 0
3441 3436 0
8634 8632 0
4664 4660 0
5483 5486 0
5578 5573 0
8431 8436 0
623 619 0
1037 1040 0
3616 3620 0
8977 8976 0
8587 8589 0
656 660 0
7484 7485 0
9068 9067 0
9185 9190 0
5747 5749 0
3775 3774 0
7647 7644 0
9899 9901 0
1740 1735 0
2847 2846 0
4117 4119 0
2523 2521 0
7945 7950 0
6819 6815 0
5390 5385 0
4560 4556 0
9176 9173 0
6210 6213 0
4095 4094 0
1596 1598 0
6698 6693 0
3050 3049 0
9438 9440 0
1610 1614 0
4168 4167 0
7855 7860 0
7510 7507 0
4871 4868 0
7118 7117 0
847 843 0
3857 3855 0
1792 1797 0
156 153 0
3414 3415 0
8789 8784 0
5554 5551 0
855 860 0
7496 7498 0
6606 6602 0
8377 8372 0
7731 7729 0
3014 3011 0
1 5 0
1828 1823 0
8227 8228 0
8308 8306 0
5854 5849 0
8683 8682 0
4739 4740 0
9387 9390 0
6807 6806 0
8617 8612 0
1333 1337 0
4786 4784 0
5855 5856 0
9815 9811 0
3002 3001 0
2611 2615 0
4019 4021 0
5048 5051 0
2604 2609 0
4973 4975 0
7364 7362 0
3300 3302 0
269 272 0
7952 7955 0
1064 1063 0
5695 5693 0
7802 7798 0
935 932 0
5477 5482 0
2677 2676 0
3237 3235 0
1711 1706 0
9664 9663 0
1977 1982 0
3450 3447 0
4267 4263 0
1374 1379 0
2165 2170 0
900 901 0
675 671 0
5688 5683 0
2432 2434 0
7611 7610 0
9377 9375 0
5398 5394 0
5663 5660 0
5687 5691 0
267 264 0
2326 2321 0
2492 2487 0
3718 3713 0
8568 8565 0
1802 1806 0
6350 6351 0
4316 4311 0
402 401 0
1682 1678 0
1395 1393 0
3116 3120 0
137 135 0
2128 2126 0
903 904 0
8998 9003 0
7559 7558 0
7555 7551 0
5139 5141 0
3633 3629 0
6103 6099 0
6563 6560 0
7680 7682 0
6787 6790 0
9109 9104 0
7471 7468 0
8733 8730 0
7690 7685 0
2006 2003 0
8602 8597 0
1544 1542 0
2454 2457 0
9147 9142 0
3003 3005 0
6211 6209 0
2020 2017 0
5669 5671 0
4403 4401 0
2748 2743 0
9047 9048 0
3225 3227 0
3135 3131 0
8922 8925 0
2119 2120 0
2855 2858 0
5418 5423 0
755 760 0
8763 8764 0
5186 5191 0
5305 5309 0
6086 6090 0
6315 6312 0
4947 4946 0
463 459 0
5142 5140 0
3034 3039 0
7304 7300 0
6472 6474 0
3905 3908 0
2109 2104 0
4535 4540 0
9784 9781 0
4961 4966 0
1809 1811 0
1996 1999 0
9856 9853 0
2976 2981 0
5699 5704 0
2581 2582 0
7692 7696 0
2091 2095 0
8265 8264 0
7439 7441 0
6974 6972 0
6579 6576 0
2073 2075 0
882 878 0
2529 2534 0
2250 2248 0
4453 4456 0
7211 7209 0
4738 4737 0
1629 1625 0
4918 4913 0
4283 4288 0
6243 6241 0
3349 3344 0
2170 2174 0
6224 6223 0
4450 4448 0
2064 2066 0
144 139 0
1373 1376 0
6504 6509 0
5999 5996 0
6503 6500 0
9693 9691 0
6457 6458 0
6587 6590 0
3100 3095 0
982 987 0
5889 5893 0
7724 7725 0
7429 7426 0
3327 3324 0
9206 9202 0
5829 5834 0
5167 5169 0
9837 9835 0
7552 7547 0
8139 8136 0
8444 8441 0
2411 2410 0
4280 4281 0
1075 1076 0
7545 7549 0
4571 4569 0
1043 1045 0
7906 7909 0
1566 1567 0
5656 5661 0
4660 4663 0
4013 4017 0
6734 6736 0
2936 2939 0
6148 6143 0
6468 6464 0
5548 5549 0
4647 4649 0
6731 6736 0
6557 6562 0
9207 9211 0
684 685 0
7741 7740 0
7404 7403 0
1291 1293 0
6595 6591 0
4752 4757 0
380 375 0
6156 6151 0
5474 5469 0
8593 8597 0
4101 4103 0
9223 9218 0
351 348 0
4089 4087 0
9595 9592 0
7550 7546 0
1754 1756 0
6963 6958 0
1428 1430 0
4005 4000 0
9266 9267 0
7148 7149 0
1192 1188 0
6936 6941 0
8039 8034 0
4075 4076 0
7190 7186 0
1179 1175 0
8492 8493 0
7388 7389 0
1279 1280 0
5826 5828 0
2138 2135 0
8762 8761 0
3473 3474 0
3854 3857 0
8917 8918 0
7955 7956 0
4189 4190 0
8935 8938 0
6474 6469 0
8449 8450 0
1362 1358 0
864 862 0
6598 6594 0
9596 9601 0
4257 4256 0
5039 5037 0
7319 7316 0
3983 3982 0
8300 8298 0
6948 6946 0
362 366 0
5022 5017 0
7428 7430 0
8281 8283 0
9238 9242 0
8591 8594 0
8460 8455 0
9737 9742 0
8126 8122 0
2226 2227 0
8852 8850 0
4572 4569 0
6094 6093 0
9404 9409 0
9436 9432 0
6358 6353 0
5707 5712 0
9356 9351 0
7189 7187 0
5191 5192 0
6268 6270 0
560 565 0
7683 7682 0
6492 6493 0
6356 6359 0
7182 7185 0
8667 8668 0
3652 3655 0
4521 4526 0
3162 3163 0
5313 5316 0
3542 3541 0
6589 6593 0
3200 3201 0
800 799 0
8668 8673 0
8580 8583 0
4097 4092 0
7572 7575 0
7259 7255 0
4281 4283 0
5095 5090 0
5300 5298 0
1736 1740 0
7299 7294 0
3049 3044 0
7317 7314 0
3214 3219 0
8548 8553 0
5472 5471 0
8239 8240 0
2635 2637 0
7796 7791 0
7213 7209 0
13 12 0
6977 6972 0
9705 9710 0
4539 4537 0
1833 1828 0
5364 5369 0
4656 4660 0
475 472 0
8897 8892 0
100 102 0
3293 3289 0
7230 7233 0
6947 6944 0
4209 4207 0
2070 2072 0
8681 8680 0
7671 7667 0
5473 5474 0
327 330 0
2771 2773 0
7456 7458 0
1817 1820 0
2253 2254 0
4241 4239 0
8553 8550 0
257 253 0
9685 9680 0
1921 1919 0
1661 1663 0
2840 2839 0
9321 9320 0
129 134 0
9691 9690 0
9044 9048 0
882 879 0
7965 7968 0
6775 6777 0
9724 9726 0
7385 7380 0
7731 7736 0
6860 6858 0
1732 1729 0
2817 2820 0
8099 8097 0
5111 5116 0
5497 5495 0
3918 3914 0
987 992 0
2485 2486 0
1730 1725 0
4554 4553 0
8273 8272 0
3804 3808 0
2043 2046 0
1369 1364 0
1060 1056 0
4156 4159 0
1874 1878 0
5399 5395 0
534 532 0
4614 4618 0
2249 2254 0
3517 3513 0
2759 2761 0
2046 2041 0
7514 7519 0
3503 3500 0
9507 9510 0
2380 2378 0
9324 9323 0
1169 1166 0
736 734 0
2287 2286 0
3211 3214 0
8136 8138 0
8350 8355 0
4226 4222 0
9647 9643 0
701 699 0
8349 8353 0
4719 4715 0
8772 8777 0
9921 9918 0
563 559 0
6481 6485 0
3807 3804 0
5417 5415 0
7027 7024 0
7370 7371 0
8005 8006 0
5939 5936 0
9795 9794 0
3601 3597 0
1416 1415 0
1399 1395 0
1340 1335 0
7962 7957 0
3419 3414 0
4720 4724 0
2288 2290 0
428 431 0
9583 9582 0
7990 7987 0
5936 5932 0
6806 6802 0
4330 4326 0
7314 7318 0
5171 5175 0
2774 2777 0
9878 9882 0
9976 9973 0
4091 4087 0
1364 1362 0
2368 2369 0
2405 2409 0
864 868 0
2978 2973 0
2285 2282 0
7592 7588 0
4943 4946 0
3996 3998 0
2189 2194 0
5997 5992 0
5491 5495 0
70 74 0
6387 6386 0
5907 5909 0
2299 2297 0
2457 2455 0
6508 6511 0
6448 6452 0
778 779 0
2168 2169 0
1850 1852 0
5598 5596 0
5421 5417 0
1630 1627 0
6859 6854 0
2310 2306 0
6401 6403 0
3923 3925 0
1833 1830 0
8480 8477 0
6896 6891 0
6360 6365 0
7398 7393 0
1857 1861 0
2515 2512 0
8534 8531 0
9384 9381 0
4049 4050 0
582 585 0
4528 4526 0
8412 8410 0
6969 6973 0
5499 5498 0
5579 5583 0
9681 9684 0
3008 3011 0
5975 5974 0
943 940 0
9387 9386 0
8776 8772 0
1937 1933 0
8994 8996 0
3057 3055 0
9112 9109 0
6238 6243 0
7821 7824 0
3477 3474 0
187 189 0
6156 6159 0
3236 3231 0
2598 2597 0
4108 4110 0
8778 8775 0
2521 2519 0
2629 2627 0
1069 1066 0
3447 3446 0
8822 8823 0
8949 8954 0
5253 5255 0
1605 1604 0
2380 2385 0
7244 7242 0
9741 9740 0
9128 9127 0
4303 4308 0
8036 8032 0
5573 5576 0
3662 3667 0
8606 8601 0
8042 8041 0
4384 4389 0
5980 5977 0
9338 9336 0
1452 1447 0
9238 9234 0
2898 2899 0
3909 3905 0
7369 7372 0
7148 7150 0
6421 6423 0
6603 6607 0
190 195 0
3564 3563 0
3291 3286 0
4132 4135 0
7886 7889 0
6706 6708 0
3678 3679 0
1960 1959 0
2620 2621 0
2373 2369 0
9979 9976 0
8099 8096 0
5359 5362 0
5844 5839 0
7253 7252 0
929 928 0
4065 4068 0
7488 7492 0
3645 3644 0
6136 6139 0
4841 4843 0
3510 3511 0
5024 5025 0
3127 3131 0
1611 1608 0
6966 6971 0
6185 6184 0
1477 1479 0
7924 7928 0
7134 7129 0
7141 7136 0
17 22 0
4236 4231 0
6168 6173 0
614 617 0
9526 9527 0
6046 6051 0
5559 5558 0
652 651 0
1087 1091 0
7056 7058 0
577 573 0
1443 1442 0
7879 7877 0
2079 2080 0
6811 6806 0
9549 9550 0
5612 5616 0
2638 2643 0
9820 9825 0
1935 1931 0
7215 7218 0
4326 4324 0
3632 3627 0
4869 4865 0
5353 5357 0
3078 3073 0
3802 3800 0
9786 9785 0
4556 4555 0
7158 7155 0
5088 5087 0
9450 9454 0
8864 8861 0
8348 8352 0
7379 7376 0
1110 1105 0
1075 1078 0
3543 3542 0
598 595 0
4860 4864 0
6520 6525 0
8060 8055 0
6782 6777 0
5873 5875 0
9683 9681 0
5487 5486 0
6871 6869 0
7517 7520 0
4028 4032 0
5696 5701 0
5887 5886 0
6713 6718 0
1346 1344 0
4496 4494 0
3883 3882 0
2771 2766 0
9200 9197 0
4238 4235 0
6659 6660 0
4004 4005 0
2727 2724 0
3068 3073 0
4384 4383 0
6542 6544 0
8961 8966 0
8779 8781 0
1713 1715 0
9036 9038 0
2147 2150 0
5080 5084 0
3345 3342 0
1819 1823 0
1793 1788 0
6824 6828 0
6565 6570 0
7911 7910 0
8027 8023 0
3650 3653 0
8117 8118 0
4503 4500 0
8673 8678 0
5535 5532 0
3661 3656 0
5383 5384 0
7403 7401 0
2179 2174 0
3059 3064 0
2262 2266 0
9868 9869 0
6104 6106 0
8358 8359 0
7642 7643 0
2854 2855 0
641 646 0
8350 8345 0
4024 4027 0
1390 1394 0
5396 5400 0
7767 7766 0
9606 9602 0
9063 9062 0
3435 3432 0
3091 3096 0
2425 2421 0
492 491 0
3753 3750 0
817 816 0
9503 9504 0
7289 7287 0
2686 2690 0
78 76 0
7636 7639 0
8635 8633 0
3472 3468 0
3109 3105 0
5449 5451 0
8270 8267 0
1217 1214 0
1271 1269 0
677 673 0
564 569 0
7403 7408 0
2321 2323 0
2354 2356 0
4504 4502 0
7715 7712 0
3871 3868 0
5804 5801 0
4506 4508 0
9791 9796 0
5805 5810 0
9213 9217 0
1994 1999 0
3006 3003 0
5420 5418 0
3721 3726 0
3947 3952 0
2024 2019 0
5284 5287 0
4606 4611 0
5720 5716 0
8369 8374 0
8872 8875 0
6392 6391 0
4944 4941 0
6922 6919 0
8648 8650 0
6728 6732 0
9011 9013 0
5953 5955 0
5706 5709 0
2439 2443 0
5526 5523 0
6884 6879 0
8754 8752 0
5482 5485 0
6191 6189 0
6525 6528 0
1724 1728 0
1506 1502 0
3732 3734 0
6123 6124 0
4381 4378 0
9961 9957 0
1237 1239 0
4108 4105 0
8045 8050 0
9552 9549 0
8479 8484 0
3508 3507 0
1482 1480 0
278 274 0
7405 7407 0
1693 1692 0
5907 5911 0
9220 9223 0
2076 2073 0
1288 1287 0
5506 5507 0
5404 5409 0
3119 3115 0
407 408 0
1630 1632 0
3501 3504 0
83 85 0
4547 4543 0
8412 8409 0
8769 8767 0
2741 2745 0
3300 3304 0
5924 5927 0
8177 8178 0
5600 5605 0
8718 8713 0
1872 1868 0
4105 4109 0
3867 3871 0
5789 5793 0
1354 1353 0
6016 6018 0
8425 8424 0
5224 5223 0
4987 4990 0
1553 1552 0
1785 1787 0
7208 7204 0
9046 9050 0
4604 4601 0
2699 2697 0
5690 5688 0
9696 9699 0
5295 5296 0
617 621 0
1476 1478 0
8155 8151 0
6431 6426 0
8722 8724 0
613 616 0
8350 8353 0
6991 6990 0
4081 4076 0
8762 8757 0
8896 8897 0
9544 9547 0
4552 4550 0
1355 1350 0
6187 6191 0
7403 7405 0
3782 3777 0
7509 7513 0
5916 5918 0
6 2 0
9543 9546 0
4068 4066 0
2919 2916 0
6647 6644 0
6335 6331 0
6375 6370 0
9806 9807 0
5206 5208 0
2516 2515 0
9424 9429 0
7914 7919 0
8097 8102 0
3240 3243 0
3884 3882 0
1280 1282 0
7924 7919 0
2622 2620 0
4651 4656 0
6418 6419 0
6368 6363 0
6101 6106 0
7421 7420 0
4400 4398 0
4803 4798 0
6501 6502 0
3267 3265 0
3719 3716 0
7071 7076 0
8054 8055 0
6170 6174 0
6988 6990 0
1067 1068 0
1338 1334 0
6011 6015 0
4524 4520 0
7750 7747 0
2663 2668 0
3756 3757 0
830 831 0
5926 5923 0
5875 5876 0
8842 8843 0
4141 4137 0
7407 7408 0
8621 8623 0
8199 8195 0
8062 8067 0
5103 5105 0
3152 3147 0
1742 1747 0
1425 1426 0
3541 3536 0
358 355 0
9243 9244 0
6925 6927 0
8196 8195 0
5293 5295 0
4595 4592 0
8764 8768 0
6686 6685 0
2554 2553 0
7741 7743 0
9582 9577 0
7992 7988 0
7398 7396 0
3134 3139 0
5431 5429 0
8837 8836 0
3328 3323 0
2495 2498 0
8232 8229 0
9598 9599 0
2929 2930 0
2318 2320 0
1595 1600 0
1479 1480 0
3383 3384 0
3197 3193 0
2577 2574 0
5146 5147 0
8864 8859 0
3007 3011 0
4277 4276 0
1891 1895 0
9249 9247 0
6930 6933 0
3371 3375 0
1734 1735 0
8113 8108 0
799 794 0
9633 9628 0
5966 5970 0
8141 8146 0
4410 4414 0
4865 4863 0
4958 4957 0
9288 9286 0
1191 1194 0
6517 6512 0
4297 4293 0
6380 6385 0
5792 5790 0
9378 9375 0
944 939 0
7625 7628 0
9917 9916 0
5128 5130 0
8585 8584 0
6968 6965 0
849 848 0
7096 7093 0
399 394 0
1361 1360 0
3571 3574 0
5732 5729 0
285 280 0
8759 8754 0
7286 7288 0
4577 4572 0
6259 6258 0
7430 7432 0
4622 4618 0
3852 3855 0
6169 6174 0
6872 6867 0
654 650 0
7829 7827 0
8745 8746 0
9662 9661 0
165 160 0
7970 7973 0
2700 2705 0
1442 1445 0
844 843 0
3972 3967 0
7126 7123 0
6565 6560 0
6813 6818 0
7924 7921 0
2500 2504 0
6883 6888 0
9327 9325 0
5044 5043 0
6353 6357 0
7911 7915 0
6002 6004 0
8525 8529 0
9627 9624 0
8316 8311 0
6846 6845 0
7995 7998 0
6351 6347 0
5594 5595 0
7768 7767 0
2264 2263 0
6929 6925 0
4358 4359 0
74 79 0
1829 1832 0
177 181 0
1267 1266 0
3510 3515 0
2782 2783 0
9958 9960 0
5629 5630 0
1560 1562 0
8068 8069 0
5564 5560 0
6887 6889 0
6077 6079 0
9150 9155 0
2047 2051 0
7727 7732 0
2271 2269 0
5292 5289 0
672 670 0
6568 6569 0
5197 5198 0
6837 6839 0
9420 9422 0
5749 5744 0
9493 9498 0
1323 1324 0
9917 9920 0
9419 9424 0
4187 4192 0
3434 3435 0
4643 4640 0
5435 5439 0
8901 8899 0
6353 6350 0
1668 1670 0
920 915 0
2446 2448 0
2128 2125 0
3559 3564 0
3918 3917 0
9576 9572 0
7452 7451 0
7542 7541 0
8465 8467 0
6252 6255 0
3831 3834 0
5504 5499 0
4176 4180 0
2405 2404 0
7702 7703 0
5351 5354 0
2791 2792 0
9615 9612 0
5322 5326 0
777 773 0
7104 7103 0
8171 8176 0
8700 8702 0
6675 6674 0
2665 2664 0
7537 7534 0
8401 8402 0
5015 5020 0
3067 3071 0
2530 2534 0
9095 9098 0
7164 7168 0
3462 3457 0
8240 8238 0
8535 8536 0
9963 9964 0
3538 3535 0
5185 5189 0
6597 6595 0
7599 7594 0
57 62 0
4404 4408 0
3633 3638 0
2399 2404 0
4888 4884 0
7278 7283 0
3914 3916 0
4033 4037 0
4014 4019 0
6813 6814 0
6179 6184 0
308 304 0
3023 3018 0
424 420 0
5056 5054 0
3588 3590 0
1484 1486 0
5783 5788 0
4488 4492 0
3038 3042 0
5380 5375 0
7466 7471 0
6204 6207 0
7904 7902 0
5534 5531 0
7385 7382 0
7763 7758 0
3801 3806 0
3057 3058 0
9440 9443 0
338 334 0
5251 5252 0
4732 4735 0
1690 1693 0
3885 3887 0
7118 7121 0
3120 3123 0
9224 9222 0
8522 8518 0
6758 6762 0
9330 9333 0
8281 8284 0
9184 9188 0
8950 8951 0
1689 1684 0
3942 3947 0
5157 5155 0
2404 2400 0
8573 8578 0
8476 8477 0
726 722 0
3967 3965 0
5235 5231 0
2057 2055 0
71 75 0
8911 8912 0
4359 4355 0
510 505 0
2292 2291 0
9672 9674 0
6913 6917 0
3347 3344 0
3703 3708 0
8545 8542 0
1739 1742 0
3092 3090 0
7966 7969 0
1102 1105 0
2265 2263 0
3771 3769 0
557 553 0
8227 8222 0
7323 7325 0
5253 5248 0
5869 5873 0
3944 3941 0
1175 1174 0
9951 9948 0
117 112 0
94 93 0
2700 2701 0
4729 4727 0
1504 1502 0
2945 2949 0
5783 5786 0
5510 5511 0
9403 9402 0
8065 8064 0
1003 1005 0
9755 9754 0
6706 6701 0
4583 4587 0
2542 2544 0
5791 5794 0
2397 2393 0
5979 5984 0
8194 8197 0
5707 5705 0
9074 9073 0
4841 4845 0
2287 2284 0
9991 9992 0
7132 7134 0
890 894 0
9574 9576 0
7790 7789 0
3285 3283 0
4375 4377 0
8425 8428 0
1292 1289 0
1836 1833 0
4676 4672 0
1085 1086 0
6883 6884 0
7140 7137 0
5605 5608 0
7007 7006 0
5763 5760 0
5015 5010 0
2913 2918 0
5804 5799 0
5330 5328 0
3680 3685 0
2506 2507 0
874 870 0
7945 7948 0
2454 2452 0
318 322 0
7524 7522 0
6942 6943 0
6580 6584 0
1315 1317 0
1550 1548 0
633 632 0
7234 7232 0
5951 5948 0
8313 8315 0
1127 1125 0
9983 9979 0
2845 2840 0
5273 5277 0
4121 4124 0
9684 9680 0
793 789 0
8854 8853 0
4359 4364 0
7336 7337 0
359 362 0
256 261 0
148 144 0
882 877 0
2160 2165 0
9158 9154 0
8623 8626 0
2641 2639 0
8847 8844 0
9693 9689 0
4676 4673 0
7961 7957 0
9779 9776 0
7641 7636 0
8961 8957 0
532 537 0
5605 5602 0
9434 9437 0
871 873 0
7408 7404 0
4750 4746 0
5207 5204 0
4780 4775 0
5336 5339 0
3976 3977 0
3244 3240 0
5698 5696 0
4271 4266 0
5727 5728 0
8262 8258 0
6594 6597 0
2215 2210 0
8651 8654 0
1811 1808 0
2610 2605 0
9183 9184 0
508 504 0
3779 3782 0
6659 6655 0
5190 5194 0
7807 7803 0
7610 7606 0
3245 3249 0
3161 3158 0
7874 7877 0
9967 9962 0
7533 7532 0
8912 8915 0
2767 2765 0
6365 6362 0
6671 6667 0
4183 4184 0
3212 3217 0
665 669 0
1776 1772 0
2962 2964 0
7366 7362 0
3534 3533 0
7758 7760 0
9891 9895 0
2525 2530 0
9775 9779 0
7975 7971 0
7439 7438 0
5403 5402 0
5782 5786 0
7704 7708 0
46 50 0
5577 5573 0
1215 1220 0
5198 5195 0
7541 7537 0
2913 2909 0
9381 9386 0
7946 7942 0
9845 9842 0
2709 2705 0
3679 3683 0
8421 8426 0
9036 9039 0
7287 7290 0
5979 5982 0
8612 8616 0
8122 8120 0
9102 9107 0
8814 8819 0
3978 3982 0
3071 3068 0
4344 4347 0
1304 1306 0
836 834 0
7344 7348 0
2135 2134 0
8704 8700 0
6863 6867 0
3241 3236 0
43 38 0
7899 7895 0
9631 9628 0
1681 1679 0
1625 1627 0
2983 2986 0
9358 9353 0
5172 5169 0
8307 8311 0
1698 1694 0
6074 6077 0
5109 5106 0
862 861 0
6638 6637 0
4279 4275 0
3408 3411 0
8148 8146 0
9032 9037 0
1212 1216 0
3681 3679 0
6516 6515 0
8239 8236 0
2981 2980 0
9997 9993 0
1497 1494 0
2451 2456 0
4442 4438 0
2408 2405 0
9102 9105 0
4069 4072 0
8838 8837 0
1420 1425 0
1138 1134 0
7235 7239 0
9446 9445 0
4692 4695 0
5300 5303 0
7060 7057 0
3821 3824 0
4259 4257 0
4303 4300 0
1595 1598 0
8946 8947 0
8263 8267 0
1045 1042 0
2256 2261 0
2338 2342 0
6032 6029 0
3064 3066 0
5789 5791 0
5466 5462 0
5572 5567 0
3296 3301 0
4673 4668 0
8253 8258 0
8398 8393 0
850 854 0
5349 5350 0
955 952 0
8927 8923 0
5195 5199 0
3498 3501 0
5655 5654 0
9146 9149 0
2657 2656 0
7917 7919 0
1040 1036 0
7394 7396 0
5717 5712 0
386 387 0
974 971 0
7500 7496 0
9010 9012 0
558 556 0
1885 1889 0
1689 1690 0
1882 1877 0
4625 4623 0
4638 4643 0
4580 4582 0
5518 5521 0
4871 4869 0
6029 6033 0
5798 5796 0
9337 9339 0
7604 7602 0
9866 9868 0
8077 8074 0
8137 8142 0
2077 2078 0
8477 8472 0
9073 9077 0
797 800 0
4231 4229 0
8349 8351 0
9939 9936 0
962 958 0
9361 9364 0
762 767 0
2110 2113 0
8160 8163 0
3563 3561 0
955 950 0
9570 9569 0
7975 7977 0
3625 3622 0
8623 8622 0
4313 4309 0
1348 1353 0
3816 3815 0
7282 7279 0
1197 1198 0
1868 1863 0
4018 4017 0
5593 5596 0
2809 2813 0
9722 9719 0
9684 9679 0
724 721 0
1044 1043 0
483 488 0
7148 7145 0
3874 3876 0
8063 8058 0
4478 4480 0
1531 1528 0
315 313 0
3928 3932 0
7323 7321 0
5598 5601 0
3661 3662 0
3039 3038 0
3415 3419 0
8792 8787 0
7068 7066 0
1851 1853 0
9404 9402 0
7098 7099 0
9609 9611 0
1034 1033 0
543 538 0
7976 7977 0
3197 3200 0
249 254 0
5140 5139 0
384 382 0
7798 7800 0
3894 3897 0
2561 2563 0
3594 3592 0
3899 3900 0
2424 2428 0
5128 5133 0
1969 1972 0
8605 8601 0
6045 6049 0
1978 1977 0
3508 3505 0
170 173 0
9430 9432 0
2394 2392 0
9432 9433 0
5838 5837 0
6639 6643 0
8431 8427 0
4247 4246 0
1308 1303 0
2520 2516 0
6362 6358 0
9032 9031 0
3658 3655 0
5968 5964 0
5085 5081 0
9825 9827 0
5961 5965 0
8230 8226 0
2133 2129 0
7910 7915 0
6922 6924 0
3368 3367 0
9156 9157 0
5412 5413 0
1471 1475 0
1068 1064 0
5181 5182 0
2168 2165 0
5831 5828 0
7218 7223 0
5707 5706 0
5382 5381 0
4619 4620 0
6093 6096 0
7422 7427 0
9751 9754 0
6360 6361 0
1824 1828 0
2897 2893 0
1897 1901 0
2846 2844 0
1823 1821 0
6543 6545 0
6380 6378 0
7594 7596 0
1404 1407 0
5753 5752 0
5156 5157 0
2451 2450 0
8870 8872 0
4686 4690 0
551 547 0
749 746 0
8805 8802 0
2607 2604 0
3844 3839 0
5525 5530 0
6503 6505 0
981 976 0
7847 7842 0
8985 8988 0
8794 8797 0
8363 8367 0
2080 2081 0
6712 6714 0
2007 2002 0
7826 7830 0
6705 6702 0
5669 5673 0
4365 4366 0
1628 1629 0
7470 7469 0
521 522 0
3706 3701 0
7423 7424 0
8929 8931 0
3325 3329 0
7754 7755 0
7799 7794 0
4461 4458 0
7265 7266 0
8943 8940 0
5710 5712 0
8519 8518 0
234 239 0
894 889 0
2990 2995 0
6636 6631 0
5058 5061 0
1440 1435 0
3441 3437 0
7351 7355 0
9347 9350 0
4890 4894 0
8181 8177 0
4450 4453 0
4054 4051 0
9221 9222 0
9937 9936 0
9874 9869 0
5575 5573 0
2041 2043 0
7839 7835 0
9715 9712 0
2196 2197 0
5413 5417 0
2705 2702 0
7513 7518 0
6009 6012 0
229 232 0
732 735 0
6707 6710 0
710 714 0
6998 7000 0
1005 1007 0
5379 5374 0
1433 1432 0
9147 9146 0
1598 1594 0
7253 7258 0
9146 9143 0
5456 5460 0
4786 4788 0
3535 3532 0
8509 8514 0
7805 7807 0
7919 7915 0
4334 4339 0
7602 7600 0
5712 5715 0
7159 7161 0
3501 3499 0
757 754 0
8472 8475 0
7806 7804 0
7957 7953 0
6280 6281 0
2431 2426 0
7046 7049 0
8218 8217 0
7706 7703 0
4681 4676 0
1212 1208 0
4642 4640 0
3053 3056 0
4290 4294 0
2109 2111 0
2582 2584 0
332 337 0
4254 4251 0
2692 2694 0
2567 2572 0
5384 5387 0
4687 4686 0
6849 6852 0
5297 5301 0
3081 3084 0
3342 3338 0
611 615 0
8476 8471 0
7774 7775 0
4268 4271 0
7243 7242 0
542 540 0
3971 3968 0
7773 7771 0
2039 2042 0
7472 7477 0
2205 2210 0
5926 5929 0
48 51 0
4455 4459 0
5150 5146 0
6074 6070 0
3431 3429 0
5028 5030 0
9866 9864 0
7004 7000 0
8164 8167 0
7865 7869 0
6974 6976 0
2821 2825 0
3171 3175 0
7951 7953 0
6801 6804 0
4463 4467 0
5973 5978 0
1021 1016 0
924 925 0
7723 7719 0
820 823 0
2015 2010 0
5081 5078 0
4290 4295 0
1185 1180 0
9846 9841 0
3840 3838 0
4602 4601 0
6861 6857 0
8700 8705 0
5051 5052 0
9744 9741 0
4191 4195 0
9565 9564 0
4665 4664 0
412 409 0
2048 2051 0
7858 7855 0
639 634 0
1741 1738 0
6478 6483 0
9897 9892 0
1674 1669 0
3478 3476 0
4861 4866 0
3590 3591 0
5836 5840 0
2987 2983 0
1768 1771 0
6081 6082 0
2433 2436 0
7600 7598 0
6579 6581 0
7801 7797 0
5084 5085 0
8104 8106 0
4309 4304 0
86 85 0
5256 5253 0
102 105 0
4379 4383 0
7106 7108 0
53 58 0
9896 9894 0
9418 9414 0
3228 3224 0
6244 6241 0
9193 9189 0
1965 1963 0
5723 5724 0
1761 1765 0
643 648 0
5861 5858 0
686 691 0
1236 1232 0
1343 1340 0
4960 4961 0
574 578 0
4187 4185 0
2744 2745 0
8242 8239 0
8986 8989 0
7836 7833 0
309 312 0
1776 1779 0
8733 8731 0
6124 6126 0
370 367 0
7166 7161 0
4705 4707 0
9704 9709 0
6437 6433 0
3298 3296 0
4636 4631 0
7202 7199 0
7025 7028 0
7993 7990 0
1084 1086 0
4801 4804 0
1738 1742 0
6018 6022 0
4995 4998 0
3985 3984 0
3128 3132 0
6036 6040 0
7810 7805 0
4352 4354 0
3159 3154 0
2599 2596 0
6945 6950 0
7026 7024 0
189 194 0
6064 6063 0
7225 7229 0
11 15 0
8698 8696 0
2646 2645 0
8321 8317 0
6727 6728 0
4711 4707 0
8938 8942 0
3432 3436 0
2513 2509 0
7455 7454 0
7253 7249 0
8129 8130 0
20 17 0
4303 4301 0
4430 4435 0
488 489 0
6378 6376 0
4418 4422 0
6019 6018 0
1724 1719 0
55 59 0
2264 2268 0
3489 3485 0
2730 2734 0
1381 1383 0
6942 6947 0
7633 7638 0
3888 3892 0
2046 2049 0
4315 4314 0
6277 6281 0
2518 2516 0
7808 7810 0
7002 7001 0
1517 1515 0
4193 4195 0
679 674 0
4327 4322 0
1842 1846 0
2185 2182 0
4337 4333 0
5017 5012 0
4990 4995 0
8347 8352 0
3328 3330 0
2127 2124 0
587 588 0
3137 3132 0
3283 3288 0
7854 7851 0
5862 5865 0
3695 3693 0
1911 1909 0
9760 9762 0
4782 4787 0
2784 2789 0
1010 1005 0
7465 7460 0
7343 7346 0
2624 2627 0
9049 9046 0
8389 8394 0
3375 3380 0
4590 4594 0
1879 1876 0
6732 6734 0
1174 3254 0
2112 2107 0
4469 4470 0
2841 2844 0
9000 8997 0
649 646 0
3760 3762 0
8156 8159 0
2282 2281 0
5369 5368 0
1617 1621 0
4830 4833 0
5776 5775 0
2698 2702 0
6043 6039 0
826 825 0
9243 9241 0
3097 3098 0
8990 8993 0
3453 3448 0
1857 1859 0
7210 7214 0
6962 6964 0
4763 4764 0
5830 5833 0
7902 7899 0
1863 1862 0
7222 7221 0
2554 2555 0
884 880 0
1909 1913 0
8720 8715 0
4657 4652 0
351 347 0
2515 2518 0
4146 4147 0
7731 7734 0
6524 6526 0
696 699 0
2616 2612 0
9585 9580 0
7613 7616 0
1298 1300 0
4324 4323 0
89 86 0
5178 5180 0
2807 2808 0
6708 6712 0
465 468 0
7607 7610 0
1451 1452 0
3560 3558 0
1318 1322 0
3381 3378 0
1511 1512 0
3766 3770 0
5718 5721 0
2108 2105 0
1683 1685 0
3368 3370 0
2636 2638 0
6197 6198 0
5161 5159 0
172 175 0
7693 7691 0
9739 9737 0
2145 2140 0
8208 8204 0
1589 1590 0
5758 5760 0
9076 9078 0
2157 2158 0
9882 9877 0
478 474 0
7391 7386 0
8485 8488 0
4567 4571 0
8167 8162 0
3471 3472 0
5632 5634 0
4543 4544 0
689 692 0
6354 6353 0
6491 6496 0
7339 7336 0
2741 2746 0
1736 1737 0
3570 3574 0
5840 5841 0
6599 6598 0
2091 2093 0
7832 7837 0
6453 6448 0
73 72 0
7200 7205 0
8407 8403 0
2129 2127 0
3287 3288 0
4524 4519 0
523 521 0
1140 1145 0
855 851 0
4185 4184 0
9548 9544 0
8461 8464 0
7605 7606 0
8300 8303 0
2919 2918 0
1964 1966 0
9009 9011 0
685 686 0
9071 9067 0
3223 3220 0
2190 2189 0
9315 9310 0
3191 3196 0
4946 4942 0
574 569 0
5165 5168 0
2223 2222 0
1836 1837 0
4029 4033 0
3128 3129 0
8287 8283 0
3950 3951 0
6261 6263 0
8263 8265 0
7476 7477 0
5003 4999 0
9643 9639 0
7881 7886 0
40 38 0
7112 7117 0
5647 5649 0
1039 1044 0
704 700 0
4717 4721 0
1485 1486 0
3126 3121 0
7982 7986 0
4026 4022 0
2916 2911 0
614 619 0
6822 6823 0
9668 9664 0
418 415 0
4537 4535 0
3256 3251 0
1980 1982 0
6250 6245 0
8378 8374 0
3610 3606 0
4898 4897 0
2817 2815 0
7371 7366 0
8759 8758 0
7140 7135 0
7692 7691 0
7556 7554 0
2343 2342 0
5030 5034 0
3049 3047 0
6356 6353 0
3943 3938 0
6164 6159 0
3060 3064 0
8399 8404 0
9752 9751 0
6286 6283 0
7113 7108 0
2883 2887 0
3569 3571 0
3461 3456 0
2692 2689 0
7479 7474 0
5349 5352 0
815 813 0
3062 3063 0
3414 3417 0
1837 1835 0
9023 9028 0
3322 3323 0
596 595 0
9470 9473 0
3012 3014 0
615 618 0
314 316 0
4866 4863 0
6542 6538 0
7969 7972 0
1952 1953 0
1075 1071 0
2788 2792 0
8835 8833 0
778 782 0
8402 8407 0
2460 2463 0
5973 5972 0
917 913 0
5326 5327 0
5753 5754 0
7262 7261 0
1233 1236 0
8073 8071 0
363 362 0
8656 8661 0
6050 6055 0
3635 3637 0
2151 2153 0
2074 2075 0
8262 8263 0
2925 2924 0
8823 8820 0
5339 5334 0
3234 3231 0
4390 4394 0
6600 6605 0
5964 5962 0
8157 8162 0
5076 5079 0
5328 5326 0
3285 3281 0
8581 8586 0
5980 5981 0
6457 6456 0
471 472 0
6975 6973 0
5793 5791 0
9620 9621 0
39 42 0
6107 6109 0
7293 7296 0
7015 7016 0
1388 1385 0
7515 7518 0
2654 2651 0
8176 8180 0
9623 9628 0
1505 1502 0
6622 6618 0
4211 4210 0
2718 2721 0
7167 7165 0
2290 2287 0
9356 9353 0
593 595 0
2076 2071 0
169 164 0
1530 1528 0
7893 7894 0
1661 1664 0
9345 9343 0
8800 8796 0
7081 7084 0
9960 9955 0
5417 5418 0
2713 2711 0
5455 5453 0
8695 8691 0
8378 8383 0
6847 6844 0
8600 8603 0
2559 2562 0
2329 2328 0
1700 1702 0
213 211 0
7179 7174 0
5244 5248 0
6683 6687 0
4442 4444 0
8644 8645 0
3897 3898 0
2319 2322 0
9267 9265 0
171 174 0
5109 5108 0
9912 9914 0
7192 7190 0
654 656 0
5405 5402 0
1814 1816 0
8690 8685 0
4702 4704 0
3301 3306 0
7370 7365 0
5605 5606 0
3871 3873 0
9448 9452 0
8422 8426 0
2348 2344 0
9936 9931 0
2673 2670 0
7823 7819 0
4245 4240 0
1569 1566 0
5819 5814 0
9528 9523 0
1859 1864 0
7376 7371 0
6313 6312 0
5320 5324 0
1004 1009 0
8068 8064 0
1204 1202 0
2675 2674 0
8689 8693 0
3507 3512 0
6381 6378 0
855 856 0
2304 2308 0
667 664 0
4018 4014 0
7779 7777 0
3181 3179 0
1498 1502 0
8252 8253 0
8435 8437 0
7419 7416 0
9258 9254 0
5269 5274 0
7124 7125 0
3867 3872 0
1861 1862 0
4966 4967 0
6018 6017 0
6547 6545 0
9658 9662 0
6153 6150 0
6130 6134 0
5292 5288 0
3135 3133 0
4606 4610 0
1174 1172 0
3960 3961 0
7896 7900 0
5489 5492 0
4245 4247 0
9829 9831 0
747 742 0
5851 5846 0
657 653 0
6957 6953 0
3409 3412 0
6621 6617 0
4518 4516 0
856 860 0
5939 5935 0
7144 7142 0
5943 5942 0
1831 1834 0
4153 4156 0
3729 3727 0
7995 7992 0
6770 6766 0
6570 6571 0
9017 9016 0
5385 5384 0
1064 1061 0
5420 5424 0
7329 7326 0
6085 6083 0
2682 2686 0
4361 4364 0
4382 4378 0
7960 7965 0
6559 6558 0
8142 8140 0
5664 5669 0
6223 6218 0
2076 2081 0
328 327 0
7323 7322 0
4361 4360 0
2376 2379 0
1857 1853 0
1998 1995 0
1332 1331 0
2319 2321 0
1346 1345 0
839 841 0
3997 3993 0
7287 7292 0
2684 2687 0
2748 2745 0
8203 8207 0
9513 9508 0
7181 7186 0
957 954 0
8944 8949 0
8264 8260 0
2426 2429 0
6566 6561 0
4991 4995 0
7135 7132 0
8504 8508 0
2005 2000 0
8781 8780 0
7001 7000 0
8839 8836 0
3828 3831 0
3180 3181 0
3030 3025 0
3405 3403 0
431 427 0
3982 3980 0
2254 2251 0
932 937 0
1393 1392 0
2567 2562 0
2160 2163 0
6656 6651 0
7490 7491 0
272 271 0
4500 4496 0
1501 1500 0
8977 8979 0
3186 3191 0
6611 6607 0
1427 1424 0
2150 2153 0
8774 8769 0
8626 8630 0
7932 7928 0
3072 3073 0
1745 1749 0
7258 7259 0
8075 8074 0
5475 5479 0
9295 9297 0
5756 5753 0
5708 5710 0
7485 7481 0
5859 5855 0
4596 4593 0
1452 1450 0
1690 1687 0
3314 3310 0
1123 1121 0
6790 6785 0
7874 7875 0
6880 6877 0
4417 4415 0
6986 6987 0
448 452 0
8636 8633 0
7079 7074 0
7597 7592 0
7217 7215 0
229 234 0
2425 2428 0
3489 3484 0
3244 3247 0
6788 6784 0
1745 1750 0
7175 7170 0
3167 3162 0
4209 4212 0
8722 8727 0
3190 3189 0
4541 4539 0
5366 5361 0
3062 3066 0
1841 1840 0
4887 4884 0
9372 9369 0
3882 3886 0
6841 6846 0
6042 6044 0
8137 8133 0
7837 7840 0
88 87 0
9036 9041 0
358 363 0
9954 9952 0
6412 6408 0
8324 8327 0
8200 8205 0
7521 7526 0
9491 9495 0
2488 2490 0
2972 2970 0
5317 5319 0
1649 1647 0
9881 9886 0
2102 2106 0
2503 2498 0
9303 9302 0
4494 4491 0
6197 6192 0
9525 9520 0
4049 4045 0
8283 8285 0
524 526 0
5045 5046 0
8276 8274 0
5978 5976 0
1615 1613 0
5073 5078 0
296 292 0
2545 2547 0
698 697 0
7718 7722 0
2177 2179 0
6403 6404 0
8506 8501 0
7231 7230 0
6307 6302 0
4951 4952 0
1152 1153 0
7995 7994 0
8234 8236 0
7987 7982 0
4528 4525 0
1558 1560 0
80 85 0
5355 5359 0
4672 4677 0
6924 6929 0
1321 1319 0
3433 3436 0
1022 1023 0
8344 8349 0
2174 2178 0
9195 9197 0
9578 9581 0
4843 4846 0
1090 1088 0
1971 1970 0
2682 2678 0
7386 7390 0
9911 9916 0
941 942 0
7832 7834 0
1338 1337 0
8001 8006 0
6653 6650 0
5835 5832 0
3561 3565 0
4634 4630 0
622 617 0
300 296 0
8125 8123 0
7173 7168 0
5897 5893 0
5035 5030 0
1299 1296 0
2460 2457 0
6443 6446 0
8245 8243 0
7795 7794 0
4677 4673 0
7654 7652 0
8431 8429 0
5122 5117 0
4804 4803 0
2733 2737 0
3571 3570 0
3096 3099 0
6961 6956 0
5760 5759 0
3873 3875 0
66 70 0
3917 3920 0
1668 1673 0
9602 9607 0
4150 4147 0
5642 5644 0
85 82 0
3754 3750 0
8934 8935 0
2121 2119 0
1973 1975 0
7158 7154 0
2039 2044 0
2201 2200 0
8090 8095 0
2929 2926 0
7251 7255 0
826 824 0
5783 5785 0
4617 4614 0
4116 4120 0
6406 6405 0
6997 6999 0
7032 7035 0
6794 6796 0
7716 7713 0
9436 9434 0
3968 3965 0
9677 9676 0
4059 4054 0
4227 4229 0
2265 2262 0
5335 5336 0
4787 4784 0
8958 8957 0
5672 5674 0
9176 9172 0
425 423 0
5652 5657 0
3598 3603 0
8722 8717 0
6948 6951 0
2584 2580 0
4392 4389 0
702 698 0
4840 4836 0
5296 5292 0
5488 5487 0
6323 6318 0
983 986 0
4891 4895 0
1322 1324 0
2188 2186 0
9064 9065 0
4402 4403 0
1831 1828 0
9920 9919 0
7662 7663 0
8950 8953 0
638 641 0
1822 1826 0
7722 7717 0
8931 8930 0
6885 6887 0
6288 6293 0
64 59 0
2661 2658 0
7865 7866 0
9974 9969 0
8482 8486 0
7303 7302 0
2259 2264 0
6233 6237 0
8685 8683 0
4514 4515 0
8863 8866 0
121 119 0
5145 5143 0
9550 9552 0
294 296 0
244 242 0
1584 1588 0
41 46 0
7330 7331 0
7407 7406 0
8883 8884 0
626 623 0
76 72 0
1819 1821 0
2357 2352 0
8839 8837 0
7500 7498 0
7651 7649 0
9921 9920 0
5746 5745 0
2044 2046 0
6902 6905 0
5165 5170 0
3370 3373 0
3964 3965 0
2234 2229 0
3785 3782 0
2651 2652 0
1761 1764 0
4423 4418 0
70 69 0
3724 3725 0
2337 2335 0
2116 2113 0
5657 5661 0
6159 6161 0
3157 3159 0
3857 3859 0
5118 5113 0
4668 4670 0
4406 4408 0
7172 7170 0
7771 7772 0
7753 7752 0
6816 6818 0
534 529 0
5793 5796 0
9904 9906 0
4576 4571 0
1297 1295 0
8499 8502 0
2534 2532 0
3335 3337 0
2193 2188 0
4902 4906 0
6879 6876 0
3806 3804 0
8001 7999 0
7587 7589 0
4231 4228 0
6625 6630 0
9396 9395 0
864 866 0
7928 7925 0
4050 4045 0
4452 4455 0
8860 8862 0
4611 4613 0
9054 9059 0
4277 4273 0
1199 1203 0
4404 4407 0
5040 5042 0
4433 4437 0
6164 6161 0
7539 7542 0
2143 2146 0
9919 9916 0
4847 4851 0
1896 1892 0
3946 3948 0
726 728 0
4996 5001 0
9846 9845 0
2750 2745 0
467 465 0
1686 1691 0
1129 1131 0
3627 3628 0
1700 1701 0
1474 1478 0
4700 4696 0
5894 5890 0
5589 5591 0
3532 3533 0
9323 9320 0
3973 3971 0
549 553 0
1 6 0
8584 8583 0
7658 7659 0
3174 3175 0
4275 4273 0
434 429 0
7501 7502 0
3742 3747 0
4732 4734 0
8924 8919 0
6781 6785 0
3728 3726 0
2320 2315 0
5478 5476 0
3503 3505 0
4919 4921 0
1898 1896 0
5137 5138 0
231 234 0
8056 8054 0
3646 3650 0
9118 9120 0
7531 7526 0
6298 6299 0
7538 7542 0
3359 3360 0
6460 6462 0
1211 1210 0
6222 6226 0
8080 8077 0
5597 5600 0
1654 1649 0
4187 4184 0
1205 1204 0
7002 7005 0
6872 6873 0
6510 6511 0
1103 1108 0
6834 6839 0
9697 9695 0
4578 4577 0
987 991 0
7634 7630 0
237 238 0
9629 9628 0
6247 6252 0
6874 6873 0
8112 8114 0
9670 9674 0
3157 3154 0
8227 8231 0
2383 2381 0
8563 8562 0
8805 8809 0
8035 8034 0
16 11 0
2310 2311 0
9079 9083 0
8748 8749 0
4475 4471 0
5148 5147 0
2556 2557 0
6256 6259 0
7570 7565 0
6547 6550 0
223 227 0
1395 1394 0
2544 2546 0
4091 4090 0
3164 3159 0
4862 4857 0
5208 5211 0
4871 4874 0
535 530 0
5677 5675 0
4166 4165 0
8834 8832 0
3087 3085 0
1435 1436 0
1572 1574 0
9718 9717 0
3275 3278 0
7859 7861 0
4976 4980 0
9901 9905 0
6179 6182 0
9917 9914 0
4691 4690 0
8354 8356 0
4002 3997 0
1710 1711 0
7669 7668 0
5745 5740 0
4773 4772 0
2021 2025 0
6002 6000 0
6542 6547 0
1145 1144 0
4695 4700 0
7496 7491 0
8409 8413 0
8954 8956 0
4951 4947 0
1931 1928 0
9977 9981 0
1127 1132 0
5642 5647 0
9161 9156 0
4608 4604 0
8978 8976 0
9097 9094 0
8717 8712 0
9522 9524 0
826 822 0
9352 9355 0
6351 6353 0
9508 9509 0
5195 5200 0
9660 9655 0
3022 3025 0
2191 2195 0
3080 3078 0
4527 4532 0
4052 4048 0
745 746 0
9411 9410 0
9064 9069 0
998 997 0
4087 4085 0
914 918 0
1728 1723 0
4345 4344 0
6279 6284 0
9647 9642 0
330 328 0
3645 3650 0
4915 4918 0
5031 5029 0
9408 9410 0
8789 8788 0
4671 4673 0
895 896 0
6984 6981 0
7314 7309 0
439 435 0
3001 2999 0
1184 1187 0
7030 7027 0
6854 6851 0
9888 9891 0
8068 8067 0
5177 5182 0
3479 3482 0
743 739 0
7673 7676 0
8355 8358 0
775 780 0
7752 7751 0
9930 9931 0
5682 5683 0
3042 3043 0
6994 6992 0
4947 4949 0
4648 4644 0
1281 1277 0
6643 6642 0
8672 8674 0
5563 5567 0
2532 2527 0
4588 4584 0
4130 4128 0
7008 7013 0
3490 3488 0
5356 5354 0
2628 2631 0
4026 4021 0
8498 8495 0
7669 7665 0
3089 3091 0
8935 8936 0
6851 6846 0
790 791 0
2069 2068 0
2204 2207 0
641 637 0
5377 5379 0
8646 8642 0
9528 9530 0
5481 5479 0
529 533 0
6749 6754 0
9186 9189 0
1021 1019 0
4815 4811 0
1680 1685 0
6869 6867 0
3334 3333 0
2960 2956 0
1247 1249 0
2143 2138 0
3689 3694 0
3537 3539 0
884 879 0
7678 7676 0
3349 3346 0
6875 6877 0
5120 5122 0
996 993 0
1225 1222 0
7843 7848 0
7333 7334 0
1154 1155 0
1866 1865 0
6696 6694 0
3621 3619 0
3152 3157 0
6767 6769 0
5977 5972 0
7683 7678 0
228 231 0
9290 9291 0
9907 9908 0
9214 9213 0
6427 6429 0
372 376 0
3781 3779 0
34 38 0
5163 5164 0
2400 2401 0
1250 1253 0
1999 1998 0
1916 1921 0
5450 5447 0
3775 3770 0
1204 1207 0
98 93 0
6921 6920 0
1131 1134 0
4387 4382 0
5475 5478 0
4119 4123 0
9136 9132 0
2291 2296 0
7886 7885 0
8930 8932 0
7027 7029 0
3793 3792 0
8317 8320 0
5849 5851 0
2669 2666 0
4522 4525 0
3320 3323 0
3684 3689 0
6936 6935 0
1538 1543 0
1125 1126 0
5707 5708 0
1120 1119 0
3705 3707 0
6266 6271 0
3712 3717 0
6160 6164 0
9170 9175 0
1094 1099 0
2767 2764 0
7939 7940 0
8406 8405 0
2357 2361 0
8304 8309 0
2144 2141 0
971 972 0
4339 4340 0
902 897 0
4977 4982 0
5242 5237 0
6042 6037 0
6083 6084 0
4768 4772 0
3630 3626 0
5669 5668 0
4742 4737 0
3059 3062 0
2336 2339 0
6418 6423 0
7838 7833 0
7419 7424 0
1293 1294 0
5661 5666 0
1587 1583 0
4408 4413 0
6349 6354 0
2442 2445 0
5703 5707 0
402 406 0
3779 3778 0
1548 1547 0
5639 5636 0
489 492 0
4081 4078 0
7040 7037 0
8008 8007 0
8650 8653 0
9800 9798 0
7092 7091 0
7446 7444 0
4584 4585 0
1177 1173 0
4233 4229 0
2657 2661 0
4950 4949 0
9293 9297 0
6515 6517 0
6004 6001 0
2174 2172 0
85 90 0
8383 8386 0
2719 2724 0
9674 9673 0
5448 5452 0
9558 9561 0
1667 1669 0
6008 6004 0
6180 6177 0
5573 5571 0
6202 6199 0
9335 9340 0
793 798 0
8605 8610 0
5807 5804 0
504 500 0
3218 3215 0
9128 9129 0
3593 3589 0
945 941 0
5278 5282 0
7820 7823 0
6678 6675 0
189 184 0
7417 7412 0
3362 3357 0
8233 8237 0
9866 9865 0
4734 4730 0
4645 4640 0
4189 4192 0
4286 4290 0
7516 7515 0
8439 8440 0
242 240 0
2690 2685 0
2375 2380 0
8433 8428 0
9982 9980 0
1825 1828 0
5365 5364 0
6978 6979 0
2174 2171 0
4807 4806 0
5886 5881 0
3309 3312 0
3284 3286 0
516 518 0
9959 9954 0
5299 5298 0
4990 4994 0
2284 2279 0
7582 7585 0
1986 1988 0
6068 6067 0
6952 6955 0
4408 4405 0
5328 5325 0
1670 1675 0
3021 3024 0
9430 9433 0
7150 7149 0
3879 3880 0
7499 7494 0
9399 9398 0
1459 1461 0
5758 5762 0
4768 4765 0
7991 7986 0
8218 8223 0
7300 7303 0
9085 9087 0
9643 9645 0
6461 6460 0
789 791 0
8434 8436 0
7651 7654 0
3324 3321 0
6379 6380 0
8838 8834 0
5975 5980 0
7618 7622 0
3435 3436 0
1036 1039 0
9947 9950 0
6356 6358 0
5582 5587 0
1940 1939 0
9632 9629 0
3721 3724 0
768 767 0
2407 2411 0
9500 9498 0
1941 1943 0
9630 9635 0
1180 1175 0
107 111 0
7981 7986 0
1325 1321 0
6359 6355 0
837 842 0
1058 1056 0
2605 2606 0
9654 9659 0
6788 6789 0
942 938 0
261 262 0
3993 3989 0
48 53 0
8895 8900 0
3472 3475 0
1968 1969 0
5657 5662 0
8796 8795 0
5624 5619 0
61 62 0
8220 8215 0
3211 3215 0
1479 1481 0
8494 8491 0
8817 8813 0
1171 1176 0
5371 5368 0
6677 6678 0
7789 7785 0
965 967 0
7545 7541 0
9378 9376 0
935 934 0
3785 3788 0
8606 8607 0
6516 6513 0
331 326 0
2636 2632 0
3487 3491 0
2370 2372 0
9330 9328 0
8479 8474 0
8995 8998 0
9847 9844 0
6031 6027 0
1302 1298 0
8438 8433 0
2321 2325 0
3232 3237 0
2867 2863 0
820 817 0
7177 7179 0
4191 4186 0
2004 2000 0
3798 3801 0
7626 7629 0
7385 7383 0
6796 6799 0
6101 6102 0
2509 2508 0
4724 4729 0
7850 7846 0
3122 3125 0
6979 6982 0
4763 4762 0
5731 5732 0
3687 3688 0
866 867 0
6846 6849 0
7196 7198 0
5385 5389 0
7100 7102 0
9810 9807 0
5336 5334 0
6772 6768 0
7828 7830 0
9445 9444 0
4860 4857 0
2560 2565 0
9290 9285 0
184 183 0
7935 7936 0
6544 6545 0
6112 6108 0
6496 6501 0
9067 9070 0
32 30 0
8365 8363 0
6913 6912 0
7633 7634 0
9162 9158 0
1680 1676 0
7308 7303 0
6505 6507 0
6601 6604 0
1087 1086 0
4421 4422 0
9317 9313 0
1136 1135 0
7053 7048 0
3853 3858 0
6799 6802 0
9619 9614 0
30 28 0
1561 1557 0
3915 3916 0
4588 4593 0
4128 4129 0
4846 4844 0
3272 3271 0
7502 7504 0
1807 1803 0
1442 1440 0
5094 5096 0
4154 4155 0
1739 1735 0
2953 2949 0
347 342 0
6529 6532 0
4817 4822 0
9283 9282 0
5096 5093 0
9549 9551 0
4441 4436 0
3973 3970 0
6629 6632 0
6330 6327 0
3571 3568 0
6132 6136 0
7912 7913 0
4893 4898 0
5757 5754 0
4044 4046 0
2988 2993 0
6041 6037 0
1433 1434 0
9660 9664 0
7998 7997 0
139 138 0
693 690 0
8171 8172 0
9759 9763 0
7110 7107 0
7223 7220 0
8510 8514 0
8710 8709 0
8367 8364 0
9169 9171 0
119 120 0
6511 6509 0
9275 9273 0
5465 5469 0
513 511 0
346 345 0
5277 5278 0
5086 5081 0
9513 9510 0
7889 7894 0
6614 6613 0
6795 6791 0
7661 7657 0
8379 8383 0
8808 8809 0
8647 8648 0
6551 6549 0
9418 9413 0
7394 7393 0
1094 1097 0
5035 5039 0
8318 8320 0
1259 1264 0
8077 8076 0
9117 9121 0
8153 8152 0
6509 6505 0
1848 1845 0
1763 1761 0
2943 2944 0
3418 3423 0
775 771 0
7883 7881 0
9674 9678 0
17 15 0
3873 3870 0
9663 9666 0
6218 6215 0
6462 6466 0
6088 6087 0
2753 2751 0
6940 6941 0
3119 3123 0
8971 8974 0
6181 6183 0
6697 6700 0
6591 6586 0
5189 5187 0
7733 7728 0
7109 7106 0
1812 1811 0
9147 9149 0
6736 6733 0
883 887 0
5070 5066 0
8940 8942 0
5663 5661 0
5124 5119 0
7315 7318 0
5792 5793 0
1781 1779 0
7372 7375 0
6596 6591 0
9863 7574 0
2721 2716 0
6766 6761 0
5908 5909 0
9493 9492 0
9089 9092 0
3276 3274 0
1821 1817 0
1364 1365 0
3477 3476 0
8214 8217 0
6776 6772 0
9094 9091 0
8734 8737 0
3706 3704 0
4139 4135 0
5263 5268 0
76 74 0
7474 7475 0
982 986 0
6133 6136 0
7024 7025 0
1651 1654 0
4508 4512 0
5664 5668 0
5462 5460 0
9177 9182 0
9875 9872 0
1611 1614 0
9515 9516 0
5628 5631 0
6290 6291 0
1641 1638 0
6888 6885 0
310 315 0
3161 3156 0
5822 5820 0
427 430 0
1093 1089 0
7102 7107 0
7290 7293 0
4926 4928 0
1149 1144 0
2769 2772 0
1689 1688 0
2077 2080 0
5737 5732 0
5145 5149 0
7427 7429 0
8484 8483 0
2653 2649 0
8982 8984 0
9581 9579 0
1574 1569 0
809 813 0
805 807 0
8586 8590 0
3864 3863 0
926 921 0
6989 6993 0
952 951 0
8201 8202 0
7196 7200 0
2924 2926 0
8090 8088 0
2322 2318 0
2294 2299 0
7644 7641 0
1637 1641 0
4521 4525 0
5672 5670 0
5844 5842 0
426 422 0
7855 7857 0
3293 3294 0
4431 4435 0
9182 9181 0
9049 9047 0
3602 3597 0
3773 3774 0
3891 3894 0
7041 7044 0
8588 8593 0
1440 1437 0
2104 2108 0
1887 1890 0
163 166 0
8889 8892 0
9857 9856 0
6444 6449 0
8124 8127 0
2470 2475 0
1503 1500 0
290 291 0
483 487 0
1094 1091 0
6325 6329 0
4302 4306 0
6446 6450 0
965 970 0
266 269 0
4974 4969 0
7783 7786 0
1882 1883 0
1827 1825 0
2850 2851 0
7495 7496 0
6035 6030 0
564 568 0
4786 4791 0
8793 8790 0
5578 5579 0
1298 1301 0
9333 9336 0
5700 5701 0
9624 9620 0
9548 9553 0
9159 9158 0
904 902 0
5777 5781 0
2420 2421 0
4558 4562 0
3568 3567 0
8240 8242 0
6925 6928 0
1595 1597 0
9802 9799 0
1983 1979 0
5777 5773 0
9036 9035 0
2528 2524 0
3936 3931 0
129 127 0
5643 5641 0
9187 9191 0
5950 5948 0
9442 9445 0
5567 5571 0
7561 7564 0
2906 2905 0
5834 5836 0
4461 4462 0
3037 3036 0
4864 4866 0
6046 6044 0
1542 1541 0
9034 9035 0
9099 9103 0
7934 7938 0
6207 6209 0
5751 5747 0
9758 9761 0
1449 1446 0
9339 9340 0
1052 1056 0
6417 6412 0
1488 1484 0
57 52 0
3460 3463 0
458 461 0
5237 5238 0
4358 4361 0
8357 8362 0
4356 4352 0
9514 9517 0
4946 4951 0
3570 3575 0
4821 4816 0
9771 9770 0
9659 9664 0
7489 7491 0
4059 4056 0
3394 3397 0
4155 4158 0
2758 2753 0
5625 5626 0
4467 4464 0
5490 5492 0
3667 3670 0
2808 2810 0
181 183 0
5017 5019 0
7842 7843 0
1139 1140 0
3339 3343 0
4571 4575 0
2125 2124 0
8068 8070 0
7273 7271 0
1321 1323 0
7146 7148 0
8027 8029 0
7045 7050 0
8507 8506 0
7576 7580 0
2263 2260 0
7425 7429 0
805 804 0
3466 3467 0
2702 2701 0
5179 5174 0
5220 5223 0
6568 6563 0
4882 4885 0
821 816 0
5838 5836 0
3034 3029 0
8482 8485 0
2112 2111 0
8827 8823 0
6208 6206 0
2045 2046 0
5936 5938 0
3471 3469 0
6593 6588 0
2675 2671 0
3919 3916 0
39 40 0
2787 2791 0
8966 8967 0
5388 5391 0
8549 8548 0
3663 3658 0
8674 8679 0
1261 1260 0
8244 8245 0
9622 9618 0
3723 3726 0
4668 4665 0
6579 6584 0
2144 2139 0
1855 1859 0
3038 3041 0
6990 6989 0
4998 5000 0
4331 4327 0
6234 6235 0
809 814 0
5529 5531 0
2341 2338 0
3018 3021 0
4516 4517 0
8580 8585 0
6889 6891 0
4567 4568 0
6428 6424 0
2623 2622 0
1419 1420 0
4244 4247 0
5455 5458 0
4692 4696 0
3456 3452 0
3376 3378 0
482 479 0
5085 5088 0
4142 4146 0
8273 8275 0
4695 4693 0
3716 3713 0
3280 3275 0
9760 9755 0
6670 6666 0
1152 1155 0
8289 8284 0
9622 9619 0
3419 3423 0
8910 8914 0
4314 4317 0
8160 8165 0
1525 1523 0
8666 8671 0
7000 6997 0
1257 1254 0
8534 8539 0
7290 7285 0
7502 7499 0
4992 4990 0
9152 9154 0
3044 3041 0
5466 5463 0
7964 7963 0
8303 8306 0
9860 9856 0
7208 7211 0
1196 1195 0
2272 2277 0
3265 3261 0
6065 6067 0
4821 4825 0
7436 7437 0
6227 6232 0
8113 8112 0
5094 5097 0
5126 5130 0
5748 5749 0
739 734 0
5455 5451 0
1740 1737 0
8553 8554 0
2277 2274 0
9620 9618 0
3058 3054 0
8632 8628 0
2992 2991 0
461 465 0
404 399 0
224 220 0
591 596 0
9177 9172 0
1518 1520 0
1921 1925 0
9542 9540 0
3409 3410 0
6057 6062 0
7602 7603 0
211 207 0
4595 4590 0
58 56 0
3000 3002 0
9414 9410 0
1915 1914 0
435 433 0
2626 2630 0
3030 3026 0
2455 2456 0
3772 3768 0
3933 3937 0
338 335 0
625 622 0
803 807 0
3098 3094 0
2853 2857 0
4448 4452 0
2266 2263 0
5638 5633 0
1877 1881 0
583 578 0
3328 3331 0
763 766 0
184 182 0
6321 6318 0
9848 9849 0
1992 1995 0
8154 8153 0
9181 9180 0
3667 3669 0
1624 1625 0
879 878 0
3405 3402 0
4341 4339 0
5941 5946 0
5595 5593 0
6931 6929 0
6988 6989 0
8324 8320 0
281 278 0
7970 7971 0
4601 4605 0
988 993 0
8913 8911 0
1141 1146 0
1718 1717 0
6427 6424 0
5388 5386 0
7181 7184 0
7423 7420 0
7358 7354 0
1767 1772 0
9135 9132 0
7295 7292 0
6334 6335 0
8247 8244 0
45 40 0
6916 6919 0
8971 8972 0
3345 3347 0
2227 2224 0
4594 4591 0
7329 7327 0
2240 2235 0
5289 5284 0
6615 6617 0
3597 3593 0
8523 8527 0
9215 9218 0
155 160 0
6092 6090 0
8347 8348 0
5501 5500 0
4489 4488 0
2595 2593 0
2301 2302 0
7041 7043 0
9375 9373 0
5754 5750 0
1235 1232 0
6937 6940 0
2690 2692 0
6581 6583 0
7891 7893 0
3629 3625 0
3535 3530 0
9407 9405 0
8155 8153 0
9711 9710 0
6306 6302 0
8473 8474 0
4955 4956 0
4445 4444 0
9944 9940 0
9280 9283 0
9536 9535 0
5102 5107 0
1180 1177 0
3299 3300 0
2113 2109 0
4066 4064 0
1804 1808 0
7573 7571 0
2015 2011 0
1606 1609 0
8702 8697 0
3980 3979 0
1635 1633 0
1808 1807 0
5467 5465 0
5648 5645 0
2213 2208 0
9611 9607 0
3315 3313 0
8306 8310 0
931 926 0
9442 9441 0
9115 9111 0
8267 8265 0
2847 2851 0
2821 2817 0
4111 4115 0
817 814 0
3297 3298 0
1915 1910 0
9816 9820 0
8423 8422 0
6737 6733 0
9352 9357 0
8034 8029 0
5605 5603 0
5183 5181 0
7308 7311 0
6327 6323 0
8346 8349 0
9982 9981 0
6466 6467 0
658 661 0
4337 4336 0
4556 4554 0
3812 3809 0
9898 9899 0
2191 2188 0
7076 7079 0
7399 7403 0
6141 6138 0
4272 4275 0
6059 6060 0
3460 3461 0
3647 3645 0
1013 1018 0
5690 5695 0
3325 3324 0
6052 6047 0
293 294 0
7441 7446 0
8401 8396 0
8680 8676 0
5709 5710 0
9132 9128 0
4472 4467 0
7455 7451 0
3836 3841 0
7087 7085 0
5473 5472 0
8342 8341 0
7989 7988 0
460 456 0
6173 6169 0
5188 5193 0
5509 5511 0
1742 1745 0
5100 5095 0
7809 7806 0
73 68 0
1956 1961 0
2402 2405 0
9606 9608 0
2096 2098 0
1597 1594 0
8931 8935 0
7059 7056 0
4653 4651 0
2151 2156 0
8064 8063 0
6125 6130 0
1656 1657 0
1546 1550 0
5796 5791 0
8656 8658 0
7822 7820 0
5170 5172 0
9732 9728 0
5248 5246 0
3417 3413 0
650 653 0
3789 3784 0
2585 2581 0
1348 1343 0
7965 7970 0
1858 1857 0
9322 9321 0
1341 1337 0
919 917 0
4913 4915 0
6665 6663 0
1471 1468 0
7991 7988 0
1276 1275 0
1588 1592 0
5533 5537 0
2375 2374 0
7320 7315 0
3523 3519 0
8523 8521 0
7499 7504 0
6731 6734 0
4088 4084 0
9763 9758 0
4004 3999 0
2244 2248 0
1368 1365 0
7313 7309 0
385 383 0
5774 5769 0
7156 7152 0
1934 1931 0
2098 2101 0
1266 1265 0
8237 8242 0
761 766 0
4021 4016 0
542 547 0
6120 6122 0
8511 8515 0
9605 9601 0
2881 2876 0
331 330 0
7244 7247 0
9294 9298 0
8525 8526 0
2362 2360 0
719 715 0
631 626 0
4723 4728 0
1891 1888 0
4493 4489 0
1107 1103 0
1513 1516 0
3212 3210 0
646 642 0
5531 5533 0
9317 9319 0
4411 4406 0
6292 6293 0
2386 2390 0
824 821 0
3488 3483 0
1490 1488 0
4248 4249 0
3091 3094 0
4351 4355 0
3335 3339 0
284 289 0
4818 4815 0
8920 8918 0
5836 5837 0
2693 2694 0
5623 5622 0
4071 4066 0
7932 7927 0
8295 8299 0
7274 7275 0
1534 1537 0
4037 4032 0
3694 3695 0
6352 6354 0
2590 2585 0
3664 3665 0
2469 2466 0
7780 7784 0
2468 2472 0
6564 6559 0
7395 7398 0
4921 4917 0
9086 9084 0
7288 7283 0
8200 8196 0
9139 9142 0
6448 6446 0
4326 4331 0
2634 2636 0
2011 2008 0
3039 3044 0
9797 9795 0
8941 8944 0
769 766 0
6499 6496 0
1788 1783 0
1756 1752 0
4391 4390 0
7497 7494 0
3756 3759 0
9773 9774 0
5164 5168 0
4816 4818 0
3090 3095 0
8525 8523 0
928 930 0
5124 5123 0
7497 7500 0
8945 8946 0
4768 4771 0
1060 1057 0
8232 8228 0
1040 1045 0
27 31 0
6394 6390 0
2316 2321 0
9351 9346 0
9884 9879 0
8461 8456 0
9265 9262 0
6145 6143 0
4138 4143 0
2637 2633 0
8416 8421 0
3544 3548 0
6198 6203 0
3753 3754 0
3825 3827 0
7666 7663 0
3513 3508 0
4787 4790 0
6418 6417 0
308 305 0
6389 6385 0
608 613 0
7585 7580 0
4988 4992 0
6109 6113 0
4537 4541 0
2508 2503 0
1296 1297 0
3402 3398 0
7973 7978 0
1863 1865 0
8721 8717 0
6711 6712 0
336 332 0
8277 8272 0
4507 4506 0
5069 5074 0
8042 8046 0
4570 4565 0
5278 5280 0
6894 6898 0
1624 1620 0
2588 2585 0
8456 8451 0
8409 8411 0
2763 2762 0
4915 4914 0
8465 8468 0
5098 5096 0
7845 7840 0
4423 4425 0
3499 3500 0
6798 6801 0
257 258 0
6893 6898 0
3468 3463 0
3957 3956 0
90 91 0
9408 9412 0
1584 1580 0
7322 7317 0
7978 7977 0
8169 8170 0
8208 8203 0
9549 9547 0
1561 1560 0
4219 4218 0
6676 6681 0
1334 1337 0
6232 6229 0
7538 7540 0
1830 1825 0
84 83 0
9068 9064 0
4898 4902 0
3170 3165 0
9978 9973 0
6898 6895 0
7625 7621 0
6856 6859 0
6099 6097 0
5356 5357 0
1315 1318 0
1480 1485 0
8485 8490 0
8537 8533 0
7732 7730 0
1100 1105 0
3660 3655 0
3743 3747 0
3882 3879 0
9734 9732 0
2089 2084 0
6718 6723 0
9958 9956 0
3810 3806 0
9013 9008 0
8843 8841 0
7389 7386 0
9275 9280 0
410 411 0
4718 4715 0
756 758 0
9168 9169 0
9455 9457 0
9815 9816 0
1076 1073 0
6722 6727 0
7899 7901 0
8265 8260 0
2434 2429 0
2607 2612 0
9157 9162 0
669 671 0
8944 8939 0
5311 5308 0
9077 9072 0
4368 4373 0
6113 6108 0
4465 4460 0
4096 4098 0
1521 1524 0
2081 2086 0
6720 6716 0
5052 5057 0
5427 5425 0
6036 6041 0
3772 3776 0
613 615 0
386 385 0
659 663 0
8475 8478 0
7884 7888 0
3468 3465 0
2876 2874 0
2321 2322 0
5561 5557 0
3843 3847 0
3291 3296 0
3352 3348 0
155 159 0
9955 9958 0
5555 5560 0
4306 4310 0
1986 1991 0
6555 6552 0
2153 2154 0
8643 8644 0
5142 5145 0
1611 1613 0
5710 5713 0
921 924 0
9253 9256 0
7333 7330 0
106 107 0
3259 3258 0
5229 5226 0
4987 4988 0
7874 7879 0
8346 8344 0
5526 5525 0
5617 5621 0
4121 4118 0
6798 6802 0
1960 1957 0
5233 5237 0
5842 5846 0
8451 8453 0
1692 1696 0
7113 7117 0
5538 5534 0
7316 7313 0
8702 8706 0
6243 6247 0
9128 9123 0
32 31 0
8400 8405 0
8869 8870 0
4866 4869 0
6270 6265 0
5184 5189 0
8204 8200 0
3791 3790 0
6184 6180 0
4859 4863 0
4280 4285 0
4651 4649 0
6325 6330 0
7356 7351 0
1878 1876 0
6673 6670 0
1609 1608 0
4509 4508 0
2573 2578 0
3620 3625 0
4748 4745 0
5443 5438 0
5652 5656 0
5672 5673 0
2254 2250 0
2352 2350 0
2986 2987 0
2237 2236 0
4522 4527 0
1957 1956 0
408 406 0
9812 9814 0
238 235 0
8147 8145 0
6674 6671 0
2684 2679 0
4751 4750 0
4330 4332 0
5946 5947 0
1487 1486 0
3779 3783 0
1028 1032 0
2759 2760 0
9590 9589 0
1144 1147 0
4565 4566 0
459 454 0
5911 5908 0
1370 1368 0
3990 3994 0
9883 9888 0
6877 6882 0
3103 3099 0
7252 7248 0
3920 3921 0
1223 1221 0
3248 3253 0
7117 7122 0
3590 3587 0
4376 4378 0
6114 6113 0
9595 9591 0
3837 3842 0
2567 2568 0
3333 3330 0
2803 2807 0
2491 2486 0
3009 3007 0
9578 9579 0
1652 1653 0
1230 1235 0
4342 4341 0
1488 1493 0
531 533 0
9631 9627 0
5769 5765 0
6716 6718 0
631 630 0
4029 4024 0
7189 7193 0
2259 2256 0
8568 8567 0
5428 5426 0
5978 5977 0
7805 7800 0
11 8 0
1119 1115 0
8050 8055 0
7247 7249 0
7221 7219 0
4132 4133 0
325 330 0
2546 2543 0
8789 8786 0
7957 7956 0
8650 8646 0
4947 4944 0
7680 7684 0
5480 5477 0
7761 7762 0
9593 9589 0
2160 2156 0
7493 7495 0
5904 5900 0
6220 6225 0
1266 1262 0
7906 7901 0
5481 5480 0
7790 7786 0
4351 4353 0
2099 2096 0
6073 6070 0
4780 4779 0
4705 4708 0
952 950 0
9887 9891 0
7904 7908 0
133 131 0
9470 9469 0
5042 5037 0
8742 8744 0
3135 3140 0
8482 8484 0
4838 4839 0
465 470 0
5050 5047 0
6341 6337 0
4048 4051 0
4890 4887 0
1859 1854 0
8460 8459 0
4901 4903 0
1279 1284 0
9272 9275 0
4150 4153 0
6698 6699 0
5250 5245 0
1133 1135 0
7375 7380 0
1773 1776 0
3582 3578 0
5927 5932 0
8070 8072 0
9033 9029 0
2691 2692 0
7392 7396 0
1073 1074 0
3331 3329 0
3175 3178 0
8341 8343 0
8877 8879 0
5959 5954 0
9538 9536 0
8812 8817 0
6190 6187 0
7525 7520 0
4761 4763 0
5839 5834 0
7562 7559 0
9927 9931 0
208 207 0
1922 1920 0
2769 2764 0
881 876 0
4541 4538 0
6422 6424 0
8407 8405 0
6377 6372 0
6679 6682 0
7927 7931 0
2238 2243 0
237 242 0
3971 3966 0
6791 6787 0
2613 2615 0
2983 2979 0
2885 2890 0
9347 9352 0
8691 8688 0
6062 6065 0
2300 2298 0
9777 9779 0
4039 4035 0
7660 7664 0
7053 7055 0
7762 7759 0
8937 8940 0
9349 9346 0
9838 9837 0
8744 8748 0
2840 2837 0
5426 5427 0
3605 3603 0
8563 8565 0
6949 6945 0
4130 4132 0
1295 1300 0
1743 1741 0
5363 5364 0
4661 4666 0
1062 1060 0
4044 4047 0
1082 1084 0
4128 4123 0
6818 6819 0
8297 8299 0
4509 4514 0
6296 6298 0
2174 2175 0
1767 1770 0
2297 2300 0
1779 1783 0
555 551 0
9306 9308 0
3972 3976 0
6278 6280 0
2548 2546 0
5157 5161 0
7972 7977 0
2657 2660 0
2326 2327 0
4632 4633 0
4449 4450 0
614 610 0
3975 3971 0
553 554 0
9061 9066 0
265 268 0
5251 5248 0
8038 8040 0
315 317 0
546 551 0
760 757 0
3117 3122 0
404 406 0
8710 8712 0
2755 2757 0
3477 3481 0
9562 9567 0
2581 2580 0
409 414 0
1978 1981 0
7345 7341 0
28 33 0
9629 9626 0
2741 2743 0
6654 6651 0
7377 7376 0
4506 4511 0
3301 3297 0
8528 8529 0
5971 5970 0
6180 6183 0
7526 7527 0
3735 3739 0
5286 5291 0
1903 1908 0
224 222 0
8619 8623 0
4391 4389 0
5765 5767 0
928 925 0
1486 1482 0
8080 8078 0
339 335 0
9270 9269 0
4474 4476 0
4007 4008 0
6618 6614 0
6581 6584 0
1777 1775 0
1980 1984 0
2929 2927 0
3924 3925 0
4183 4182 0
2842 2840 0
4459 4454 0
9301 9302 0
2464 2460 0
7371 7374 0
5904 5902 0
8823 8828 0
2907 2904 0
4663 4659 0
4985 4988 0
7451 7453 0
3214 3213 0
3369 3371 0
4170 4175 0
61 59 0
2091 2089 0
3102 3106 0
716 721 0
7467 7471 0
3510 3509 0
3867 3869 0
326 323 0
5088 5084 0
9937 9940 0
8813 8818 0
8181 8178 0
916 913 0
2064 2059 0
9972 9968 0
7420 7425 0
256 255 0
5811 5814 0
3393 3396 0
931 932 0
65 64 0
4538 4533 0
3177 3182 0
9887 9883 0
2247 2250 0
4273 4271 0
4172 4169 0
2331 2334 0
2007 2008 0
9291 9288 0
5627 5628 0
6178 6174 0
6278 6281 0
8630 8629 0
1305 1307 0
8311 8314 0
2253 2256 0
624 623 0
1136 1137 0
8182 8185 0
5362 5358 0
2563 2565 0
9624 9625 0
6946 6941 0
3962 3958 0
7864 7868 0
2805 2802 0
1448 1451 0
513 518 0
2932 2935 0
8111 8114 0
4493 4491 0
7527 7525 0
7565 7567 0
755 759 0
9501 9504 0
239 243 0
8335 8331 0
880 877 0
2555 2560 0
2507 2512 0
1266 1263 0
6801 6796 0
3636 3639 0
1602 1603 0
9277 9281 0
836 839 0
6882 6884 0
4945 4949 0
5038 5037 0
9329 9324 0
3109 3114 0
8111 8110 0
2276 2271 0
6012 6010 0
8478 8474 0
9409 9407 0
7848 7853 0
381 383 0
8246 8249 0
6587 6586 0
5546 5547 0
8549 8554 0
2451 2449 0
6044 6043 0
5203 5198 0
9474 9477 0
2047 2049 0
6810 6809 0
8818 8823 0
1047 1043 0
3251 3249 0
7758 7759 0
2281 2284 0
3482 3484 0
5713 5718 0
8694 8697 0
4536 4537 0
4638 4640 0
5471 5473 0
3040 3042 0
798 795 0
2905 2909 0
6064 6066 0
2752 2757 0
131 127 0
9881 9884 0
3533 3531 0
7777 7775 0
7025 7021 0
236 241 0
5855 5850 0
5015 5019 0
2801 2796 0
5625 5630 0
8250 8249 0
7347 7344 0
2457 2452 0
8759 8761 0
4897 4893 0
3252 3249 0
4937 4933 0
5577 5576 0
8802 8804 0
648 651 0
2935 2933 0
7467 7465 0
7995 7993 0
6925 6922 0
3625 3626 0
4612 4607 0
6690 6685 0
6393 6391 0
4439 4443 0
9343 9338 0
2081 2077 0
8351 8353 0
5525 5529 0
3601 3600 0
9894 9890 0
2497 2502 0
3502 3499 0
9987 9988 0
4388 4387 0
7078 7079 0
7930 7934 0
1911 1914 0
2604 2600 0
7734 7730 0
6700 6698 0
4334 4330 0
5866 5864 0
2719 2723 0
6770 6768 0
9389 9391 0
9895 9894 0
5600 5603 0
1105 1106 0
1926 1923 0
2145 2148 0
6780 6775 0
1766 1770 0
1265 1270 0
9344 9346 0
4895 4899 0
7996 7995 0
5671 5673 0
8150 8153 0
9482 9487 0
3234 3237 0
3308 3312 0
3071 3075 0
1719 1721 0
3330 3325 0
8080 8083 0
1935 1939 0
8039 8042 0
3466 3463 0
878 877 0
4344 4339 0
834 838 0
2577 2575 0
750 753 0
8771 8767 0
1434 1439 0
6989 6986 0
6148 6147 0
3616 3617 0
1462 1461 0
8882 8877 0
8235 8230 0
1111 1108 0
1757 1758 0
8177 8180 0
3802 3798 0
3247 3250 0
9995 9993 0
845 844 0
5901 5898 0
1370 1369 0
3095 3093 0
8145 8144 0
9448 9451 0
8840 8838 0
6744 6748 0
4297 4295 0
3358 3356 0
9936 9933 0
176 175 0
2305 2309 0
1111 1114 0
9134 9137 0
1162 1167 0
524 522 0
7140 7141 0
7574 7573 0
8235 8240 0
250 254 0
2523 2528 0
1582 1578 0
6110 6106 0
4917 4920 0
940 942 0
9326 9321 0
5008 5012 0
3591 3595 0
4820 4825 0
8008 8012 0
8888 8887 0
9267 9272 0
6740 6741 0
1523 1527 0
6420 6418 0
5520 5524 0
6601 6599 0
3268 3264 0
6761 6765 0
7140 7142 0
5485 5483 0
4933 4936 0
1857 1854 0
6214 6211 0
9379 9376 0
405 406 0
1344 1347 0
8089 8085 0
7732 7728 0
2336 2341 0
7828 7829 0
3880 3876 0
4188 4192 0
5543 5542 0
6053 6049 0
3016 3021 0
5694 5699 0
2232 2231 0
5771 5776 0
2692 2695 0
3650 3654 0
8655 8657 0
6487 6484 0
1765 1762 0
5565 5561 0
7259 7257 0
6325 6323 0
9063 9065 0
9449 9453 0
9109 9113 0
2669 2667 0
6525 6529 0
4931 4932 0
325 326 0
8445 8446 0
7349 7352 0
881 884 0
5196 5193 0
188 187 0
6267 6269 0
5175 5174 0
53 52 0
3822 3819 0
8939 8937 0
8495 8499 0
1691 1688 0
8363 8360 0
1038 1036 0
6758 6759 0
7007 7002 0
3303 3299 0
9234 9230 0
8986 8988 0
7487 7484 0
6772 6774 0
3606 3601 0
3383 3388 0
1132 1136 0
9792 9797 0
1854 1851 0
8435 8431 0
402 398 0
1038 1040 0
9013 9017 0
8652 8654 0
5652 5647 0
9637 9638 0
9819 9821 0
5790 5785 0
2436 2435 0
7317 7312 0
7335 7339 0
8355 8360 0
4805 4800 0
1414 1412 0
5307 5311 0
8384 8385 0
7579 7575 0
8281 8278 0
2196 2191 0
4368 4371 0
1038 1042 0
4674 4679 0
1090 1095 0
4671 4676 0
5522 5525 0
8150 8154 0
60 57 0
8201 8200 0
9077 9081 0
9438 9434 0
5731 5726 0
4596 4597 0
2280 2278 0
2648 2651 0
4048 4050 0
781 777 0
9959 9964 0
3510 3512 0
2034 2031 0
8329 8333 0
287 290 0
9197 9198 0
6943 6941 0
7955 7950 0
3512 3514 0
5330 5325 0
3090 3087 0
8377 8381 0
9035 9039 0
5784 5782 0
7758 7761 0
8198 8197 0
8199 8201 0
5509 5513 0
691 694 0
1634 1638 0
9030 9033 0
4004 4003 0
954 953 0
8148 8150 0
4171 4166 0
9414 9413 0
2927 2931 0
4603 4598 0
1397 1394 0
9258 9253 0
3349 3345 0
1855 1852 0
489 493 0
5556 5561 0
9121 9118 0
3996 3993 0
1183 1184 0
4082 4078 0
5874 5876 0
8879 8876 0
7746 7741 0
2196 2200 0
6815 6820 0
4466 4468 0
8438 8442 0
1410 1413 0
8628 8630 0
6568 6573 0
4429 4427 0
3842 3838 0
6206 6209 0
5294 5296 0
100 99 0
2007 2003 0
3013 3015 0
5311 5306 0
4823 4826 0
8515 8514 0
4274 4270 0
4560 4564 0
9933 9935 0
8320 8321 0
3253 3249 0
2520 2518 0
7774 7772 0
8231 8228 0
6208 6212 0
9535 9530 0
9562 9558 0
9934 9938 0
4873 4870 0
1382 1379 0
21 26 0
1535 1539 0
7272 7271 0
5197 5195 0
9003 9007 0
9210 9214 0
4753 4757 0
9772 9777 0
1224 1223 0
2511 2514 0
3148 3151 0
6942 6938 0
4471 4474 0
8413 8412 0
3286 3288 0
834 832 0
6222 6217 0
4490 4488 0
2393 2394 0
1454 1458 0
5274 5275 0
1831 1835 0
2693 2698 0
7799 7796 0
1719 1723 0
7345 7343 0
2102 2098 0
3405 3401 0
6170 6166 0
7642 7646 0
8995 8994 0
844 839 0
569 566 0
339 342 0
946 944 0
7244 7249 0
5739 5734 0
6890 6889 0
9248 9244 0
687 685 0
6240 6245 0
6950 6955 0
9702 9698 0
216 211 0
5365 5363 0
6619 6617 0
9755 9750 0
3927 3928 0
6487 6491 0
3726 3731 0
896 899 0
3419 3422 0
825 829 0
6967 6965 0
5540 5545 0
3712 3709 0
4067 4065 0
4332 4333 0
8482 8479 0
7460 7455 0
5537 5538 0
2465 2466 0
536 535 0
4902 4899 0
5579 5580 0
8258 8254 0
1892 1893 0
5724 5728 0
9277 9278 0
2324 2319 0
1395 1400 0
4527 4525 0
3912 3916 0
6812 6811 0
1226 1221 0
4243 4239 0
472 474 0
1130 1129 0
5725 5730 0
3506 3501 0
7697 7695 0
2399 2394 0
5269 5270 0
679 682 0
6480 6483 0
8569 8574 0
7718 7719 0
7923 7919 0
6183 6188 0
5728 5725 0
8134 8136 0
1459 1455 0
109 107 0
607 609 0
8684 8686 0
194 198 0
8747 8744 0
9590 9591 0
4965 4968 0
4657 4659 0
953 956 0
9656 9657 0
5736 5731 0
218 221 0
7669 7673 0
3313 3314 0
5531 5527 0
3316 3318 0
8213 8214 0
7881 7877 0
4901 4905 0
2579 2581 0
2312 2311 0
4471 4467 0
530 531 0
293 298 0
137 136 0
3902 3905 0
4666 4667 0
8134 8137 0
7457 7456 0
2896 2897 0
9106 9102 0
1139 1142 0
6667 6664 0
2993 2990 0
3443 3439 0
9159 9155 0
988 991 0
2222 2227 0
9036 9033 0
5394 5397 0
3341 3337 0
6216 6219 0
1827 1822 0
7644 7642 0
8280 8277 0
3982 3986 0
8795 8793 0
5293 5288 0
4421 4416 0
7247 7248 0
8245 8246 0
7240 7244 0
8256 8261 0
4778 4774 0
6178 6182 0
7999 8004 0
599 602 0
8026 8031 0
3768 3766 0
3623 3619 0
3056 3059 0
5835 5834 0
3874 3879 0
2590 2595 0
753 748 0
5778 5779 0
560 558 0
2508 2510 0
3974 3972 0
518 521 0
9319 9320 0
8577 8579 0
8971 8970 0
2211 2212 0
6856 6853 0
3556 3554 0
7621 7624 0
1217 1221 0
7733 7736 0
193 191 0
3530 3527 0
8792 8790 0
1953 1955 0
1379 1381 0
3703 3704 0
8138 8133 0
3298 3295 0
8773 8768 0
925 922 0
6055 6060 0
8657 8652 0
2853 2854 0
23 26 0
8335 8340 0
7212 7215 0
9367 9364 0
2189 2187 0
9692 9687 0
1702 1706 0
8115 8112 0
3208 3212 0
9641 9637 0
4412 4411 0
1837 1839 0
7432 7437 0
5447 5449 0
2334 2338 0
302 307 0
2960 2959 0
9246 9245 0
7027 7022 0
3668 3663 0
4054 4050 0
4341 4343 0
2501 2505 0
8019 8016 0
34 29 0
2829 2827 0
8436 8441 0
8276 8278 0
7461 7466 0
8408 8407 0
1464 1467 0
1477 1481 0
3207 3206 0
2647 2645 0
8175 8173 0
6779 6784 0
8740 8739 0
5541 5537 0
9018 9019 0
6248 6253 0
4927 4925 0
9318 9322 0
6556 6559 0
9946 9950 0
1147 1145 0
9767 9766 0
7732 7737 0
5366 5370 0
5949 5944 0
3853 3851 0
395 392 0
272 274 0
2405 2410 0
4684 4685 0
7817 7816 0
3217 3222 0
8127 8128 0
4371 4370 0
1990 1992 0
8008 8009 0
7297 7299 0
1012 1010 0
4231 4227 0
8566 8567 0
3248 3244 0
4145 4146 0
9379 9384 0
9153 9155 0
4977 4981 0
4504 4505 0
8725 8727 0
7170 7166 0
1564 1567 0
5369 5374 0
2875 2873 0
5831 5834 0
4432 4434 0
4254 4258 0
4574 4570 0
9954 9958 0
2060 2064 0
7239 7234 0
3241 3239 0
4032 4029 0
9649 9648 0
4262 4258 0
8378 8377 0
5476 5475 0
1305 1300 0
2125 2126 0
8892 8890 0
5697 5699 0
6730 6733 0
5643 5642 0
3263 3267 0
2936 2938 0
6130 6133 0
7393 7390 0
8816 8813 0
4939 4942 0
8820 8819 0
7713 7711 0
5872 5874 0
8597 8594 0
8472 8471 0
9941 9943 0
4796 4795 0
1622 1619 0
6695 6690 0
7240 7239 0
7348 7351 0
5581 5585 0
7949 7951 0
4587 4591 0
3120 3121 0
9931 9935 0
9780 9785 0
2925 2921 0
7128 7123 0
4435 4438 0
299 294 0
9872 9871 0
689 687 0
5229 5224 0
6515 6520 0
3753 3758 0
2809 2806 0
1966 1961 0
6062 6060 0
7533 7537 0
767 766 0
712 715 0
9818 9816 0
3463 3461 0
3326 3327 0
1750 1746 0
3385 3382 0
983 978 0
3288 3292 0
4586 4582 0
1533 1531 0
8583 8579 0
3845 3849 0
394 396 0
2913 2916 0
322 321 0
4357 4353 0
3094 3093 0
1473 1468 0
366 369 0
5016 5020 0
68 70 0
6702 6701 0
8387 8382 0
4292 4297 0
8625 8628 0
8691 8693 0
2839 2844 0
7185 7187 0
7997 8002 0
9365 9367 0
4371 4376 0
4490 4486 0
1118 1123 0
3996 3997 0
7033 7030 0
4632 4634 0
2812 2816 0
6587 6592 0
6123 6118 0
4325 4328 0
2203 2199 0
8769 8772 0
6904 6909 0
3761 3765 0
609 606 0
9345 9340 0
4293 4296 0
8102 8104 0
387 385 0
830 829 0
2273 2277 0
8991 8987 0
7846 7845 0
8718 8717 0
1411 1407 0
5198 5200 0
1532 1529 0
4861 4856 0
4400 4404 0
5550 5555 0
6008 6011 0
8883 8879 0
2100 2096 0
73 70 0
444 440 0
2006 2007 0
7576 7581 0
3903 3899 0
7107 7105 0
8119 8123 0
9727 9731 0
2246 2243 0
4956 4958 0
4296 4300 0
6721 6719 0
4535 4536 0
2979 2984 0
1926 1924 0
9995 9997 0
114 116 0
5925 5927 0
7990 7994 0
5348 5350 0
1748 1746 0
4673 4669 0
8129 8133 0
1152 1147 0
6752 6748 0
515 519 0
6931 6930 0
5881 5885 0
5320 5316 0
4733 4728 0
4606 4605 0
580 576 0
5177 5172 0
5719 5718 0
3243 3245 0
1632 1637 0
4992 4996 0
5297 5298 0
8804 8803 0
4778 4781 0
845 841 0
7543 7548 0
285 290 0
621 626 0
8215 8211 0
5418 5415 0
1838 1841 0
2219 2220 0
336 339 0
5408 5412 0
7951 7950 0
9551 9553 0
7985 7988 0
9130 9126 0
7521 7519 0
1922 1927 0
9227 9222 0
6137 6142 0
3929 3934 0
6580 6577 0
6965 6964 0
5017 5020 0
5675 5680 0
3004 3008 0
1925 1927 0
4037 4038 0
9641 9638 0
2488 2485 0
9484 9489 0
6690 6693 0
7486 7482 0
1972 1976 0
7104 7100 0
6648 6646 0
1508 1511 0
6692 6687 0
5963 5958 0
8913 8912 0
7228 7233 0
1230 1233 0
2242 2245 0
7343 7347 0
7363 7367 0
9271 9267 0
4141 4143 0
612 611 0
754 759 0
8751 8756 0
5770 5774 0
5357 5358 0
7197 7193 0
2948 2943 0
2822 2827 0
1986 1982 0
4788 4789 0
110 106 0
9119 9124 0
9138 9134 0
5816 5815 0
2528 2530 0
1740 1744 0
7325 7322 0
3471 3476 0
5944 5945 0
6887 6890 0
738 737 0
4520 4519 0
1596 1595 0
539 543 0
711 710 0
9141 9138 0
2326 2323 0
6270 6274 0
5042 5038 0
9345 9346 0
1699 1703 0
232 235 0
7586 7581 0
3133 3130 0
4244 4239 0
8357 8360 0
6920 6922 0
6422 6425 0
9624 9621 0
9251 9254 0
1659 1663 0
384 381 0
8100 8098 0
3135 3138 0
7266 7264 0
6451 6449 0
725 726 0
3172 3168 0
5863 5858 0
8189 8190 0
2826 2831 0
1590 1587 0
825 824 0
4020 4016 0
7375 7376 0
7001 7003 0
1655 1657 0
5574 5570 0
1164 1168 0
3220 3224 0
3560 3555 0
557 562 0
6961 6962 0
1250 1255 0
4975 4980 0
783 788 0
7806 7811 0
7193 7188 0
2121 2122 0
5765 5761 0
6118 6113 0
774 769 0
12 11 0
5029 5028 0
3123 3126 0
4157 4155 0
7377 7378 0
9409 9405 0
6045 6043 0
2503 2501 0
7505 7501 0
1614 1613 0
8850 8851 0
2940 2943 0
3977 3972 0
511 506 0
9631 9626 0
9919 9917 0
6408 6403 0
5057 5053 0
6136 6134 0
9313 9310 0
4841 4837 0
1258 1262 0
3988 3985 0
918 917 0
4542 4544 0
3743 3742 0
2252 2256 0
9173 9168 0
9396 9393 0
7098 7097 0
2398 2402 0
2920 2922 0
6906 6907 0
1024 1022 0
8798 8802 0
2753 2756 0
6840 6841 0
1466 1468 0
1470 1473 0
507 510 0
5162 5159 0
9822 9818 0
9879 9880 0
7316 7318 0
957 960 0
4132 4127 0
5307 5304 0
2157 2159 0
217 212 0
5639 5641 0
3149 3153 0
2728 2731 0
831 834 0
2012 2011 0
4136 4140 0
6484 6489 0
8774 8773 0
5571 5572 0
4646 4651 0
7740 7735 0
1811 1816 0
9405 9406 0
6025 6020 0
6966 6970 0
1796 1795 0
7357 7362 0
8822 8818 0
1090 1092 0
6121 6117 0
8003 8004 0
6870 6873 0
9776 9773 0
6443 6442 0
4592 4591 0
597 593 0
4974 4971 0
4312 4317 0
9298 9303 0
5899 5897 0
1721 1725 0
3595 3600 0
5879 5883 0
6122 6118 0
8130 8131 0
4197 4196 0
7118 7113 0
526 525 0
7729 7733 0
9882 9886 0
5038 5043 0
9663 9660 0
1911 1908 0
8559 8554 0
9779 9781 0
4615 4613 0
7536 7534 0
8056 8053 0
3016 3013 0
7814 7819 0
1354 1355 0
46 45 0
4104 4109 0
4684 4679 0
7942 7945 0
6782 6785 0
9246 9248 0
475 477 0
5917 5921 0
7635 7634 0
3618 3617 0
3372 3375 0
608 611 0
30 34 0
6710 6706 0
584 580 0
1520 1523 0
5816 5814 0
271 273 0
6566 6569 0
8245 8248 0
1339 1344 0
6894 6896 0
6265 6268 0
7894 7895 0
494 495 0
5176 5181 0
6223 6221 0
4981 4978 0
5687 5683 0
6851 6850 0
8149 8151 0
2571 2567 0
905 902 0
9158 9157 0
605 606 0
6000 6005 0
6530 6525 0
4394 4395 0
919 914 0
4453 4449 0
790 785 0
8504 8503 0
9230 9229 0
5913 5909 0
5012 5013 0
4170 4171 0
4941 4937 0
958 960 0
9166 9162 0
7131 7127 0
4102 4097 0
2220 2217 0
2247 2252 0
9691 9688 0
1478 1475 0
335 331 0
6061 6057 0
1015 1017 0
1643 1638 0
108 110 0
1452 1455 0
3972 3973 0
6041 6038 0
7052 7051 0
703 708 0
5652 5651 0
5774 5779 0
6667 6665 0
2716 2717 0
2970 2967 0
9630 9633 0
2535 2530 0
9519 9516 0
3073 3070 0
7557 7552 0
8632 8631 0
1384 1389 0
1509 1511 0
250 246 0
6601 6598 0
1607 1608 0
6939 6938 0
8051 8053 0
6737 6736 0
2080 2084 0
1385 1386 0
1123 1126 0
7737 7740 0
3580 3578 0
8713 8711 0
9162 9164 0
3553 3554 0
6199 6198 0
9722 9725 0
5228 5231 0
5285 5280 0
3895 3896 0
4162 4161 0
2004 2002 0
2005 2002 0
2060 2059 0
4606 4608 0
2817 2819 0
4925 4924 0
3717 3716 0
2024 2028 0
6395 6391 0
810 805 0
1914 1910 0
7120 7125 0
9271 9268 0
9533 9536 0
9497 9495 0
449 452 0
1220 1218 0
1636 1639 0
116 118 0
2083 2086 0
720 715 0
9023 9026 0
6254 6249 0
4979 4978 0
8933 8931 0
4967 4970 0
6237 6242 0
888 887 0
2406 2405 0
7105 7103 0
7251 7247 0
9861 9860 0
8774 8778 0
8387 8383 0
907 910 0
9216 9220 0
8180 8181 0
7345 7346 0
803 798 0
4243 4238 0
3077 3074 0
4438 4441 0
7660 7656 0
2123 2122 0
7527 7524 0
6687 6689 0
6968 6969 0
490 488 0
9536 9537 0
899 904 0
3545 3548 0
933 938 0
5955 5959 0
5623 5625 0
4370 4369 0
9935 9937 0
4305 4304 0
2312 2314 0
8891 8896 0
1909 1904 0
6127 6128 0
1919 1922 0
3120 3119 0
6902 6903 0
2088 2093 0
3592 3587 0
6624 6622 0
5530 5526 0
6283 6282 0
6382 6380 0
5697 5692 0
7046 7048 0
6767 6766 0
7334 7338 0
2876 2879 0
9743 9744 0
5621 5624 0
4453 4455 0
4531 4527 0
1600 1604 0
3800 3803 0
130 128 0
3891 3888 0
8132 8137 0
5451 5454 0
2038 2035 0
5113 5108 0
3121 3119 0
9856 9852 0
141 142 0
6852 6853 0
2525 2524 0
7389 7387 0
2052 2050 0
1979 1981 0
99 103 0
3222 3219 0
1984 1979 0
1618 1622 0
2290 2293 0
4967 4968 0
9460 9455 0
1644 1640 0
2452 2447 0
8917 8922 0
5990 5991 0
5648 5646 0
8522 8520 0
4424 4426 0
4767 4770 0
6979 6981 0
9094 9089 0
1812 1809 0
2733 2735 0
8997 9002 0
8821 8816 0
646 647 0
2636 2635 0
7735 7731 0
6933 6936 0
7025 7029 0
6264 6263 0
8233 8236 0
870 868 0
2348 2345 0
1307 1303 0
7364 7365 0
6203 6204 0
7640 7641 0
6963 6961 0
5226 5227 0
6105 6107 0
6986 6990 0
2447 2443 0
8282 8287 0
2445 2448 0
5131 5130 0
6824 6823 0
6507 6502 0
2736 2734 0
2938 2934 0
5907 5905 0
6814 6810 0
1993 1996 0
440 439 0
5754 5755 0
7356 7352 0
6132 6130 0
713 709 0
5176 5171 0
7850 7847 0
171 173 0
1231 1236 0
2963 2958 0
5822 5819 0
1889 1891 0
7716 7717 0
273 277 0
7685 7686 0
5541 5544 0
2605 2604 0
123 118 0
6505 6502 0
9896 9900 0
4721 4726 0
3283 3284 0
5792 5791 0
5337 5336 0
2526 2524 0
4779 4774 0
4502 4500 0
3379 3384 0
6439 6435 0
133 129 0
7941 7937 0
6715 6711 0
5350 5351 0
2972 2973 0
4050 4053 0
4444 4440 0
8783 8786 0
3688 3690 0
8251 8252 0
3227 3223 0
3448 3451 0
7526 7528 0
4945 4947 0
2898 2901 0
7539 7534 0
5079 5084 0
7494 7492 0
206 202 0
5096 5099 0
8598 8594 0
3745 3749 0
3676 3675 0
258 256 0
5076 5073 0
8756 8752 0
6080 6076 0
5707 5709 0
4379 4377 0
6852 6854 0
5091 5096 0
8281 8282 0
9623 9618 0
3364 3365 0
4399 4404 0
3989 3994 0
8401 8400 0
7913 7916 0
2998 2997 0
5104 5105 0
6021 6019 0
7208 7212 0
3717 3721 0
5650 5654 0
5836 5835 0
6744 6747 0
8164 8161 0
6672 6674 0
3060 3057 0
2385 2384 0
6048 6045 0
9473 9468 0
3230 3231 0
5103 5106 0
5399 5398 0
5329 5333 0
792 788 0
3403 3401 0
3338 3339 0
2110 2108 0
4434 4439 0
266 268 0
3612 3614 0
5076 5072 0
3039 3043 0
4706 4711 0
2825 2829 0
4224 4220 0
9301 9303 0
6093 6089 0
4506 4503 0
3368 3371 0
837 840 0
274 277 0
9278 9275 0
6103 6107 0
8429 8430 0
8584 8587 0
7229 7233 0
9587 9584 0
6574 6577 0
3891 3886 0
3714 3717 0
29 27 0
2939 2941 0
9042 9037 0
8018 8014 0
1115 1118 0
9165 9164 0
3885 3883 0
7019 7016 0
1448 1452 0
5990 5988 0
6871 6875 0
9714 9718 0
3577 3573 0
3424 3420 0
7682 7681 0
1100 1097 0
4377 4381 0
4366 4362 0
1676 1673 0
2760 2765 0
984 983 0
1764 1767 0
2950 2949 0
3092 3094 0
1573 1572 0
4232 4233 0
3549 3544 0
5317 5314 0
4312 4308 0
3439 3440 0
6461 6466 0
2310 2312 0
8067 8064 0
3833 3838 0
6521 6516 0
979 976 0
4985 4983 0
9224 9228 0
3664 3661 0
722 727 0
7149 7146 0
769 767 0
6006 6005 0
38 35 0
4750 4754 0
5459 5461 0
9975 9974 0
4616 4619 0
854 855 0
6009 6014 0
5877 5879 0
2732 2737 0
7689 7686 0
4941 4943 0
7896 7901 0
1459 1458 0
9566 9571 0
2268 2272 0
7445 7442 0
8769 8764 0
5452 5451 0
1350 1353 0
203 200 0
1737 1732 0
907 904 0
1101 1099 0
9296 9298 0
1895 1890 0
5111 5112 0
3517 3518 0
732 734 0
3819 3823 0
3228 3225 0
4787 4788 0
4019 4018 0
7574 7575 0
7644 7643 0
2024 2023 0
6365 6366 0
8599 8603 0
2715 2714 0
4030 4034 0
9260 9265 0
4385 4381 0
4654 4656 0
2335 2339 0
1791 1793 0
5286 5289 0
1255 1252 0
7298 7294 0
5674 5669 0
8625 8622 0
5549 5547 0
4077 4080 0
644 643 0
220 223 0
2490 2493 0
349 352 0
3185 3181 0
3481 3478 0
4675 4678 0
9165 9160 0
6097 6093 0
2175 2178 0
1994 1989 0
7204 7209 0
6752 6747 0
2160 2157 0
360 358 0
4947 4952 0
18 22 0
8124 8129 0
3653 3656 0
5758 5763 0
1998 1997 0
104 107 0
5424 5425 0
6547 6552 0
1171 1170 0
751 748 0
529 526 0
3672 3671 0
7597 7595 0
7313 7311 0
5310 5305 0
54 56 0
1640 1641 0
7786 7791 0
6337 6339 0
4566 4568 0
4877 4872 0
8559 8558 0
9334 9337 0
7189 7190 0
7480 7478 0
9645 9650 0
5233 5231 0
1573 1575 0
552 549 0
2444 2445 0
2199 2197 0
9268 9267 0
258 259 0
5278 5275 0
5574 5579 0
3585 3590 0
9215 9220 0
9362 9367 0
9112 9107 0
8989 8994 0
743 740 0
9292 9290 0
4603 4606 0
8705 8709 0
3821 3820 0
869 868 0
8853 8849 0
9984 9981 0
1550 1545 0
2820 2821 0
6083 6087 0
3783 3778 0
5205 5200 0
6524 6519 0
6424 6429 0
5547 5551 0
256 254 0
420 416 0
7468 7466 0
2805 2809 0
5532 5537 0
802 807 0
4517 4519 0
3944 3943 0
2742 2739 0
2271 2274 0
3444 3442 0
6881 6882 0
488 486 0
2206 2203 0
4607 4611 0
6037 6032 0
3156 3159 0
475 470 0
4620 4622 0
9125 9121 0
6355 6351 0
7558 7563 0
7652 7650 0
8804 8799 0
6595 6592 0
989 990 0
3279 3278 0
2691 2687 0
2459 2460 0
1730 1731 0
8770 8775 0
9644 9640 0
7125 7121 0
6435 6432 0
1049 1053 0
4575 4577 0
747 751 0
3820 3815 0
7915 7916 0
7913 7910 0
8777 8782 0
5414 5417 0
4099 4096 0
1675 1672 0
480 477 0
7107 7104 0
5818 5816 0
7561 7557 0
4983 4980 0
7405 7401 0
1950 1945 0
4851 4850 0
3475 3471 0
718 714 0
8337 8336 0
5756 5759 0
5523 5524 0
3406 3409 0
7654 7649 0
4603 4607 0
6054 6059 0
5742 5738 0
1666 1671 0
9264 9262 0
9843 9847 0
6714 6719 0
1863 1859 0
3749 3751 0
5401 5397 0
4088 4087 0
2807 2802 0
8864 8862 0
7603 7605 0
1334 1332 0
8728 8724 0
4580 4576 0
9362 9364 0
4991 4988 0
438 433 0
9802 9797 0
6773 6778 0
393 390 0
6484 6479 0
5337 5341 0
7201 7200 0
3025 3026 0
9508 9503 0
7091 7090 0
2506 2510 0
3473 3472 0
1763 1762 0
8974 8969 0
8746 8744 0
8326 8323 0
2740 2739 0
3461 3466 0
2529 2531 0
8001 7998 0
9299 9301 0
6458 6460 0
5428 5432 0
2639 2637 0
9022 9027 0
8003 8005 0
9118 9115 0
571 572 0
5470 5467 0
1657 1654 0
9294 9297 0
516 519 0
6988 6983 0
6362 6361 0
875 873 0
4662 4666 0
4469 4471 0
8738 8741 0
6502 6497 0
6910 6911 0
6725 6727 0
1658 1656 0
6535 6534 0
7372 7374 0
1650 1652 0
1756 1751 0
4661 4658 0
3949 3952 0
7183 7187 0
1103 1102 0
9641 9636 0
4956 4951 0
4560 4555 0
1180 1184 0
635 630 0
291 288 0
9079 9084 0
9344 9345 0
7214 7217 0
2306 2304 0
153 149 0
8601 8597 0
1303 1298 0
3942 3943 0
4382 4380 0
9449 9445 0
5950 5946 0
5457 5455 0
8628 8633 0
3703 3707 0
5603 5604 0
12 14 0
5675 5674 0
9425 9420 0
8269 8265 0
1273 1276 0
3959 3954 0
6727 6729 0
183 188 0
4177 4172 0
7330 7325 0
2103 2106 0
6235 6238 0
8302 8298 0
4100 4096 0
8288 8287 0
9862 9859 0
323 328 0
9116 9114 0
3975 3974 0
4144 4146 0
7969 7964 0
9910 9913 0
5887 5892 0
1045 1048 0
5367 5365 0
1243 1238 0
8989 8992 0
378 377 0
1816 1817 0
3415 3413 0
7478 7483 0
1051 1046 0
7936 7931 0
8910 8906 0
6016 6020 0
3959 3957 0
508 507 0
4884 4880 0
5027 5026 0
3850 3847 0
8763 8758 0
6206 6203 0
9047 9043 0
9114 9112 0
9456 9460 0
4277 4279 0
6800 6802 0
3997 3995 0
5334 5335 0
359 357 0
9576 9575 0
8665 8668 0
9031 9029 0
4910 4909 0
1234 1231 0
6927 6932 0
7007 7011 0
7268 7265 0
3950 3949 0
1875 1876 0
304 301 0
2604 2608 0
5418 5419 0
1743 1744 0
7907 7912 0
5059 5060 0
7777 7774 0
8286 8289 0
8442 8440 0
8081 8085 0
643 638 0
427 425 0
9094 9095 0
6668 6671 0
4640 4641 0
2898 2900 0
6733 6732 0
9213 9212 0
9137 9138 0
6593 6594 0
9007 9011 0
1705 1708 0
2976 2972 0
1781 1786 0
9641 9645 0
3100 3101 0
1181 1176 0
5113 5110 0
8514 8516 0
3763 3762 0
7442 7440 0
1526 1525 0
4466 4464 0
6681 6680 0
2271 2275 0
3010 3015 0
8983 8988 0
7365 7363 0
1962 1964 0
2947 2948 0
5532 5530 0
6337 6340 0
7790 7792 0
601 596 0
4153 4151 0
7088 7085 0
8312 8314 0
6707 6704 0
8966 8964 0
4562 4563 0
9117 9120 0
3503 3504 0
489 486 0
3071 3069 0
6190 6191 0
2600 2603 0
8557 8554 0
280 282 0
9461 9462 0
3132 3131 0
6491 6493 0
3611 3615 0
1403 1400 0
4743 4747 0
3312 3307 0
9407 9408 0
2822 2817 0
6712 6717 0
9225 9227 0
3954 3958 0
5005 5009 0
2393 2388 0
8425 8426 0
5635 5637 0
6238 6233 0
4460 4461 0
4711 4708 0
8551 8552 0
5490 5495 0
398 399 0
8312 8313 0
3816 3811 0
1942 1947 0
7216 7219 0
997 999 0
5479 5474 0
8397 8399 0
6972 6976 0
2525 2523 0
1606 1611 0
5514 5519 0
4844 4841 0
1789 1788 0
5399 5394 0
1980 1978 0
2996 2995 0
320 325 0
9207 9208 0
1962 1958 0
8867 8871 0
7356 7357 0
8029 8031 0
6538 6536 0
9617 9614 0
5458 5456 0
1100 1103 0
3773 3771 0
1560 1557 0
3443 3444 0
4397 4400 0
969 974 0
288 289 0
2217 2222 0
9261 9266 0
5035 5037 0
4786 4785 0
9546 9541 0
8231 8229 0
4524 4527 0
9016 9013 0
1694 1696 0
301 303 0
1994 1997 0
4596 4592 0
7379 7384 0
4917 4912 0
8919 8918 0
7520 7518 0
640 645 0
2590 2588 0
3388 3391 0
3234 3239 0
6793 6798 0
3799 3797 0
3816 3819 0
7546 7544 0
2196 2198 0
6026 6029 0
2886 2888 0
9384 9380 0
1473 1472 0
9792 9789 0
172 167 0
1887 1891 0
1412 1409 0
2109 2114 0
8327 8328 0
8216 8218 0
354 352 0
5158 5159 0
1431 1432 0
2270 2265 0
47 45 0
3889 3885 0
5926 5927 0
6488 6493 0
7366 7367 0
941 936 0
2241 2246 0
8279 8278 0
1179 1174 0
6040 6045 0
4911 4910 0
1616 1618 0
8613 8617 0
2638 2641 0
772 775 0
8072 8068 0
6059 6057 0
4167 4171 0
4968 4973 0
4583 4581 0
8210 8207 0
8666 8669 0
1506 1503 0
7434 7436 0
6311 6309 0
4914 4917 0
5572 5569 0
234 230 0
4310 4314 0
1991 1996 0
4048 4049 0
2265 2269 0
3272 3277 0
606 603 0
7511 7507 0
9410 9413 0
1435 1431 0
7810 7815 0
6756 6751 0
7454 7453 0
1009 1010 0
4357 4355 0
7786 7789 0
2278 2273 0
3081 3080 0
5634 5637 0
7426 7425 0
7096 7097 0
2491 2488 0
4652 4647 0
6299 6301 0
8338 8335 0
9302 9298 0
207 209 0
1497 1499 0
6058 6060 0
4063 4058 0
158 156 0
4675 4673 0
7578 7580 0
2292 2290 0
1859 1861 0
1112 1116 0
3214 3209 0
1607 1602 0
8937 8936 0
4420 4416 0
1812 1813 0
6077 6072 0
2481 2480 0
7043 7044 0
9308 9309 0
3908 3912 0
8745 8743 0
7731 7727 0
8158 8157 0
7632 7630 0
8328 8329 0
3411 3412 0
6239 6235 0
5068 5065 0
5170 5169 0
789 784 0
4341 4340 0
2332 2331 0
2124 2123 0
9097 9093 0
9948 9945 0
8811 8816 0
3186 3190 0
7455 7458 0
3252 3254 0
7226 7231 0
4303 4307 0
7379 7381 0
3974 3978 0
49 44 0
1138 1139 0
5209 5212 0
5381 5385 0
8834 8839 0
1089 1094 0
3092 3097 0
6574 6570 0
9612 9616 0
1 3 0
2505 2500 0
6927 6928 0
4036 4034 0
6402 6399 0
8865 8868 0
619 620 0
6225 6223 0
6343 6344 0
5762 5757 0
3790 3788 0
8686 8683 0
640 644 0
3674 3676 0
82 87 0
956 955 0
7489 7486 0
9363 9358 0
8886 8885 0
2392 2389 0
2728 2730 0
6779 6781 0
4375 4378 0
2624 2621 0
6657 6653 0
7362 7358 0
5911 5914 0
5287 5292 0
3806 3803 0
5485 5490 0
6928 6930 0
6072 6069 0
3710 3712 0
8845 8841 0
8451 8454 0
4831 4833 0
7364 7359 0
5855 5853 0
9866 9867 0
8685 8680 0
890 895 0
9479 9481 0
403 404 0
7848 7851 0
2395 2399 0
1582 1581 0
7016 7014 0
1631 1627 0
879 880 0
8934 8930 0
7404 7401 0
2295 2292 0
2943 2939 0
1124 1128 0
7861 7864 0
5870 5867 0
8992 8997 0
9486 9488 0
2182 2187 0
3994 3991 0
9848 9844 0
7735 7738 0
9824 9829 0
932 927 0
7416 7415 0
6292 6297 0
1695 1693 0
9352 9351 0
4001 3998 0
9035 9033 0
1274 1272 0
9128 9131 0
5718 5715 0
5925 5924 0
9450 9445 0
3521 3517 0
9386 9390 0
4040 4039 0
5419 5415 0
9138 9142 0
5367 5371 0
4773 4770 0
2080 2082 0
2630 2634 0
1034 1031 0
7411 7416 0
5607 5602 0
9893 9895 0
6270 6271 0
3928 3926 0
8293 8294 0
4498 4502 0
4115 4113 0
1805 1802 0
1698 1697 0
5627 5631 0
8124 8123 0
5412 5407 0
4193 4198 0
4627 4629 0
7357 7353 0
7140 7143 0
9908 9904 0
5806 5801 0
9755 9753 0
8065 8069 0
8767 8770 0
3987 3989 0
4681 4684 0
4139 4142 0
3929 3930 0
4342 4340 0
7346 7351 0
4550 4553 0
4565 4569 0
6479 6483 0
1963 1959 0
7739 7736 0
5806 5803 0
2860 2857 0
3354 3357 0
3994 3997 0
8423 8419 0
8692 8694 0
2283 2287 0
9389 9390 0
6103 6098 0
9070 9068 0
1732 1727 0
3353 3357 0
1916 1920 0
3728 3730 0
8236 8232 0
3654 3657 0
1289 1294 0
6717 6714 0
9203 9199 0
352 357 0
6509 6506 0
98 101 0
870 875 0
7564 7563 0
4174 4175 0
5458 5454 0
333 332 0
615 616 0
3955 3956 0
134 137 0
3626 3629 0
6220 6216 0
8627 8632 0
5436 5434 0
8252 8247 0
5748 5752 0
2688 2689 0
3982 3984 0
9943 9940 0
9232 9231 0
8270 8266 0
4664 4663 0
6344 6345 0
4856 4855 0
2785 2789 0
264 259 0
9397 9392 0
504 502 0
5489 5490 0
6256 6261 0
2872 2875 0
506 508 0
8925 8929 0
1718 1714 0
8347 8342 0
2906 2903 0
8369 8371 0
1421 1422 0
8229 8234 0
962 967 0
8477 8475 0
8188 8193 0
4950 4953 0
3677 3672 0
8726 8724 0
8176 8172 0
7830 7835 0
8727 8728 0
3940 3944 0
67 64 0
9127 9131 0
8184 8179 0
9469 9471 0
4792 4788 0
6650 6646 0
6459 6460 0
8924 8921 0
5364 5360 0
8279 8277 0
895 894 0
6145 6146 0
9238 9237 0
6484 6483 0
7781 7784 0
4923 4918 0
5355 5360 0
370 373 0
8543 8542 0
9099 9095 0
333 330 0
75 76 0
9506 9503 0
6477 6478 0
5906 5903 0
3534 3529 0
7714 7715 0
4600 4605 0
4207 4210 0
2627 2631 0
6838 6833 0
3174 3170 0
5922 5924 0
9814 9811 0
4741 4736 0
8101 8103 0
1319 1315 0
9565 9570 0
1690 1688 0
1551 1550 0
7425 7424 0
6074 6073 0
375 370 0
450 451 0
1565 1570 0
1880 1876 0
2264 2269 0
8929 8924 0
9482 9486 0
1681 1684 0
5415 5410 0
1422 1419 0
1743 1742 0
1840 1836 0
3528 3526 0
7339 7342 0
7744 7747 0
9957 9955 0
5986 5990 0
8399 8402 0
3452 3449 0
3727 3723 0
4942 4947 0
6284 6288 0
2583 2578 0
6076 6079 0
8151 8146 0
8639 8644 0
2638 2633 0
9969 9970 0
9730 9728 0
1992 1996 0
9428 9426 0
8883 8888 0
5513 5512 0
5692 5690 0
4468 4465 0
7011 7012 0
1034 1039 0
7049 7044 0
6495 6496 0
3337 3339 0
7812 7813 0
1500 1495 0
5261 5257 0
9899 9900 0
1645 1644 0
7336 7335 0
7827 7832 0
3070 3072 0
4164 4167 0
114 115 0
6149 6145 0
6151 6155 0
2350 2347 0
7927 7922 0
9749 9744 0
2107 2103 0
4298 4302 0
6115 6111 0
5930 5933 0
3501 3500 0
1760 1757 0
8385 8388 0
9485 9481 0
9065 9062 0
8915 8918 0
6208 6204 0
6904 6907 0
7252 7257 0
4004 4006 0
5178 5176 0
8318 8319 0
6149 6147 0
3051 3050 0
6369 6372 0
9451 9456 0
4299 4302 0
3730 3729 0
2807 2805 0
6690 6686 0
1774 1771 0
4363 4368 0
1505 1510 0
6856 6861 0
4792 4794 0
5979 5980 0
2667 2666 0
3980 3977 0
3741 3746 0
1028 1024 0
8636 8640 0
9229 9225 0
3398 3396 0
6798 6794 0
5850 5847 0
4010 4006 0
1245 1249 0
8501 8503 0
7366 7370 0
6384 6382 0
8244 8249 0
8827 8822 0
6399 6403 0
2773 2778 0
5683 5679 0
7871 7869 0
6816 6813 0
9848 9845 0
1360 1362 0
9455 9458 0
6274 6272 0
544 547 0
1184 1185 0
4876 4879 0
6445 6442 0
485 482 0
9634 9636 0
2647 2646 0
2790 2795 0
4271 4274 0
9747 9744 0
4463 4464 0
6006 6004 0
9947 9942 0
4364 4369 0
5323 5318 0
712 711 0
1248 1249 0
5546 5551 0
3017 3014 0
3180 3185 0
47 49 0
3669 3665 0
840 836 0
1905 1908 0
525 528 0
1948 1953 0
5771 5775 0
1716 1720 0
8420 8422 0
3821 3818 0
5809 5810 0
8463 8464 0
7065 7066 0
9604 9605 0
1792 1794 0
9719 9720 0
8612 8614 0
1900 1895 0
2923 2918 0
5090 5094 0
1347 1346 0
6736 6741 0
6112 6115 0
8280 8285 0
5283 5279 0
6974 6978 0
3928 3925 0
273 278 0
7152 7155 0
5199 5196 0
1512 1516 0
3311 3313 0
2839 2842 0
3674 3679 0
8204 8206 0
8590 8588 0
6764 6760 0
5732 5728 0
3959 3960 0
1926 1931 0
9816 9812 0
2144 2142 0
5340 5337 0
3640 3641 0
5753 5750 0
5843 5839 0
6091 6094 0
5152 5154 0
6068 6069 0
5745 5744 0
1832 1835 0
3432 3429 0
1645 1642 0
8663 8662 0
9828 9830 0
8837 8832 0
8375 8373 0
8391 8388 0
2831 2828 0
4927 4930 0
7060 7065 0
2276 2278 0
7422 7418 0
7284 7289 0
6857 6860 0
5980 5983 0
2319 2318 0
3306 3302 0
3369 3367 0
4114 4113 0
6044 6049 0
4604 4599 0
25 22 0
4511 4509 0
8508 8505 0
4552 4556 0
9888 9887 0
7618 7619 0
4376 4372 0
2783 2784 0
8925 8921 0
7526 7525 0
9119 9120 0
2994 2991 0
5039 5042 0
121 124 0
743 741 0
8251 8246 0
2421 2417 0
835 830 0
9720 9721 0
96 100 0
2145 2149 0
9186 9181 0
1829 1830 0
7518 7516 0
31 33 0
5237 5235 0
8975 8973 0
3017 3020 0
8606 8602 0
5549 5544 0
4685 4688 0
4658 4660 0
5648 5643 0
2512 2516 0
3845 3840 0
2499 2500 0
6456 6461 0
4807 4810 0
1844 1839 0
1742 1746 0
4598 4599 0
2216 2214 0
1255 1256 0
6272 6270 0
8903 8908 0
2364 2365 0
8722 8723 0
8324 8319 0
3207 3211 0
4125 4121 0
7591 7588 0
150 146 0
8010 8007 0
9833 9828 0
5476 5479 0
9420 9423 0
3501 3503 0
8153 8158 0
1612 1613 0
4887 4883 0
6944 6945 0
1009 1014 0
1821 1824 0
3585 3582 0
7161 7156 0
9221 9219 0
5278 5274 0
3334 3335 0
2007 2009 0
5702 5704 0
3922 3918 0
454 450 0
3501 3496 0
2565 2564 0
9619 9618 0
4057 4053 0
8682 8685 0
581 580 0
6551 6548 0
129 128 0
3497 3502 0
3619 3614 0
1147 1149 0
7954 7959 0
6013 6018 0
6745 6749 0
5446 5441 0
8699 8698 0
8509 8512 0
1267 1265 0
4590 4587 0
3512 3513 0
4826 4827 0
3313 3312 0
4643 4639 0
8078 8079 0
1024 1021 0
5409 5405 0
9191 9186 0
1955 1957 0
8023 8025 0
6912 6916 0
8880 8875 0
3581 3579 0
4840 4835 0
7497 7492 0
6676 6673 0
9820 9815 0
2742 2745 0
8272 8275 0
8419 8414 0
2368 2364 0
9544 9539 0
5786 5788 0
2314 2315 0
191 192 0
8603 8602 0
2786 2791 0
3382 3377 0
5659 5655 0
1072 1076 0
3346 3347 0
6999 6996 0
6814 6817 0
6691 6696 0
748 752 0
7573 7575 0
7615 7611 0
2407 2406 0
1811 1814 0
7287 7285 0
1608 1610 0
5061 5066 0
2193 2198 0
6779 6780 0
5006 5010 0
5378 5379 0
7564 7569 0
783 782 0
219 223 0
5972 5974 0
417 413 0
5702 5701 0
6387 6382 0
4871 4872 0
4530 4535 0
6951 6950 0
5863 5860 0
8943 8941 0
3964 3969 0
9972 9967 0
5302 5298 0
6780 6777 0
4617 4612 0
1266 1264 0
3507 3511 0
3864 3865 0
6554 6556 0
386 382 0
4917 4916 0
8740 8735 0
8120 8116 0
7452 7454 0
3215 3219 0
8070 8074 0
8934 8936 0
559 554 0
7407 7403 0
288 284 0
6793 6792 0
6800 6796 0
8731 8728 0
6352 6351 0
906 902 0
8493 8489 0
1226 1225 0
6136 6137 0
9212 9211 0
2133 2137 0
6838 6840 0
8934 8931 0
2681 2679 0
843 848 0
4793 4791 0
4043 4047 0
6869 6864 0
2756 2755 0
3568 3566 0
3214 3210 0
8538 8543 0
6342 6343 0
1397 1402 0
983 985 0
7631 7630 0
3374 3378 0
5382 5386 0
6402 6397 0
8703 8704 0
4272 4271 0
3230 3235 0
9469 9474 0
6647 6645 0
7428 7427 0
9723 9726 0
5722 5720 0
2102 2103 0
9040 9036 0
861 860 0
6823 6819 0
8828 8830 0
483 484 0
5583 5588 0
1284 1280 0
8801 8800 0
3570 3567 0
6832 6836 0
8311 8313 0
3706 3710 0
9100 9105 0
1525 1527 0
2198 2203 0
8524 8523 0
2920 2925 0
3636 3634 0
5741 5743 0
3671 3668 0
527 530 0
2196 2194 0
5692 5693 0
2306 2305 0
2579 2583 0
8795 8800 0
546 543 0
6036 6032 0
5120 5117 0
9765 9766 0
7222 7218 0
6978 6977 0
4830 4826 0
1488 1489 0
3802 3807 0
9998 10000 0
4243 4244 0
3566 3563 0
1392 1397 0
9283 9285 0
4435 4434 0
314 312 0
6606 6605 0
6681 6677 0
7357 7358 0
6195 6200 0
2092 2093 0
7592 7596 0
8299 8296 0
7636 7640 0
961 962 0
9713 9715 0
1598 1593 0
1394 1393 0
3193 3190 0
4372 4377 0
624 625 0
1714 1717 0
2880 2885 0
6372 6370 0
3985 3983 0
8662 8659 0
6090 6088 0
8350 8346 0
599 603 0
6700 6699 0
2894 2890 0
230 226 0
2746 2748 0
9810 9806 0
6959 6958 0
6572 6571 0
2489 2485 0
716 720 0
6100 6098 0
5243 5242 0
3168 3173 0
6419 6417 0
2123 2118 0
7418 7417 0
5254 5257 0
2257 2259 0
4128 4125 0
1796 1793 0
7020 7023 0
7270 7273 0
2085 2086 0
4637 4635 0
5386 5387 0
3537 3532 0
9721 9722 0
2339 2334 0
9898 9894 0
3522 3519 0
5610 5608 0
9624 9626 0
221 224 0
964 967 0
3406 3401 0
3126 3122 0
2880 2876 0
8051 8055 0
1987 1985 0
59 57 0
6255 6254 0
4514 4519 0
1296 1291 0
5875 5871 0
2903 2904 0
7899 7900 0
4201 4198 0
1208 1211 0
402 403 0
7944 7943 0
9856 9854 0
3029 3033 0
5658 5662 0
3199 3198 0
7419 7420 0
9467 9463 0
9531 9528 0
8600 8597 0
6398 6399 0
2066 2067 0
7410 7406 0
135 132 0
659 657 0
6197 6200 0
3496 3494 0
8859 8856 0
1828 1827 0
5474 5476 0
5826 5825 0
7959 7955 0
6583 6588 0
3355 3357 0
664 659 0
377 379 0
5681 5678 0
6053 6051 0
4193 4196 0
9566 9568 0
2626 2622 0
2410 2407 0
280 279 0
2586 2591 0
9642 9645 0
3246 3243 0
5658 5660 0
9512 9514 0
9644 9645 0
9233 9234 0
1150 1145 0
2797 2798 0
7370 7368 0
1613 1618 0
1245 1241 0
7160 7157 0
5445 5443 0
8719 8715 0
673 671 0
9885 9882 0
4913 4911 0
2047 2043 0
694 697 0
6980 6978 0
9577 9575 0
5280 5282 0
2417 2418 0
1716 1717 0
8605 8603 0
4110 4111 0
8157 8159 0
7843 7840 0
2583 2586 0
8057 8053 0
5077 5080 0
5179 5182 0
7495 7490 0
4430 4429 0
652 648 0
6668 6672 0
5420 5419 0
4719 4717 0
3620 3618 0
7082 7085 0
7621 7626 0
2901 2905 0
2952 2951 0
4182 4187 0
357 354 0
2397 2400 0
567 566 0
307 306 0
9296 9294 0
2194 2195 0
7492 7495 0
6186 6184 0
1975 1970 0
4790 4788 0
4300 4297 0
9008 9010 0
337 334 0
3705 3709 0
7391 7388 0
4937 4936 0
9544 9541 0
8274 8270 0
2607 2610 0
4480 4484 0
5439 5438 0
136 131 0
8655 8658 0
9162 9165 0
945 943 0
2125 2121 0
4261 4266 0
7167 7170 0
4032 4030 0
4199 4202 0
6829 6824 0
2905 2907 0
9463 9459 0
18 17 0
9924 9921 0
5249 5250 0
781 786 0
2884 2885 0
1899 1904 0
1614 1619 0
854 856 0
5349 5354 0
6277 6273 0
9157 9161 0
5420 5423 0
5280 5281 0
81 82 0
2568 2572 0
102 106 0
4300 4295 0
448 444 0
4456 4459 0
8147 8151 0
632 628 0
8268 8263 0
9220 9222 0
7341 7338 0
3337 3334 0
2762 2765 0
2882 2886 0
3977 3982 0
2078 2082 0
2191 2192 0
5915 5911 0
8730 8732 0
252 250 0
2698 2697 0
1425 1421 0
306 304 0
4219 4224 0
3451 3453 0
7178 7176 0
934 938 0
2356 2355 0
8386 8391 0
3586 3582 0
7319 7320 0
8347 8343 0
4917 4913 0
8052 8055 0
6938 6943 0
2240 2236 0
3853 3854 0
6212 6215 0
9083 9084 0
3194 3195 0
8622 8619 0
2153 2148 0
8504 8501 0
7989 7992 0
5020 5019 0
3110 3112 0
3043 3041 0
9963 9966 0
8808 8807 0
7799 7804 0
5903 5905 0
11 13 0
6814 6818 0
7198 7195 0
8851 8853 0
6144 6146 0
5984 5987 0
9732 9731 0
7335 7337 0
2660 2661 0
4389 4390 0
6827 6830 0
8654 8655 0
7350 7346 0
8199 8194 0
5594 5592 0
900 899 0
4090 4088 0
6992 6996 0
1649 1644 0
9329 9332 0
6788 6790 0
7267 7269 0
8874 8877 0
8732 8731 0
1800 1802 0
4318 4316 0
9347 9351 0
2827 2824 0
5683 5680 0
7005 7006 0
2404 2402 0
4832 4827 0
8500 8499 0
8830 8829 0
3790 3792 0
1623 1618 0
1934 1938 0
9082 9081 0
9017 9021 0
2995 2991 0
1165 1170 0
1984 1983 0
9430 9431 0
4045 4042 0
5541 5545 0
3252 3248 0
3038 3037 0
8988 8991 0
5647 5644 0
9394 9399 0
8612 8609 0
6499 6502 0
6379 6378 0
9078 9083 0
8056 8060 0
3617 3612 0
6295 6299 0
9050 9047 0
803 804 0
1936 1931 0
9254 9249 0
3011 3016 0
5265 5261 0
9010 9011 0
5150 5151 0
9657 9660 0
1524 1525 0
5162 5158 0
7543 7544 0
5832 5834 0
8800 8799 0
2350 2351 0
2470 2468 0
7196 7197 0
3477 3480 0
3907 3904 0
7067 7069 0
2021 2024 0
2935 2937 0
452 455 0
3242 3241 0
7310 7305 0
9666 9661 0
8737 8738 0
4898 4903 0
504 503 0
9934 9933 0
2153 2156 0
6642 6638 0
22 21 0
612 617 0
6234 6233 0
6392 6396 0
7527 7531 0
9758 9756 0
4011 4016 0
7343 7341 0
9829 9828 0
9816 9813 0
4548 4545 0
6773 6775 0
4065 4061 0
1605 1606 0
2474 2475 0
6826 6831 0
1638 1642 0
4771 4767 0
8713 8717 0
2053 2055 0
8694 8691 0
6577 6573 0
5909 5910 0
9564 9562 0
8082 8078 0
9300 9298 0
8435 8432 0
6951 6952 0
2167 2163 0
9380 9377 0
9646 9641 0
3219 3221 0
6387 6384 0
1506 1510 0
8735 8734 0
1328 1327 0
7757 7755 0
8220 8225 0
6197 6195 0
9720 9716 0
9351 9355 0
7694 7697 0
1762 1760 0
2226 2230 0
1493 1491 0
2139 2136 0
6803 6798 0
5861 5857 0
6066 6071 0
4577 4582 0
7151 7153 0
98 100 0
4450 4452 0
7705 7700 0
2533 2528 0
8228 8223 0
4134 4132 0
3147 3143 0
2994 2998 0
8129 8128 0
3258 3260 0
2145 2147 0
2821 2824 0
6833 6834 0
3035 3040 0
8324 8328 0
3527 3528 0
4528 4530 0
9502 9503 0
4301 4304 0
3692 3688 0
4557 4556 0
206 205 0
1960 1965 0
2862 2866 0
7383 7382 0
5278 5276 0
8462 8460 0
3667 3665 0
4809 4804 0
1367 1366 0
2494 2499 0
6751 6753 0
645 643 0
7445 7450 0
813 817 0
2180 2184 0
4405 4400 0
7190 7191 0
8379 8376 0
5522 5520 0
1624 1623 0
4809 4808 0
8107 8109 0
942 945 0
4797 4801 0
1797 1796 0
4763 4758 0
4733 4736 0
1647 1646 0
5136 5141 0
6180 6185 0
1559 1555 0
2881 2884 0
3531 3535 0
8246 8241 0
3099 3094 0
4495 4493 0
5613 5612 0
3443 3447 0
5333 5332 0
5384 5379 0
215 213 0
240 245 0
8847 8845 0
241 238 0
7272 7267 0
2902 2898 0
6769 6773 0
737 733 0
1890 1886 0
7545 7540 0
3970 3974 0
2673 2668 0
9532 9527 0
398 394 0
5347 5343 0
7614 7613 0
7090 7086 0
9458 9463 0
128 133 0
6564 6565 0
7326 7328 0
793 792 0
3169 3167 0
755 751 0
359 356 0
4281 4286 0
4060 4059 0
2562 2564 0
2668 2672 0
4017 4021 0
7163 7161 0
9749 9752 0
2490 2487 0
6083 6081 0
5468 5472 0
913 912 0
2104 2106 0
2726 2725 0
2929 2928 0
2896 2898 0
9831 9826 0
212 210 0
4641 4642 0
2463 2458 0
3869 3873 0
218 213 0
8273 8274 0
2970 2974 0
9001 8996 0
6332 6328 0
8772 8774 0
9175 9177 0
9419 9423 0
167 170 0
4060 4056 0
7086 7087 0
8287 8291 0
2174 2173 0
1016 1011 0
6278 6273 0
9239 9243 0
4093 4091 0
6267 6263 0
6766 6771 0
2838 2834 0
3743 3746 0
6630 6635 0
6590 6586 0
5691 5689 0
5701 5697 0
2856 2855 0
4150 4155 0
9165 9167 0
1865 1860 0
8537 8541 0
4081 4084 0
9133 9128 0
3378 3383 0
5546 5541 0
6081 6079 0
4267 4268 0
5143 5140 0
5660 5659 0
5635 5633 0
6454 6455 0
8342 8337 0
5188 5192 0
5905 5901 0
3974 3979 0
9216 9214 0
5787 5782 0
7660 7661 0
1829 1833 0
9435 9430 0
9022 9025 0
2252 2255 0
5702 5707 0
3395 3390 0
4675 4676 0
9579 9575 0
4963 4966 0
2124 2120 0
3450 3451 0
6145 6142 0
5520 5517 0
2996 2998 0
1409 1405 0
8964 8962 0
8544 8545 0
1613 1608 0
8295 8296 0
6070 6071 0
5290 5286 0
349 347 0
1054 1050 0
3222 3224 0
6466 6468 0
9353 9351 0
62 64 0
1709 1710 0
1572 1568 0
9542 9547 0
4254 4257 0
4010 4012 0
2062 2057 0
306 305 0
1834 1836 0
2289 2288 0
9495 9490 0
3502 3500 0
5515 5512 0
1420 1416 0
8899 8900 0
2445 2450 0
1347 1348 0
9505 9501 0
8727 8730 0
2131 2132 0
9457 9458 0
1043 1040 0
6149 6150 0
2164 2162 0
6694 6692 0
2768 2764 0
7787 7785 0
7015 7010 0
9325 9326 0
5654 5657 0
7446 7445 0
9945 9943 0
1287 1285 0
6182 6185 0
6908 6912 0
900 896 0
1968 1964 0
1246 1244 0
2657 2662 0
3803 3807 0
5149 5150 0
3501 3505 0
774 772 0
764 762 0
5321 5326 0
9364 9369 0
4654 4657 0
6469 6470 0
2013 2008 0
4168 4166 0
365 370 0
6620 6619 0
4297 4294 0
9547 9546 0
8574 8577 0
8241 8238 0
6229 6224 0
4066 4063 0
656 653 0
2719 2716 0
9916 9915 0
9860 9855 0
697 699 0
6035 6036 0
2226 2223 0
6554 6555 0
8398 8396 0
8355 8354 0
1088 1091 0
6448 6451 0
5938 5941 0
202 204 0
187 185 0
2422 2423 0
3621 3622 0
1933 1935 0
8442 8441 0
1620 1616 0
2983 2988 0
3387 3386 0
694 695 0
1852 1856 0
3452 3454 0
3979 3983 0
6471 6475 0
2758 2760 0
6886 6883 0
2016 2019 0
4704 4700 0
1648 1651 0
7727 7728 0
894 898 0
2023 2019 0
8992 8990 0
5756 5755 0
8895 8898 0
1053 1055 0
8526 8531 0
423 424 0
9090 9095 0
42 43 0
8696 8700 0
9829 9826 0
6649 6648 0
6165 6160 0
2435 2430 0
5880 5885 0
2363 2360 0
6415 6419 0
5288 5283 0
9216 9221 0
7406 7408 0
1374 1371 0
115 113 0
9371 9375 0
6320 6318 0
4274 4269 0
7950 7953 0
4725 4724 0
7079 7083 0
778 774 0
5310 5306 0
4031 4030 0
2606 2603 0
2336 2337 0
9353 9354 0
5587 5588 0
9076 9074 0
6974 6977 0
9364 9360 0
6555 6553 0
233 232 0
9614 9618 0
4115 4116 0
8434 8437 0
6495 6492 0
6343 6346 0
2559 2556 0
6177 6178 0
6845 6848 0
8731 8726 0
4610 4615 0
6736 6735 0
277 276 0
1400 1396 0
4403 4404 0
6887 6882 0
2212 2217 0
979 983 0
5495 5494 0
5810 5812 0
4786 4782 0
9827 9831 0
9758 9759 0
8098 8097 0
4860 4856 0
7521 7524 0
4944 4940 0
1834 1835 0
4642 4643 0
5167 5170 0
7552 7550 0
5983 5987 0
1421 1416 0
6632 6635 0
4222 4221 0
28 24 0
7430 7433 0
275 278 0
1779 1784 0
7140 7139 0
9505 9510 0
8629 8626 0
1158 1153 0
9390 9395 0
7793 7796 0
5241 5244 0
3935 3939 0
4480 4481 0
7846 7842 0
2907 2903 0
3257 3258 0
7491 7493 0
5921 5924 0
7767 7772 0
4738 4736 0
3258 3256 0
3292 3289 0
9809 9805 0
3964 3963 0
8342 8345 0
8315 8311 0
4709 4705 0
1738 1735 0
6761 6764 0
1387 1384 0
1947 1949 0
565 570 0
3130 3128 0
8105 8103 0
2612 2609 0
5542 5544 0
2777 2776 0
5078 5080 0
8332 8331 0
3711 3706 0
9805 9800 0
6739 6740 0
9299 9296 0
2693 2692 0
3177 3172 0
738 742 0
4067 4072 0
5618 5621 0
9216 9211 0
2774 2772 0
6386 6385 0
5225 5228 0
5645 5643 0
3372 3369 0
207 203 0
4601 4600 0
741 740 0
3896 3893 0
1279 1274 0
6521 6525 0
3326 3322 0
4092 4096 0
8672 8670 0
4025 4027 0
4293 4298 0
8321 8325 0
7640 7637 0
7734 7735 0
1934 1937 0
1097 1093 0
6390 6388 0
948 951 0
7192 7187 0
6419 6423 0
5825 5828 0
3602 3605 0
4166 4164 0
5903 5908 0
3846 3843 0
3715 3716 0
2498 2493 0
9991 9995 0
6635 6639 0
1938 1939 0
3945 3948 0
6339 6334 0
5504 5503 0
4079 4082 0
5183 5179 0
8542 8538 0
6691 6695 0
3777 3778 0
492 490 0
8430 8433 0
578 579 0
1834 1837 0
9360 9356 0
5971 5973 0
8057 8058 0
9293 9288 0
1732 1731 0
7071 7068 0
188 193 0
3940 3936 0
6417 6420 0
3230 3226 0
8423 8428 0
1890 1894 0
5176 5173 0
9534 9539 0
3759 3761 0
3256 3253 0
3572 3571 0
6170 6173 0
4561 4560 0
2863 2862 0
430 428 0
2916 2918 0
8230 8229 0
5002 5007 0
749 750 0
2696 2697 0
6698 6696 0
4555 4550 0
4629 4630 0
2033 2030 0
155 150 0
5794 5795 0
7730 7728 0
2162 2157 0
3111 3107 0
9558 9555 0
3065 3060 0
3282 3283 0
7265 7261 0
4238 4234 0
5513 5518 0
1558 1553 0
2155 2150 0
6867 6864 0
1297 1292 0
7322 7319 0
6968 6973 0
1677 1680 0
8846 8844 0
2917 2922 0
7895 7896 0
5073 5070 0
5407 5411 0
7689 7687 0
7191 7196 0
5668 5663 0
2283 2278 0
9702 9704 0
8932 8928 0
4982 4986 0
24 29 0
6571 6576 0
9952 9955 0
6970 6971 0
1471 1474 0
3569 3572 0
1665 1669 0
2838 2836 0
3807 3809 0
6140 6141 0
6326 6323 0
5553 5555 0
2393 2395 0
5917 5915 0
5616 5613 0
6507 6506 0
4297 4296 0
1027 1022 0
6375 6376 0
3076 3078 0
2775 2772 0
4818 4819 0
7548 7547 0
5356 5352 0
8113 8116 0
7353 7350 0
9440 9441 0
3723 3724 0
9015 9020 0
3759 3754 0
6136 6141 0
2636 2640 0
5007 5009 0
5230 5228 0
7481 7478 0
5764 5760 0
344 340 0
3556 3551 0
1648 1650 0
4266 4267 0
289 286 0
9692 9693 0
8003 8008 0
8337 8341 0
1800 1795 0
9043 9045 0
2222 2218 0
2332 2328 0
8 10 0
3415 3416 0
1967 1962 0
8067 8071 0
3710 3705 0
9154 9156 0
1137 1140 0
2455 2453 0
2850 2853 0
7016 7011 0
4509 4507 0
3667 3663 0
9908 9903 0
6377 6375 0
7096 7094 0
9129 9131 0
2260 2257 0
1726 1730 0
2235 2238 0
6295 6292 0
3054 3053 0
558 555 0
2180 2178 0
7350 7355 0
5621 5625 0
7507 7506 0
8419 8422 0
7624 7620 0
1946 1942 0
2228 2225 0
6132 6127 0
1738 1737 0
6276 6277 0
9907 9903 0
5912 5915 0
7335 7332 0
5895 5900 0
8360 8359 0
9509 9507 0
4204 4207 0
204 205 0
6881 6880 0
1054 1058 0
1650 1654 0
6051 6049 0
2352 2354 0
6204 6200 0
8374 8379 0
9206 9204 0
421 425 0
9699 9694 0
5547 5544 0
3610 3609 0
1261 1258 0
4438 4434 0
6463 6468 0
3654 3659 0
1752 1755 0
5016 5017 0
9241 9236 0
6076 6072 0
3613 3616 0
2699 2704 0
9458 9459 0
8625 8621 0
4447 4450 0
5046 5048 0
2709 2708 0
7803 7798 0
9069 9065 0
1457 1462 0
9799 9801 0
1495 1499 0
2344 2347 0
4496 4492 0
8827 8826 0
2819 2818 0
4531 4532 0
669 670 0
5332 5331 0
1789 1787 0
5998 6003 0
1663 1668 0
3998 4002 0
262 264 0
3168 3170 0
9667 9662 0
9226 9230 0
8569 8568 0
2797 2800 0
2538 2537 0
4629 4624 0
1494 1498 0
8205 8209 0
6765 6769 0
1325 1327 0
6154 6152 0
9302 9306 0
1536 1534 0
8402 8405 0
8525 8527 0
750 752 0
972 976 0
7179 7182 0
2251 2252 0
5867 5872 0
4500 4504 0
639 635 0
2511 2513 0
5240 5243 0
3554 3557 0
6818 6815 0
146 141 0
460 461 0
4196 4200 0
9813 9818 0
4254 4249 0
7224 7228 0
3566 3569 0
458 454 0
452 457 0
6466 6464 0
9250 9254 0
6922 6927 0
4995 4996 0
1556 1553 0
7642 7637 0
618 623 0
7838 7841 0
445 441 0
1460 1463 0
6747 6751 0
7239 7238 0
5773 5776 0
2668 2671 0
8524 8525 0
5938 5943 0
4868 4870 0
4191 4190 0
9108 9112 0
8076 8079 0
6862 6859 0
8215 8210 0
8213 8216 0
6439 6436 0
635 638 0
3879 3881 0
1195 1198 0
7070 7069 0
3422 3423 0
1131 1133 0
7801 7804 0
1019 1020 0
1060 1064 0
6827 6822 0
5932 5931 0
7877 7873 0
7901 7904 0
9293 9295 0
6645 6641 0
7122 7127 0
7148 7152 0
2987 2990 0
8074 8078 0
1628 1625 0
5849 5847 0
5219 5216 0
84 81 0
2766 2764 0
1336 1341 0
4970 4972 0
3876 3875 0
6923 6922 0
9034 9036 0
2559 2561 0
566 564 0
602 597 0
3592 3590 0
3327 3328 0
6994 6998 0
5686 5690 0
5080 5076 0
1324 1327 0
4257 4255 0
6652 6651 0
3780 3776 0
3755 3750 0
4943 4940 0
5985 5990 0
6512 6509 0
4243 4241 0
3163 3166 0
8188 8190 0
2082 2083 0
9734 9731 0
4105 4107 0
2095 2099 0
1609 1611 0
2739 2734 0
6914 6911 0
7262 7264 0
4832 4835 0
5955 5956 0
4334 4332 0
9051 9047 0
5503 5498 0
8253 8257 0
9726 9728 0
6666 6667 0
8073 8076 0
4818 4822 0
9453 9450 0
681 686 0
4626 4630 0
8734 8736 0
5634 5639 0
539 538 0
2740 2743 0
7280 7283 0
7668 7667 0
2946 2949 0
1895 1892 0
3440 3438 0
9692 9689 0
8872 8873 0
6839 6835 0
1415 1410 0
3585 3581 0
7973 7971 0
5712 5714 0
7624 7622 0
4457 4456 0
1086 1091 0
6171 6175 0
1031 1026 0
8624 8623 0
4611 4614 0
7467 7469 0
1552 1557 0
9430 9428 0
736 739 0
2570 2572 0
4224 4223 0
9610 9614 0
9574 9571 0
9204 9202 0
2757 2759 0
7809 7810 0
1145 1143 0
2757 2758 0
8984 8985 0
3285 3287 0
3548 3550 0
738 743 0
4499 4498 0
8031 8036 0
5325 5326 0
5948 5953 0
5335 5337 0
9704 9708 0
4690 4692 0
4667 4671 0
3698 3693 0
8716 8713 0
2613 2618 0
8010 8014 0
132 128 0
5260 5261 0
7325 7327 0
2484 2485 0
3741 3737 0
2449 2446 0
8796 8792 0
4870 4872 0
6161 6165 0
5272 5274 0
3059 3057 0
8043 8045 0
3782 3783 0
5241 5246 0
5956 5957 0
7880 7881 0
5058 5060 0
5966 5964 0
1141 1138 0
3878 3874 0
2038 2040 0
6263 6266 0
3881 3882 0
415 416 0
4996 4994 0
872 873 0
7156 7159 0
7828 7823 0
6194 6189 0
3560 3561 0
5140 5137 0
2297 2293 0
3186 3181 0
208 206 0
6312 6311 0
3030 3033 0
9419 9416 0
5012 5014 0
237 240 0
4174 4169 0
913 914 0
7475 7470 0
5320 5325 0
9801 9796 0
5876 5878 0
3436 3437 0
9174 9175 0
9714 9717 0
4595 4597 0
7410 7407 0
4151 4155 0
1593 1588 0
7826 7821 0
6845 6849 0
1479 1476 0
1160 1158 0
1498 1499 0
1423 1427 0
5745 5742 0
4298 4296 0
6312 6308 0
8545 8546 0
8273 8278 0
4632 4631 0
9383 9380 0
7557 7560 0
2624 2619 0
9442 9447 0
3974 3973 0
7263 7259 0
8898 8896 0
9652 9648 0
838 839 0
8668 8672 0
5367 5362 0
8969 8970 0
6332 6333 0
4433 4428 0
7862 7863 0
5943 5947 0
7650 7646 0
6264 6268 0
6566 6571 0
8186 8181 0
2117 2119 0
6457 6461 0
7225 7220 0
1032 1037 0
2049 2048 0
3813 3818 0
1572 1571 0
8207 8208 0
5262 5259 0
8222 8225 0
1248 1244 0
7183 7180 0
6126 6128 0
3417 3422 0
838 840 0
4509 4504 0
8326 8330 0
7138 7143 0
4542 4538 0
1311 1309 0
4021 4020 0
6159 6158 0
8404 8406 0
6800 6805 0
4694 4696 0
2087 2084 0
3183 3178 0
927 928 0
9239 9244 0
9976 9974 0
3318 3317 0
8065 8061 0
5086 5083 0
5969 5973 0
9161 9162 0
6111 6114 0
7467 7464 0
7008 7009 0
9286 9291 0
8118 8120 0
5322 5321 0
4822 4821 0
1512 1510 0
4991 4990 0
9592 9591 0
3888 3887 0
3028 3026 0
8948 8944 0
9928 9931 0
5371 5374 0
1688 1685 0
4652 4651 0
6325 6320 0
490 489 0
541 545 0
1482 1485 0
2289 2290 0
4761 4756 0
4846 4851 0
7169 7174 0
5529 5528 0
5042 5046 0
6588 6587 0
2847 2849 0
2333 2334 0
3636 3631 0
6793 6797 0
7044 7039 0
4071 4068 0
7452 7453 0
6791 6788 0
8878 8873 0
9592 9588 0
2634 2639 0
8682 8686 0
6583 6582 0
4372 4368 0
9134 9135 0
5450 5452 0
4535 4532 0
6717 6718 0
780 783 0
3859 3864 0
3760 3761 0
5841 5843 0
7399 7401 0
163 158 0
6034 6039 0
2792 2795 0
4198 4202 0
6680 6683 0
9013 9014 0
4582 4578 0
6159 6162 0
8366 8367 0
585 590 0
9965 9961 0
7538 7533 0
7136 7137 0
9441 9443 0
3213 3211 0
8688 8689 0
8024 8026 0
7373 7368 0
8452 8450 0
2300 2303 0
4114 4116 0
1604 1602 0
684 688 0
3990 3989 0
8405 8403 0
4494 4497 0
6464 6469 0
9863 9858 0
8145 8143 0
1748 1745 0
7445 7440 0
6287 6289 0
9986 9984 0
5207 5212 0
6733 6734 0
9207 9209 0
9199 9197 0
4618 4616 0
615 617 0
7975 7973 0
5240 5236 0
5354 5358 0
8150 8149 0
7629 7624 0
976 973 0
9995 9996 0
1188 1185 0
6199 6197 0
8410 8415 0
2329 2327 0
9129 9133 0
9356 9359 0
5839 5841 0
5583 5585 0
2713 2710 0
3702 3707 0
8840 8837 0
670 675 0
6709 6705 0
595 590 0
9329 9328 0
6437 6434 0
3059 3055 0
7318 7320 0
1655 1653 0
124 120 0
2093 2089 0
7646 7644 0
6918 6923 0
2268 2265 0
4703 4701 0
8683 8684 0
1505 1509 0
3894 3895 0
6759 6760 0
5954 5951 0
9559 9557 0
4990 4989 0
2202 2203 0
1373 1368 0
3791 3786 0
353 357 0
5599 5602 0
3022 3017 0
3559 3561 0
8259 8258 0
5747 5746 0
2975 2978 0
7315 7312 0
6875 6880 0
9580 9584 0
5869 5872 0
6312 6314 0
6212 6216 0
3346 3342 0
3644 3646 0
8731 8730 0
9943 9939 0
9149 9144 0
821 823 0
2482 2486 0
4250 4252 0
8168 8164 0
9645 9648 0
8530 8529 0
6754 6755 0
583 581 0
6385 6390 0
2481 2478 0
6873 6868 0
2647 2651 0
8556 8561 0
1449 1448 0
501 500 0
1059 1055 0
7483 7481 0
5145 5140 0
7163 7158 0
7964 7966 0
8944 8942 0
239 240 0
141 138 0
4776 4771 0
4103 4107 0
1230 1234 0
9168 9163 0
5103 5107 0
8178 8175 0
5319 5322 0
7172 7171 0
6477 6475 0
453 455 0
3127 3123 0
3847 3845 0
5149 5152 0
9695 9690 0
6457 6462 0
1177 1172 0
7802 7805 0
5802 5806 0
5626 5623 0
1744 1746 0
1819 1814 0
4685 4690 0
4922 4921 0
3735 3734 0
5133 5131 0
1546 1541 0
4625 4622 0
6905 6906 0
3328 3325 0
4253 4256 0
936 932 0
2340 2336 0
5666 5671 0
5060 5062 0
7270 7271 0
7028 7026 0
5125 5121 0
6211 6208 0
4385 4384 0
3109 3112 0
9857 9858 0
4357 4356 0
4726 4727 0
2603 2605 0
2063 2061 0
7030 7032 0
4159 4161 0
5789 5790 0
759 756 0
8413 8410 0
4229 4224 0
5642 5638 0
8522 8525 0
2040 2039 0
5250 5252 0
3428 3433 0
1755 1754 0
7862 7865 0
3244 3243 0
314 313 0
3282 3287 0
4174 4170 0
4064 4067 0
2030 2026 0
2787 2784 0
1262 1257 0
8044 8041 0
7645 7644 0
3457 3454 0
6726 6725 0
8614 8617 0
3632 3630 0
4157 4156 0
1083 1087 0
5442 5447 0
5895 5899 0
8564 8559 0
8986 8981 0
3395 3398 0
7267 7271 0
6208 6209 0
1756 1760 0
4205 4200 0
7616 7612 0
8528 8523 0
6936 6937 0
3167 3164 0
658 662 0
7756 7761 0
8402 8404 0
9959 9957 0
1799 1802 0
1316 1321 0
3709 3704 0
6746 6743 0
8047 8046 0
7412 7409 0
2478 2480 0
3062 3058 0
2154 2150 0
8871 8866 0
231 235 0
6917 6915 0
9588 9589 0
6146 6151 0
5252 5249 0
6030 6033 0
8215 8212 0
864 867 0
1789 1785 0
4267 4270 0
5542 5537 0
6541 6544 0
355 353 0
6129 6133 0
7562 7567 0
2560 2561 0
2177 2174 0
8839 8843 0
6701 6699 0
4270 4275 0
2883 2886 0
2818 2816 0
8200 8199 0
3065 3068 0
5032 5033 0
4884 4881 0
9617 9621 0
7903 7908 0
3699 3694 0
2065 2069 0
7835 7834 0
7304 7305 0
4794 4790 0
7540 7543 0
4934 4938 0
6355 6354 0
1296 1293 0
4368 4364 0
8883 8886 0
8535 8532 0
9557 9553 0
9724 9727 0
18 15 0
3582 3584 0
3869 3865 0
2301 2298 0
7588 7585 0
2973 2976 0
3389 3385 0
334 331 0
9682 9680 0
6934 6932 0
1587 1586 0
57 55 0
3447 3444 0
2347 2343 0
7049 7048 0
4552 4548 0
2138 2142 0
9844 9840 0
5910 5914 0
9810 9809 0
3594 3595 0
3829 3834 0
846 848 0
5595 5598 0
3033 3028 0
4999 5004 0
98 102 0
7618 7616 0
2454 2451 0
4295 4293 0
6022 6024 0
4185 4181 0
275 270 0
7684 7688 0
122 121 0
2531 2535 0
191 189 0
1969 1964 0
380 378 0
2492 2488 0
3837 3841 0
2889 2891 0
7169 7164 0
7394 7389 0
194 190 0
7794 7789 0
162 164 0
822 824 0
8642 8647 0
5850 5849 0
563 566 0
9186 9187 0
5546 5542 0
1672 1677 0
8561 8564 0
6058 6059 0
1937 1935 0
9188 9191 0
6582 6577 0
4228 4233 0
4896 4900 0
4980 4979 0
8188 8185 0
5313 5308 0
1938 1942 0
6644 6649 0
289 290 0
9095 9100 0
5478 5477 0
6510 6506 0
779 775 0
9410 9406 0
8769 8770 0
3947 3949 0
3369 3364 0
4530 4525 0
6318 6322 0
2431 2428 0
3862 3860 0
8120 8119 0
9232 9234 0
5487 5484 0
8611 8610 0
4926 4922 0
1219 1217 0
9383 9388 0
1524 1529 0
5330 5331 0
9197 9202 0
2250 2255 0
2966 2963 0
4006 4003 0
657 662 0
8639 8640 0
5305 5302 0
404 407 0
8494 8495 0
2849 2846 0
2364 2366 0
4012 4011 0
7568 7569 0
6759 6757 0
8226 8229 0
4642 4645 0
9170 9172 0
7059 7057 0
4600 4599 0
8809 8814 0
1250 1245 0
4541 4546 0
9623 9619 0
1176 1174 0
6085 6090 0
9011 9008 0
5721 5726 0
7840 7836 0
6191 6195 0
9282 9286 0
6303 6304 0
6902 6907 0
3637 3632 0
1424 1423 0
8432 8434 0
2239 2240 0
5443 5448 0
7779 7781 0
4722 4727 0
2473 2474 0
6347 6342 0
9997 9992 0
1372 1373 0
2930 2928 0
9057 9060 0
4670 4665 0
9349 9344 0
6337 6342 0
8155 8157 0
9334 9333 0
3528 3525 0
5421 5425 0
7399 7396 0
4117 4115 0
9171 9174 0
1632 1633 0
7083 7080 0
4344 4341 0
3445 3441 0
1403 1408 0
5500 5499 0
2869 2865 0
5230 5232 0
7946 7947 0
3892 3894 0
292 288 0
8682 8679 0
8822 8820 0
8675 8671 0
9300 9296 0
1272 1267 0
7627 7625 0
6974 6975 0
9917 9921 0
7708 7711 0
9085 9086 0
2492 2491 0
6132 6129 0
1151 1148 0
3320 3318 0
3213 3216 0
7716 7720 0
9868 9873 0
270 271 0
4028 4030 0
7894 7899 0
3539 3544 0
1213 1209 0
5437 5438 0
9451 9446 0
1476 1477 0
1149 1150 0
2227 2232 0
9698 9699 0
6411 6406 0
8582 8587 0
1214 1216 0
7301 7302 0
6893 6897 0
5764 5761 0
4345 4347 0
5897 5898 0
6045 6047 0
2724 2728 0
8763 8768 0
8146 8150 0
5740 5738 0
5986 5982 0
6149 6152 0
2857 2855 0
596 594 0
2006 2001 0
2913 2912 0
6405 6404 0
456 451 0
2707 2710 0
7553 7548 0
8189 8194 0
1106 1108 0
5930 5932 0
9110 9112 0
4746 4749 0
5659 5662 0
5050 5052 0
9615 9616 0
1049 1048 0
4240 4238 0
8546 8550 0
242 243 0
2649 2647 0
1920 1915 0
551 553 0
1622 1621 0
1429 1432 0
4580 4583 0
2575 2574 0
7413 7412 0
4590 4585 0
2170 2166 0
1610 1612 0
2368 2370 0
7645 7648 0
7155 7153 0
3227 3232 0
8255 8252 0
8158 8155 0
4810 4813 0
6987 6983 0
3280 3282 0
8637 8635 0
6557 6556 0
8785 8780 0
7282 7283 0
6140 6144 0
5855 5854 0
3443 3446 0
6153 6158 0
6668 6664 0
2418 2423 0
4127 4126 0
1469 1464 0
4075 4070 0
12 9 0
5214 5212 0
2105 2102 0
6858 6863 0
9490 9491 0
5819 5820 0
9698 9693 0
536 533 0
283 278 0
2246 2244 0
2492 2497 0
5894 5899 0
5722 5725 0
5616 5621 0
3871 3874 0
4535 4533 0
8068 8073 0
260 264 0
9479 9480 0
8529 8533 0
4575 4572 0
1949 1946 0
1272 1268 0
9822 9820 0
557 556 0
1121 1122 0
6909 6913 0
3086 3084 0
4703 4707 0
5641 5644 0
3148 3146 0
4284 4289 0
5996 5997 0
8199 8202 0
6024 6023 0
3703 3702 0
2113 2115 0
384 383 0
1759 1754 0
2374 2378 0
53 50 0
4055 4054 0
3689 3687 0
9262 9260 0
6949 6947 0
9980 9976 0
6687 6690 0
6526 6529 0
9385 9383 0
4530 4529 0
832 830 0
7666 7670 0
2276 2281 0
2973 2971 0
5333 5334 0
478 475 0
1695 1698 0
4096 4094 0
5741 5746 0
8746 8747 0
3567 3571 0
3780 3785 0
4285 4287 0
5788 5792 0
1523 1528 0
6616 6617 0
4904 4908 0
9629 9631 0
2594 2597 0
1497 1498 0
404 409 0
4892 4896 0
9642 9637 0
1837 1832 0
5729 5734 0
3963 3959 0
4348 4343 0
2053 2048 0
2627 2626 0
9243 9240 0
5249 5253 0
1970 1966 0
8166 8170 0
2107 2111 0
7259 7254 0
5961 5957 0
4870 4867 0
408 403 0
8817 8819 0
572 573 0
7400 7405 0
231 226 0
8227 8229 0
892 897 0
3095 3098 0
7372 7376 0
6721 6726 0
2710 2715 0
9965 9962 0
829 833 0
9953 9952 0
6060 6056 0
952 956 0
6518 6514 0
7046 7045 0
4368 4365 0
9777 9780 0
4444 4447 0
1918 1923 0
2137 2135 0
2782 2781 0
2349 2347 0
6538 6543 0
4364 4366 0
6599 6600 0
2077 2075 0
2184 2179 0
5635 5631 0
5783 5778 0
8266 8264 0
4528 4527 0
652 653 0
937 936 0
5000 5003 0
4711 4713 0
3124 3121 0
9970 9974 0
2489 2487 0
3567 3566 0
6981 6983 0
4679 4680 0
6055 6057 0
1331 1334 0
12 10 0
1301 1305 0
7498 7499 0
249 250 0
7975 7978 0
9640 9639 0
1844 1840 0
3532 3527 0
9269 9266 0
2850 2847 0
5407 5410 0
3307 3311 0
2728 2726 0
415 412 0
5097 5095 0
3649 3650 0
63 67 0
9170 9173 0
1389 1385 0
7524 7526 0
5543 5548 0
67 70 0
3403 3407 0
1677 1678 0
8851 8849 0
8942 8943 0
3048 3053 0
4085 4088 0
6674 6676 0
7553 7552 0
6898 6902 0
3592 3597 0
5454 5455 0
7395 7391 0
9907 9912 0
1203 1205 0
6407 6411 0
7870 7867 0
1951 1950 0
8054 8059 0
1759 1758 0
1508 1509 0
3101 3099 0
7074 7072 0
3457 3460 0
1902 1907 0
3799 3796 0
8667 8671 0
6824 6825 0
9561 9565 0
2941 2938 0
945 950 0
4033 4036 0
5388 5383 0
7338 7339 0
2425 2430 0
377 380 0
6618 6619 0
9020 9017 0
5419 5422 0
5635 5636 0
1292 1291 0
9979 9974 0
1339 1342 0
6720 6715 0
5505 5503 0
2532 2536 0
5742 5744 0
4585 4587 0
2579 2584 0
135 130 0
5396 5391 0
4751 4749 0
3594 3597 0
8181 8184 0
5175 5177 0
6728 6725 0
2095 2090 0
9500 9503 0
9118 9122 0
9088 9087 0
3540 3537 0
6494 6490 0
6557 6558 0
1925 1928 0
730 726 0
3546 3548 0
8570 8574 0
5597 5602 0
9057 9055 0
9661 9656 0
9006 9004 0
5372 5367 0
1564 1561 0
7993 7992 0
3186 3184 0
6007 6012 0
796 795 0
2313 2310 0
7486 7487 0
1067 1062 0
8002 8007 0
8845 8843 0
107 112 0
1892 1889 0
8081 8084 0
4746 4741 0
4427 4428 0
7266 7261 0
5776 5774 0
8121 8123 0
8400 8398 0
3226 3224 0
7590 7589 0
1503 1501 0
6106 6107 0
9853 9852 0
7938 7935 0
8348 8343 0
6441 6442 0
709 708 0
7194 7191 0
3533 3537 0
8457 8458 0
8537 8532 0
4073 4075 0
4995 4993 0
6072 6071 0
7095 7091 0
2279 2276 0
4329 4328 0
1056 1054 0
6572 6575 0
7295 7294 0
349 353 0
9750 9751 0
9735 9739 0
5850 5853 0
5108 5112 0
9661 9658 0
2983 2978 0
7935 7939 0
3810 3814 0
5151 5152 0
942 944 0
9294 9289 0
4343 4345 0
1312 1316 0
1797 1801 0
552 548 0
3121 3118 0
3155 3151 0
5428 5423 0
4632 4627 0
7926 7927 0
5317 5313 0
1330 1325 0
960 959 0
5299 5297 0
3692 3691 0
5823 5822 0
6685 6689 0
6973 6974 0
9395 9400 0
453 452 0
8889 8884 0
8796 8791 0
1148 1146 0
7976 7974 0
7152 7149 0
4294 4298 0
3794 3795 0
2089 2092 0
3873 3876 0
1003 1000 0
5492 5491 0
4047 4045 0
6165 6169 0
5741 5737 0
9199 9202 0
8082 8086 0
1587 1585 0
6881 6886 0
5966 5962 0
1716 1714 0
3330 3332 0
3064 3061 0
3348 3347 0
9699 9697 0
4417 4420 0
5876 5879 0
1002 1001 0
1173 1170 0
1099 1100 0
9366 9370 0
94 98 0
7238 7234 0
594 593 0
8473 8468 0
8813 8810 0
1160 1156 0
9349 9352 0
3722 3723 0
6585 6580 0
4613 4609 0
1020 1022 0
5889 5885 0
1768 1765 0
4225 4220 0
3626 3622 0
1860 1862 0
8157 8160 0
4178 4183 0
5735 5734 0
3240 3235 0
4560 4562 0
8639 8641 0
5597 5596 0
4242 4241 0
811 814 0
379 381 0
6929 6930 0
3438 3433 0
7733 7738 0
6348 6344 0
2855 2853 0
829 831 0
923 925 0
2142 2145 0
3177 3176 0
9685 9686 0
2787 2786 0
9809 9806 0
4824 4826 0
7213 7212 0
9474 9475 0
8452 8456 0
1802 1797 0
901 897 0
4211 4212 0
7776 7773 0
3207 3209 0
5204 5201 0
2227 2229 0
5534 5539 0
4319 4314 0
9313 9309 0
4180 4175 0
6081 6076 0
9246 9247 0
6358 6357 0
5445 5449 0
7793 7790 0
7856 7857 0
9644 9641 0
971 973 0
5238 5236 0
1576 1575 0
329 334 0
7192 7197 0
954 955 0
1698 1701 0
9181 9178 0
750 748 0
4522 4517 0
843 839 0
693 688 0
6589 6586 0
1046 1042 0
231 227 0
2065 2066 0
4129 4134 0
7977 7981 0
2899 2903 0
5439 5434 0
7894 7890 0
8077 8078 0
5911 5913 0
5885 5886 0
6740 6735 0
8791 8788 0
7606 7603 0
8664 8659 0
2688 2690 0
296 301 0
2707 2706 0
9718 9721 0
1565 1569 0
4965 4970 0
3079 3084 0
4882 4878 0
5439 5444 0
2228 2226 0
186 189 0
3903 3905 0
4495 4498 0
8990 8988 0
7292 7288 0
7581 7582 0
5904 5899 0
8041 8036 0
4397 4396 0
1557 1555 0
1165 1166 0
96 93 0
3889 3894 0
9115 9112 0
560 562 0
4725 4728 0
3156 3152 0
1954 1952 0
6719 6716 0
7289 7291 0
4428 4429 0
7448 7449 0
1474 1477 0
771 769 0
6547 6546 0
9449 9447 0
8877 8878 0
8664 8666 0
667 666 0
6886 6888 0
6471 6473 0
3569 3574 0
5418 5421 0
4041 4040 0
3085 3089 0
9851 9855 0
5947 5948 0
6038 6043 0
6264 6269 0
6212 6217 0
9241 9240 0
8660 8659 0
4564 4569 0
6114 6118 0
5156 5155 0
4342 4337 0
7555 7553 0
352 350 0
4956 4954 0
4973 4978 0
3449 3447 0
7788 7787 0
4749 4747 0
1615 1616 0
3983 3980 0
7434 7438 0
5223 5227 0
3758 3754 0
961 958 0
3344 3345 0
1735 1737 0
4814 4818 0
3206 3202 0
7735 7730 0
3486 3481 0
8247 8251 0
5541 5539 0
7448 7450 0
3005 3002 0
2249 2246 0
815 816 0
6217 6218 0
6035 6038 0
8576 8579 0
893 888 0
2229 2232 0
4837 4834 0
4963 4967 0
9590 9594 0
2464 2468 0
9273 9277 0
259 255 0
4935 4936 0
5705 5709 0
9038 9043 0
432 436 0
7274 7278 0
487 488 0
9832 9836 0
6476 6471 0
7116 7120 0
1264 1268 0
9475 9478 0
8632 8636 0
9318 9315 0
6679 6681 0
6848 6844 0
7484 7488 0
1866 1868 0
693 694 0
3076 3075 0
9125 9124 0
831 833 0
7372 7370 0
4807 4802 0
9978 9975 0
1996 1997 0
5812 5815 0
8260 8261 0
5725 5724 0
1984 1981 0
4811 4808 0
4624 4626 0
6395 6396 0
1113 1108 0
954 952 0
4928 4931 0
9168 9164 0
5788 5791 0
9413 9411 0
9765 9762 0
7100 7095 0
4964 4966 0
7439 7442 0
7672 7675 0
2221 2222 0
8183 8179 0
3623 3625 0
2049 2045 0
5755 5752 0
1344 1348 0
4984 4985 0
6939 6936 0
1746 1751 0
3213 3217 0
8182 8178 0
372 370 0
9076 9073 0
2748 2749 0
7937 7935 0
3726 3722 0
8615 8616 0
3396 3395 0
1788 1786 0
3989 3985 0
87 84 0
3294 3296 0
4035 4036 0
1336 1333 0
5338 5339 0
968 972 0
7894 7897 0
9994 9999 0
2201 2205 0
3016 3020 0
9597 9598 0
1517 1520 0
5044 5040 0
5712 5708 0
1728 1727 0
495 490 0
708 712 0
8544 8543 0
2397 2399 0
790 795 0
8173 8169 0
5630 5628 0
1535 1532 0
2221 2224 0
2187 2188 0
5874 5873 0
1002 998 0
591 595 0
2741 2736 0
9679 9678 0
3359 3354 0
7586 7584 0
2502 2504 0
891 894 0
7359 7358 0
4757 4758 0
8725 8724 0
4957 4962 0
7570 7566 0
8917 8913 0
5964 5965 0
6390 6387 0
5958 5954 0
9522 9521 0
3313 3318 0
8431 8430 0
4720 4722 0
2882 2887 0
2424 2426 0
9330 9332 0
6230 6225 0
7245 7249 0
6670 6669 0
2148 2146 0
8899 8903 0
6842 6837 0
6741 6737 0
3422 3425 0
8142 8143 0
5670 5673 0
7055 7060 0
2367 2369 0
7231 7229 0
6072 6068 0
3778 3781 0
1152 1149 0
7236 7239 0
7469 7473 0
3602 3607 0
5955 5954 0
5341 5338 0
159 163 0
7946 7948 0
8371 8373 0
4497 4493 0
378 379 0
9978 9982 0
1078 1083 0
5359 5357 0
5395 5400 0
4854 4855 0
6629 6627 0
5500 5496 0
9349 9354 0
2699 2700 0
7414 7413 0
1356 1360 0
2659 2655 0
9467 9470 0
9151 9153 0
508 512 0
4920 4925 0
2740 2745 0
9640 9637 0
9585 9589 0
7051 7049 0
6114 6109 0
5991 5993 0
7622 7619 0
4262 4266 0
4416 4412 0
7583 7586 0
1191 1190 0
214 219 0
2940 2944 0
7589 7585 0
4914 4919 0
8271 8272 0
635 632 0
1290 1295 0
6013 6016 0
8450 8454 0
3123 3122 0
1544 1540 0
5987 5992 0
3555 3552 0
5553 5550 0
9437 9433 0
3863 3858 0
7587 7592 0
7742 7747 0
4870 4869 0
8652 8647 0
9938 9943 0
4877 4875 0
260 256 0
8959 8958 0
7013 7010 0
737 736 0
7950 7948 0
6879 6874 0
4485 4483 0
8812 8814 0
2863 2865 0
6621 6625 0
4691 4692 0
1445 1441 0
4664 4662 0
540 541 0
6783 6782 0
3566 3570 0
8496 8491 0
6558 6563 0
79 81 0
9173 9175 0
8188 8184 0
8753 8756 0
2281 2280 0
376 377 0
9216 9219 0
9794 9791 0
2344 2340 0
103 106 0
6566 6570 0
5079 5078 0
3006 3004 0
3455 3459 0
9719 9716 0
7184 7187 0
9370 9365 0
4927 4932 0
6720 6722 0
5054 5052 0
6133 6131 0
1544 1546 0
3008 3007 0
4683 4678 0
234 235 0
201 203 0
752 756 0
6219 6223 0
9552 9556 0
4076 4074 0
6561 6562 0
3527 3524 0
6478 6474 0
8578 8581 0
5521 5517 0
242 246 0
5841 5845 0
3956 3952 0
9961 9956 0
9037 9038 0
2142 2141 0
9401 9398 0
5690 5689 0
7072 7070 0
3171 3169 0
9885 9886 0
6496 6500 0
8265 8266 0
3979 3982 0
5816 5813 0
6707 6705 0
2198 2195 0
1921 1923 0
9831 9828 0
7784 7783 0
244 248 0
2800 2798 0
877 873 0
2966 2961 0
9710 9715 0
3830 3826 0
7043 7045 0
829 828 0
5361 5364 0
8307 8310 0
9153 9149 0
8040 8035 0
1853 1855 0
4308 4306 0
5765 5760 0
2488 2484 0
6971 6967 0
5659 5664 0
9548 9552 0
8358 8357 0
1673 1674 0
5786 5787 0
5447 5444 0
1185 1183 0
9312 9315 0
8813 8814 0
511 509 0
7599 7595 0
5918 5920 0
6272 6276 0
1121 1125 0
4457 4462 0
613 618 0
50 52 0
2882 2877 0
3725 3722 0
7910 7914 0
7370 7369 0
7283 7287 0
4452 4449 0
8490 8488 0
9851 9849 0
1137 1139 0
3683 3680 0
2158 2155 0
2957 2956 0
5755 5760 0
3272 3273 0
9075 9070 0
1529 1528 0
2906 2908 0
4073 4072 0
3512 3517 0
7390 7392 0
3393 3391 0
4678 4676 0
9063 9066 0
2749 2746 0
2139 2143 0
5059 5061 0
6106 6105 0
893 892 0
8881 8882 0
2707 2704 0
5545 5544 0
1872 1877 0
2564 2560 0
8043 8038 0
2100 2103 0
8072 8076 0
810 812 0
5408 5405 0
7561 7563 0
1810 1811 0
4946 4944 0
111 115 0
4130 4134 0
6628 6626 0
477 476 0
8013 8008 0
3752 3757 0
1869 1873 0
2841 2839 0
4344 4348 0
3510 3514 0
4924 4929 0
1016 1019 0
985 990 0
5100 5099 0
7750 7749 0
2281 2278 0
3577 3582 0
2986 2981 0
8156 8161 0
613 610 0
1128 1126 0
4158 4161 0
1314 1310 0
3605 3601 0
9916 9918 0
9070 9072 0
3894 3898 0
215 214 0
4162 4165 0
8074 8072 0
652 656 0
1144 1146 0
2179 2180 0
6867 6870 0
3330 3331 0
4319 4317 0
1438 1439 0
3699 3701 0
1207 1203 0
2833 2834 0
9034 9037 0
339 341 0
4128 4124 0
9838 9841 0
975 972 0
8577 8581 0
9537 9539 0
5120 5125 0
5548 5550 0
5361 5357 0
3077 3081 0
1494 1491 0
2441 2443 0
788 786 0
83 78 0
1870 1872 0
3860 3863 0
405 410 0
5278 5279 0
9945 9946 0
5582 5584 0
749 754 0
105 100 0
8050 8048 0
1741 1740 0
7413 7409 0
5109 5113 0
8830 8834 0
3906 3901 0
689 694 0
2958 2954 0
4331 4335 0
8875 8876 0
6187 6188 0
2451 2452 0
7689 7685 0
3383 3382 0
616 621 0
9685 9687 0
4840 4843 0
5563 5558 0
6189 6184 0
7817 7819 0
6508 6512 0
3831 3835 0
1119 1121 0
9041 9044 0
8562 8558 0
8634 8629 0
7393 7389 0
1866 1863 0
9180 9183 0
2330 2329 0
7999 7997 0
6929 6933 0
3951 3952 0
8019 8020 0
2317 2315 0
4810 4806 0
2374 2377 0
5242 5247 0
3944 3947 0
2163 2166 0
3617 3622 0
6999 7002 0
4887 4891 0
3924 3922 0
1966 1968 0
9779 9784 0
7729 7728 0
5305 5307 0
2550 2548 0
5132 5133 0
5546 5543 0
3108 3107 0
8699 8702 0
1875 1870 0
3915 3918 0
2397 2402 0
6508 6503 0
9534 9530 0
4963 4961 0
1942 1937 0
4038 4041 0
5860 5858 0
4916 4919 0
629 624 0
8671 8670 0
5839 5835 0
5131 5132 0
5976 5981 0
227 226 0
9716 9713 0
9004 9009 0
6853 6855 0
3945 3942 0
8673 8674 0
5983 5984 0
7121 7120 0
5391 5392 0
4661 4656 0
4782 4780 0
8773 8771 0
5797 5794 0
6180 6178 0
4551 4556 0
976 971 0
5431 5426 0
5904 5909 0
390 392 0
1652 1651 0
8682 8680 0
3309 3307 0
5887 5889 0
9318 9323 0
1485 1488 0
9929 9932 0
5606 5607 0
503 505 0
8470 8469 0
7317 7321 0
1941 1938 0
6520 6524 0
9372 9367 0
7313 7314 0
8255 8257 0
1976 1973 0
6120 6115 0
2350 2348 0
9207 9205 0
5920 5915 0
4603 4600 0
520 515 0
8746 8741 0
4716 4714 0
3993 3988 0
6910 6905 0
8182 8184 0
794 796 0
5612 5611 0
8192 8191 0
172 170 0
9654 9650 0
7329 7332 0
6851 6852 0
2891 2896 0
9466 9461 0
4411 4410 0
8166 8167 0
4843 4848 0
1291 1288 0
4890 4889 0
2440 2435 0
8247 8245 0
2245 2244 0
2195 2190 0
4665 4660 0
2036 2039 0
4766 4762 0
3779 3775 0
5017 5021 0
2637 2632 0
7576 7577 0
1935 1936 0
5722 5718 0
7735 7736 0
3474 3472 0
665 670 0
6025 6026 0
4679 4682 0
6369 6364 0
4280 4278 0
3137 3136 0
7401 7396 0
1808 1809 0
1690 1692 0
1496 1495 0
5924 5923 0
8600 8602 0
9619 9620 0
2422 2427 0
8905 8903 0
6564 6568 0
341 343 0
6747 6750 0
6834 6831 0
6596 6592 0
5784 5779 0
6147 6152 0
59 58 0
7189 7194 0
2050 2047 0
2662 2661 0
4806 4811 0
480 482 0
21 17 0
985 988 0
5896 5899 0
3271 3275 0
2757 2762 0
7063 7064 0
5798 5797 0
9472 9467 0
6163 6162 0
4831 4829 0
3670 3675 0
8282 8277 0
436 440 0
9627 9622 0
6847 6849 0
6820 6823 0
6329 6334 0
4696 4698 0
818 814 0
8397 8393 0
6406 6402 0
6609 6607 0
7373 7370 0
3421 3422 0
2890 2893 0
1311 1307 0
969 971 0
4024 4025 0
3502 3507 0
8679 8680 0
2674 2670 0
8482 8487 0
731 734 0
1720 1724 0
4113 4117 0
2345 2342 0
4848 4852 0
7713 7714 0
7495 7500 0
9223 9224 0
8658 8660 0
6583 6587 0
3509 3511 0
4997 4995 0
4733 4732 0
5924 5928 0
9616 9620 0
2024 2029 0
3782 3778 0
3143 3148 0
5776 5781 0
6350 6345 0
8578 8576 0
4932 4934 0
89 85 0
5918 5913 0
9677 9674 0
7252 7251 0
2154 2151 0
924 923 0
8101 8096 0
8494 8498 0
3761 3756 0
3083 3085 0
1853 1854 0
5672 5669 0
9336 9334 0
3992 3987 0
9240 9235 0
9663 9661 0
5048 5043 0
6280 6277 0
6235 6233 0
6539 6537 0
9887 9886 0
1398 1400 0
9109 9108 0
4328 4324 0
9069 9067 0
6684 6687 0
3839 3836 0
5284 5279 0
4165 4167 0
5779 5782 0
2937 2936 0
8088 8084 0
4815 4817 0
2262 2267 0
3066 3063 0
4108 4112 0
1933 1934 0
9153 9158 0
2440 2445 0
2182 2181 0
3878 3873 0
4700 4702 0
1010 1015 0
9836 9838 0
206 203 0
8697 8695 0
3615 3612 0
2427 2426 0
5961 5960 0
3653 3652 0
1338 1336 0
6768 6767 0
2992 2993 0
9567 9563 0
736 740 0
248 250 0
6927 6924 0
3853 3850 0
355 360 0
1726 1731 0
796 797 0
8891 8895 0
3968 3973 0
5674 5678 0
7332 7333 0
8439 8434 0
535 538 0
455 451 0
3183 3186 0
4318 4321 0
3036 3039 0
9121 9119 0
3612 3613 0
6768 6764 0
3243 3247 0
8700 8703 0
7185 7183 0
4487 4490 0
1327 1331 0
876 873 0
4016 4014 0
822 827 0
5780 5778 0
7130 7135 0
9799 9796 0
5275 5273 0
2463 2459 0
2633 2628 0
3455 3454 0
368 370 0
9835 9838 0
8095 8092 0
7694 7699 0
9729 9724 0
9233 9237 0
945 946 0
5149 5153 0
2183 2178 0
7935 7940 0
6105 6108 0
5660 5655 0
9012 9017 0
7222 7223 0
1703 1700 0
7228 7230 0
8572 8570 0
5814 5810 0
2882 2884 0
9410 9409 0
3398 3401 0
4193 4197 0
5085 5080 0
8992 8993 0
7698 7693 0
7279 7276 0
9688 9686 0
2804 2806 0
8470 8466 0
3812 3814 0
8598 8602 0
2391 2396 0
5687 5686 0
7707 7702 0
312 311 0
7672 7667 0
4327 4325 0
5512 5516 0
8455 8454 0
1455 1450 0
3718 3715 0
5901 5906 0
1236 1234 0
5242 5244 0
7032 7033 0
5133 5129 0
9748 9751 0
4940 4937 0
2223 2224 0
9969 9968 0
5163 5168 0
7171 7166 0
6558 6553 0
4528 4532 0
4198 4203 0
4991 4989 0
3341 3344 0
8790 8789 0
3793 3790 0
2480 2477 0
963 959 0
1405 1407 0
6618 6621 0
5873 5871 0
5042 5041 0
5016 5015 0
6449 6452 0
7706 7708 0
4985 4980 0
2632 2633 0
317 316 0
7216 7213 0
3797 3793 0
2013 2018 0
8259 8263 0
6956 6955 0
5743 5738 0
8943 8944 0
4501 4503 0
1464 1466 0
967 968 0
41 43 0
1360 1357 0
6985 6989 0
4982 4981 0
9268 9269 0
2837 2835 0
7149 7144 0
1697 1702 0
1505 1507 0
1061 1063 0
136 138 0
8235 8238 0
1126 1129 0
755 753 0
8307 8303 0
9090 9086 0
3554 3550 0
1612 1611 0
602 603 0
6254 6258 0
8471 8466 0
5256 5255 0
7093 7092 0
5727 5725 0
9870 9871 0
6792 6791 0
1806 1809 0
561 560 0
4822 4826 0
9756 9761 0
4746 4751 0
5322 5327 0
8570 8569 0
1704 1709 0
664 665 0
7048 7050 0
1463 1459 0
8450 8455 0
1351 1355 0
7916 7917 0
2104 2103 0
562 566 0
383 388 0
2972 2974 0
905 908 0
3184 3180 0
3797 3798 0
3780 3778 0
3954 3957 0
9414 9419 0
3127 3125 0
7463 7460 0
1939 1941 0
2408 2404 0
2442 2437 0
9130 9129 0
8676 8673 0
9599 9595 0
253 255 0
5597 5599 0
464 463 0
8786 8784 0
2777 2780 0
7083 7086 0
1632 1635 0
9669 9668 0
8352 8351 0
1370 1374 0
2689 2690 0
2345 2349 0
3769 3765 0
7424 7426 0
7354 7353 0
8522 8519 0
210 205 0
7512 7511 0
4223 4221 0
6251 6246 0
5781 5784 0
7855 7853 0
5811 5812 0
6033 6038 0
3184 3179 0
8675 8674 0
9848 9850 0
8756 8754 0
3300 3296 0
4694 4689 0
6629 6624 0
464 469 0
134 136 0
2791 2793 0
9496 9499 0
8042 8038 0
9010 9007 0
705 702 0
3761 3762 0
3465 3462 0
5505 5501 0
9591 9586 0
3621 3617 0
4141 4145 0
6190 6194 0
9042 9047 0
7576 7573 0
7964 7968 0
275 276 0
2102 2101 0
5236 5234 0
3596 3592 0
9192 9196 0
5102 5098 0
6267 6262 0
6983 6984 0
2954 2952 0
4670 4674 0
6341 6342 0
5237 5241 0
3611 3607 0
5149 5151 0
4 1 0
4161 4156 0
2567 2565 0
5921 5925 0
5100 5103 0
6510 6513 0
7567 7566 0
9799 9803 0
5328 5323 0
3847 3844 0
223 224 0
6973 6970 0
3210 3215 0
2565 2569 0
9993 9989 0
2987 2989 0
4326 4323 0
3700 3705 0
1156 1161 0
3285 3286 0
7040 7039 0
1403 1402 0
8906 8901 0
7376 7381 0
3212 3213 0
940 938 0
9874 9876 0
4190 4194 0
910 909 0
4739 4735 0
9404 9399 0
2890 2888 0
7430 7435 0
1151 1154 0
8452 8457 0
9023 9022 0
3003 3004 0
8752 8748 0
2024 2027 0
7723 7728 0
7182 7181 0
7143 7144 0
4149 4148 0
287 284 0
2619 2620 0
8451 8455 0
2256 2254 0
1402 1404 0
3571 3575 0
4005 4010 0
3614 3613 0
1342 1341 0
494 497 0
6703 6704 0
3437 3434 0
2865 2862 0
5498 5494 0
4634 4629 0
5770 5773 0
5032 5029 0
3044 3042 0
816 811 0
1093 1091 0
166 162 0
8593 8596 0
1628 1623 0
1846 1850 0
8766 8771 0
5135 5134 0
6127 6131 0
3870 3875 0
3634 3639 0
198 197 0
574 573 0
870 869 0
3892 3895 0
1844 1849 0
3060 3063 0
4230 4228 0
7164 7162 0
7375 7374 0
330 332 0
3712 3715 0
9193 9196 0
1397 1396 0
4284 4287 0
4512 4513 0
5886 5888 0
9919 9921 0
3045 3040 0
3241 3237 0
1077 1081 0
3577 3579 0
1155 1160 0
9759 9761 0
4589 4584 0
5863 5865 0
7356 7360 0
5303 5308 0
3781 3777 0
1035 1038 0
915 918 0
1375 1377 0
4710 4712 0
5427 5424 0
335 340 0
5348 5352 0
6505 6504 0
4641 4639 0
2039 2041 0
6380 6376 0
2298 2293 0
5670 5667 0
3796 3800 0
4855 4858 0
922 926 0
1472 1470 0
3197 3194 0
350 353 0
3632 3628 0
9092 9095 0
2898 2897 0
4321 4319 0
7097 7093 0
3959 3958 0
1223 1225 0
6338 6339 0
6159 6154 0
992 991 0
2731 2730 0
8818 8817 0
9158 9156 0
4928 4923 0
2632 2635 0
5379 5380 0
8056 8061 0
1667 1668 0
3816 3814 0
9041 9040 0
1240 1243 0
9449 9444 0
9866 9870 0
4221 4220 0
8681 8686 0
5305 5303 0
1660 1663 0
2242 2247 0
413 415 0
3639 3640 0
9408 9413 0
7055 7058 0
1782 1783 0
8004 8005 0
6952 6954 0
1430 1427 0
1084 1085 0
6751 6754 0
8514 8511 0
1937 1938 0
1956 1953 0
145 144 0
4757 4760 0
9267 9269 0
2893 2898 0
8716 8721 0
1997 1992 0
2467 2464 0
3560 3556 0
3119 3122 0
4796 4797 0
6246 6241 0
6436 6432 0
9601 9603 0
567 562 0
8888 8885 0
7488 7485 0
3962 3963 0
6573 6578 0
8718 8720 0
8441 8438 0
6952 6949 0
1965 1967 0
1522 1518 0
6362 6364 0
1866 1861 0
9098 9102 0
7938 7936 0
2565 2562 0
307 310 0
5880 5883 0
2464 2465 0
6528 6523 0
8606 8608 0
4605 4609 0
8202 8206 0
9772 9768 0
9363 9364 0
7807 7812 0
3830 3825 0
8510 8512 0
6167 6170 0
8375 8379 0
8144 8147 0
8968 8963 0
6053 6056 0
1464 1460 0
1984 1985 0
636 639 0
2696 2691 0
9216 9215 0
9419 9415 0
2138 2141 0
442 447 0
4190 4185 0
6711 6710 0
8385 8381 0
3459 3461 0
4691 4687 0
7248 7250 0
3606 3603 0
6451 6453 0
1249 1250 0
2431 2429 0
3266 3269 0
2522 2520 0
4438 4439 0
7646 7641 0
9254 9256 0
4101 4097 0
2318 2314 0
9596 9593 0
6131 6129 0
7843 7847 0
6777 6778 0
2782 2786 0
5223 5228 0
2968 2973 0
948 944 0
4506 4510 0
3707 3708 0
8089 8084 0
7141 7142 0
5208 5205 0
1644 1639 0
4658 4653 0
3887 3889 0
3929 3931 0
4852 4851 0
4784 4788 0
8967 8962 0
2342 2339 0
2989 2992 0
9142 9145 0
6739 6744 0
2260 2265 0
1222 1217 0
296 297 0
6568 6570 0
9520 9518 0
5379 5376 0
4629 4632 0
7028 7023 0
426 429 0
9796 9793 0
5841 5838 0
7938 7942 0
9352 9356 0
8868 8873 0
2181 2180 0
2584 2581 0
2106 2110 0
2883 2878 0
4403 4407 0
4704 4707 0
8708 8709 0
9976 9977 0
5734 5731 0
191 196 0
5403 5399 0
992 989 0
1831 1830 0
1671 1675 0
4015 4020 0
8693 8696 0
7103 7100 0
1948 1949 0
2470 2474 0
4417 4414 0
420 421 0
1389 1391 0
2161 2165 0
8550 8551 0
2337 2338 0
4316 4319 0
8461 8459 0
1306 1309 0
5243 5238 0
1755 1751 0
4757 4756 0
4447 4451 0
7711 7712 0
6083 6079 0
6859 6858 0
9880 9882 0
1442 1441 0
3903 3904 0
1502 1500 0
6110 6112 0
7956 7958 0
1607 1612 0
7508 7512 0
7490 7489 0
8233 8235 0
4147 4144 0
7599 7604 0
7077 7080 0
7397 7399 0
6636 6634 0
7589 7584 0
8904 8902 0
7708 7703 0
8635 8631 0
8368 8370 0
4859 4864 0
2497 2501 0
992 990 0
5473 5477 0
7500 7504 0
5825 5821 0
6867 6865 0
6666 6664 0
3424 3422 0
1366 1369 0
7182 7186 0
260 262 0
6978 6981 0
7121 7117 0
9696 9697 0
8086 8089 0
9629 9624 0
88 67 0
9721 9716 0
4485 4488 0
7719 7716 0
3176 3178 0
5531 5535 0
6391 6396 0
6419 6420 0
7254 7258 0
6745 6741 0
1125 1130 0
9001 9003 0
2406 2411 0
3428 3425 0
6044 6047 0
4427 4425 0
1349 1354 0
9366 9365 0
6054 6055 0
5001 5003 0
9136 9134 0
5921 5916 0
6574 6573 0
4767 4768 0
5366 5363 0
7150 7147 0
8653 8652 0
677 672 0
1896 1900 0
295 293 0
350 349 0
2602 2607 0
8594 8599 0
9845 9847 0
8236 8241 0
5618 5617 0
3558 3559 0
5770 5775 0
8190 8195 0
7398 7403 0
5998 5996 0
8090 8094 0
8593 8592 0
2734 2732 0
6728 6730 0
1520 1515 0
5090 5093 0
7501 7500 0
2539 2544 0
7083 7084 0
6178 6179 0
9346 9341 0
9925 9920 0
6529 6527 0
4499 4504 0
7201 7202 0
9928 9932 0
1458 1460 0
9067 9065 0
2890 2891 0
6063 6066 0
8927 8932 0
4579 4574 0
6307 6308 0
6426 6428 0
9140 9142 0
4824 4825 0
7488 7493 0
1247 1245 0
8737 8732 0
6370 6371 0
6330 6329 0
9210 9208 0
1465 1469 0
331 333 0
4951 4949 0
7828 4340 0
8275 8279 0
3697 3696 0
5868 5873 0
91 94 0
702 706 0
4468 4472 0
9604 9600 0
5923 5928 0
9919 9923 0
6509 6514 0
5519 5517 0
6909 6912 0
7177 7174 0
9795 9800 0
2063 2060 0
5164 5161 0
3832 3828 0
2111 2116 0
2569 2564 0
7248 7243 0
5684 5685 0
1577 1572 0
1155 1157 0
3951 3953 0
9771 9767 0
8549 8544 0
7371 7375 0
3472 3467 0
356 352 0
5625 5624 0
1840 1845 0
8183 8187 0
4045 4044 0
6906 6911 0
9100 9102 0
5501 5503 0
8272 8267 0
7999 7998 0
4001 4005 0
2495 2493 0
9044 9045 0
7132 7136 0
5738 5739 0
3223 3222 0
5750 5748 0
9540 9539 0
9643 9644 0
4948 4950 0
6522 6523 0
3049 3048 0
5914 5917 0
4252 4256 0
9253 9257 0
3115 3113 0
8036 8040 0
3170 3173 0
9384 9388 0
291 289 0
2834 2829 0
8556 8555 0
5487 5483 0
2787 2785 0
122 123 0
3063 3068 0
9981 9980 0
6472 6473 0
7116 7111 0
9565 9560 0
9857 9853 0
6443 6438 0
8249 8245 0
6910 6914 0
1753 1755 0
6465 6470 0
3276 3277 0
5997 5995 0
3482 3486 0
7035 7034 0
3336 3335 0
6966 6965 0
7227 7225 0
4432 4431 0
6784 6780 0
3338 3337 0
5967 5972 0
2710 2712 0
3074 3069 0
776 774 0
965 961 0
3406 3411 0
1673 1670 0
4210 4208 0
4235 4232 0
3865 3862 0
4177 4182 0
2466 2463 0
9080 9082 0
7365 7368 0
8571 8570 0
7808 7805 0
733 728 0
7339 7344 0
9725 9730 0
6384 6386 0
9055 9053 0
2565 2566 0
8993 8989 0
3460 3455 0
8778 8773 0
9344 9340 0
9937 9942 0
9512 9510 0
6998 7002 0
4440 4436 0
7966 7962 0
2114 2116 0
8581 8582 0
5370 5367 0
6500 6498 0
1126 1127 0
9996 9992 0
2870 2872 0
1508 1506 0
500 497 0
4484 4487 0
9767 9769 0
9683 9682 0
4658 4663 0
4850 4849 0
3272 3267 0
8662 8666 0
5894 5889 0
979 975 0
9067 9064 0
3992 3989 0
8398 8395 0
2531 2536 0
1286 1288 0
6479 6478 0
6801 6805 0
6223 6226 0
1090 1093 0
2368 2373 0
2613 2609 0
8806 8802 0
9107 9110 0
2865 2870 0
1609 1613 0
5395 5393 0
1727 1729 0
2852 2853 0
4617 4619 0
1649 1646 0
8102 8100 0
9316 9321 0
7585 7587 0
9978 9980 0
5293 5294 0
4557 4560 0
8885 8883 0
4697 4702 0
8393 8396 0
1507 1512 0
2388 2383 0
7893 7889 0
6355 6350 0
7205 7202 0
4721 4716 0
8835 8832 0
4766 4763 0
2641 2644 0
1885 1880 0
6532 6534 0
5872 5870 0
3839 3835 0
3324 3323 0
8544 8542 0
8391 8393 0
1423 1419 0
6281 6283 0
4560 4565 0
7206 7201 0
565 569 0
8774 8770 0
2413 2408 0
7125 7128 0
323 324 0
6467 6464 0
8626 8625 0
6137 6141 0
4573 4571 0
7979 7982 0
7304 7299 0
5696 5695 0
1011 1010 0
5013 5008 0
4817 4818 0
720 717 0
4458 4453 0
5002 5004 0
65 61 0
6801 6802 0
705 706 0
4279 4280 0
7275 7277 0
4921 4916 0
3691 3695 0
2711 2709 0
910 911 0
7043 7039 0
3141 3136 0
198 195 0
1492 1494 0
6422 6423 0
6361 6358 0
8487 8486 0
225 224 0
9852 9854 0
8498 8503 0
8178 8180 0
7121 7124 0
5499 5502 0
1593 1595 0
7670 7665 0
5932 5929 0
6151 6153 0
6080 6081 0
8750 8754 0
1117 1114 0
9673 9668 0
7281 7279 0
2403 2405 0
9250 9245 0
9040 9038 0
3005 3009 0
55 60 0
3389 3393 0
4267 4271 0
4018 4021 0
7954 7949 0
6901 6896 0
7632 7635 0
9594 9595 0
6068 6063 0
9843 9848 0
9554 9550 0
1120 1125 0
2059 2057 0
7018 7013 0
4473 4472 0
5026 5023 0
7456 7454 0
1035 1031 0
5641 5636 0
6611 6610 0
4653 4648 0
7237 7236 0
7065 7064 0
7530 7528 0
6034 6033 0
9229 9226 0
1301 1302 0
8045 8047 0
8807 8803 0
754 752 0
6879 6878 0
6489 6488 0
8517 8521 0
8110 8105 0
2809 2804 0
8718 8716 0
453 449 0
6848 6853 0
1743 1738 0
8456 8458 0
3681 3682 0
4982 4984 0
8936 8940 0
1867 1868 0
3742 3740 0
5986 5981 0
3841 3842 0
1352 1348 0
2281 2283 0
6505 6510 0
468 473 0
6619 6623 0
57 61 0
82 84 0
8135 8132 0
8912 8916 0
3518 3522 0
4828 4826 0
3470 3471 0
8216 8215 0
2876 2877 0
7402 7401 0
9876 9877 0
7526 7530 0
455 457 0
5465 5461 0
706 709 0
9101 9102 0
1630 1629 0
1843 1842 0
7246 7247 0
5348 5353 0
7090 7094 0
4538 4536 0
3701 3703 0
481 479 0
8551 8554 0
2471 2473 0
300 297 0
5494 5491 0
887 884 0
6856 6851 0
182 177 0
2880 2877 0
3541 3539 0
3638 3635 0
3660 3657 0
137 141 0
9087 9090 0
1757 1754 0
4984 4979 0
8501 8499 0
2526 2522 0
3409 3407 0
2074 2072 0
6062 6064 0
6305 6310 0
7891 7889 0
2854 2859 0
1095 1099 0
731 733 0
1471 1467 0
8163 8158 0
8038 8035 0
9609 9605 0
8451 8447 0
3386 3388 0
8570 8575 0
2375 2370 0
2472 2474 0
2600 2598 0
7126 7131 0
2820 2825 0
3023 3028 0
6554 6553 0
6860 6855 0
4885 4890 0
9032 9028 0
9359 9357 0
6790 6795 0
88 89 0
3906 3909 0
6251 6255 0
9772 9776 0
9210 9209 0
749 744 0
7286 7287 0
1191 1186 0
3703 3699 0
3577 3576 0
2390 2395 0
9117 9118 0
2779 2780 0
3567 3572 0
8500 8503 0
45 42 0
3918 3919 0
6371 6373 0
4935 4931 0
5891 5894 0
1085 1089 0
5225 5227 0
5600 5595 0
4789 4793 0
8707 8709 0
5253 5258 0
1377 1372 0
5874 5877 0
4532 4529 0
19 18 0
2159 2164 0
1463 1465 0
8387 8386 0
842 839 0
8687 8685 0
2133 2132 0
4034 4035 0
8855 8850 0
3865 3868 0
1926 1929 0
296 299 0
7550 7545 0
3189 3184 0
8542 8540 0
5116 5114 0
3485 3488 0
2117 2120 0
3840 3835 0
9608 9603 0
5625 5620 0
8113 8110 0
1161 1158 0
1463 1458 0
8611 8607 0
1205 1208 0
8092 8088 0
897 893 0
9076 9072 0
597 600 0
8437 8442 0
7620 7625 0
9959 9963 0
9090 9088 0
7547 7546 0
1581 1583 0
8376 8380 0
5009 5006 0
6147 6150 0
859 857 0
9485 9490 0
3179 3183 0
9133 9137 0
1175 1172 0
4858 4863 0
6879 6877 0
911 907 0
7802 7804 0
7548 7550 0
6330 6333 0
2622 2624 0
441 440 0
4358 4355 0
6376 6377 0
483 481 0
9156 9153 0
8828 8825 0
7535 7538 0
1504 1506 0
3527 3526 0
7948 7952 0
2945 2943 0
9953 9950 0
2538 2533 0
9889 9894 0
3082 3080 0
8201 8204 0
3189 3191 0
9804 9803 0
1765 1763 0
756 760 0
2271 2267 0
3982 3987 0
9104 9107 0
8175 8172 0
7675 7679 0
3004 2999 0
4143 4142 0
4597 4599 0
8179 8180 0
2805 2806 0
6248 6247 0
4558 4559 0
2667 2662 0
1856 1858 0
1372 1376 0
9359 9354 0
4313 4310 0
2097 2102 0
3883 3886 0
5387 5383 0
8449 8452 0
2510 2509 0
9157 9160 0
7594 7598 0
5155 5154 0
9737 9736 0
3338 3335 0
6704 6705 0
9831 9830 0
3845 3842 0
8271 8267 0
6298 6303 0
496 491 0
1747 1744 0
9005 9003 0
621 620 0
8692 8687 0
3644 3642 0
4582 4579 0
6806 6805 0
3992 3991 0
4556 4558 0
6782 6778 0
6706 6711 0
4725 4727 0
5940 5944 0
4528 4529 0
7567 7563 0
5054 5053 0
780 781 0
7137 7133 0
6609 6614 0
1451 1453 0
4226 4229 0
9502 9498 0
9593 9594 0
2598 2603 0
3644 3649 0
1409 1413 0
3316 3321 0
110 114 0
7954 7952 0
1307 1304 0
704 705 0
4867 4868 0
1736 1739 0
9079 9078 0
5352 5354 0
4526 4522 0
5825 5820 0
8555 8552 0
7730 7733 0
1017 1019 0
1012 1013 0
7202 7198 0
6289 6286 0
8406 8401 0
4270 4268 0
4554 4552 0
487 484 0
3302 3305 0
9926 9931 0
3426 3425 0
1851 1852 0
2612 2615 0
7042 7043 0
9141 9146 0
7785 7783 0
3432 3427 0
4329 4334 0
4060 4058 0
7415 7413 0
2450 2447 0
7612 7617 0
7974 7977 0
8360 8361 0
1682 1681 0
5880 5878 0
78 73 0
2025 2022 0
763 764 0
4498 4494 0
4947 4943 0
5174 5177 0
2507 2502 0
3011 3006 0
5234 5235 0
7197 7195 0
4112 4114 0
3947 3950 0
735 736 0
116 113 0
7003 7000 0
356 360 0
2163 2162 0
6490 6487 0
316 318 0
9226 9223 0
4149 4152 0
3706 3707 0
967 971 0
4875 4870 0
9697 9700 0
4475 4472 0
6603 6602 0
3748 3750 0
5815 5810 0
9912 9913 0
8821 8820 0
675 674 0
5323 5326 0
8344 8341 0
6564 6562 0
9259 9261 0
1711 1716 0
9802 9801 0
5791 5786 0
7889 7892 0
2337 2341 0
191 190 0
5549 5546 0
2821 2819 0
3780 3779 0
701 697 0
3781 3783 0
6150 6145 0
4675 4680 0
9242 9246 0
1775 1778 0
2846 2842 0
5493 5495 0
3725 3729 0
5438 5442 0
7470 7472 0
1963 1960 0
1752 1747 0
6225 6221 0
7363 7358 0
530 534 0
4417 4422 0
7025 7027 0
9581 9580 0
5519 5522 0
5129 5131 0
3469 3474 0
8303 8308 0
4707 4702 0
1725 1729 0
5682 5680 0
896 891 0
3712 3716 0
8454 8452 0
8446 8448 0
8346 8341 0
3331 3335 0
1202 1206 0
8300 8305 0
5806 5805 0
1350 1346 0
477 478 0
9532 9535 0
4772 4777 0
2865 2868 0
1794 1797 0
7006 7011 0
9709 9706 0
1602 1606 0
4134 4139 0
997 993 0
949 953 0
4648 4652 0
7824 7828 0
4597 4601 0
4444 4439 0
950 949 0
9599 9601 0
2545 2550 0
9435 9433 0
6518 6516 0
711 708 0
329 333 0
4422 4420 0
1986 1983 0
8628 8631 0
2659 2660 0
2908 2912 0
5705 5706 0
2324 2322 0
7925 7927 0
6488 6484 0
2037 2040 0
9062 9059 0
812 816 0
1534 1539 0
7672 7674 0
1484 1489 0
9296 9292 0
2819 2820 0
8106 8101 0
2648 2647 0
3892 3890 0
6261 6262 0
5949 5953 0
4799 4797 0
235 230 0
5239 5237 0
6255 6256 0
5372 5374 0
5298 5296 0
6804 6799 0
5402 5407 0
5457 5460 0
3507 3506 0
7512 7507 0
1220 1224 0
7990 7989 0
6158 6163 0
7709 7707 0
1873 1874 0
7361 7364 0
6995 6993 0
4316 4314 0
7282 7278 0
4853 4856 0
9162 9167 0
1904 1902 0
6888 6889 0
2220 2223 0
3677 3675 0
5110 5111 0
2235 2237 0
1888 1887 0
7566 7571 0
2087 2092 0
8669 8664 0
5185 5188 0
5876 5877 0
3173 3178 0
8065 8067 0
4776 4779 0
7104 7101 0
6084 6081 0
6165 6167 0
3442 3446 0
2441 2438 0
153 158 0
1734 1731 0
9327 9322 0
3096 3101 0
2483 2487 0
7375 7379 0
9919 9915 0
3477 3473 0
7234 7237 0
6061 6056 0
8906 8903 0
7904 7905 0
3041 3045 0
3784 3786 0
4287 4291 0
3051 3048 0
2400 2399 0
3836 3832 0
3085 3080 0
9145 9147 0
7075 7079 0
8743 8739 0
4762 4761 0
8917 8921 0
9007 9012 0
2841 2845 0
8947 8943 0
7673 7677 0
7242 7241 0
4514 4510 0
4186 4189 0
9206 9208 0
2188 2184 0
3938 3933 0
8242 8241 0
6808 6812 0
784 782 0
8552 8549 0
7476 7481 0
436 433 0
2889 2886 0
5068 5070 0
7402 7405 0
9171 9170 0
3903 3898 0
4727 4731 0
6029 6024 0
3595 3590 0
3786 3790 0
2241 2243 0
5987 5988 0
73 71 0
9745 9744 0
1162 1165 0
3999 3998 0
4340 4344 0
5634 5636 0
6592 6588 0
2510 2511 0
4096 4095 0
3274 3279 0
9629 9630 0
6933 6931 0
6182 6177 0
5867 5862 0
2968 2963 0
5797 5796 0
1357 1356 0
9910 9911 0
7744 7748 0
5775 5779 0
7816 7821 0
4820 4816 0
8631 8634 0
7765 7768 0
9793 9789 0
9164 9161 0
5075 5077 0
97 99 0
2747 2750 0
6697 6702 0
8513 8508 0
5183 5186 0
7989 7985 0
8001 8005 0
9891 9892 0
9041 9046 0
2636 2641 0
9484 9488 0
7388 7384 0
745 748 0
8583 8581 0
3043 3044 0
7388 7393 0
5228 5233 0
1012 1008 0
9406 9409 0
1784 1787 0
960 964 0
6750 6745 0
5638 5636 0
2656 2651 0
2219 2221 0
9905 9908 0
2311 2314 0
2972 2969 0
4993 4989 0
8658 8659 0
7168 7171 0
1564 1569 0
4972 4974 0
7058 7062 0
2832 2831 0
9671 9669 0
2155 2152 0
5103 5102 0
8695 8698 0
6912 6911 0
6150 6152 0
5981 5982 0
2077 2072 0
1055 1060 0
7447 7448 0
9509 9504 0
5182 5180 0
7798 7795 0
1834 1838 0
7071 7066 0
8725 8720 0
2727 2730 0
1910 1912 0
4423 4428 0
266 261 0
1095 1098 0
7263 7265 0
2996 2991 0
121 123 0
5848 5853 0
1387 1391 0
471 476 0
4197 4202 0
9564 9569 0
8039 8043 0
2531 2528 0
5095 5099 0
5188 5191 0
3310 3309 0
2526 2523 0
1149 1146 0
1945 1948 0
5654 5651 0
7183 7182 0
9392 9390 0
9180 9185 0
9805 9807 0
4827 4831 0
9800 9802 0
8448 8452 0
9317 9316 0
9781 9778 0
88 84 0
9339 9336 0
4 7 0
3488 3493 0
7448 7444 0
2225 2226 0
4991 4986 0
2468 2471 0
5886 5891 0
4061 4056 0
7963 7966 0
9279 9281 0
4448 4451 0
3527 3525 0
4216 4217 0
6549 6546 0
9287 9288 0
5473 5478 0
919 922 0
7447 7452 0
5035 5040 0
8533 8534 0
7921 7918 0
1998 1994 0
1229 1224 0
3076 3079 0
3965 3970 0
1482 1477 0
3883 3888 0
4105 4102 0
4009 4010 0
5217 5221 0
2396 2401 0
559 558 0
775 777 0
7895 7898 0
7660 7663 0
5956 5959 0
785 781 0
2964 2966 0
8193 8198 0
6639 6640 0
7423 7418 0
3586 3581 0
8975 8979 0
772 777 0
3319 3317 0
1776 1771 0
7031 7032 0
9207 9206 0
2200 2197 0
868 871 0
1907 1908 0
9967 9971 0
81 83 0
5390 5386 0
4737 4732 0
7882 7887 0
8924 8926 0
259 263 0
4238 4237 0
4838 4833 0
5165 5161 0
6895 6891 0
6207 6205 0
4747 4750 0
428 425 0
6866 6865 0
9566 9564 0
4635 4639 0
814 819 0
6440 6444 0
7762 7765 0
4390 4386 0
5684 5681 0
5172 5173 0
3934 3938 0
6556 6552 0
6733 6738 0
6439 6437 0
1516 1520 0
5218 5221 0
1528 1533 0
72 75 0
220 216 0
2164 2168 0
3800 3798 0
4591 4590 0
8455 8453 0
2769 2768 0
5132 5129 0
2323 2328 0
6867 6862 0
3949 3953 0
3113 3111 0
7523 7519 0
3929 3932 0
667 669 0
4701 4705 0
8869 8867 0
7516 7517 0
4385 4386 0
8496 8500 0
8743 8748 0
8938 8943 0
6373 6375 0
4968 4964 0
8964 8959 0
2637 2640 0
7784 7788 0
201 199 0
5116 5112 0
589 590 0
8133 8132 0
7358 7356 0
6396 6397 0
9514 9519 0
2873 2868 0
9362 9357 0
6901 6906 0
5964 5967 0
7628 7630 0
6332 6335 0
9236 9235 0
4483 4480 0
5251 5250 0
1986 1981 0
498 501 0
5506 5501 0
178 179 0
9708 9713 0
2129 2124 0
4172 4170 0
6875 6878 0
1659 1660 0
3074 3073 0
6854 6857 0
1754 1758 0
5221 5225 0
9581 9582 0
1893 1895 0
1693 1698 0
7583 7584 0
2513 2517 0
4838 4837 0
6084 6082 0
7797 7796 0
773 776 0
3521 3525 0
9057 9058 0
5139 5138 0
6315 6310 0
9258 9257 0
8420 8419 0
2616 2615 0
304 302 0
3628 3630 0
6306 6310 0
1576 1574 0
1947 1943 0
6191 6192 0
9487 9490 0
6 4 0
8754 8755 0
7663 7658 0
7457 7455 0
6889 6894 0
9590 9586 0
6473 6478 0
9776 9775 0
1237 1236 0
166 164 0
3971 3972 0
7431 7428 0
3034 3038 0
7429 7431 0
5576 5571 0
53 56 0
5713 5716 0
7319 7321 0
755 756 0
4490 4492 0
5229 5231 0
5645 5649 0
6942 6937 0
1903 1898 0
8789 8785 0
226 224 0
1780 1782 0
5913 5916 0
9546 9545 0
6956 6958 0
4316 4312 0
2073 2072 0
2322 2327 0
1828 1829 0
6307 6305 0
1502 1507 0
8397 8401 0
380 379 0
3910 3915 0
7629 7625 0
955 953 0
7032 7037 0
5386 5381 0
4619 4618 0
7232 7236 0
4449 4451 0
3204 3209 0
4146 4151 0
3532 3534 0
9846 9850 0
6209 6204 0
8330 8335 0
2840 2835 0
3975 3980 0
3703 3705 0
2015 2014 0
2229 2231 0
4326 4329 0
6689 6686 0
9237 9240 0
7781 7777 0
1723 1724 0
3957 3955 0
1038 1041 0
5526 5529 0
5045 5050 0
6137 6133 0
3141 3138 0
8217 8212 0
9384 9382 0
6680 6684 0
4443 4448 0
9677 9679 0
7923 7927 0
6053 6054 0
460 464 0
1111 1110 0
7240 7235 0
6259 6262 0
8905 8900 0
3029 3025 0
4280 4283 0
2549 2553 0
5401 5400 0
8679 8675 0
2236 2234 0
3654 3653 0
3605 3600 0
3104 3099 0
2749 2752 0
1483 1487 0
8006 8003 0
7921 7917 0
1841 1843 0
531 526 0
8723 8720 0
9523 9521 0
1201 1199 0
6004 6003 0
813 808 0
7943 7938 0
2331 2328 0
1225 1228 0
2090 2094 0
8127 8129 0
8282 8283 0
6419 6421 0
6236 6232 0
3700 3696 0
9353 9348 0
3946 3943 0
8376 8373 0
2607 2603 0
5582 5585 0
9244 9241 0
629 626 0
1355 1359 0
6737 6732 0
4037 4036 0
6473 6474 0
3363 3361 0
8627 8623 0
7656 7659 0
1247 1251 0
9371 9373 0
820 816 0
2287 2288 0
3768 3769 0
3924 3923 0
1926 1925 0
7284 7281 0
522 517 0
7620 7615 0
9761 9757 0
4424 4427 0
1148 1152 0
5178 5181 0
5169 5173 0
9593 9595 0
817 815 0
9812 9808 0
1673 1669 0
4175 4173 0
7091 7096 0
7929 7928 0
4196 4195 0
1674 1676 0
5229 5234 0
386 381 0
1745 1740 0
1605 1602 0
6815 6813 0
4897 4892 0
886 890 0
3329 3326 0
8252 8250 0
4897 4896 0
5554 5557 0
4794 4797 0
3495 3499 0
5000 4999 0
5700 5697 0
8046 8044 0
3912 3907 0
1220 1216 0
5221 5224 0
5042 5044 0
7047 7046 0
1357 1361 0
1523 1524 0
7656 7653 0
7750 7754 0
5936 5934 0
6993 6996 0
1017 1012 0
7153 7154 0
3046 3047 0
4989 4986 0
8376 8374 0
1000 1001 0
6240 6244 0
6848 6846 0
1364 1368 0
6302 6300 0
2321 2320 0
8675 8670 0
9793 9794 0
1137 1133 0
2217 2221 0
369 372 0
4894 4891 0
6409 6413 0
6026 6028 0
9245 9249 0
4378 4383 0
5558 5560 0
168 170 0
364 359 0
2261 2257 0
4121 4123 0
8987 8985 0
7266 7271 0
5938 5942 0
8220 8218 0
239 244 0
3587 3585 0
127 123 0
4178 4174 0
17 19 0
6868 6871 0
5877 5882 0
8810 8811 0
5080 5079 0
6302 6305 0
1374 1369 0
4182 4179 0
5641 5642 0
9939 9940 0
473 470 0
4405 4407 0
6864 6863 0
1468 1469 0
5851 5850 0
695 693 0
5374 5376 0
6190 6189 0
1372 1367 0
9304 9307 0
888 891 0
1721 1723 0
204 206 0
3993 3998 0
7953 7948 0
9725 9720 0
2957 2961 0
9365 9369 0
1795 1793 0
4137 4134 0
333 335 0
8502 8498 0
8021 8016 0
7047 7044 0
9533 9531 0
9428 9432 0
4507 4511 0
2676 2672 0
1883 1886 0
4116 4113 0
6234 6232 0
9214 9215 0
8034 8031 0
7464 7466 0
2597 2593 0
5193 5195 0
6449 6447 0
9453 9452 0
7045 7047 0
8816 8814 0
5617 5615 0
6367 6369 0
7003 6998 0
8058 8060 0
6762 6766 0
6748 6753 0
5005 5002 0
1165 1161 0
8129 8131 0
2245 2248 0
5504 5502 0
4545 4546 0
9651 9655 0
5941 5939 0
5944 5947 0
4319 4315 0
7446 7447 0
1510 1515 0
1047 1044 0
7679 7674 0
1063 1058 0
6149 6144 0
2580 2576 0
6207 6212 0
6484 6485 0
3954 3955 0
878 880 0
5006 5005 0
8460 8465 0
3279 3275 0
3631 3628 0
6013 6008 0
8927 8928 0
5326 5324 0
6102 6098 0
8192 8188 0
3487 3490 0
9462 9467 0
4854 4856 0
9363 9360 0
5166 5162 0
6410 6411 0
4640 4636 0
5058 5059 0
8791 8794 0
7166 7163 0
7677 7678 0
3531 3530 0
2641 2645 0
2695 2696 0
8779 8782 0
1857 1860 0
6056 6058 0
3224 3223 0
7007 7008 0
4872 4875 0
9077 9080 0
8459 8456 0
6123 6127 0
5600 5601 0
2842 2845 0
2683 2684 0
6794 6789 0
8554 8552 0
9904 9902 0
405 401 0
1847 1849 0
9372 9370 0
2650 2653 0
5654 5649 0
9613 9611 0
6833 6837 0
3391 3389 0
6266 6270 0
8170 8172 0
8601 8604 0
7402 7397 0
9548 9550 0
6959 6954 0
4058 4059 0
2473 2468 0
4962 4961 0
7215 7220 0
9126 9129 0
7018 7019 0
4291 4294 0
2796 2797 0
9768 9766 0
916 917 0
9729 9726 0
1298 1299 0
3072 3069 0
2032 2031 0
812 815 0
2558 2557 0
5259 5260 0
3275 3272 0
5587 5591 0
5844 5849 0
4451 4456 0
1143 1141 0
230 229 0
6817 6822 0
3076 3071 0
8036 8034 0
9331 9326 0
6456 6459 0
172 168 0
1736 1741 0
1958 1959 0
8576 8581 0
6014 6016 0
8437 8432 0
1047 1050 0
6920 6918 0
6747 6749 0
9469 9468 0
3763 3767 0
6499 6494 0
4074 4075 0
7524 7519 0
6265 6267 0
5081 5076 0
5287 5290 0
1478 1477 0
4044 4048 0
995 993 0
9266 9268 0
6173 6171 0
9443 9442 0
1220 1225 0
9163 9159 0
4173 4177 0
5068 5067 0
4121 4117 0
7040 7045 0
6766 6764 0
9092 9096 0
7017 7013 0
6610 6614 0
3381 3380 0
8752 8753 0
5278 5283 0
7257 7255 0
5826 5830 0
2440 2443 0
5796 5800 0
8420 8417 0
7721 7720 0
1078 1081 0
3636 3635 0
4098 4101 0
662 664 0
6197 6196 0
1868 1869 0
7515 7511 0
1281 1280 0
8233 8229 0
2349 2354 0
1768 1772 0
9423 9426 0
5506 5502 0
3300 3298 0
5799 5794 0
3255 3250 0
5276 5280 0
2110 2112 0
1189 1186 0
598 596 0
9649 9652 0
7683 7685 0
4359 4362 0
7431 7435 0
3740 3737 0
759 757 0
2830 2833 0
2207 2202 0
4769 4764 0
9464 9469 0
9484 9480 0
1710 1714 0
1415 1417 0
2980 2983 0
3068 3070 0
3993 3994 0
7816 7813 0
4973 4977 0
9414 9409 0
5359 5360 0
4939 4938 0
2570 2566 0
9774 9771 0
6156 6153 0
7232 7228 0
2138 2136 0
7255 7253 0
4977 4972 0
1920 1918 0
40 43 0
9570 9571 0
2051 2049 0
9111 9107 0
2283 2284 0
5412 5411 0
1497 1500 0
9358 9362 0
2011 2006 0
2778 2776 0
2173 2176 0
6258 6262 0
2057 2060 0
2231 2234 0
7476 7472 0
1002 1007 0
1057 1052 0
4556 4561 0
3377 3372 0
4627 4630 0
6966 6964 0
756 751 0
3608 3613 0
7091 7086 0
6433 6435 0
7803 7800 0
6455 6453 0
5875 5877 0
786 789 0
6892 6890 0
6985 6980 0
5897 5895 0
1892 1888 0
1396 1391 0
9810 9814 0
4028 4033 0
7604 7605 0
7013 7011 0
6780 6785 0
7140 7136 0
3753 3757 0
5739 5740 0
6856 6852 0
9323 9321 0
5924 5926 0
3739 3742 0
3211 3212 0
8874 8878 0
7831 7826 0
6314 6319 0
4101 4100 0
9855 9853 0
7084 7082 0
8285 8284 0
496 500 0
9841 9840 0
8802 8800 0
3777 3773 0
8788 8792 0
8660 8665 0
7269 7270 0
7540 7535 0
348 347 0
388 384 0
7416 7421 0
1577 1579 0
9706 9707 0
2823 2820 0
7267 7270 0
4568 4564 0
8644 8646 0
8845 8844 0
1113 1112 0
5916 5911 0
7621 7623 0
8417 8422 0
5533 5530 0
4574 4575 0
8025 8030 0
9794 9796 0
7840 7844 0
3145 3142 0
2694 2697 0
141 144 0
1086 1082 0
3413 3408 0
3225 3222 0
8270 8271 0
858 854 0
8074 8071 0
4314 4313 0
1890 1893 0
2217 2215 0
212 213 0
5997 5994 0
440 445 0
4840 4838 0
4863 4868 0
9597 9595 0
1385 1382 0
5999 5997 0
4883 4885 0
1928 1923 0
7426 7423 0
9821 9818 0
7344 7349 0
4066 4069 0
7774 7776 0
213 208 0
9456 9458 0
1901 1906 0
8829 8827 0
1241 1239 0
1115 1114 0
5824 5829 0
6724 6722 0
635 637 0
162 163 0
5431 5433 0
1979 1975 0
894 896 0
1055 1051 0
3294 3292 0
1496 1494 0
9324 9320 0
3297 3295 0
5593 5588 0
2121 2123 0
430 429 0
2718 2714 0
4818 4820 0
9891 9896 0
1479 1484 0
6876 6881 0
6997 6998 0
7799 7797 0
9809 9804 0
5093 5089 0
8364 8365 0
3616 3619 0
8202 8204 0
2500 2502 0
329 328 0
9075 9078 0
2641 2646 0
4248 4247 0
3147 3150 0
4399 4396 0
8678 8682 0
4080 4084 0
9822 9827 0
9889 9891 0
4280 4276 0
5699 5702 0
2476 2477 0
7889 7890 0
5492 5496 0
2254 2259 0
9749 9746 0
619 624 0
7474 7469 0
8285 8282 0
1930 1926 0
8177 8175 0
6139 6140 0
2310 2305 0
1627 1632 0
5088 5092 0
5523 5518 0
2970 2969 0
5679 5684 0
6045 6041 0
3153 3156 0
1562 1558 0
6475 6479 0
3926 3925 0
1455 1454 0
3478 3483 0
9045 9047 0
7555 7559 0
8083 8086 0
7883 7886 0
8540 8545 0
7540 7541 0
5898 5894 0
5308 5310 0
1772 1774 0
3275 3276 0
3932 3930 0
8299 8294 0
4542 4543 0
5688 5687 0
2373 2377 0
8105 8104 0
1628 1631 0
667 668 0
48 50 0
3123 3118 0
3157 3155 0
302 298 0
3200 3196 0
5840 5844 0
7429 7432 0
1818 1816 0
7436 7435 0
5432 5437 0
828 824 0
5494 5493 0
9741 9738 0
9283 9287 0
8712 8715 0
2993 2994 0
7632 7631 0
3480 3481 0
5089 5092 0
6310 6313 0
7367 7372 0
8491 8487 0
4249 4244 0
1529 1526 0
6463 6464 0
5326 5331 0
5972 5968 0
5555 5556 0
6820 6819 0
3868 3866 0
3911 3910 0
615 619 0
863 867 0
9093 9096 0
1285 1280 0
3590 3594 0
229 224 0
6135 6136 0
8682 8677 0
7937 7938 0
3969 3966 0
4712 4708 0
5305 5306 0
930 926 0
1401 1402 0
4386 4381 0
125 123 0
1870 1873 0
4291 4293 0
6221 6219 0
5296 5300 0
8126 8124 0
5319 5316 0
7351 7349 0
4022 4018 0
8517 8522 0
4373 4376 0
5126 5123 0
8950 8952 0
4645 4650 0
8724 8720 0
44 45 0
6994 6991 0
4212 4217 0
7891 7890 0
7608 7612 0
3601 3604 0
9506 9510 0
3210 3211 0
6296 6295 0
3865 3860 0
9950 9954 0
72 67 0
3435 3433 0
855 852 0
7888 7893 0
8561 8562 0
4032 4033 0
8730 8725 0
7440 7443 0
4618 4620 0
618 619 0
2379 2380 0
9008 9004 0
2171 2167 0
78 79 0
1594 1591 0
6723 6725 0
5541 5543 0
3478 3477 0
2950 2947 0
4621 4624 0
301 297 0
9648 9646 0
1663 1658 0
3919 3922 0
1274 1278 0
4513 4509 0
7684 7686 0
6369 6366 0
8158 8161 0
966 964 0
7428 7423 0
2444 2449 0
6631 6628 0
9734 9737 0
7752 7750 0
3739 3744 0
789 790 0
8840 8844 0
2093 2098 0
6720 6719 0
4944 4948 0
7992 7987 0
4397 4401 0
2038 2041 0
4400 4396 0
4372 4375 0
5095 5091 0
7254 7251 0
413 410 0
304 303 0
496 495 0
8611 8606 0
7699 7704 0
3150 3149 0
2030 2028 0
3680 3681 0
8238 8243 0
6245 6241 0
2970 2975 0
6838 6843 0
9306 9303 0
3587 3586 0
2294 2297 0
2131 2133 0
7623 7628 0
51 56 0
6313 6315 0
2798 2795 0
9288 9283 0
7135 7131 0
9491 9487 0
7872 7875 0
96 97 0
4388 4390 0
3827 3831 0
6576 6573 0
4860 4865 0
4343 4347 0
9373 9377 0
5843 5848 0
9286 9283 0
8991 8992 0
8211 8206 0
5252 5255 0
9728 9729 0
6356 6360 0
3180 3178 0
2855 2851 0
1079 1077 0
6351 6346 0
1076 1081 0
7191 7186 0
3338 3343 0
2177 2175 0
4539 4540 0
5004 5009 0
3552 3557 0
7759 7754 0
7522 7527 0
821 822 0
346 344 0
3590 3586 0
7635 7636 0
1224 1228 0
4586 4581 0
6961 6959 0
219 215 0
394 397 0
1674 1677 0
4102 4098 0
6855 6859 0
8016 8012 0
9926 9927 0
3167 3168 0
2974 2978 0
9373 9374 0
1542 1540 0
8762 8767 0
8646 8641 0
5011 5012 0
9821 9816 0
2175 2170 0
1094 1095 0
1709 1706 0
7978 7982 0
1832 1828 0
3309 3304 0
7422 7423 0
1666 1667 0
267 272 0
8824 8819 0
6545 6549 0
9304 9309 0
6794 6792 0
2307 2310 0
5966 5968 0
5952 5957 0
8735 8737 0
7882 7877 0
4029 4027 0
6561 6560 0
889 884 0
3273 3276 0
2242 2240 0
2070 2067 0
5041 5046 0
4883 4882 0
9890 9895 0
1676 1679 0
8410 8409 0
7986 7987 0
4810 4814 0
1058 1061 0
2228 2233 0
5490 5487 0
1098 1093 0
1402 1407 0
2707 2709 0
8496 8492 0
1132 1135 0
868 865 0
7656 7654 0
5523 5525 0
8312 8316 0
7613 7611 0
4364 4365 0
2849 2852 0
4693 4696 0
3198 3203 0
1573 1568 0
6881 6885 0
1601 1596 0
7389 7385 0
5176 5172 0
1219 1216 0
9038 9039 0
8411 8407 0
3850 3854 0
4902 4903 0
3816 3818 0
9984 9980 0
1291 1290 0
9669 9670 0
6060 6065 0
1219 1218 0
48 43 0
3841 3840 0
269 270 0
966 967 0
7441 7445 0
8172 8174 0
1728 1733 0
5810 5813 0
5923 5918 0
7930 7926 0
3358 3354 0
266 263 0
6292 6289 0
7825 7824 0
4167 4162 0
8952 8957 0
5226 5230 0
2435 2434 0
4546 4547 0
1413 1417 0
2074 2071 0
6236 6234 0
5639 5642 0
5562 5566 0
7899 7904 0
2208 2203 0
3697 3698 0
6411 6412 0
283 280 0
6688 6690 0
4441 4442 0
2502 2501 0
486 483 0
7874 7876 0
817 812 0
7155 7150 0
7448 7451 0
6863 6866 0
7422 7420 0
1276 1271 0
6445 6450 0
722 720 0
8826 8829 0
9714 9710 0
3045 3043 0
2207 2206 0
4558 4557 0
2005 2008 0
4718 4717 0
800 795 0
7591 7590 0
8363 8368 0
8671 8673 0
5554 5559 0
1790 1786 0
216 214 0
8575 8578 0
6419 6422 0
7934 7937 0
5515 5520 0
4907 4909 0
3069 3073 0
3710 3715 0
8688 8693 0
3153 3151 0
7557 7554 0
7728 7724 0
1501 1499 0
1285 1286 0
7373 7377 0
2650 2655 0
9180 9184 0
8314 8309 0
7113 7111 0
8186 8183 0
9190 9189 0
5495 5496 0
7845 7844 0
6073 6078 0
7745 7748 0
536 541 0
944 943 0
7167 7171 0
9048 9045 0
8474 8471 0
5948 5952 0
5193 5192 0
95 100 0
8287 8290 0
7363 7359 0
5408 5411 0
269 267 0
6623 6620 0
7502 7497 0
7634 7632 0
246 244 0
4408 4407 0
3844 3843 0
7098 7095 0
3891 3893 0
3684 3686 0
3392 3396 0
9631 9636 0
6472 6468 0
3093 3088 0
1749 1751 0
5258 5262 0
5640 5638 0
4414 4416 0
5501 5497 0
3857 3853 0
2598 2596 0
17 12 0
6092 6094 0
6910 6907 0
2757 2754 0
3296 3295 0
5864 5860 0
6263 6259 0
4698 4693 0
6933 6938 0
4862 4858 0
6485 6488 0
5589 5592 0
5014 5016 0
7657 7660 0
7565 7563 0
5230 5234 0
7001 6999 0
9685 9684 0
9104 9099 0
4814 4815 0
6872 6877 0
9787 9789 0
1496 1492 0
437 441 0
7311 7315 0
594 595 0
2302 2297 0
4463 4458 0
966 962 0
9311 9307 0
6112 6109 0
9257 9252 0
7382 7377 0
9127 9124 0
2143 2145 0
8543 8545 0
2688 2691 0
1434 1430 0
423 418 0
4346 4345 0
9170 9166 0
4624 4619 0
2587 2582 0
3496 3493 0
2506 2501 0
7348 7343 0
3603 3601 0
4839 4842 0
4174 4176 0
75 73 0
1281 1279 0
6892 6897 0
155 154 0
3526 3529 0
1832 1827 0
7615 7610 0
4141 4144 0
4046 4047 0
2138 2134 0
2178 2181 0
4037 4042 0
1450 1447 0
542 544 0
2113 2118 0
3164 3161 0
2630 2625 0
9398 9395 0
2879 2884 0
9610 9606 0
3490 3491 0
8856 8857 0
8062 8063 0
5412 5415 0
7866 7867 0
9904 9899 0
5462 5461 0
5688 5692 0
8073 8069 0
578 582 0
2383 2387 0
582 581 0
3470 3474 0
8267 8266 0
1302 1307 0
3612 3616 0
9599 9594 0
5494 5499 0
5421 5426 0
8833 8836 0
3606 3609 0
5787 5791 0
9442 9437 0
7355 7354 0
3532 3536 0
1932 1927 0
8415 8416 0
2953 2948 0
85 84 0
3034 3036 0
4306 4304 0
982 979 0
2118 2117 0
1212 1211 0
6114 6115 0
2151 2148 0
4959 4957 0
8580 8575 0
6617 6612 0
1441 1440 0
8819 8823 0
11 14 0
2304 2309 0
3105 3103 0
6262 6260 0
1530 1533 0
3051 3055 0
644 639 0
3802 3804 0
1990 1993 0
2118 2121 0
6235 6231 0
7018 7023 0
3463 3459 0
9917 9915 0
3814 3817 0
193 196 0
8910 8913 0
9823 9822 0
2484 2482 0
5361 5360 0
1178 1177 0
4832 4829 0
3414 3409 0
3842 3840 0
1350 1351 0
3811 3814 0
3789 3794 0
678 683 0
2741 2739 0
2657 2655 0
4513 4511 0
5872 5868 0
5409 5414 0
5601 5603 0
1196 1193 0
9235 9238 0
6581 6585 0
6153 6148 0
5339 5337 0
136 132 0
6221 6220 0
2584 2586 0
8889 8891 0
5186 5185 0
8223 8221 0
4930 4931 0
3778 3774 0
6851 6848 0
3773 3776 0
3187 3184 0
524 520 0
8211 8208 0
4660 4659 0
5368 5373 0
6831 6827 0
1691 1693 0
7221 7216 0
4627 4628 0
4897 4895 0
8109 8114 0
505 506 0
7027 7031 0
9845 9841 0
333 328 0
6224 6228 0
3554 3555 0
5031 5028 0
494 492 0
9249 9246 0
5057 5056 0
9301 9298 0
6724 6719 0
8191 8195 0
8018 8013 0
4983 4981 0
6030 6025 0
2936 2932 0
6813 6817 0
7304 7307 0
8387 8388 0
4776 4781 0
6188 6192 0
4248 4244 0
9228 9230 0
6354 6357 0
5465 5466 0
7713 7717 0
5994 5992 0
6843 6841 0
2270 2268 0
413 409 0
3936 3935 0
7988 7986 0
800 798 0
300 301 0
4287 4282 0
7219 7217 0
7612 7611 0
8571 8576 0
584 588 0
9102 9099 0
1937 1936 0
5964 5961 0
1772 1777 0
8699 8696 0
6213 6212 0
9465 9470 0
7112 7108 0
574 576 0
10 15 0
8345 8341 0
2585 2580 0
8640 8643 0
7962 7965 0
8294 8289 0
940 944 0
6535 6537 0
5404 5402 0
2907 2909 0
8556 8560 0
2414 2418 0
2909 2912 0
8597 8592 0
9668 9671 0
6155 6158 0
6668 6665 0
9461 9465 0
7352 7353 0
9778 9775 0
2386 2384 0
7417 7414 0
5161 5158 0
7380 7384 0
1990 1994 0
516 513 0
2345 2341 0
353 348 0
624 620 0
7598 7593 0
1683 1686 0
4743 4739 0
6954 6955 0
1987 1989 0
9562 9563 0
5406 5401 0
216 218 0
5439 5442 0
3763 3760 0
9578 9575 0
5888 5889 0
5586 5589 0
6466 6463 0
7109 7104 0
2613 2611 0
2814 2816 0
2262 2258 0
9352 9350 0
576 579 0
2183 2180 0
6680 6675 0
6341 6345 0
8971 8976 0
3597 3600 0
6907 6911 0
3015 3018 0
4268 4263 0
2967 2968 0
6238 6241 0
6208 6207 0
9277 9280 0
4063 4059 0
1707 1702 0
5228 5227 0
2004 2009 0
6140 6145 0
105 106 0
1763 1766 0
9376 9380 0
180 177 0
7690 7689 0
6854 6858 0
4285 4281 0
3365 3360 0
6391 6394 0
8454 8459 0
9298 9295 0
5424 5423 0
3865 3866 0
7294 7293 0
8250 8253 0
6334 6330 0
5855 5858 0
9168 9166 0
9970 9968 0
2069 2064 0
735 734 0
2944 2941 0
7829 7834 0
1925 1922 0
3015 3012 0
2760 2761 0
1636 1637 0
7695 7692 0
6154 6155 0
5393 5398 0
4881 4885 0
7275 7278 0
4808 4810 0
3029 3028 0
3818 3814 0
8505 8506 0
622 624 0
5055 5054 0
2696 2694 0
4024 4023 0
8443 8441 0
1718 1719 0
4832 4830 0
1926 1921 0
166 167 0
1229 1232 0
9494 9496 0
940 935 0
1804 1801 0
963 965 0
3534 3538 0
3759 3764 0
3545 3546 0
6284 6283 0
4557 4555 0
2196 2195 0
3222 3226 0
1972 1971 0
559 561 0
7258 7260 0
4968 4969 0
5615 5620 0
6088 6084 0
8550 8545 0
636 637 0
5708 5706 0
2372 2377 0
5926 5922 0
5483 5488 0
3680 3677 0
3469 3464 0
2220 2224 0
733 732 0
4060 4055 0
483 482 0
8600 8605 0
2794 2796 0
6176 6179 0
525 524 0
8678 8681 0
6496 6498 0
7849 7846 0
9321 9324 0
627 632 0
1393 1388 0
2427 2429 0
3240 3236 0
3826 3828 0
3858 3861 0
6635 6636 0
594 598 0
1924 1923 0
1740 1743 0
9455 9450 0
6374 6376 0
8011 8012 0
6477 6479 0
1132 1129 0
2289 2284 0
5006 5007 0
3752 3753 0
6431 6433 0
6229 6228 0
7331 7335 0
9273 9271 0
3988 3984 0
2214 2213 0
9533 9534 0
6784 6783 0
3444 3439 0
7285 7283 0
5109 5110 0
4082 4081 0
5878 5882 0
5904 5908 0
6672 6676 0
3018 3022 0
8456 8455 0
5017 5013 0
8958 8962 0
3806 3805 0
308 310 0
6686 6681 0
6023 6025 0
352 355 0
2391 2394 0
5508 5505 0
2355 2360 0
1227 1222 0
6395 6398 0
2365 2366 0
4165 4164 0
274 279 0
5795 5797 0
4934 4939 0
6170 6172 0
6106 6109 0
9729 9727 0
8637 8632 0
833 837 0
5113 5115 0
6718 6720 0
235 233 0
4122 4119 0
6973 6976 0
3388 3387 0
7026 7021 0
7529 7532 0
1324 1328 0
5419 5414 0
914 911 0
4165 4168 0
4113 4111 0
1590 1594 0
111 112 0
3326 3331 0
6900 6901 0
3909 3913 0
6271 6272 0
7269 7264 0
9906 9902 0
7185 7189 0
9938 9940 0
9817 9812 0
4971 4970 0
5034 5036 0
6187 6185 0
7534 7538 0
2902 2907 0
1366 1365 0
1780 1784 0
4608 4605 0
8973 8977 0
4181 4176 0
6252 6250 0
7047 7050 0
6388 6385 0
8210 8206 0
6546 6548 0
6683 6684 0
3266 3270 0
3809 3805 0
2919 2921 0
2784 2782 0
5219 5223 0
5002 5001 0
6373 6377 0
3202 3205 0
5298 5301 0
9075 9074 0
2837 2841 0
3476 3473 0
8163 8161 0
5679 5678 0
3886 3889 0
3309 3313 0
9882 9881 0
8072 8077 0
2264 2266 0
4806 4803 0
6343 6340 0
4771 4773 0
2955 2957 0
400 402 0
6931 6926 0
7984 7988 0
4644 4647 0
680 675 0
9194 9193 0
6413 6414 0
4385 4382 0
3114 3118 0
7275 7276 0
7040 7038 0
4333 4331 0
2369 2366 0
7753 7755 0
601 604 0
4220 4219 0
66 68 0
6371 6372 0
76 77 0
2116 2112 0
8589 8591 0
4292 4291 0
6909 6906 0
4777 4782 0
9469 9465 0
1791 1790 0
3270 3272 0
7211 7215 0
39 34 0
3608 3612 0
1893 1897 0
4482 4485 0
6249 6250 0
9767 9762 0
6575 6570 0
5737 5739 0
7247 7252 0
1626 1624 0
7340 7343 0
7000 7002 0
3496 3498 0
7271 7276 0
9099 9100 0
4371 4375 0
7546 7541 0
497 495 0
1800 1801 0
8008 8011 0
7466 7467 0
1183 1181 0
1848 1846 0
5650 5649 0
1197 1192 0
1068 1066 0
9385 9384 0
3659 3656 0
3365 3366 0
180 181 0
1357 1358 0
2291 2293 0
7967 7968 0
9059 9057 0
2438 2437 0
3963 3958 0
499 494 0
9483 9485 0
930 935 0
5065 5069 0
3248 3243 0
2017 2012 0
5903 5902 0
7697 7698 0
4896 4898 0
903 908 0
6963 6962 0
6088 6086 0
5880 5879 0
2625 2626 0
6825 6827 0
7297 7300 0
5722 5724 0
6095 6093 0
5284 5281 0
3008 3005 0
6536 6534 0
3562 3564 0
699 694 0
8514 8519 0
2797 2794 0
3136 3134 0
4272 4276 0
7482 7477 0
7552 7555 0
2550 2555 0
530 526 0
9398 9397 0
3254 3258 0
2896 2892 0
6728 6724 0
3322 3318 0
4542 4545 0
4054 4049 0
5545 5548 0
5909 5905 0
4003 4007 0
6250 6247 0
4487 4482 0
2199 2201 0
2157 2154 0
9804 9799 0
6776 6781 0
6102 6105 0
6075 6078 0
228 232 0
1740 1742 0
2417 2416 0
5651 5655 0
7222 7227 0
8368 8367 0
6451 6455 0
7943 7946 0
5235 5236 0
21 19 0
1469 1473 0
1176 1173 0
7705 7703 0
1986 1989 0
2015 2012 0
7785 7780 0
2245 2246 0
6868 6872 0
308 312 0
9439 9444 0
7806 7810 0
1982 1981 0
3635 3639 0
4324 4322 0
1114 1113 0
7914 7918 0
544 540 0
9743 9739 0
301 305 0
9553 9552 0
1441 1438 0
2651 2646 0
8658 8657 0
3697 3692 0
1916 1914 0
6917 6922 0
4605 4604 0
2052 2048 0
7122 7118 0
2440 2442 0
5373 5376 0
2902 2903 0
2018 2021 0
5886 5882 0
7821 7820 0
7940 7945 0
7535 7531 0
1605 1608 0
7651 7655 0
1046 1047 0
8198 8194 0
4654 4659 0
9565 9566 0
4371 4372 0
4264 4265 0
4501 4499 0
4698 4700 0
7035 7033 0
2032 2035 0
4454 4457 0
6989 6991 0
9171 9176 0
2518 2519 0
3267 3266 0
191 186 0
7155 7156 0
1526 1531 0
2410 2408 0
6316 6319 0
6786 6791 0
9271 9270 0
4209 4213 0
1278 1280 0
1390 1387 0
9753 9750 0
2579 2580 0
801 803 0
7808 7804 0
6835 6836 0
5101 5102 0
4347 4348 0
1495 1490 0
1842 1840 0
239 236 0
9826 9830 0
2506 2505 0
8278 8282 0
1264 1262 0
5142 5137 0
6652 6657 0
2120 2116 0
7111 7107 0
6450 6448 0
7728 7726 0
4321 4324 0
4417 4421 0
3130 3132 0
6652 6656 0
417 412 0
6540 6543 0
5126 5128 0
29 30 0
8727 8724 0
9054 9050 0
9358 9360 0
2626 2621 0
9215 9211 0
671 667 0
1179 1181 0
5446 5443 0
1849 1845 0
5502 5498 0
6991 6993 0
4418 4416 0
9886 9883 0
8456 8460 0
480 476 0
47 46 0
6092 6095 0
9919 9922 0
3851 3850 0
2657 2658 0
9916 9914 0
1642 1640 0
2756 2752 0
7332 7331 0
4563 4558 0
4254 4259 0
6841 6836 0
8163 8167 0
9997 9998 0
9841 9842 0
5901 5903 0
1867 1865 0
1208 1209 0
9753 9752 0
7587 7586 0
5057 5060 0
2878 2876 0
2041 2040 0
7502 7503 0
2980 2982 0
247 249 0
8302 8299 0
3464 3465 0
1515 1519 0
2364 2359 0
7717 7719 0
5211 5210 0
917 915 0
2602 2598 0
5594 5593 0
9793 9795 0
7160 7161 0
8950 8945 0
6260 6258 0
9081 9080 0
9103 9105 0
6998 7001 0
6996 7001 0
2955 2952 0
5514 5516 0
6700 6696 0
1141 1144 0
7385 7384 0
6842 6843 0
7681 7685 0
396 400 0
4201 4206 0
8513 8518 0
9594 9598 0
1741 1742 0
1730 1735 0
4399 4400 0
7749 7754 0
2858 2859 0
9342 9340 0
7017 7014 0
6898 6899 0
2558 2556 0
8129 8126 0
9592 9587 0
6055 6056 0
6055 6051 0
5350 5347 0
5244 5246 0
1044 1040 0
2418 2421 0
1535 1536 0
5450 5449 0
676 671 0
9319 9318 0
5684 5680 0
4093 4092 0
5896 5892 0
9774 9770 0
3117 3114 0
3318 3314 0
8653 8648 0
7308 7312 0
5896 5900 0
5962 5957 0
2358 2356 0
9644 9639 0
3345 3348 0
1704 1705 0
9020 9024 0
3539 3540 0
1988 1983 0
8880 8885 0
8104 8107 0
3686 3690 0
6743 6744 0
4840 4837 0
1377 1374 0
3522 3521 0
5742 5746 0
7998 8002 0
3111 3109 0
4695 4694 0
7288 7285 0
87 89 0
3538 3540 0
8656 8651 0
6410 6414 0
888 885 0
4385 4388 0
6122 6127 0
8560 8564 0
9008 9005 0
2884 2883 0
5689 5687 0
808 805 0
6047 6049 0
2294 2292 0
9541 9542 0
2439 2435 0
3336 3340 0
7908 7913 0
9787 9782 0
8580 8576 0
659 655 0
5022 5026 0
9970 9967 0
64 61 0
9980 9985 0
7546 7543 0
3165 3161 0
1236 1241 0
357 358 0
9709 9708 0
5715 5717 0
1001 998 0
4321 4326 0
2419 2424 0
7634 7631 0
5143 5139 0
7501 7498 0
8384 8389 0
8432 8433 0
9757 9754 0
169 173 0
4094 4090 0
9863 9868 0
1570 1567 0
7069 7064 0
4803 4802 0
4860 4862 0
5215 5219 0
4955 4952 0
1170 1175 0
2118 2119 0
2878 2874 0
6061 6062 0
385 381 0
3865 3863 0
2213 2217 0
9913 9918 0
7421 7417 0
2016 2011 0
8921 8919 0
3861 3860 0
7457 7459 0
2310 2309 0
6344 6340 0
3305 3300 0
5305 5304 0
1060 1059 0
7265 7269 0
7313 7317 0
7540 7539 0
2509 2506 0
4348 4351 0
6123 6120 0
1296 1295 0
553 550 0
4294 4289 0
8986 8982 0
6170 6165 0
1794 1798 0
5479 5480 0
7615 7617 0
3356 3361 0
4240 4242 0
4526 4531 0
6224 6219 0
3361 3364 0
2790 2788 0
7864 7862 0
1481 1478 0
7826 7829 0
3041 3039 0
5773 5774 0
5824 5819 0
8403 8399 0
5071 5067 0
8907 8911 0
9398 9402 0
4013 4018 0
2191 2193 0
8731 8727 0
5553 5549 0
8897 8902 0
8623 8625 0
4787 4783 0
8677 8675 0
5864 5868 0
2159 2160 0
2626 2623 0
8842 8840 0
3464 3468 0
4524 4522 0
5209 5204 0
3190 3194 0
7621 7616 0
5610 5605 0
3486 3485 0
9443 9439 0
9114 9113 0
4454 4455 0
4256 4258 0
8919 8920 0
2660 2656 0
8762 8766 0
1703 1706 0
835 831 0
8461 8458 0
7775 7773 0
154 149 0
5341 5344 0
6594 6595 0
187 182 0
2563 2562 0
2487 2486 0
7295 7296 0
5187 5182 0
4610 4609 0
1878 1875 0
9727 9726 0
5594 5589 0
9681 9682 0
705 707 0
7306 7307 0
742 737 0
6753 6750 0
4023 4019 0
5058 5057 0
5624 5628 0
6896 6899 0
4295 4292 0
3700 3699 0
6252 6256 0
1964 1967 0
728 727 0
8998 8996 0
8031 8035 0
4139 4138 0
6012 6014 0
6244 6247 0
1847 1842 0
4967 4964 0
8947 8948 0
424 427 0
9692 9688 0
6175 6172 0
1432 1428 0
9189 9192 0
438 436 0
5136 5134 0
560 563 0
8317 8314 0
1665 1667 0
3345 3346 0
2178 2177 0
4659 4661 0
3900 3901 0
4634 4638 0
6072 6067 0
7533 7531 0
1411 1408 0
6850 6848 0
3420 3421 0
9611 9608 0
275 272 0
9671 9666 0
2649 2648 0
2513 2510 0
8 4 0
8326 8324 0
8558 8557 0
2478 2477 0
823 825 0
6447 6442 0
9928 9930 0
6546 6543 0
3810 3813 0
6532 6535 0
1627 1629 0
1625 1620 0
5589 5593 0
9750 9754 0
8221 8226 0
9944 9947 0
2033 2037 0
3496 3491 0
5999 5998 0
6401 6400 0
3256 3259 0
1996 2000 0
697 696 0
3853 3848 0
210 211 0
9104 9103 0
9196 9194 0
1275 1278 0
3637 3636 0
4363 4360 0
8271 8274 0
3491 3493 0
556 560 0
8372 8374 0
3101 3105 0
154 159 0
6321 6316 0
4158 4153 0
3587 3588 0
8224 8223 0
6675 6671 0
1439 1435 0
9876 9875 0
4588 4587 0
5878 5883 0
3680 3678 0
9703 9699 0
6941 6938 0
2305 2301 0
8484 8486 0
7152 7154 0
7462 7459 0
6910 6908 0
513 512 0
199 202 0
8914 8919 0
9513 9518 0
1720 1718 0
6103 6102 0
6321 6326 0
5315 5314 0
4857 4861 0
4641 4643 0
8949 8951 0
7308 7304 0
7624 7627 0
1852 1849 0
7141 7137 0
7339 7337 0
9015 9018 0
5388 5384 0
9309 9314 0
8369 8364 0
3027 3023 0
4741 4739 0
2841 2838 0
7822 7826 0
1128 1133 0
5427 5422 0
9948 9953 0
4203 4205 0
854 852 0
316 321 0
3438 3439 0
6086 6089 0
3013 3012 0
7596 7595 0
5566 5567 0
5814 5812 0
3047 3042 0
8193 8194 0
7439 7434 0
6657 6660 0
4377 4376 0
2957 2958 0
9272 9269 0
4785 4781 0
7608 7606 0
129 132 0
4157 4154 0
8576 8575 0
4778 4780 0
8138 8135 0
4092 4094 0
9132 9133 0
6999 6998 0
8081 8077 0
2680 2677 0
2878 2882 0
2951 2956 0
8942 8939 0
9256 9252 0
5190 5188 0
9305 9300 0
2422 2417 0
6507 6504 0
7334 7336 0
8409 8407 0
2217 2219 0
1303 1300 0
3323 3326 0
6253 6251 0
2099 2103 0
7751 7756 0
8795 8794 0
4392 4397 0
774 770 0
5677 5680 0
1072 1068 0
637 640 0
7627 7628 0
7563 7562 0
1068 1071 0
8634 8637 0
9243 9247 0
1009 1006 0
5900 5897 0
5630 5633 0
6795 6799 0
4911 4906 0
8977 8982 0
5302 5301 0
5040 5045 0
3818 3817 0
719 716 0
8371 8370 0
7115 7118 0
6707 6706 0
858 856 0
2260 2255 0
4176 4178 0
4944 4949 0
5512 5507 0
3419 3418 0
3921 3923 0
1961 1957 0
8626 8627 0
2967 2965 0
339 343 0
2078 2075 0
6454 6457 0
6457 6459 0
1217 1220 0
577 572 0
203 208 0
3349 3348 0
593 589 0
6351 6356 0
5289 5294 0
4634 4635 0
9009 9007 0
3638 3642 0
264 269 0
8741 8742 0
6328 6327 0
5662 5667 0
5627 5624 0
8297 8294 0
6641 6642 0
437 442 0
9663 9658 0
9633 9629 0
5823 5828 0
9525 9530 0
5692 5695 0
7076 7073 0
3377 3374 0
8224 8227 0
520 522 0
2372 2375 0
2323 2318 0
7201 7199 0
909 912 0
1055 1052 0
7484 7481 0
7138 7141 0
8390 8386 0
8636 8639 0
5781 5780 0
7552 7554 0
9147 9143 0
194 197 0
6467 6469 0
866 865 0
1139 1134 0
6778 6775 0
5161 5160 0
6519 6516 0
673 669 0
563 564 0
2693 2691 0
837 836 0
1050 1049 0
4776 4774 0
2106 2101 0
316 312 0
7714 7709 0
4991 4987 0
8685 8686 0
3998 3995 0
5915 5913 0
7929 7933 0
4523 4528 0
388 393 0
4512 4515 0
8412 8416 0
3088 3092 0
6441 6445 0
8684 8679 0
4115 4114 0
8370 8366 0
382 377 0
5782 5783 0
5096 5101 0
2447 2442 0
5947 5942 0
2722 2725 0
6016 6012 0
1143 1138 0
8922 8923 0
2526 2521 0
9028 9025 0
854 853 0
156 152 0
7907 7903 0
9116 9120 0
4854 4852 0
476 475 0
3135 3130 0
6095 6096 0
4931 4936 0
3118 3119 0
5047 5044 0
9704 9701 0
1918 1915 0
1357 1352 0
6117 6122 0
2056 2059 0
2883 2881 0
8226 8227 0
1864 1868 0
547 543 0
8268 8265 0
8664 8665 0
1303 1305 0
2460 2456 0
5345 5343 0
632 629 0
5142 5147 0
523 522 0
858 863 0
2508 2505 0
9953 9955 0
1851 1847 0
5910 5912 0
2858 2860 0
8774 8776 0
2689 2693 0
7055 7059 0
8785 8788 0
4063 4060 0
3456 3455 0
3660 3659 0
3 8 0
1116 1111 0
8241 8240 0
7714 7716 0
3562 3559 0
5512 5514 0
8003 7998 0
3474 3479 0
20 18 0
9993 9998 0
5340 5345 0
8854 8849 0
8520 8521 0
7051 7054 0
7266 7270 0
1556 1551 0
4643 4648 0
9014 9011 0
5405 5404 0
8246 8244 0
8730 8728 0
5445 5447 0
1914 1919 0
7879 7882 0
6070 6072 0
7911 7906 0
1313 1311 0
6245 6248 0
6023 6018 0
3302 3307 0
7482 7483 0
3036 3033 0
4510 4509 0
2515 2517 0
9593 9592 0
1016 1018 0
8096 8094 0
2328 2326 0
5837 5840 0
5164 5165 0
9122 9124 0
9012 9009 0
4805 4810 0
7135 7136 0
4207 4208 0
3346 3344 0
5184 5180 0
5374 5373 0
1707 1704 0
1208 1210 0
728 723 0
1815 1820 0
4553 4549 0
1531 1529 0
5616 5619 0
3361 3357 0
9338 9337 0
2454 2456 0
427 432 0
3549 3553 0
4407 4411 0
2329 2331 0
3764 3766 0
1862 1858 0
6762 6761 0
1951 1956 0
5403 5400 0
1930 1932 0
9493 9488 0
9367 9370 0
8920 8921 0
9042 9038 0
8126 8121 0
283 285 0
8214 8215 0
8669 8667 0
2069 2073 0
2620 2625 0
8295 8292 0
9568 9569 0
118 122 0
9212 9217 0
5265 5269 0
5619 5614 0
8808 8805 0
2481 2484 0
8907 8910 0
5552 5556 0
6649 6647 0
1059 1062 0
9909 9906 0
3992 3995 0
7864 7865 0
101 100 0
5940 5942 0
4758 4759 0
1331 1336 0
2704 2708 0
1972 1977 0
6291 6292 0
5 3 0
3861 3856 0
6587 6584 0
9178 9173 0
9817 9814 0
8135 8133 0
8493 8494 0
8503 8505 0
826 827 0
9798 9797 0
73 77 0
7897 7901 0
9744 9748 0
9623 9626 0
367 362 0
4250 4247 0
1806 1807 0
5614 5615 0
9036 9031 0
2368 2366 0
4728 4726 0
5340 5341 0
9581 9576 0
7583 7588 0
667 663 0
6868 6867 0
456 454 0
6833 6831 0
5958 5959 0
2350 2354 0
3226 3225 0
7919 7916 0
1623 1627 0
3288 3289 0
2846 2843 0
9766 9761 0
8106 8108 0
397 398 0
9677 9675 0
8794 8793 0
3053 3058 0
737 735 0
8902 8900 0
2164 2166 0
3365 3361 0
6279 6281 0
5424 5426 0
4462 4464 0
9705 9702 0
4002 4001 0
9071 9076 0
6131 6126 0
3475 3474 0
7124 7127 0
2241 2240 0
1658 1660 0
6735 6732 0
3823 3820 0
3510 3507 0
2186 2182 0
5864 5865 0
3516 3513 0
2256 2258 0
892 894 0
3093 3089 0
3169 3164 0
4481 4486 0
5169 5168 0
4808 4805 0
7748 7753 0
3950 3945 0
9678 9677 0
5195 5196 0
4714 4709 0
60 56 0
5203 5202 0
8527 8524 0
3988 3990 0
6439 6442 0
1088 1085 0
7501 7504 0
6617 6614 0
4188 4183 0
2062 2061 0
9655 9652 0
8219 8218 0
4706 4705 0
8633 8632 0
2026 2028 0
8736 8738 0
9549 9544 0
1026 1023 0
166 169 0
2411 2408 0
1154 1157 0
4573 4574 0
5545 5547 0
8889 8890 0
2419 2415 0
8311 8306 0
5955 5951 0
4690 4688 0
9027 9024 0
4617 4620 0
6738 6743 0
1808 1812 0
7193 7195 0
3378 3373 0
9487 9489 0
672 671 0
9923 9922 0
2307 2309 0
3058 3060 0
4678 4677 0
5011 5006 0
8151 8154 0
1655 1650 0
3087 3083 0
4736 4731 0
5073 5068 0
4633 4629 0
2026 2027 0
3881 3877 0
7670 7674 0
117 115 0
773 778 0
3631 3634 0
861 857 0
2191 2187 0
3242 3247 0
7304 7309 0
530 528 0
3687 3683 0
9068 9069 0
3520 3523 0
5135 5137 0
3149 3146 0
2299 2304 0
1650 1651 0
1664 1666 0
4333 4336 0
1363 1366 0
1973 1977 0
507 506 0
2085 2090 0
7167 7164 0
9375 9370 0
8199 8204 0
6117 6116 0
4417 4416 0
657 656 0
3076 3073 0
5084 5083 0
7313 7312 0
9510 9515 0
5575 5580 0
840 835 0
8864 8860 0
2553 2552 0
9200 9204 0
2537 2534 0
7502 7507 0
9616 9619 0
5722 5727 0
8757 8752 0
4858 4861 0
2751 2747 0
973 977 0
4485 4486 0
387 382 0
597 592 0
1489 1486 0
5464 5465 0
3217 3221 0
7036 7037 0
4594 4599 0
9461 9458 0
5822 5818 0
4697 4693 0
6656 6659 0
5222 5223 0
2857 2852 0
745 747 0
734 737 0
2455 2454 0
9493 9496 0
6980 6979 0
3241 3238 0
1185 1181 0
154 151 0
2854 2852 0
2006 2002 0
678 675 0
892 887 0
5774 5772 0
1664 1660 0
8389 8385 0
790 793 0
8900 8901 0
906 909 0
6754 6757 0
9163 9160 0
4577 4580 0
9996 9991 0
5262 5261 0
6539 6536 0
6301 6303 0
8601 8598 0
5807 5808 0
2139 2135 0
8068 8066 0
9048 9053 0
9173 9177 0
3083 3081 0
6828 6825 0
3294 3295 0
1289 1284 0
1713 1716 0
7533 7534 0
5958 5957 0
1917 1912 0
5101 5097 0
4454 4451 0
4615 4616 0
7420 7415 0
5129 5125 0
9839 9835 0
1550 1553 0
6660 6658 0
9787 9792 0
7318 7317 0
5344 5345 0
2947 2951 0
4400 4403 0
7469 7468 0
2038 2036 0
4674 4677 0
2713 2714 0
7589 7586 0
7547 7543 0
7170 7173 0
7217 7218 0
5203 5201 0
7681 7678 0
7803 7802 0
8151 8153 0
2825 2830 0
4294 4299 0
5350 5346 0
9130 9125 0
7496 7501 0
646 643 0
2123 2126 0
9750 9749 0
5138 5136 0
1050 1048 0
3138 3134 0
2203 2200 0
2152 2150 0
7878 7873 0
9973 9974 0
906 907 0
5638 5641 0
4546 4542 0
2263 2261 0
9151 9149 0
1993 1988 0
9462 9459 0
4894 4892 0
115 116 0
7416 7418 0
4465 4467 0
7009 7006 0
4333 4334 0
493 496 0
5188 5184 0
1199 1198 0
9664 9666 0
8465 8462 0
5388 5392 0
9956 9951 0
6938 6940 0
7614 7609 0
4045 4046 0
5135 5133 0
6843 6839 0
7361 7357 0
8512 8517 0
2645 2648 0
7872 7873 0
5609 5604 0
2054 2050 0
6249 6246 0
4391 4388 0
9847 9850 0
9062 9064 0
3677 3679 0
6575 6577 0
7585 7584 0
3183 3188 0
5266 5263 0
6995 6990 0
8997 8994 0
501 497 0
4389 4387 0
5738 5734 0
7635 7630 0
774 775 0
6719 6722 0
7934 7932 0
6362 6367 0
1359 1361 0
7415 7418 0
5848 5852 0
6671 6669 0
2871 2876 0
1108 1105 0
5670 5675 0
9276 9277 0
3451 3447 0
7082 7086 0
2244 2247 0
430 425 0
1817 1815 0
4431 4429 0
4755 4751 0
3792 3789 0
4624 4623 0
2114 2111 0
8888 8884 0
71 66 0
5315 5312 0
6786 6783 0
5634 5633 0
5531 5528 0
1243 1239 0
5759 5763 0
1014 1018 0
8199 8196 0
7276 7273 0
7261 7258 0
3042 3045 0
188 184 0
1167 1163 0
1401 1396 0
9467 9465 0
4322 4320 0
7849 7848 0
6210 6208 0
3350 3355 0
5981 5983 0
5532 5536 0
1568 1563 0
304 305 0
3711 3713 0
665 667 0
5463 5460 0
5264 5260 0
1513 1508 0
6311 6310 0
6382 6378 0
542 546 0
4335 4339 0
3994 3999 0
2869 2866 0
4066 4067 0
9990 9992 0
5944 5941 0
9562 9566 0
9114 9118 0
8164 8162 0
4523 4518 0
1290 1293 0
7710 7706 0
3376 3373 0
2502 2503 0
702 699 0
5818 5823 0
847 848 0
7985 7982 0
9032 9029 0
4645 4646 0
1660 1661 0
4133 4131 0
7569 7571 0
7215 7210 0
4738 4743 0
8284 8282 0
3646 3651 0
4306 4309 0
7924 7922 0
8504 8502 0
372 367 0
1423 1418 0
309 306 0
4439 4442 0
2817 2816 0
4766 4767 0
1282 1279 0
42 47 0
528 529 0
9860 9859 0
2510 2514 0
5858 5857 0
4839 4844 0
1952 1948 0
342 340 0
4299 4303 0
7856 7851 0
4754 4749 0
6326 6330 0
5698 5702 0
9338 9333 0
3823 3825 0
5613 5618 0
8105 8109 0
5967 5965 0
3969 3973 0
1580 1582 0
6598 6600 0
6427 6425 0
951 954 0
458 463 0
3482 3478 0
4654 4658 0
100 104 0
7855 7856 0
6538 6535 0
5947 5952 0
5797 5801 0
1483 1479 0
7374 7370 0
3424 3425 0
467 471 0
7476 7475 0
302 299 0
9867 9863 0
5383 5386 0
9416 9418 0
3336 3333 0
7527 7529 0
5165 5160 0
9125 9128 0
2209 2212 0
2003 2002 0
5289 5293 0
9532 9530 0
7283 7284 0
6188 6193 0
5938 5935 0
9295 9299 0
1834 1833 0
301 306 0
7147 7142 0
8024 8029 0
4407 4410 0
8585 8581 0
7194 7193 0
9737 9741 0
1096 1091 0
5296 5291 0
742 745 0
3971 3970 0
5669 5666 0
3490 3486 0
9391 9392 0
472 470 0
4814 4819 0
2518 2521 0
2156 2155 0
1756 1755 0
2025 2029 0
965 966 0
204 199 0
6052 6049 0
8573 8575 0
2213 2216 0
7427 7424 0
2812 2817 0
9965 9960 0
8765 8763 0
1812 1814 0
1194 1192 0
5690 5685 0
9612 9611 0
7785 7782 0
4793 4795 0
3050 3046 0
662 665 0
7239 7242 0
2121 2120 0
978 973 0
592 594 0
8803 8801 0
1006 1011 0
7908 7911 0
9919 9914 0
2525 2528 0
463 460 0
2935 2938 0
4261 4256 0
1214 1209 0
2894 2893 0
8986 8991 0
4281 4282 0
7710 7715 0
1679 1675 0
9952 9950 0
9293 9294 0
5450 5451 0
979 974 0
6284 6280 0
8386 8388 0
1254 1255 0
3943 3948 0
1665 1661 0
2383 2384 0
5933 5928 0
9304 9302 0
3724 3728 0
2746 2742 0
8771 8776 0
4445 4447 0
4605 4603 0
9732 9735 0
5908 5912 0
882 883 0
3074 3079 0
4873 4877 0
7831 7833 0
6229 6226 0
4952 4948 0
681 679 0
8143 8144 0
5103 5098 0
1483 1482 0
6832 6828 0
2055 2052 0
7556 7553 0
2931 2935 0
6297 6302 0
2502 2498 0
5812 5817 0
8895 8897 0
8998 8993 0
713 711 0
4413 4414 0
6297 6300 0
7310 7314 0
5152 5157 0
2955 2960 0
3785 3784 0
3684 3683 0
7663 7667 0
3070 3069 0
4646 4641 0
9282 9279 0
1036 1035 0
8289 8285 0
7091 7088 0
7512 7510 0
2847 2848 0
2953 2952 0
485 486 0
7512 7513 0
8505 8502 0
5251 5256 0
5866 5870 0
2340 2339 0
9592 9589 0
7466 7462 0
8921 8923 0
6440 6443 0
1222 1226 0
4318 4322 0
5705 5701 0
487 492 0
2612 2610 0
7184 7183 0
3712 3714 0
3091 3090 0
8137 8139 0
7551 7548 0
3909 3912 0
4759 4755 0
3001 3004 0
529 530 0
99 96 0
1066 1061 0
7597 7594 0
8951 8956 0
8760 8762 0
8479 8480 0
3922 3926 0
4146 4150 0
5554 5549 0
2659 2664 0
5479 5478 0
964 965 0
2899 2897 0
358 361 0
7191 7188 0
604 602 0
8852 8855 0
3618 3613 0
6991 6992 0
5454 5453 0
4733 4731 0
4727 4724 0
3577 3574 0
3721 3720 0
8301 8296 0
3136 3138 0
4409 4404 0
3171 3167 0
9229 9227 0
6289 6290 0
1876 1872 0
292 287 0
9820 9824 0
6298 6302 0
9877 9880 0
5589 5585 0
8909 8905 0
4539 4535 0
319 320 0
6967 6972 0
910 915 0
7485 7486 0
6532 6531 0
9123 9124 0
3787 3791 0
1093 1088 0
9734 9739 0
463 468 0
4442 4443 0
7690 7691 0
2008 2012 0
8231 8230 0
654 659 0
949 945 0
6142 6143 0
2977 2974 0
517 518 0
7255 7250 0
5708 5713 0
8086 8088 0
5668 5667 0
4367 4363 0
8453 8449 0
3701 3697 0
3247 3245 0
7603 7608 0
3685 3687 0
4255 4258 0
6353 6349 0
4104 4108 0
924 922 0
9457 9461 0
3372 3374 0
242 241 0
8495 8492 0
9116 9121 0
1655 1658 0
2571 2570 0
676 678 0
5313 5309 0
1134 1137 0
39 38 0
1955 1960 0
5795 5793 0
6396 6394 0
7570 7572 0
9239 9240 0
8755 8750 0
4041 4045 0
5137 5139 0
9312 9316 0
416 418 0
9426 9429 0
4056 4054 0
8747 8752 0
3161 3160 0
3152 3150 0
2121 2126 0
1425 1422 0
3414 3418 0
1913 1916 0
2625 2629 0
909 908 0
1341 1338 0
2467 2462 0
4982 4980 0
3593 3592 0
2035 2031 0
2693 2696 0
8233 8231 0
5130 5135 0
1592 1595 0
2176 2178 0
8062 8059 0
9183 9188 0
9056 9060 0
9762 9763 0
2859 2857 0
3947 3951 0
5521 5526 0
1431 1426 0
4362 4365 0
8737 8741 0
1961 1958 0
5104 5106 0
720 724 0
2684 2680 0
8113 8111 0
8812 8810 0
2700 2703 0
1750 1749 0
4845 4850 0
4180 4184 0
5313 5310 0
9294 9295 0
2777 2782 0
119 117 0
2711 2712 0
6621 6624 0
1929 1924 0
5725 5720 0
74 78 0
6136 6138 0
4142 4137 0
8376 8372 0
5164 5166 0
8872 8877 0
8496 8501 0
147 150 0
1049 1051 0
6842 6839 0
5595 5591 0
7219 7223 0
313 312 0
976 974 0
3115 3120 0
6881 6883 0
9651 9650 0
763 767 0
1512 1508 0
3620 3621 0
5482 5480 0
6785 6783 0
9130 9131 0
3913 3916 0
3921 3916 0
1894 1891 0
1701 1706 0
3837 3839 0
4726 4725 0
6635 6631 0
6618 6620 0
3796 3797 0
9470 9468 0
4525 4529 0
4117 4112 0
9288 9285 0
5657 5659 0
5040 5036 0
4657 4656 0
6222 6219 0
4687 4689 0
5701 5703 0
3374 3371 0
2033 2036 0
5776 5778 0
7713 7710 0
8618 8622 0
3182 3187 0
5447 5451 0
187 192 0
9354 9351 0
3189 3185 0
1474 1473 0
6506 6508 0
6652 6654 0
5661 5658 0
3534 3537 0
8488 8491 0
2395 2397 0
5346 5349 0
7321 7318 0
7332 7328 0
6627 6626 0
8529 8531 0
4119 4124 0
6723 6719 0
4070 4071 0
881 879 0
9343 9347 0
6294 6298 0
5835 5837 0
7172 7173 0
8669 8674 0
9420 9424 0
8963 8959 0
7385 7388 0
7889 7884 0
1777 1779 0
3329 3324 0
744 743 0
7804 7807 0
3682 3679 0
7482 7487 0
9606 9601 0
6890 6885 0
9744 9739 0
4652 4653 0
8390 8388 0
8671 8672 0
9012 9008 0
7374 7373 0
8870 8868 0
4261 4260 0
13 18 0
2661 2666 0
3126 3128 0
3702 3698 0
5110 5107 0
9757 9752 0
610 611 0
830 834 0
4419 4415 0
5529 5533 0
9927 9925 0
8741 8736 0
1691 1695 0
9378 9380 0
5257 5260 0
6074 6072 0
1564 1563 0
3927 3924 0
6964 6967 0
6941 6942 0
6168 6171 0
1757 1761 0
1615 1618 0
9953 9951 0
5268 5264 0
1872 1875 0
9406 9408 0
4301 4298 0
8210 8214 0
9269 9271 0
120 118 0
5251 5249 0
2850 2852 0
5748 5746 0
3822 3818 0
8966 8971 0
9325 9330 0
9132 9134 0
8464 8468 0
2370 2373 0
2334 2337 0
3611 3614 0
134 131 0
5198 5201 0
3024 3019 0
6921 6919 0
696 691 0
4771 4774 0
7922 7926 0
1102 1099 0
7252 7254 0
9498 9495 0
457 456 0
8020 8022 0
4816 4817 0
3024 3025 0
5136 5139 0
5512 5509 0
2869 2874 0
9550 9551 0
6469 6465 0
5914 5915 0
351 352 0
5486 5482 0
3028 3032 0
7669 7667 0
9344 9341 0
6681 6682 0
3134 3137 0
3904 3899 0
3199 3197 0
2982 2986 0
6363 6365 0
4636 4639 0
7103 7108 0
7588 7593 0
2285 2286 0
1196 1192 0
662 663 0
1106 1102 0
9918 9915 0
7499 7500 0
5732 5733 0
7105 7108 0
2199 2200 0
9196 9201 0
1263 1264 0
8677 8673 0
4802 4805 0
7764 7768 0
4889 4891 0
9894 9893 0
8633 8634 0
2212 2215 0
2062 2058 0
2642 2641 0
4174 4172 0
9442 9439 0
4976 4972 0
2504 2506 0
9841 9844 0
8596 8595 0
947 945 0
6887 6891 0
3169 3170 0
6826 6824 0
230 233 0
4162 4163 0
3020 3023 0
1292 1288 0
2723 2721 0
3640 3635 0
3593 3588 0
5761 5763 0
7459 7456 0
9725 9724 0
5448 5449 0
2636 2639 0
8036 8039 0
9733 9731 0
7787 7784 0
3914 3913 0
8824 8827 0
7041 7040 0
1686 1690 0
4359 4354 0
215 211 0
4453 4454 0
7628 7624 0
2490 2495 0
6494 6496 0
214 217 0
402 399 0
797 798 0
267 262 0
5244 5243 0
3793 3791 0
3464 3462 0
9700 9701 0
3108 3111 0
7285 7284 0
7185 7181 0
1473 1475 0
6159 6163 0
9929 9924 0
7045 7049 0
1343 1344 0
2671 2666 0
6755 6757 0
9050 9045 0
8725 8728 0
4002 4007 0
125 121 0
2782 2787 0
7479 7475 0
680 685 0
981 982 0
3864 3869 0
9157 9154 0
736 732 0
7045 7044 0
4493 4488 0
5029 5034 0
9676 9679 0
1725 1722 0
8687 8689 0
9356 9361 0
5766 5761 0
3070 3066 0
5334 5330 0
8611 8614 0
2964 2960 0
7547 7544 0
4833 4829 0
9049 9053 0
5379 5383 0
1309 1313 0
2593 2591 0
2171 2170 0
9203 9200 0
1098 1100 0
1335 1338 0
1854 1855 0
1204 1208 0
1540 1538 0
6284 6281 0
4158 4154 0
3932 3936 0
7080 7079 0
4100 4097 0
3344 3348 0
7854 7849 0
5190 5187 0
407 402 0
5955 5958 0
7398 7399 0
1901 1898 0
9641 9643 0
9738 9739 0
8692 8689 0
3486 3488 0
9124 9120 0
5948 5944 0
9565 9563 0
6000 6004 0
1184 1186 0
3698 3700 0
40 37 0
2559 2560 0
6655 6653 0
4027 4028 0
5263 5258 0
8738 8735 0
818 819 0
7081 7076 0
7020 7024 0
1960 1956 0
7070 7073 0
9818 9815 0
1626 1630 0
8070 8067 0
4579 4577 0
3405 3410 0
2399 2398 0
4228 4229 0
5788 5790 0
8089 8091 0
7947 7951 0
8344 8339 0
5582 5577 0
6080 6077 0
7533 7535 0
5075 5079 0
1005 1001 0
9843 9839 0
8492 8487 0
8447 8442 0
8436 8433 0
1384 1382 0
9851 9850 0
5440 5435 0
8085 8090 0
7980 7975 0
438 440 0
5622 5627 0
5430 5425 0
2317 2319 0
3622 3624 0
6116 6119 0
4362 4364 0
7323 7327 0
4812 4811 0
6066 6068 0
4325 4322 0
763 762 0
6635 6638 0
4257 4262 0
9634 9631 0
7196 7194 0
9427 9422 0
6146 6150 0
5017 5018 0
3930 3933 0
4857 4858 0
5832 5830 0
1678 1674 0
4024 4028 0
2807 2812 0
1080 1078 0
8191 8196 0
1090 1085 0
6529 6528 0
4383 4385 0
5248 5247 0
8968 8964 0
1956 1952 0
8746 8743 0
7551 7556 0
15 12 0
8541 8542 0
7150 7151 0
3988 3986 0
9322 9320 0
466 470 0
7736 7734 0
4346 4341 0
9115 9116 0
2978 2976 0
4645 4644 0
6629 6631 0
3927 3932 0
1169 1168 0
4715 4716 0
1361 1363 0
1941 1940 0
1503 1508 0
8880 8877 0
3605 3608 0
9305 9303 0
2902 2897 0
3890 3887 0
9905 9909 0
3400 3403 0
2894 2896 0
7640 7644 0
2014 2011 0
5603 5602 0
8711 8706 0
1671 1673 0
4354 4356 0
2814 2812 0
4304 4299 0
135 140 0
5662 5665 0
997 1001 0
1643 1644 0
7690 7687 0
4145 4150 0
1176 1177 0
7972 7971 0
814 812 0
2561 2557 0
3299 3301 0
4999 4997 0
9300 9299 0
5372 5370 0
8493 8491 0
4746 4748 0
5728 5733 0
2263 2267 0
8858 8854 0
7505 7500 0
5051 5049 0
1417 1422 0
9037 9040 0
9734 9735 0
7660 7659 0
2895 2897 0
719 720 0
71 67 0
1681 1685 0
7119 7123 0
9242 9243 0
2212 2207 0
8057 8061 0
1145 1141 0
6882 6880 0
9953 9958 0
6081 6077 0
6026 6027 0
3102 3100 0
684 686 0
2510 2512 0
1312 1311 0
867 870 0
1703 1698 0
6785 6787 0
7818 7819 0
9568 9565 0
3363 3358 0
1105 1104 0
2308 2310 0
926 923 0
4799 4802 0
4850 4848 0
3749 3748 0
7373 7371 0
9487 9484 0
2287 2291 0
6527 6525 0
2750 2746 0
2985 2988 0
9525 9523 0
1731 1728 0
4849 4848 0
2472 2476 0
3255 3253 0
5719 5723 0
1387 1386 0
6071 6067 0
2520 2521 0
1054 1051 0
4262 4264 0
8251 8250 0
6252 6248 0
3841 3843 0
6770 6773 0
2168 2171 0
846 841 0
1487 1492 0
6416 6411 0
9632 9633 0
9885 9883 0
2061 2056 0
8015 8014 0
940 936 0
7737 7735 0
9753 9756 0
7505 7507 0
4764 4765 0
5274 5277 0
9403 9400 0
6792 6787 0
3166 3165 0
4135 4137 0
1403 1405 0
8408 8405 0
1427 1431 0
1546 1549 0
8510 8515 0
3580 3576 0
7621 7622 0
1613 1610 0
7276 7281 0
9741 9745 0
767 765 0
8021 8024 0
4674 4676 0
9207 9204 0
6345 6349 0
8733 8734 0
1710 1707 0
4112 4111 0
7604 7608 0
9133 9134 0
4112 4107 0
5992 5991 0
995 990 0
2618 2620 0
3596 3591 0
3379 3374 0
6584 6588 0
2984 2987 0
4964 4963 0
5951 5953 0
6317 6319 0
4310 4315 0
4067 4062 0
366 371 0
3738 3735 0
2279 2277 0
2617 2613 0
5891 5888 0
1242 1246 0
5179 5184 0
9429 9431 0
6219 6217 0
1536 1541 0
9585 9590 0
851 847 0
8524 8522 0
3836 3835 0
4878 4879 0
3667 3668 0
3191 3194 0
790 794 0
390 394 0
5880 5881 0
9077 9076 0
9361 9360 0
8439 8437 0
169 168 0
8361 8363 0
1602 1598 0
5590 5588 0
4084 4089 0
8231 8234 0
880 881 0
8783 8780 0
484 479 0
6817 6819 0
3085 3084 0
5821 5819 0
6278 6275 0
3365 3370 0
851 852 0
5884 5889 0
3398 3393 0
3908 3906 0
2342 2344 0
5788 5784 0
7593 7590 0
4288 4286 0
5090 5091 0
5679 5677 0
3671 3673 0
8486 8489 0
4499 4496 0
3866 3870 0
2954 2951 0
1907 1910 0
4261 4258 0
8888 8889 0
3848 3850 0
284 286 0
5430 5434 0
7857 7860 0
7664 7659 0
4131 4128 0
1990 1995 0
2140 2144 0
1734 1737 0
4137 4139 0
936 934 0
5038 5040 0
4173 4178 0
4387 4383 0
3222 3218 0
2589 2594 0
9084 9085 0
2906 2904 0
205 209 0
4841 4840 0
1248 1247 0
4049 4051 0
8267 8269 0
4855 4851 0
1808 1806 0
9898 9895 0
7199 7196 0
2478 2483 0
580 585 0
3924 3926 0
1128 1129 0
4503 4498 0
7722 7726 0
4746 4742 0
9074 9070 0
5897 5892 0
5894 5893 0
7404 7400 0
2726 2727 0
5705 5703 0
8168 8170 0
8531 8535 0
7151 7156 0
2476 2471 0
6108 6106 0
4720 4719 0
1258 1263 0
4719 4721 0
9755 9752 0
498 494 0
1135 1139 0
6552 6549 0
2467 2471 0
8710 8713 0
5174 5171 0
4876 4877 0
3219 3216 0
4474 4475 0
668 671 0
6191 6196 0
7880 7885 0
9666 9670 0
5302 5300 0
3330 3335 0
1521 1517 0
1840 1837 0
3187 3189 0
5912 5911 0
8498 8496 0
5637 5633 0
3421 3419 0
7577 7578 0
9411 9406 0
1669 1668 0
2470 2472 0
7755 7751 0
2493 2491 0
756 754 0
9205 9206 0
2502 2505 0
3257 3262 0
2332 2327 0
1507 1510 0
5838 5843 0
4100 4095 0
3794 3799 0
5835 5838 0
7895 7897 0
1393 1396 0
1143 1147 0
7448 7445 0
6880 6884 0
4265 4268 0
9686 9689 0
8618 8616 0
6753 6754 0
4626 4622 0
9482 9479 0
5778 5777 0
5059 5057 0
333 337 0
3083 3079 0
5268 5265 0
8518 8523 0
295 292 0
3769 3774 0
4478 4476 0
3403 3404 0
1237 1232 0
2979 2975 0
6805 6810 0
3342 3344 0
7229 7234 0
9407 9404 0
6656 6653 0
3733 3728 0
7123 7127 0
344 349 0
3458 3454 0
9639 9635 0
1418 1417 0
7083 7082 0
2162 2165 0
2590 2592 0
9438 9439 0
6900 6905 0
5701 5706 0
8540 8541 0
5282 5281 0
1119 1124 0
8412 8408 0
5624 5620 0
3648 3652 0
941 937 0
7387 7391 0
3749 3746 0
9628 9627 0
9281 9283 0
6854 6855 0
3714 3713 0
8189 8191 0
3251 3250 0
7208 7207 0
8562 8559 0
7313 7308 0
8660 8662 0
4755 4754 0
2354 2359 0
4426 4428 0
1009 1007 0
5433 5432 0
36 34 0
4500 4499 0
5678 5682 0
1677 1676 0
8192 8190 0
2100 2099 0
5027 5025 0
1283 1284 0
5170 5166 0
3595 3593 0
6160 6156 0
1841 1846 0
9985 9988 0
4924 4919 0
3225 3229 0
1555 1558 0
4438 4440 0
542 545 0
1244 1245 0
4102 4104 0
7929 7932 0
3518 3520 0
8757 8760 0
5537 5539 0
1485 1483 0
1660 1657 0
1218 1223 0
7818 7820 0
4427 4430 0
6488 6490 0
2984 2982 0
6828 6831 0
587 586 0
9222 9218 0
2652 2657 0
7653 7649 0
8597 8596 0
6586 6584 0
5909 5914 0
2251 2255 0
5958 5962 0
2507 2508 0
3201 3198 0
8468 8466 0
3427 3422 0
1240 1245 0
2073 2077 0
959 958 0
3142 3138 0
3877 3882 0
8387 8385 0
7 11 0
667 662 0
4482 4480 0
3960 3957 0
9392 9388 0
8099 8094 0
5320 5318 0
4023 4021 0
1380 1381 0
3175 3179 0
1303 1301 0
561 565 0
1065 1067 0
6096 6097 0
6774 6779 0
3256 3252 0
1917 1918 0
5574 5573 0
7019 7024 0
6913 6910 0
2809 2814 0
2326 2325 0
2103 2101 0
3056 3051 0
8414 8418 0
8458 8455 0
5345 5348 0
5404 5401 0
9790 9791 0
7481 7477 0
9018 9017 0
2205 2209 0
8733 8736 0
2448 2449 0
6452 6456 0
1303 1304 0
6766 6765 0
9052 9048 0
8861 8862 0
3349 3354 0
2597 2596 0
1445 1449 0
7710 7708 0
3262 3261 0
9452 9455 0
6108 6111 0
442 443 0
2127 2128 0
7764 7760 0
7817 7822 0
1690 1695 0
6398 6403 0
2913 2915 0
3528 3530 0
7694 7691 0
1306 1307 0
7745 7746 0
7804 7805 0
1885 1886 0
5128 5132 0
7528 7529 0
3476 3480 0
7961 7959 0
3986 3981 0
428 429 0
7342 7343 0
2908 2905 0
4985 4982 0
6669 6673 0
4783 4786 0
740 737 0
4147 4151 0
5986 5991 0
6499 6500 0
3109 3104 0
8457 8461 0
359 361 0
9464 9459 0
9028 9027 0
4075 4077 0
3576 3574 0
953 950 0
8670 8674 0
451 446 0
4193 4191 0
1349 1347 0
7067 7066 0
3637 3639 0
9589 9587 0
9966 9971 0
214 218 0
8653 8657 0
968 970 0
784 780 0
6687 6685 0
2247 2251 0
8014 8009 0
9535 9540 0
2997 2992 0
9813 9812 0
6415 6416 0
788 785 0
895 893 0
8535 8534 0
7029 7030 0
3294 3291 0
1412 1407 0
9212 9210 0
4193 4188 0
1367 1364 0
1733 1731 0
3125 3130 0
7114 7117 0
9011 9012 0
3658 3653 0
1829 1827 0
6957 6958 0
3265 3268 0
4596 4600 0
7699 7701 0
9550 9547 0
8593 8598 0
2055 2054 0
8149 8153 0
3721 3725 0
9113 9112 0
4531 4535 0
6434 6433 0
1729 1728 0
5204 5202 0
929 934 0
4048 4043 0
5614 5616 0
9155 9160 0
8966 8970 0
2983 2984 0
7745 7749 0
9751 9747 0
5755 5757 0
4573 4576 0
6063 6059 0
6194 6197 0
6338 6340 0
6550 6555 0
4419 4420 0
6531 6530 0
597 595 0
9562 9560 0
8622 8627 0
5676 5671 0
5321 5320 0
2165 2169 0
1578 1581 0
1824 1825 0
1901 1903 0
91 92 0
8957 8962 0
5998 5994 0
2945 2947 0
1635 1631 0
8987 8982 0
6317 6316 0
5209 5206 0
8519 8516 0
7474 7476 0
246 243 0
2386 2391 0
6263 6258 0
586 583 0
6646 6645 0
7416 7413 0
3100 3097 0
7255 7258 0
5645 5640 0
1974 1973 0
6634 6633 0
6400 6404 0
6804 6802 0
1448 1453 0
8382 8384 0
6287 6291 0
2010 2005 0
7647 7651 0
7163 7162 0
7596 7601 0
7163 7164 0
7862 7860 0
5553 5548 0
7094 7091 0
7880 7876 0
7182 7184 0
5055 5060 0
6988 6992 0
2302 2298 0
1748 1753 0
9436 9437 0
1158 1159 0
6170 6171 0
7509 7514 0
4820 4822 0
3960 3965 0
3105 3100 0
3576 3581 0
6945 6948 0
7474 7477 0
36 41 0
5730 5729 0
9693 9690 0
7037 7041 0
8423 8427 0
3078 3082 0
1777 1778 0
7410 7414 0
1073 1069 0
7297 7292 0
1190 1193 0
8811 8808 0
2194 2192 0
1371 1372 0
2712 2714 0
7792 7789 0
3274 3277 0
3005 3007 0
3709 3706 0
1215 1210 0
5291 5289 0
8380 8382 0
1959 1961 0
8723 8725 0
758 755 0
1570 1566 0
29 33 0
6846 6842 0
2313 2318 0
7603 7601 0
9204 9201 0
8580 8584 0
8322 8326 0
6426 6430 0
5964 5960 0
3887 3892 0
83 88 0
7376 7380 0
9809 9807 0
4511 4508 0
8716 8711 0
7329 7333 0
6388 6386 0
827 832 0
1784 1789 0
6904 6902 0
7607 7603 0
7442 7441 0
3287 3290 0
7956 7952 0
519 524 0
1622 1620 0
9292 9287 0
3233 3235 0
8865 8870 0
758 761 0
1718 1713 0
5299 5295 0
6300 6295 0
4287 4283 0
7876 7875 0
492 495 0
9314 9310 0
2031 2027 0
5585 5584 0
319 316 0
9615 9610 0
6879 6875 0
8254 8259 0
6961 6958 0
4247 4251 0
4551 4547 0
1357 1355 0
2803 2802 0
6218 6220 0
6080 6082 0
549 544 0
1958 1963 0
7873 7869 0
6750 6746 0
3373 3375 0
3259 3264 0
6133 6128 0
9446 9448 0
1941 1937 0
6765 6767 0
4718 4722 0
4747 4748 0
8155 8159 0
7716 7715 0
4735 4740 0
3277 3275 0
9711 9706 0
4081 4080 0
9211 9213 0
8205 8204 0
3112 3115 0
4160 4159 0
1292 1287 0
6885 6880 0
3830 3827 0
4063 4067 0
403 400 0
5131 5136 0
2002 1997 0
9813 9810 0
9971 9974 0
6560 6559 0
4436 4434 0
5318 5314 0
2991 2990 0
8650 8645 0
4713 4716 0
1734 1733 0
2514 2519 0
2712 2715 0
8207 8209 0
2894 2895 0
5387 5385 0
7120 7122 0
9766 9769 0
1025 1028 0
847 850 0
4311 4309 0
9359 9363 0
1373 1374 0
3264 3262 0
4589 4590 0
8580 8577 0
2409 2412 0
9331 9336 0
2861 2864 0
9980 9979 0
3541 3538 0
541 543 0
6817 6816 0
3728 3732 0
1803 1801 0
7718 7713 0
251 254 0
1648 1647 0
1471 1472 0
6535 6533 0
6336 6338 0
8451 8448 0
8256 8257 0
1249 1251 0
8655 8659 0
9955 9950 0
3851 3849 0
4421 4424 0
4733 4738 0
6577 6581 0
313 311 0
4966 4970 0
4010 4013 0
3220 3218 0
6129 6127 0
9642 9643 0
7786 7787 0
612 608 0
5263 5264 0
4722 4719 0
459 456 0
9887 9890 0
5510 5509 0
1158 1157 0
5743 5745 0
259 257 0
1976 1977 0
1457 1460 0
7758 7757 0
9198 9202 0
8448 8450 0
5327 5328 0
7472 7471 0
8738 8742 0
9809 9812 0
4224 4225 0
9508 9511 0
1275 1272 0
4103 4108 0
4411 4415 0
5899 5898 0
8481 8478 0
5919 5923 0
1578 1575 0
1561 1565 0
3704 3699 0
4849 4853 0
2538 2536 0
2868 2864 0
4379 4376 0
744 745 0
9263 9260 0
1313 1308 0
439 442 0
201 196 0
2770 2772 0
8733 8732 0
980 985 0
5672 5676 0
1713 1714 0
1950 1952 0
6338 6333 0
8470 8465 0
1401 1397 0
9185 9183 0
4743 4748 0
2638 2635 0
4291 4295 0
8442 8445 0
2479 2476 0
9096 9091 0
2522 2517 0
9450 9448 0
320 315 0
5743 5744 0
2457 2456 0
7545 7542 0
8556 8553 0
4147 4142 0
3665 3661 0
8491 8495 0
6894 6891 0
1093 1096 0
612 613 0
2391 2389 0
1916 1912 0
7389 7392 0
8026 8027 0
9836 9834 0
1356 1351 0
4613 4616 0
3637 3633 0
1879 1883 0
1402 1399 0
2948 2944 0
3371 3372 0
7839 7844 0
870 873 0
3233 3232 0
5916 5915 0
8428 8424 0
5787 5783 0
8917 8914 0
3942 3944 0
3608 3604 0
3087 3086 0
4035 4037 0
4386 4384 0
3845 3850 0
1406 1411 0
8306 8309 0
437 436 0
5895 5892 0
6523 6525 0
1787 1782 0
6871 6867 0
8974 8972 0
6615 6618 0
477 473 0
1667 1671 0
8765 8762 0
6658 6654 0
8372 8373 0
5587 5589 0
5503 5508 0
7842 7838 0
8708 8712 0
1336 1334 0
4225 4222 0
8842 8845 0
8328 8332 0
183 185 0
5999 6003 0
2362 2365 0
8327 8331 0
4446 4450 0
7118 7120 0
1491 1490 0
8053 8058 0
8198 8201 0
178 173 0
6335 6337 0
3027 3028 0
3766 3762 0
7444 7443 0
682 677 0
6822 6824 0
3355 3360 0
5317 5312 0
2791 2789 0
9357 9360 0
63 68 0
4337 4335 0
2766 2763 0
3241 3243 0
9626 9621 0
8888 8893 0
9943 9947 0
9072 9067 0
6707 6711 0
1848 1850 0
5989 5988 0
1022 1019 0
601 599 0
8652 8651 0
8365 8361 0
9068 9066 0
2352 2347 0
1127 1122 0
5143 5148 0
1393 1397 0
5371 5372 0
6437 6441 0
2265 2264 0
3881 3880 0
1538 1541 0
6843 6845 0
1049 1044 0
9644 9646 0
2056 2053 0
9411 9414 0
1083 1085 0
8538 8534 0
4933 4935 0
149 146 0
348 345 0
966 961 0
3361 3362 0
1946 1951 0
9959 9958 0
285 286 0
5785 5782 0
7129 7133 0
3782 3787 0
6426 6424 0
929 932 0
9898 9900 0
6717 6721 0
9515 9514 0
1276 1277 0
2691 2694 0
3937 3942 0
4202 4204 0
7778 7776 0
3958 3956 0
9520 9522 0
2558 2563 0
8829 8834 0
4678 4682 0
1192 1195 0
3558 3554 0
3286 3289 0
7327 7332 0
3707 3710 0
8661 8662 0
7306 7301 0
7441 7440 0
4019 4016 0
8695 8693 0
9055 9052 0
1649 1650 0
7087 7091 0
855 859 0
362 357 0
2454 2449 0
3697 3702 0
1998 2003 0
2969 2973 0
1203 1198 0
1785 1784 0
6251 6256 0
8116 8111 0
939 941 0
7194 7199 0
3384 3381 0
4814 4816 0
5665 5669 0
9167 9170 0
8459 8462 0
749 748 0
4316 4321 0
6611 6612 0
477 482 0
8073 8077 0
8092 8094 0
8262 8261 0
1930 1934 0
8093 8096 0
8211 8216 0
3406 3408 0
5000 5002 0
4215 4214 0
1000 999 0
6141 6145 0
8586 8583 0
1368 1369 0
9087 9089 0
6931 6934 0
3517 3515 0
1330 1331 0
5566 5569 0
9840 9837 0
5920 5922 0
2314 2316 0
9282 9280 0
7074 7071 0
7911 7914 0
2620 2615 0
2232 2233 0
9296 9297 0
8817 8820 0
109 110 0
9469 9467 0
7647 7648 0
5809 5813 0
3010 3006 0
7929 7930 0
7780 7776 0
4306 4311 0
8625 8629 0
7349 7354 0
5923 5922 0
2313 2309 0
5761 5759 0
9284 9283 0
2824 2822 0
1070 1075 0
6674 6670 0
519 520 0
1189 1190 0
7862 7867 0
5654 5658 0
2201 2204 0
8221 8218 0
2046 2051 0
7795 7791 0
63 66 0
658 656 0
6228 6225 0
1648 1652 0
3105 3106 0
9450 9446 0
1603 1604 0
9441 9446 0
2856 2852 0
3620 3619 0
9975 9971 0
1013 1008 0
1472 1476 0
5584 5580 0
9695 9700 0
2806 2802 0
9314 9318 0
332 335 0
7439 7436 0
6933 6937 0
5381 5380 0
3179 3182 0
8145 8141 0
5213 5215 0
7229 7224 0
4351 4349 0
3329 3333 0
1693 1694 0
7286 7291 0
8053 8050 0
1014 1013 0
2528 2527 0
5389 5391 0
4126 4130 0
7787 7791 0
355 359 0
8783 8782 0
5144 5142 0
4102 4103 0
3509 3512 0
7636 7632 0
9387 9385 0
7917 7918 0
9034 9031 0
4934 4935 0
4198 4197 0
9194 9199 0
4915 4917 0
3047 3048 0
3065 3070 0
4926 4924 0
1505 1501 0
377 373 0
5580 5577 0
834 837 0
8343 8342 0
7048 7043 0
2646 2648 0
8773 8769 0
7749 7747 0
2549 2548 0
2355 2351 0
4544 4541 0
4413 4409 0
1250 1248 0
2990 2985 0
9048 9049 0
6314 6316 0
6159 6155 0
1835 1840 0
8818 8821 0
2618 2617 0
6155 6153 0
7120 7119 0
8508 8511 0
5067 5064 0
9306 9301 0
5608 5609 0
994 993 0
3329 3332 0
7294 7290 0
931 929 0
2680 2685 0
2933 2938 0
1873 1871 0
1535 1534 0
311 307 0
5177 5176 0
5993 5997 0
5711 5716 0
7439 7443 0
3093 3097 0
170 166 0
1293 1288 0
2295 2299 0
2248 2247 0
1524 1527 0
3023 3026 0
2975 2977 0
1010 1008 0
5457 5452 0
4886 4883 0
4626 4627 0
5154 5159 0
4532 4533 0
7110 7111 0
6586 6582 0
8926 8925 0
1730 1728 0
4808 4812 0
8522 8526 0
4330 4333 0
2119 2115 0
202 201 0
1967 1970 0
6830 6826 0
5769 5770 0
7891 7894 0
8140 8145 0
3379 3377 0
1712 1717 0
6444 6446 0
6088 6089 0
9689 9690 0
2652 2647 0
1275 1279 0
7980 7982 0
9742 9738 0
8584 8582 0
1505 1500 0
4676 4677 0
173 174 0
2509 2504 0
3248 3246 0
3698 3695 0
700 696 0
4764 4767 0
3017 3013 0
2676 2675 0
2204 2199 0
9609 9606 0
9039 9042 0
24 26 0
1649 1648 0
6973 6972 0
8274 8279 0
7212 7210 0
3306 3305 0
4526 4529 0
4039 4044 0
1566 1568 0
8429 8425 0
4479 4476 0
1358 1353 0
5651 5653 0
840 839 0
4514 4513 0
1163 1165 0
5369 5373 0
7940 7942 0
490 487 0
4596 4595 0
9092 9087 0
4794 4798 0
7926 7925 0
2716 2712 0
762 766 0
2997 2999 0
5100 5096 0
9486 9491 0
8908 8906 0
2766 2769 0
8140 8143 0
9824 9825 0
5522 5523 0
9293 9291 0
1737 1739 0
5320 5319 0
5893 5890 0
3605 3609 0
4559 4557 0
6863 6862 0
4603 4599 0
8259 8264 0
3870 3867 0
3508 3504 0
6907 6908 0
4286 4289 0
9656 9658 0
2161 2160 0
6657 6661 0
9489 9493 0
280 276 0
6039 6037 0
2537 2536 0
6248 6249 0
548 553 0
6611 6614 0
6205 6209 0
478 479 0
1404 1405 0
9833 9837 0
7490 7488 0
9277 9272 0
7572 7573 0
8534 8532 0
898 901 0
4740 4742 0
2567 2570 0
317 320 0
698 695 0
3033 3037 0
3768 3765 0
4090 4085 0
183 179 0
1907 1912 0
7267 7265 0
1273 1277 0
814 815 0
4390 4387 0
6693 6688 0
7488 7489 0
7092 7089 0
8086 8085 0
1987 1990 0
1263 1261 0
1204 1203 0
5737 5738 0
7405 7409 0
8657 8659 0
2671 2674 0
76 73 0
133 134 0
633 630 0
8380 8383 0
7121 7116 0
3736 3733 0
449 454 0
9209 9208 0
2857 2862 0
6119 6117 0
5886 5890 0
4774 4775 0
1158 1154 0
9861 9859 0
4759 4756 0
7226 7224 0
2287 2285 0
6024 6020 0
9598 9596 0
8966 8965 0
6552 6551 0
3905 3906 0
5059 5063 0
3819 3821 0
9354 9352 0
8754 8749 0
7867 7868 0
4458 4462 0
9145 9141 0
3480 3475 0
6026 6023 0
2718 2723 0
5062 5066 0
2369 2364 0
693 689 0
9768 9767 0
5271 5266 0
3133 3129 0
4109 4113 0
4891 4893 0
5047 5042 0
705 703 0
486 490 0
6549 6548 0
1283 1286 0
5866 5861 0
1936 1940 0
2742 2741 0
981 983 0
6418 6421 0
6999 6994 0
8739 8738 0
8302 8300 0
863 859 0
9667 9663 0
610 609 0
5709 5708 0
7272 7273 0
8197 8192 0
6965 6963 0
1498 1503 0
3473 3470 0
2565 2570 0
7831 7829 0
2460 2462 0
2852 2847 0
7692 7689 0
5768 5763 0
1141 1137 0
5658 5656 0
4141 4138 0
3017 3019 0
6399 6404 0
5075 5071 0
98 103 0
5881 5878 0
4479 4482 0
4175 4176 0
3017 3021 0
5413 5418 0
2361 2356 0
4257 4253 0
6580 6583 0
4542 4537 0
3197 3198 0
7662 7664 0
8053 8054 0
9732 9730 0
1996 1995 0
7520 7522 0
6425 6420 0
6142 6147 0
6686 6683 0
3604 3605 0
4828 4824 0
7737 7734 0
5297 5292 0
3779 3777 0
7548 7549 0
2130 2133 0
2588 2587 0
1006 1004 0
9995 9998 0
4789 4791 0
7704 7707 0
291 286 0
9384 9389 0
7814 7818 0
4205 4209 0
1652 1654 0
135 131 0
7406 7409 0
7845 7843 0
7742 7741 0
3902 3907 0
3910 3913 0
9984 9989 0
8430 8427 0
8106 8109 0
2183 2182 0
8874 8869 0
1044 1045 0
8083 8082 0
9061 9063 0
4350 4353 0
8429 8433 0
5421 5423 0
3897 3900 0
4693 4694 0
9691 9687 0
9654 9651 0
3596 3598 0
9684 9688 0
6085 6087 0
9906 9911 0
7387 7386 0
1087 1085 0
6386 6389 0
4817 4821 0
2438 2443 0
1089 1091 0
51 49 0
5055 5050 0
620 625 0
2479 2484 0
3224 3219 0
6498 6494 0
7201 7203 0
9597 9596 0
1456 1451 0
6593 6597 0
6534 6533 0
9697 9694 0
3281 3283 0
9029 9025 0
2451 2448 0
263 268 0
7105 7106 0
4079 4076 0
4878 4881 0
917 912 0
8587 8588 0
5560 5562 0
5959 5961 0
1677 1673 0
4742 4744 0
5700 5704 0
1930 1927 0
1057 1053 0
1847 1846 0
3741 3744 0
4079 4077 0
4372 4374 0
6789 6785 0
9634 9629 0
1769 1771 0
4073 4078 0
7412 7410 0
9535 9537 0
5621 5620 0
1676 1675 0
3547 3544 0
9747 9746 0
8974 8977 0
8439 8438 0
6257 6258 0
2965 2966 0
464 459 0
321 317 0
3730 3734 0
5116 5113 0
3619 3617 0
7607 7605 0
4220 4217 0
8826 8825 0
8683 8679 0
4050 4051 0
9370 9373 0
8990 8987 0
5371 5370 0
252 248 0
9597 9600 0
4371 4373 0
9742 9739 0
5322 5323 0
3113 3116 0
3367 3370 0
4318 4313 0
3615 3617 0
6550 6551 0
5798 5793 0
5762 5763 0
6608 6609 0
8132 8130 0
8775 8776 0
2848 2852 0
9833 9838 0
7382 7381 0
3856 3855 0
7649 7652 0
8886 8884 0
4475 4478 0
6970 6972 0
5366 5365 0
6876 6871 0
6952 6950 0
8082 8085 0
5580 5585 0
5571 5566 0
8432 8430 0
939 942 0
1201 1206 0
9350 9351 0
4196 4191 0
8494 8489 0
9706 9710 0
2915 2918 0
6084 6080 0
5840 5843 0
6823 6825 0
7274 7270 0
8411 8414 0
781 776 0
1270 1272 0
193 189 0
5006 5001 0
1785 1782 0
8808 8810 0
473 478 0
9921 9926 0
5733 5735 0
1905 1909 0
6186 6188 0
7746 7744 0
6931 6932 0
8023 8024 0
6308 6303 0
2437 2433 0
6658 6653 0
5448 5444 0
1548 1551 0
7376 7374 0
3204 3199 0
7322 7321 0
6958 6953 0
2589 2591 0
9111 9108 0
4336 4334 0
3430 3432 0
5765 5768 0
8053 8052 0
9481 9477 0
4101 4105 0
5850 5848 0
9923 9925 0
2810 2815 0
771 770 0
1365 1370 0
1965 1969 0
6042 6039 0
5067 5070 0
9757 9753 0
6280 6275 0
9536 9534 0
2175 2179 0
6032 6027 0
6899 6900 0
337 341 0
6465 6466 0
9588 9586 0
428 426 0
9230 9227 0
613 609 0
3808 3807 0
3524 3520 0
4200 4198 0
2848 2843 0
5599 5598 0
4882 4881 0
3630 3631 0
2537 2541 0
9838 9842 0
7762 7757 0
1778 1773 0
4534 4530 0
8825 8822 0
4579 4580 0
6009 6011 0
6400 6402 0
8512 8508 0
9985 9986 0
3637 3640 0
8742 8739 0
2001 2002 0
6953 6948 0
711 716 0
5164 5162 0
1300 1299 0
5001 4998 0
493 490 0
5331 5333 0
1709 1714 0
7595 7594 0
7612 7614 0
614 615 0
2084 2085 0
3373 3372 0
5552 5553 0
3888 3893 0
7871 7873 0
4954 4959 0
903 898 0
6276 6280 0
4864 4868 0
8819 8821 0
8547 8548 0
7387 7382 0
6436 6441 0
8747 8748 0
4765 4766 0
8354 8349 0
856 851 0
7651 7653 0
9041 9037 0
1003 1007 0
4365 4370 0
2541 2539 0
1461 1464 0
6373 6370 0
3136 3131 0
8081 8076 0
9245 9242 0
511 510 0
5891 5887 0
7050 7055 0
8864 8863 0
5512 5511 0
774 773 0
9672 9669 0
5902 5905 0
3987 3985 0
4402 4397 0
5377 5381 0
5306 5309 0
4266 4269 0
7297 7298 0
6201 6200 0
854 849 0
8911 8909 0
8979 8974 0
4814 4813 0
7253 7256 0
4412 4409 0
2965 2962 0
6970 6975 0
1174 1169 0
1718 1721 0
8187 8191 0
3269 3268 0
82 78 0
2402 2399 0
9797 9800 0
5900 5903 0
1895 1899 0
4137 4136 0
5963 5965 0
5519 5518 0
7616 7617 0
4729 4726 0
5989 5994 0
8913 8908 0
8030 8032 0
8302 8304 0
1632 1634 0
4345 4349 0
2917 2919 0
2869 2868 0
5093 5091 0
9003 9008 0
7130 7126 0
4801 4799 0
6297 6299 0
405 409 0
5892 5891 0
6947 6943 0
7348 7346 0
9694 9692 0
5894 5892 0
1210 1205 0
3815 3812 0
7885 7888 0
6738 6741 0
8765 8770 0
75 78 0
9401 9402 0
6405 6408 0
4917 4918 0
4675 4679 0
3392 3390 0
880 883 0
527 524 0
4043 4038 0
6691 6694 0
29 32 0
5069 5072 0
7994 7989 0
3122 3124 0
4557 4562 0
4850 4852 0
9006 9009 0
2243 2247 0
5082 5077 0
1470 1474 0
6738 6739 0
963 961 0
1624 1629 0
7770 7772 0
2280 2283 0
2200 2198 0
9001 9006 0
6137 6135 0
1317 1322 0
2975 2971 0
9236 9238 0
7857 7858 0
1600 1601 0
633 628 0
8427 8426 0
8280 8282 0
5391 5387 0
6259 6255 0
4904 4906 0
4005 4002 0
9377 9376 0
9517 9520 0
7750 7755 0
5271 5267 0
9515 9518 0
2735 2730 0
5639 5638 0
8661 8660 0
9978 9981 0
9492 9495 0
363 359 0
4190 4186 0
3237 3236 0
9265 9270 0
4985 4989 0
3239 3235 0
5709 5713 0
4937 4935 0
8212 8208 0
750 755 0
6797 6798 0
1285 1282 0
5827 5828 0
3201 3196 0
1024 1026 0
273 269 0
9284 9280 0
4432 4430 0
7577 7582 0
4307 4305 0
6506 6505 0
2341 2346 0
7441 7443 0
7657 7662 0
1073 1068 0
1219 1222 0
4535 4538 0
2880 2879 0
7405 7404 0
8087 8086 0
6183 6178 0
1624 1627 0
6497 6492 0
8507 8502 0
9539 9542 0
6826 6825 0
8270 8269 0
7930 7933 0
1390 1388 0
190 187 0
4020 4022 0
4900 4904 0
3585 3584 0
8607 8602 0
4969 4964 0
17 13 0
8599 8596 0
6707 6709 0
6904 6905 0
7971 7966 0
8768 8770 0
6551 6556 0
4672 4667 0
9086 9088 0
1003 1008 0
3796 3798 0
9103 9098 0
7532 7536 0
5994 5991 0
7022 7025 0
4610 4611 0
1590 1588 0
583 582 0
3896 3894 0
2342 2341 0
8835 8837 0
569 567 0
6046 6043 0
8104 8103 0
3261 3258 0
691 695 0
2105 2103 0
8572 8577 0
3934 3930 0
8536 8540 0
9824 9822 0
6879 6881 0
235 240 0
3478 3474 0
9156 9155 0
8695 8690 0
4043 4045 0
6786 6785 0
8551 8556 0
634 636 0
1329 1330 0
3823 3826 0
370 371 0
8860 8858 0
5877 5873 0
6441 6443 0
7188 7186 0
6027 6028 0
5415 5420 0
4803 4801 0
710 712 0
6483 6487 0
1388 1389 0
3367 3366 0
9513 9515 0
6108 6107 0
9595 9600 0
7498 7503 0
6251 6254 0
5015 5017 0
1526 1522 0
1199 1204 0
1558 1559 0
1232 1228 0
7579 7582 0
8134 8139 0
4235 4234 0
469 466 0
7094 7095 0
9927 9930 0
3085 3088 0
9505 9502 0
7993 7991 0
8538 8541 0
6709 6706 0
9633 9636 0
1311 1316 0
7716 7712 0
4872 4874 0
2330 2328 0
3368 3369 0
5694 5690 0
3522 3517 0
8695 8700 0
3260 3265 0
1872 1873 0
774 777 0
13 10 0
3661 3657 0
8324 8322 0
8750 8747 0
3961 3962 0
9435 9437 0
9001 8997 0
4650 4654 0
7508 7509 0
6166 6171 0
5416 5421 0
5097 5100 0
6717 6716 0
8680 8678 0
9555 9553 0
719 718 0
2669 2673 0
4275 4278 0
2858 2854 0
3963 3960 0
2055 2059 0
5114 5112 0
8275 8274 0
2496 2492 0
203 205 0
5808 5810 0
6203 6208 0
864 869 0
8839 8838 0
4095 4098 0
2598 2593 0
2202 2200 0
8081 8079 0
8954 8951 0
150 149 0
3646 3643 0
8383 8388 0
7832 7828 0
4731 4734 0
2781 2783 0
257 260 0
5331 5329 0
2974 2969 0
3671 3669 0
2450 2455 0
6865 6864 0
4456 4461 0
4318 4323 0
1739 1738 0
3124 3127 0
1495 1494 0
9005 9001 0
5388 5390 0
1710 1706 0
4691 4689 0
3273 3268 0
7510 7514 0
2285 2281 0
4022 4023 0
3193 3188 0
3425 3423 0
5977 5975 0
8147 8142 0
3564 3567 0
4218 4216 0
9267 9264 0
8420 8416 0
9133 9138 0
2873 2877 0
2755 2754 0
7845 7849 0
5160 5162 0
2316 2319 0
5716 5718 0
8019 8021 0
1382 1383 0
6943 6948 0
3553 3550 0
2129 2125 0
713 717 0
9531 9529 0
4607 4610 0
3723 3725 0
2363 2359 0
5764 5768 0
5544 5540 0
2158 2161 0
3397 3398 0
270 274 0
2527 2529 0
7277 7272 0
1156 1157 0
7327 7322 0
4843 4838 0
1298 1296 0
5135 5131 0
2686 2688 0
718 722 0
4624 4620 0
5203 5207 0
3835 3838 0
3192 3190 0
9355 9358 0
3677 3674 0
29 26 0
7387 7388 0
3682 3680 0
520 516 0
2295 2296 0
8528 8524 0
279 281 0
494 489 0
3380 3385 0
3910 3906 0
1288 1289 0
7482 7480 0
3287 3289 0
5714 5718 0
9286 9284 0
7653 7654 0
2149 2146 0
8803 8798 0
1889 1890 0
8684 8681 0
6242 6243 0
2469 2467 0
2042 2043 0
258 260 0
6941 6939 0
5929 5930 0
1334 1330 0
5797 5792 0
7757 7761 0
2063 2066 0
1139 1141 0
2672 2669 0
1076 1071 0
4353 4349 0
5425 5422 0
1101 1098 0
66 65 0
9404 9406 0
411 407 0
7068 7070 0
1296 1301 0
2097 2093 0
6047 6042 0
6197 6201 0
7511 7516 0
7098 7100 0
4643 4645 0
2660 2662 0
2733 2730 0
5714 5713 0
4048 4046 0
2087 2089 0
7880 7884 0
7816 7818 0
834 829 0
8066 8065 0
2623 2621 0
1453 1455 0
787 788 0
6750 6748 0
9902 9897 0
584 583 0
9521 9526 0
7316 7314 0
9422 9426 0
9475 9477 0
3845 3848 0
5890 5888 0
2897 2894 0
2779 2774 0
9473 9478 0
7064 7062 0
5270 5272 0
9358 9354 0
2675 2678 0
9514 9513 0
3543 3544 0
3263 3265 0
1209 1207 0
5552 5554 0
1017 1016 0
7463 7465 0
101 99 0
6726 6722 0
952 949 0
2801 2800 0
622 626 0
1378 1379 0
376 381 0
6919 6923 0
156 159 0
2541 2544 0
1933 1930 0
650 652 0
1012 1007 0
3304 3299 0
7206 7210 0
7835 7838 0
622 619 0
2414 2413 0
982 977 0
1527 1532 0
6888 6891 0
1722 1720 0
5605 5601 0
4265 4262 0
6676 6671 0
7680 7683 0
8303 8304 0
6373 6369 0
3067 3069 0
1346 1351 0
9347 9349 0
6743 6748 0
7485 7480 0
9674 9676 0
7774 7779 0
6120 6121 0
114 117 0
3826 3822 0
6419 6416 0
7418 7420 0
2167 2166 0
5710 5707 0
1465 1470 0
1605 1600 0
5257 5253 0
6829 6825 0
4882 4887 0
9267 9270 0
5681 5685 0
2997 2994 0
1227 1230 0
920 921 0
3187 3183 0
2826 2821 0
5830 5825 0
6771 6769 0
7510 7505 0
2585 2587 0
8212 8209 0
4724 4723 0
217 215 0
9171 9168 0
3311 3309 0
9956 9955 0
6575 6578 0
8241 8244 0
5781 5782 0
9999 9996 0
7260 7259 0
8359 8356 0
8802 8797 0
4563 4561 0
8152 8150 0
9253 9255 0
6528 6530 0
5051 5050 0
6050 6054 0
59 60 0
9643 9646 0
7720 7717 0
9147 9150 0
2576 2571 0
1512 1514 0
8678 8675 0
8288 8284 0
4882 4879 0
2964 2967 0
1797 1800 0
9107 9108 0
7509 7511 0
367 369 0
5366 5367 0
6983 6986 0
1137 1132 0
2036 2035 0
3412 3413 0
1429 1431 0
2028 2023 0
5454 5459 0
5097 5092 0
4173 4170 0
7640 7635 0
7531 7532 0
3401 3404 0
378 375 0
3448 3450 0
5550 5549 0
4548 4550 0
2295 2290 0
2586 2588 0
5438 5434 0
1046 1045 0
1172 1171 0
3484 3481 0
5878 5877 0
3039 3042 0
6892 6896 0
396 393 0
265 263 0
2128 2123 0
7872 7867 0
2276 2280 0
4694 4692 0
1829 1826 0
7619 7623 0
3517 3519 0
1182 1186 0
8381 8378 0
3928 3929 0
6821 6824 0
2066 2070 0
872 877 0
1798 1803 0
3399 3401 0
7944 7949 0
2156 2161 0
6766 6769 0
2385 2388 0
5811 5809 0
1682 1683 0
9865 9860 0
4246 4245 0
4442 4446 0
5786 5789 0
1206 1205 0
9786 9789 0
2295 2298 0
5405 5400 0
3788 3793 0
8659 8663 0
9969 9967 0
4913 4908 0
7360 7355 0
2176 2175 0
7251 7248 0
2458 2453 0
7838 7836 0
8364 8361 0
7770 7774 0
2669 2668 0
6185 6190 0
9074 9072 0
3297 3299 0
6458 6463 0
2814 2810 0
8565 8564 0
2940 2935 0
6886 6890 0
7882 7880 0
7712 7709 0
9253 9249 0
809 811 0
1597 1596 0
6781 6778 0
7260 7265 0
9081 9085 0
5678 5676 0
953 951 0
6320 6324 0
4074 4069 0
7670 7671 0
6581 6576 0
1167 1169 0
1528 1532 0
253 256 0
6651 6655 0
9709 9712 0
2276 2275 0
6122 6125 0
2663 2658 0
5568 5564 0
9422 9418 0
7475 7478 0
1865 1869 0
5687 5682 0
9769 9774 0
6451 6454 0
4899 4896 0
5127 5129 0
1566 1564 0
7160 7155 0
6344 6349 0
2325 2329 0
1640 1638 0
7827 7824 0
868 872 0
4322 4326 0
7749 7744 0
6891 6892 0
5804 5809 0
5209 5213 0
237 232 0
4360 4364 0
9650 9653 0
4185 4180 0
6040 6035 0
336 335 0
5440 5441 0
4103 4104 0
7053 7056 0
2387 2390 0
9597 9599 0
6104 6100 0
9091 9086 0
327 326 0
2729 2727 0
4551 4550 0
3084 3080 0
4537 4540 0
7157 7153 0
8785 8781 0
6311 6308 0
2832 2834 0
8870 8867 0
538 541 0
2070 2065 0
1071 1067 0
9998 9999 0
20 16 0
9684 9689 0
2792 2794 0
3760 3765 0
1294 1298 0
7429 7434 0
2843 2841 0
132 131 0
8975 8974 0
3519 3515 0
650 651 0
9903 9904 0
3408 3410 0
9860 9862 0
499 498 0
6292 6287 0
5647 5645 0
232 231 0
6177 6176 0
8360 8364 0
1950 1955 0
1011 1012 0
9018 9020 0
764 767 0
3195 3200 0
6148 6150 0
1215 1211 0
8335 8339 0
2425 2422 0
6309 6310 0
6861 6860 0
5945 5942 0
6232 6237 0
2355 2352 0
1194 1190 0
5724 5726 0
9765 9768 0
9912 9911 0
6828 6829 0
1954 1950 0
5268 5271 0
434 433 0
1143 1146 0
2099 2102 0
7660 7658 0
7159 7155 0
7286 7281 0
2381 2380 0
3747 3745 0
5207 5202 0
4134 4136 0
7725 7726 0
3108 3109 0
4058 4053 0
7676 7679 0
7763 7762 0
9214 9212 0
6465 6464 0
2867 2862 0
3581 3584 0
3547 3550 0
3315 3318 0
2046 2050 0
7272 7276 0
3563 3568 0
6455 6460 0
2576 2579 0
9238 9243 0
4078 4079 0
8138 8142 0
4492 4487 0
7629 7632 0
1601 1604 0
8349 8348 0
6507 6503 0
653 658 0
1052 1054 0
1812 1810 0
5773 5768 0
3770 3771 0
6882 6883 0
3229 3232 0
8996 8991 0
8888 8891 0
3712 3713 0
9303 9299 0
3438 3436 0
5387 5382 0
9622 9621 0
5350 5345 0
5347 5351 0
6349 6346 0
3227 3222 0
647 650 0
4232 4228 0
6729 6731 0
1780 1779 0
7069 7072 0
6629 6628 0
9042 9043 0
2013 2015 0
8201 8197 0
1510 1514 0
5023 5027 0
8669 8668 0
2484 2487 0
3673 3676 0
9438 9436 0
8612 8613 0
1079 1082 0
5508 5504 0
9033 9031 0
4497 4501 0
4087 4092 0
1475 1476 0
751 754 0
2906 2902 0
863 864 0
4329 4333 0
5577 5579 0
7649 7645 0
115 118 0
2655 2653 0
1878 1873 0
920 916 0
3104 3105 0
9054 9058 0
8891 8892 0
7207 7202 0
9574 9578 0
1654 1655 0
4101 4106 0
7089 7090 0
4833 4828 0
4488 4491 0
8505 8500 0
5385 5386 0
4821 4824 0
6753 6749 0
5665 5663 0
8175 8176 0
1536 1532 0
4258 4257 0
3233 3230 0
9471 9467 0
9127 9122 0
5311 5313 0
2635 2633 0
6172 6168 0
7903 7900 0
4582 4585 0
9350 9349 0
9639 9641 0
194 196 0
2433 2432 0
6423 6425 0
2393 2390 0
631 635 0
1775 1773 0
9424 9422 0
3322 3320 0
5352 5347 0
5802 5803 0
5414 5412 0
5479 5483 0
2512 2509 0
6114 6112 0
2183 2187 0
2248 2253 0
6998 6995 0
5839 5840 0
680 682 0
8945 8943 0
3371 3376 0
72 74 0
1131 1126 0
102 99 0
1347 1351 0
1819 1816 0
6689 6694 0
5462 5458 0
2092 2088 0
8124 8121 0
1094 1093 0
4189 4187 0
1492 1493 0
1072 1067 0
3395 3391 0
5560 5557 0
1168 1165 0
438 437 0
9613 9609 0
1565 1560 0
7115 7117 0
4818 4813 0
9108 9103 0
8043 8040 0
2302 2305 0
8015 8017 0
5135 5140 0
2975 2973 0
3674 3670 0
9717 9719 0
6800 6801 0
8392 8395 0
991 990 0
209 204 0
9682 9686 0
6401 6398 0
809 804 0
7673 7671 0
9964 9961 0
1736 1733 0
5110 5105 0
4651 4655 0
7553 7558 0
2401 2404 0
4850 4846 0
5730 5732 0
9662 9660 0
5691 5690 0
5502 5500 0
6372 6374 0
6835 6840 0
5385 5388 0
2664 2661 0
6254 6259 0
8728 8729 0
2781 2786 0
7864 7869 0
1161 1166 0
3496 3495 0
5229 5228 0
3634 3638 0
2244 2249 0
2355 2353 0
8926 8927 0
4367 4371 0
8673 8672 0
6018 6014 0
7109 7114 0
1473 1476 0
5735 5738 0
5740 5741 0
6290 6288 0
2962 2960 0
1855 1858 0
4897 4900 0
1639 1641 0
6684 6689 0
8899 8897 0
2241 2242 0
3006 3009 0
9506 9505 0
4733 4734 0
5546 5544 0
7742 7740 0
360 361 0
5459 5460 0
4282 4284 0
8572 8576 0
5368 5370 0
4163 4161 0
9080 9084 0
7623 7618 0
5532 5533 0
9433 9431 0
3950 3953 0
3838 3834 0
6582 6581 0
2545 2549 0
229 231 0
520 523 0
7490 7492 0
600 596 0
975 973 0
3382 3378 0
4235 4230 0
4472 4474 0
364 366 0
7847 7845 0
6470 6468 0
1304 1299 0
8097 8095 0
4664 4659 0
3202 3207 0
454 457 0
8216 8212 0
4070 4066 0
4367 4362 0
5314 5312 0
7813 7810 0
3796 3793 0
8709 8711 0
112 114 0
1711 1713 0
1321 1320 0
8054 8050 0
9444 9448 0
456 458 0
4065 4069 0
1199 1196 0
6423 6428 0
2789 2793 0
9764 9761 0
4702 4705 0
1893 1889 0
8073 8072 0
1065 1061 0
1473 1478 0
5202 5201 0
3385 3383 0
3627 3622 0
2382 2378 0
7675 7676 0
7514 7515 0
424 419 0
5334 5338 0
3201 3203 0
5221 5223 0
2768 2765 0
3978 3979 0
8726 8721 0
2810 2809 0
1052 1051 0
1593 1596 0
1016 1012 0
8346 8343 0
8757 8753 0
4876 4875 0
3793 3789 0
5711 5708 0
6632 6631 0
7611 7607 0
2071 2073 0
9401 9399 0
2065 2064 0
4428 4431 0
9635 9632 0
2846 2845 0
68 64 0
5891 5896 0
1736 1738 0
1863 1861 0
318 313 0
1969 1973 0
9446 9442 0
5061 5060 0
8859 8863 0
8515 8517 0
7004 7006 0
4630 4631 0
5184 5182 0
8033 8032 0
9485 9482 0
6229 6225 0
2355 2350 0
9549 9545 0
7469 7465 0
154 153 0
92 97 0
3020 3022 0
8249 8251 0
6488 6491 0
8683 8680 0
1365 1367 0
2944 2949 0
113 108 0
2263 2262 0
945 948 0
1574 1573 0
6393 6396 0
8233 8238 0
2109 2108 0
7494 7489 0
3786 3782 0
3037 3034 0
2932 2928 0
5169 5171 0
644 648 0
224 228 0
8199 8203 0
5697 5698 0
6921 6926 0
4246 4241 0
3300 3303 0
3556 3561 0
2088 2087 0
8325 8326 0
9773 9768 0
6637 6640 0
8797 8796 0
7566 7563 0
3831 3833 0
8311 8310 0
6430 6428 0
3105 3108 0
1178 1175 0
6808 6805 0
4401 4396 0
3409 3405 0
6935 6930 0
3144 3149 0
8941 8940 0
9901 9904 0
9144 9142 0
5222 5217 0
6703 6699 0
7975 7976 0
5972 5971 0
5838 5834 0
1084 1080 0
9084 9082 0
2224 2229 0
2401 2405 0
2965 2963 0
7476 7471 0
4702 4699 0
4326 4327 0
4545 4549 0
1082 1083 0
2125 2120 0
9271 9276 0
7673 7672 0
4424 4428 0
5369 5372 0
6599 6595 0
570 573 0
3543 3546 0
9246 9244 0
9378 9377 0
507 512 0
2654 2657 0
1759 1756 0
4252 4253 0
1655 1659 0
8533 8528 0
726 731 0
9807 9804 0
330 329 0
5290 5288 0
4233 4230 0
5422 5426 0
7016 7012 0
7453 7457 0
8296 8297 0
379 384 0
3536 3534 0
7972 7967 0
3756 3752 0
4115 4120 0
7711 7716 0
6600 6604 0
418 420 0
233 238 0
3955 3958 0
1649 1651 0
7144 7148 0
5609 5606 0
497 498 0
8984 8986 0
9484 9486 0
5617 5614 0
6494 6497 0
3940 3942 0
6358 6359 0
8413 8418 0
3517 3514 0
2335 2332 0
9643 9640 0
7133 7134 0
6866 6862 0
4291 4288 0
5487 5489 0
8599 8600 0
2924 2922 0
2196 2199 0
6979 6974 0
1770 1771 0
4229 4230 0
644 646 0
6337 6336 0
6476 6477 0
4857 4859 0
8750 8745 0
5218 5222 0
2351 2347 0
9766 9771 0
9343 9342 0
7702 7704 0
1235 1231 0
3598 3597 0
3272 3268 0
8608 8609 0
9663 9659 0
1038 1033 0
8838 8841 0
6418 6416 0
8263 8258 0
7025 7020 0
1314 1315 0
4741 4743 0
1559 1554 0
5464 5467 0
5395 5398 0
7342 7338 0
1460 1459 0
1185 1186 0
8543 8541 0
7973 7969 0
8015 8010 0
80 78 0
8058 8054 0
3049 3053 0
9417 9416 0
5648 5652 0
4770 4765 0
3831 3836 0
6723 6721 0
878 881 0
6438 6434 0
1535 1531 0
575 571 0
5829 5830 0
2447 2446 0
2181 2176 0
874 875 0
5518 5515 0
1589 1592 0
4476 4481 0
5653 5650 0
9143 9139 0
6448 6443 0
6697 6699 0
4635 4633 0
9759 9760 0
410 409 0
6366 6361 0
7639 7641 0
8447 8444 0
8206 8209 0
4803 4805 0
4280 4277 0
952 948 0
5755 5759 0
8090 8089 0
2342 2346 0
3854 3859 0
6393 6395 0
9039 9043 0
8465 8466 0
9904 9900 0
6560 6558 0
50 55 0
6283 6278 0
2343 2346 0
5939 5938 0
5331 5336 0
8007 8011 0
771 772 0
5896 5898 0
3063 3061 0
21 25 0
5339 5335 0
8261 8263 0
4237 4233 0
2055 2058 0
7550 7553 0
2640 2641 0
5010 5005 0
1291 1295 0
2231 2228 0
1014 1010 0
8495 8500 0
434 439 0
3459 3458 0
7250 7247 0
4651 4647 0
6798 6796 0
9472 9474 0
3187 3186 0
6552 6557 0
4197 4201 0
9744 9746 0
5311 5310 0
783 778 0
4093 4097 0
3682 3678 0
7739 7741 0
130 134 0
9393 9398 0
8585 8582 0
5048 5049 0
789 787 0
4895 4896 0
9071 9074 0
6703 6706 0
4566 4569 0
8903 8904 0
71 76 0
8960 8959 0
7979 7983 0
336 338 0
187 183 0
8934 8933 0
4501 4506 0
5038 5041 0
9058 9056 0
4624 4622 0
9152 9155 0
8472 8476 0
1177 1182 0
8770 8766 0
7847 7844 0
7003 6999 0
988 983 0
96 94 0
3892 3897 0
1396 1392 0
3819 3817 0
2579 2574 0
101 96 0
3662 3657 0
1945 1941 0
1810 1807 0
2439 2436 0
2045 2047 0
7184 7179 0
6763 6761 0
7412 7408 0
8442 8439 0
4210 4215 0
6287 6284 0
4930 4934 0
2906 2911 0
3634 3630 0
3478 3480 0
9403 9404 0
8910 8911 0
1939 1934 0
6303 6302 0
7157 7162 0
5527 5522 0
4916 4920 0
7242 7238 0
2946 2943 0
1402 1400 0
8567 8571 0
7217 7221 0
8395 8396 0
7075 7072 0
5803 5807 0
6541 6542 0
8467 8462 0
5693 5698 0
4969 4967 0
4521 4517 0
8087 8082 0
7173 7178 0
2963 2959 0
8046 8043 0
145 141 0
3475 3470 0
9232 9235 0
5861 5864 0
1277 1275 0
5297 5300 0
926 928 0
4029 4030 0
1386 1383 0
2883 2885 0
6428 6429 0
780 779 0
8210 8212 0
9250 9247 0
9371 9368 0
3334 3330 0
2108 2106 0
9746 9742 0
5941 5940 0
6321 6323 0
5697 5693 0
3619 3624 0
7008 7012 0
2320 2324 0
7643 7641 0
8661 8663 0
992 988 0
8886 8888 0
7625 7626 0
4665 4667 0
7854 7855 0
8574 8576 0
7439 7444 0
7046 7043 0
1169 1171 0
9453 9448 0
1169 1165 0
2104 2107 0
2907 2912 0
2860 2865 0
7338 7335 0
6507 6508 0
6083 6086 0
2701 2696 0
9140 9145 0
1314 1317 0
2710 2709 0
2258 2253 0
9326 9324 0
1789 1790 0
3602 3603 0
2585 2583 0
3238 3235 0
7538 7541 0
3475 3479 0
4959 4955 0
7386 7385 0
661 662 0
7883 7878 0
7070 7074 0
1293 1289 0
2738 2736 0
3678 3675 0
1919 1924 0
8719 8722 0
3529 3532 0
7255 7252 0
9748 9746 0
3199 3194 0
7551 7552 0
3939 3936 0
3167 3170 0
4881 4877 0
7682 7685 0
6964 6968 0
6430 6427 0
5707 5704 0
1818 1823 0
8911 8915 0
9472 9468 0
4654 4655 0
6095 6100 0
3347 3352 0
5403 5408 0
5457 5459 0
4800 4797 0
1229 1226 0
6598 6597 0
7182 7177 0
3990 3985 0
3202 3199 0
7801 7803 0
8166 8168 0
2719 2720 0
1398 1393 0
7245 7243 0
1401 1399 0
2190 2191 0
8928 8933 0
1779 1782 0
8217 8221 0
4777 4781 0
4626 4623 0
3052 3051 0
9426 9425 0
4020 4018 0
4162 4159 0
8918 8922 0
1724 1722 0
2430 2426 0
8266 8262 0
4009 4006 0
802 803 0
1946 1947 0
4343 4338 0
6240 6235 0
4264 4267 0
4507 4505 0
2921 2924 0
9065 9070 0
3825 3822 0
6251 6250 0
5925 5922 0
5784 5783 0
7433 7434 0
8190 8193 0
5796 5794 0
7253 7248 0
7204 7201 0
9619 9615 0
8409 8405 0
246 248 0
3651 3654 0
2546 2545 0
4034 4039 0
6183 6185 0
4311 4314 0
582 584 0
7380 7381 0
5002 4997 0
9463 9461 0
6161 6166 0
5064 5066 0
7983 7982 0
9127 9129 0
2195 2200 0
3962 3966 0
3516 3518 0
6673 6677 0
3991 3989 0
7263 7264 0
1420 1417 0
9098 9099 0
1996 1994 0
3857 3856 0
8890 8885 0
9129 9124 0
5759 5762 0
1213 1215 0
9022 9017 0
3316 3317 0
8342 8338 0
948 949 0
5150 5154 0
6905 6903 0
4728 4729 0
8842 8847 0
2270 2271 0
5241 5240 0
9968 9971 0
95 93 0
7034 7039 0
8404 8400 0
396 392 0
2662 2666 0
1576 1578 0
3470 3472 0
7328 7330 0
4082 4087 0
3189 3194 0
9209 9212 0
9686 9684 0
6501 6506 0
7149 7153 0
6740 6738 0
2627 2630 0
7126 7122 0
2916 2920 0
1517 1519 0
7635 7639 0
5368 5366 0
6644 6645 0
2693 2690 0
840 841 0
5590 5587 0
5228 5224 0
3116 3117 0
2028 2025 0
2697 2702 0
2551 2552 0
7853 7857 0
4588 4583 0
8571 8575 0
5407 5405 0
4948 4945 0
7808 7803 0
1770 1775 0
4920 4924 0
451 453 0
6444 6445 0
9878 9881 0
8885 8882 0
3147 3146 0
2354 2357 0
1796 1800 0
7665 7662 0
7415 7412 0
8953 8948 0
5202 5197 0
6317 6315 0
1928 1926 0
2179 2176 0
1585 1588 0
8635 8632 0
4075 4080 0
5219 5224 0
9797 9801 0
7681 7686 0
3565 3564 0
1279 1283 0
4879 4883 0
571 570 0
6151 6149 0
8443 8439 0
6416 6420 0
5162 5157 0
8646 8645 0
5019 5014 0
7956 7960 0
1899 1901 0
247 245 0
1073 1077 0
9957 9952 0
2636 2631 0
1544 1545 0
3659 3664 0
7669 7664 0
8256 8251 0
7800 7796 0
5992 5996 0
5111 5106 0
9509 9505 0
7936 7939 0
6776 6775 0
1826 1821 0
9940 9945 0
6126 6130 0
2456 2452 0
7885 7882 0
2931 2929 0
8370 8365 0
1805 1809 0
8254 8255 0
5784 5786 0
155 156 0
6306 6301 0
3351 3354 0
6495 6490 0
5530 5535 0
2460 2461 0
3730 3732 0
4971 4975 0
8850 8847 0
7207 7209 0
6161 6156 0
1358 1361 0
6598 6596 0
5650 5647 0
5971 5976 0
8586 8587 0
9454 9457 0
84 89 0
6456 6451 0
9394 9392 0
7578 7581 0
1254 1258 0
7287 7282 0
5303 5304 0
1313 1317 0
2956 2952 0
2446 2442 0
8305 8307 0
5813 5815 0
9193 9195 0
6858 6862 0
8968 8973 0
139 135 0
469 471 0
9879 9877 0
6598 6595 0
6989 6992 0
9473 9469 0
4176 4173 0
2390 2392 0
3594 3598 0
1494 1490 0
6412 6415 0
4886 4885 0
1767 1763 0
4943 4948 0
5661 5665 0
9957 9958 0
7151 7155 0
2628 2627 0
3205 3203 0
8993 8997 0
1163 1158 0
3154 3150 0
2457 2459 0
5471 5468 0
6163 6164 0
3963 3966 0
35 34 0
9328 9327 0
8932 8933 0
1509 1512 0
8074 8073 0
8130 8125 0
3015 3014 0
1331 1326 0
3746 3745 0
276 278 0
7460 7458 0
4702 4703 0
9179 9182 0
967 969 0
92 90 0
8787 8784 0
9083 9085 0
846 842 0
8170 8173 0
4406 4402 0
461 457 0
5483 5481 0
4010 4014 0
9067 9066 0
9695 9693 0
3425 3429 0
4010 4015 0
3337 3342 0
201 200 0
1917 1914 0
8658 8663 0
8066 8069 0
9185 9189 0
9987 9992 0
4289 4293 0
8773 8775 0
3139 3138 0
6863 6865 0
1089 1090 0
4913 4912 0
5387 5392 0
2110 2109 0
7019 7015 0
3188 3190 0
3311 3316 0
7544 7540 0
4090 4089 0
1944 1945 0
3944 3948 0
6813 6810 0
2611 2607 0
2837 2839 0
8829 8824 0
4942 4945 0
9531 9532 0
8497 8493 0
8935 8937 0
6110 6105 0
1236 1239 0
3956 3953 0
9688 9687 0
5193 5189 0
5002 4998 0
3081 3085 0
5072 5075 0
7249 7246 0
2038 2033 0
5394 5393 0
7575 7580 0
8164 8159 0
6980 6984 0
7347 7349 0
3588 3583 0
981 985 0
6469 6468 0
6962 6967 0
8493 8498 0
31 35 0
7942 7939 0
9858 9854 0
7652 7657 0
9665 9664 0
3635 3633 0
8182 8183 0
1639 1635 0
54 49 0
2057 2053 0
3412 3414 0
3915 3911 0
2309 2311 0
4265 4267 0
1028 1026 0
4988 4983 0
3449 3446 0
3317 3322 0
567 563 0
4133 4135 0
6214 6216 0
5477 5476 0
1136 1133 0
9843 9841 0
2734 2735 0
8088 8083 0
4550 4549 0
7451 7449 0
7570 7569 0
1017 1022 0
2785 2786 0
1060 1063 0
4008 4010 0
9612 9610 0
6097 6095 0
4362 4363 0
7143 7142 0
9258 9263 0
5497 5498 0
2803 2806 0
9207 9203 0
7494 7491 0
636 631 0
6522 6521 0
9434 9433 0
1839 1840 0
8809 8813 0
980 982 0
1765 1767 0
1974 1977 0
4473 4468 0
4752 4749 0
3977 3978 0
4331 4330 0
702 704 0
521 516 0
8124 8119 0
8298 8296 0
3360 3357 0
1045 1047 0
8962 8961 0
6648 6644 0
7555 7560 0
8058 8059 0
1885 1883 0
6338 6337 0
5443 5440 0
9097 9101 0
5308 5312 0
7724 7721 0
1537 1538 0
3744 3740 0
2495 2494 0
8733 8729 0
6446 6442 0
6311 6315 0
5238 5241 0
7878 7874 0
2626 2624 0
9717 9713 0
5240 5244 0
7561 7566 0
1571 1568 0
545 544 0
4126 4123 0
2301 2300 0
1942 1944 0
3643 3642 0
964 968 0
7358 7353 0
249 245 0
9177 9178 0
2758 2755 0
5913 5912 0
3430 3429 0
7634 7636 0
7567 7564 0
179 182 0
1985 1981 0
9138 9135 0
3305 3304 0
6625 6622 0
907 903 0
8970 8965 0
3841 3845 0
6421 6420 0
6573 6575 0
4040 4035 0
9375 9376 0
7600 7597 0
3904 3902 0
4527 4530 0
8668 8671 0
6530 6529 0
8141 8139 0
7455 7450 0
2880 2883 0
2549 2544 0
9701 9705 0
4194 4198 0
404 402 0
9412 9409 0
3376 3379 0
2162 2161 0
7369 7374 0
8101 8098 0
9569 9574 0
2560 2558 0
2431 2432 0
6610 6606 0
9570 9574 0
5024 5021 0
7129 7126 0
9234 9231 0
8018 8021 0
9126 9128 0
6745 6746 0
2906 2909 0
5469 5470 0
4373 4374 0
4071 4073 0
2563 2566 0
3844 3845 0
6940 6939 0
1828 1826 0
292 293 0
7404 7402 0
754 753 0
5706 5702 0
3078 3077 0
6112 6117 0
9906 9901 0
636 632 0
8031 8028 0
4356 4359 0
2525 2526 0
3043 3038 0
2446 2445 0
4607 4605 0
3641 3644 0
1049 1047 0
6702 6699 0
6182 6184 0
867 868 0
614 618 0
9579 9583 0
3331 3336 0
3017 3015 0
4473 4471 0
5434 5429 0
6290 6286 0
4591 4593 0
4847 4848 0
4456 4452 0
7811 7813 0
4017 4019 0
2985 2989 0
5817 5818 0
6071 6068 0
7514 7513 0
4851 4854 0
6691 6693 0
4900 4899 0
2639 2644 0
5926 5921 0
6870 6866 0
312 315 0
6082 6079 0
75 74 0
7705 7708 0
9241 9239 0
9741 9742 0
6767 6770 0
5419 5423 0
6548 6544 0
1507 1509 0
2155 2160 0
1181 1186 0
4175 4179 0
4140 4144 0
4854 4850 0
9307 9308 0
5184 5186 0
78 81 0
8167 8172 0
7829 7833 0
8275 8276 0
2851 2848 0
665 668 0
140 136 0
125 130 0
9869 9872 0
1716 1718 0
6165 6162 0
6542 6543 0
9930 9929 0
8801 8805 0
4906 4903 0
994 999 0
1694 1697 0
6923 6927 0
1303 1299 0
7846 7851 0
2746 2743 0
2372 2373 0
6882 6879 0
2582 2585 0
3450 3453 0
7987 7991 0
6512 6514 0
6711 6709 0
1158 1156 0
2913 2908 0
8149 8146 0
5596 5594 0
7111 7109 0
1229 1228 0
6125 6128 0
8965 8967 0
465 462 0
1082 1077 0
4114 4118 0
946 947 0
1190 1186 0
6947 6945 0
2595 2592 0
9512 9507 0
1189 1184 0
1380 1385 0
1358 1355 0
3875 3872 0
3488 3492 0
882 886 0
4404 4406 0
8370 8374 0
3037 3040 0
3997 3992 0
726 721 0
5897 5894 0
9045 9040 0
2955 2956 0
1210 1212 0
5886 5889 0
7917 7920 0
2654 2650 0
161 159 0
9252 9247 0
3129 3134 0
5464 5466 0
3095 3094 0
5391 5393 0
3354 3356 0
127 128 0
1372 1369 0
6055 6053 0
8224 8226 0
2942 2946 0
6326 6324 0
177 172 0
8247 8250 0
3290 3291 0
5199 5203 0
4313 4315 0
1125 1122 0
5328 5333 0
678 673 0
5737 5742 0
9556 9558 0
6453 6457 0
6 3 0
8380 8378 0
6403 6400 0
7983 7986 0
7004 7008 0
3617 3613 0
9897 9895 0
8532 8528 0
3028 3024 0
3670 3666 0
6732 6730 0
7544 7548 0
9098 9097 0
4401 4405 0
8005 8009 0
7412 7407 0
1955 1951 0
24 21 0
9876 9881 0
7270 7268 0
3846 3844 0
5534 5530 0
2272 2269 0
5661 5659 0
5915 5918 0
1227 1226 0
4489 4494 0
9616 9617 0
3660 3665 0
7962 7961 0
3500 3505 0
9557 9561 0
2684 2682 0
9536 9532 0
1916 1911 0
7744 7742 0
9017 9019 0
9743 9740 0
3121 3116 0
7426 7427 0
212 208 0
479 480 0
9842 9840 0
9103 9100 0
3773 3775 0
1018 1023 0
2703 2702 0
8837 8842 0
8481 8479 0
7695 7700 0
7539 7541 0
7467 7470 0
4824 4827 0
2378 2383 0
5845 5850 0
2756 2758 0
4157 4158 0
2136 2134 0
7169 7166 0
9714 9713 0
1628 1627 0
5380 5378 0
8911 8906 0
2235 2236 0
417 421 0
7944 7939 0
5021 5019 0
4745 4743 0
4462 4466 0
1221 1216 0
2353 2349 0
7586 7591 0
8305 8301 0
5460 5461 0
7051 7055 0
8008 5873 0
7269 7266 0
507 504 0
2609 2608 0
2606 2608 0
9383 9382 0
196 200 0
911 915 0
714 717 0
593 591 0
505 502 0
7096 7101 0
9273 9268 0
7995 7999 0
7366 7363 0
169 171 0
869 873 0
4171 4175 0
2459 2458 0
9273 9272 0
226 229 0
1359 1360 0
9912 9909 0
9247 9242 0
5100 5098 0
9617 9618 0
5091 5089 0
3088 3087 0
2612 2611 0
7885 7883 0
8131 8126 0
9326 9323 0
4975 4979 0
833 828 0
1359 1358 0
9140 9138 0
2741 2737 0
565 566 0
4876 4880 0
48 47 0
1191 1196 0
757 752 0
2710 2706 0
5531 5532 0
4820 4824 0
8500 8502 0
5294 5297 0
4962 4959 0
3660 3658 0
4374 4379 0
3434 3429 0
5940 5938 0
2103 2108 0
8020 8025 0
4834 4832 0
7885 7884 0
3357 3352 0
6298 6295 0
8658 8654 0
9574 9572 0
7256 7258 0
3323 3321 0
9404 9405 0
7223 7225 0
7858 7853 0
9660 9659 0
1168 1173 0
9195 9190 0
2236 2241 0
5054 5059 0
1813 1811 0
590 594 0
1874 1876 0
4679 4681 0
1516 1517 0
9026 9029 0
2519 2515 0
885 886 0
7432 7433 0
6987 6985 0
9110 9105 0
2769 2765 0
404 405 0
1872 1871 0
2323 2324 0
7445 7447 0
6836 6837 0
4451 4450 0
7947 7942 0
8255 8251 0
9300 9303 0
8861 8859 0
9832 9833 0
4479 4477 0
9672 9671 0
6520 6518 0
1435 1430 0
1897 1898 0
475 479 0
2461 2457 0
4926 4925 0
38 36 0
343 344 0
9421 9420 0
7503 7507 0
1356 1354 0
7947 7944 0
9917 9922 0
8411 8416 0
4652 4650 0
2295 2297 0
5608 5606 0
6622 6620 0
2997 3002 0
341 342 0
2564 2559 0
5634 5631 0
2248 2246 0
4787 4791 0
314 309 0
6119 6114 0
894 899 0
3760 3758 0
6604 6605 0
6968 6972 0
4444 4443 0
7582 7580 0
3232 3231 0
5965 5970 0
428 423 0
8872 8871 0
1114 1119 0
957 959 0
7831 7827 0
8959 8962 0
6714 6711 0
7568 7563 0
914 912 0
5602 5598 0
9343 9346 0
1787 1792 0
114 119 0
4836 4837 0
1028 1030 0
1905 1902 0
5330 5335 0
765 766 0
3979 3984 0
3917 3913 0
2282 2284 0
1662 1659 0
9031 9035 0
1099 1098 0
3646 3648 0
258 255 0
3136 3139 0
1662 1665 0
8274 8272 0
4787 4786 0
5597 5593 0
5154 5153 0
3945 3940 0
2104 2102 0
1578 1573 0
8305 8304 0
5931 5933 0
4025 4023 0
8032 8027 0
2066 2061 0
6044 6048 0
7300 7305 0
2413 2416 0
1611 1615 0
1736 1731 0
9470 9475 0
7514 7517 0
9062 9057 0
8499 8504 0
5443 5444 0
4534 4538 0
1797 1793 0
6192 6193 0
5338 5340 0
2024 2022 0
1146 1147 0
4191 4187 0
7508 7505 0
7445 7443 0
6524 6527 0
114 111 0
698 696 0
4078 4083 0
2033 2035 0
3203 3208 0
1019 1018 0
5306 5307 0
5309 5310 0
9723 9728 0
3711 3716 0
6926 6922 0
6084 6085 0
8586 8591 0
8131 8132 0
5899 5902 0
5083 5087 0
3652 3649 0
4053 4048 0
8147 8143 0
8013 8014 0
6175 6174 0
3195 3198 0
119 122 0
3631 3632 0
1497 1496 0
8905 8907 0
7632 7637 0
4001 4004 0
3722 3720 0
6029 6031 0
3155 3150 0
2403 2407 0
5754 5756 0
962 960 0
1813 1810 0
1871 1867 0
1739 1743 0
1736 1734 0
4796 4794 0
4423 4421 0
9956 9952 0
3752 3755 0
3744 3749 0
7425 7421 0
3168 3169 0
3896 3900 0
8233 8232 0
1015 1011 0
4599 4602 0
5809 5808 0
5460 5455 0
1527 1526 0
1281 1276 0
8677 8681 0
6152 6153 0
8527 8529 0
8302 8297 0
6689 6693 0
4683 4688 0
9117 9112 0
3655 3651 0
9364 9359 0
8656 8660 0
2605 2608 0
6240 6237 0
771 773 0
261 265 0
9360 9365 0
8765 8764 0
7350 7348 0
8186 8187 0
9085 9080 0
6632 6628 0
5301 5300 0
9769 9773 0
6237 6234 0
358 353 0
2140 2143 0
246 251 0
5047 5051 0
6341 6346 0
5818 5815 0
1507 1508 0
9683 9680 0
2896 2900 0
5757 5760 0
9557 9562 0
4309 4310 0
3219 3218 0
5811 5816 0
2650 2645 0
5190 5185 0
7057 7056 0
3735 3731 0
7056 7052 0
2872 2871 0
6007 6006 0
3826 3824 0
9587 9586 0
6392 6388 0
5826 5821 0
366 367 0
3237 3233 0
8951 8947 0
106 101 0
353 356 0
153 152 0
9228 9223 0
9252 9255 0
5321 5325 0
7992 7996 0
23 25 0
3847 3852 0
7136 7138 0
2127 2130 0
1396 1398 0
1312 1307 0
4513 4515 0
7961 7958 0
8019 8018 0
5565 5564 0
5812 5813 0
4279 4282 0
5543 5540 0
6689 6691 0
7702 7705 0
994 989 0
9765 9763 0
7695 7690 0
689 686 0
721 718 0
1732 1736 0
1250 1254 0
2140 2142 0
1584 1585 0
5856 5860 0
7669 7671 0
5486 5490 0
3767 3771 0
6265 6263 0
4317 4320 0
1530 1529 0
9918 9922 0
2483 2482 0
6799 6800 0
3083 3078 0
5166 5161 0
6131 6134 0
7058 7060 0
2506 2508 0
6646 6647 0
7974 7972 0
6415 6411 0
1803 1808 0
8863 8858 0
5868 5871 0
5281 5286 0
3403 3408 0
3786 3781 0
5632 5627 0
9532 9529 0
305 303 0
2428 2427 0
3297 3294 0
9389 9387 0
3529 3524 0
6924 6920 0
4091 4088 0
4926 4930 0
4937 4942 0
730 734 0
2554 2559 0
453 448 0
9789 9784 0
4594 4589 0
6169 6171 0
9867 9865 0
7509 7504 0
4073 4069 0
9175 9178 0
6249 6253 0
8013 8015 0
6248 6243 0
1613 1617 0
3439 3435 0
2185 2186 0
3866 3861 0
2288 2285 0
158 159 0
2320 2323 0
6886 6885 0
3104 3108 0
9653 9655 0
1420 1418 0
6158 6157 0
6741 6743 0
3778 3775 0
9592 9594 0
6220 6224 0
8564 8562 0
5471 5475 0
1582 1579 0
1107 1108 0
2679 2682 0
7602 7607 0
6602 6597 0
2303 2301 0
6946 6949 0
4996 5000 0
2111 2113 0
5595 5599 0
364 369 0
328 332 0
1701 1697 0
4432 4437 0
6605 6602 0
6203 6200 0
8098 8093 0
9520 9524 0
6247 6246 0
2678 2676 0
4278 4274 0
4680 4685 0
8412 8407 0
4158 4159 0
5751 5748 0
263 260 0
6833 6830 0
9274 9278 0
847 852 0
9930 9935 0
5954 5950 0
6621 6623 0
6233 6229 0
3174 3172 0
228 223 0
5609 5611 0
9428 9433 0
2577 2572 0
8780 8778 0
6495 6499 0
3052 3057 0
7199 7204 0
2714 2717 0
3789 3787 0
1569 1573 0
7662 7658 0
1428 1427 0
592 595 0
7010 7012 0
5123 5118 0
4916 4914 0
4547 4550 0
5722 5717 0
4208 4213 0
1155 1158 0
714 712 0
4873 4872 0
4177 4180 0
1748 1749 0
7849 7844 0
8724 8723 0
849 847 0
2124 2122 0
3220 3222 0
9969 9966 0
1101 1106 0
6646 6644 0
7077 7078 0
7062 7061 0
4158 4156 0
742 740 0
1318 1316 0
8977 8980 0
7922 7925 0
3709 3714 0
2114 2117 0
4819 4823 0
1651 1655 0
1302 1305 0
1065 1066 0
4137 4140 0
4710 4715 0
5950 5951 0
535 533 0
4365 4369 0
2015 2019 0
8333 8331 0
849 853 0
6437 6440 0
4908 4911 0
3525 3526 0
4610 4608 0
8014 8019 0
4289 4288 0
5769 5772 0
6009 6013 0
3623 3627 0
2614 2618 0
4303 4302 0
7544 7539 0
5502 5497 0
7860 7858 0
4068 4069 0
1706 1704 0
781 783 0
8196 8197 0
2951 2950 0
5551 5555 0
9823 9828 0
4324 4329 0
6426 6425 0
1794 1790 0
8333 8336 0
6440 6438 0
4042 4046 0
2303 2298 0
9098 9094 0
2790 2792 0
4614 4610 0
4058 4056 0
9096 9099 0
9265 9261 0
3972 3970 0
8144 8148 0
8577 8582 0
4679 4678 0
1230 1232 0
7179 7176 0
1886 1887 0
7031 7028 0
6017 6012 0
809 812 0
2418 2413 0
7594 7589 0
7411 7409 0
2204 2205 0
8293 8298 0
9984 9983 0
6820 6825 0
9024 9023 0
9123 9122 0
1039 1035 0
83 87 0
9889 9893 0
2336 2332 0
2060 2056 0
7919 7921 0
9568 9572 0
5588 5591 0
541 537 0
8058 8062 0
9439 9441 0
3123 3128 0
8268 8271 0
1109 1107 0
6485 6489 0
6144 6142 0
9 5 0
7934 7936 0
5430 5429 0
3084 3082 0
5416 5419 0
3646 3645 0
2117 2122 0
490 485 0
9773 9771 0
6636 6637 0
4791 4790 0
7556 7557 0
1004 1008 0
5806 5810 0
6144 6147 0
9221 9218 0
7913 7917 0
7996 7998 0
4893 4889 0
3684 3682 0
5234 5233 0
1972 1973 0
2129 2132 0
5284 5288 0
6286 6282 0
7131 7129 0
1704 1700 0
1725 1720 0
1430 1426 0
8473 8475 0
2555 2551 0
6815 6817 0
3748 3753 0
1687 1683 0
3072 3076 0
3889 3893 0
8261 8258 0
7748 7751 0
1153 1151 0
2839 2838 0
6038 6037 0
8634 8630 0
4769 4773 0
4038 4034 0
9612 9607 0
9842 9843 0
9482 9478 0
5510 5515 0
5527 5529 0
6344 6339 0
567 572 0
4585 4586 0
2300 2296 0
7794 7793 0
1890 1885 0
4511 4515 0
172 176 0
9185 9182 0
5236 5233 0
7023 7026 0
6316 6313 0
5026 5024 0
6067 6066 0
7693 7689 0
2573 2570 0
5750 5749 0
4380 4375 0
2415 2418 0
5458 5461 0
4392 4391 0
4491 4495 0
4493 4496 0
8664 8667 0
6855 6856 0
6286 6287 0
6674 6678 0
2415 2420 0
444 441 0
388 385 0
8028 8023 0
232 236 0
9343 9344 0
9429 9425 0
2017 2015 0
4676 4679 0
444 446 0
3426 3421 0
2119 2123 0
2014 2017 0
9030 9032 0
7937 7942 0
542 537 0
245 242 0
1088 1087 0
8753 8750 0
7350 7345 0
1988 1984 0
1400 1405 0
1661 1658 0
7709 7713 0
2094 2095 0
8932 8929 0
5686 5681 0
9870 9869 0
4784 4779 0
8474 8469 0
4839 4843 0
6826 6821 0
7334 7330 0
2224 2225 0
2893 2892 0
2588 2592 0
2312 2316 0
1567 1572 0
9021 9026 0
9828 9832 0
4166 4162 0
1838 1835 0
9718 9723 0
4423 4426 0
8451 8450 0
4113 4118 0
5488 5486 0
8606 8609 0
9613 9617 0
1035 1033 0
5748 5743 0
8846 8843 0
6311 6307 0
1282 1281 0
1863 1858 0
9554 9557 0
2685 2683 0
2655 2656 0
3493 3489 0
6625 6623 0
12 7 0
2712 2708 0
1302 1299 0
9222 9226 0
307 303 0
142 144 0
9365 9362 0
869 866 0
8908 8907 0
9712 9710 0
3342 3339 0
8583 8582 0
424 421 0
4506 4502 0
530 532 0
2599 2601 0
8652 8655 0
3849 3854 0
240 243 0
6111 6107 0
4861 4863 0
8329 8332 0
852 853 0
2207 2208 0
1261 1259 0
3002 2998 0
7028 7027 0
602 606 0
4621 4622 0
8389 8386 0
3343 3346 0
7376 7378 0
5824 5826 0
8411 8413 0
1707 1711 0
4083 4082 0
3875 3874 0
3145 3143 0
2460 2455 0
913 908 0
605 608 0
4447 4442 0
2834 2839 0
9101 9104 0
3463 3462 0
1541 1537 0
6756 6761 0
738 739 0
4070 4074 0
2784 2780 0
9975 9976 0
7205 7203 0
9152 9157 0
2112 2108 0
1272 1271 0
5713 5715 0
6248 6251 0
4589 4587 0
6166 6167 0
8710 8715 0
9234 9235 0
521 519 0
7219 7222 0
9471 9468 0
1696 1697 0
9551 9554 0
1378 1375 0
1636 1631 0
3947 3946 0
5210 5208 0
7567 7568 0
1468 1470 0
9747 9748 0
8979 8978 0
8589 8588 0
3914 3909 0
3155 3156 0
6287 6288 0
599 597 0
6764 6762 0
6715 6712 0
1580 1575 0
5052 5048 0
9448 9445 0
8010 8005 0
1259 1257 0
7020 7019 0
446 449 0
9454 9449 0
2901 2904 0
542 539 0
6741 6739 0
1751 1753 0
2369 2370 0
3108 3110 0
9393 9397 0
2175 2173 0
8216 8219 0
1481 1480 0
6275 6274 0
2927 2932 0
960 961 0
4273 4269 0
5333 5335 0
9441 9438 0
4461 4464 0
2154 2149 0
9312 9314 0
7521 7518 0
4356 4360 0
6812 6814 0
3296 3299 0
5577 5575 0
8981 8976 0
2596 2591 0
3747 3751 0
9077 9075 0
3871 3866 0
6595 6593 0
8623 8618 0
2663 2665 0
9826 9823 0
1222 1224 0
4772 4776 0
8477 8479 0
5753 5755 0
786 791 0
3487 3485 0
7248 7244 0
4289 4285 0
8459 8458 0
8949 8947 0
8704 8702 0
9267 9263 0
4413 4415 0
9217 9216 0
8283 8279 0
2489 2488 0
9003 8999 0
7761 7764 0
739 744 0
9214 9217 0
7637 7639 0
7251 7250 0
4584 4583 0
5482 5481 0
7949 7950 0
2776 2781 0
6636 6638 0
6343 6345 0
1359 1357 0
1406 1402 0
8892 8895 0
3685 3690 0
1767 1762 0
9872 9873 0
1651 1647 0
182 181 0
1989 1991 0
9424 9427 0
8665 8667 0
3696 3695 0
3027 3032 0
7699 7700 0
2992 2988 0
5357 5355 0
7854 7858 0
3393 3395 0
1296 1300 0
448 443 0
5107 5111 0
4722 4721 0
1149 1145 0
4213 4212 0
1045 1049 0
4965 4960 0
7706 7701 0
2871 2874 0
3391 3396 0
110 105 0
5680 5681 0
7236 7235 0
5442 5443 0
4008 4009 0
7584 7580 0
2950 2948 0
3242 3240 0
3241 3240 0
4022 4017 0
350 345 0
4572 4571 0
5035 5038 0
1127 1130 0
2665 2667 0
7048 7045 0
8968 8970 0
9782 9778 0
1493 1495 0
1083 1081 0
3020 3018 0
4999 4996 0
7238 7241 0
9127 9130 0
8354 8352 0
2239 2241 0
4965 4964 0
6486 6482 0
4331 4334 0
9248 9250 0
953 958 0
6599 6597 0
9089 9088 0
9605 9606 0
9986 9982 0
3655 3659 0
8111 8115 0
3708 3706 0
9396 9399 0
1343 1341 0
923 921 0
7502 7506 0
3364 3367 0
5339 5340 0
4751 4747 0
9315 9314 0
823 824 0
391 392 0
8146 8147 0
2659 2656 0
1614 1615 0
3785 3781 0
8825 8830 0
2615 2610 0
540 543 0
1485 1487 0
7926 7923 0
2885 2886 0
2758 2761 0
7764 7759 0
4196 4192 0
723 721 0
9052 9047 0
8596 8598 0
356 358 0
7613 7610 0
6599 6602 0
7653 7657 0
5745 5748 0
7302 7300 0
3233 3234 0
834 835 0
8964 8961 0
8732 8728 0
845 850 0
8944 8946 0
7939 7934 0
9115 9110 0
4800 4803 0
113 114 0
804 806 0
5942 5944 0
9209 9214 0
3821 3825 0
7666 7667 0
1128 1125 0
1920 1924 0
7213 7208 0
717 715 0
4910 4914 0
7333 7336 0
9537 9540 0
4656 4653 0
948 950 0
4296 4291 0
1256 1261 0
9673 9671 0
3915 3914 0
9527 9525 0
9412 9413 0
6216 6211 0
6566 6563 0
7785 7786 0
8544 8548 0
3341 3336 0
2720 2716 0
8649 8651 0
2862 2859 0
1431 1430 0
5966 5961 0
2288 2283 0
4222 4217 0
1824 1827 0
697 700 0
1083 1086 0
8657 8654 0
7698 7700 0
2625 2621 0
5863 5864 0
7839 7838 0
3070 3075 0
6259 6261 0
5893 5898 0
8512 8514 0
9672 9673 0
9074 9069 0
646 651 0
8669 8670 0
8370 8372 0
7381 7385 0
7226 7227 0
2347 2346 0
8245 8241 0
1421 1417 0
9609 9604 0
4898 4901 0
3572 3574 0
4825 4829 0
486 482 0
4521 4519 0
2700 2695 0
9131 9133 0
120 121 0
497 496 0
3 4 0
963 968 0
2991 2993 0
5289 5290 0
2507 2504 0
9693 9694 0
8548 8552 0
9936 9938 0
6594 6599 0
9030 9027 0
2000 1997 0
1711 1709 0
4970 4969 0
9410 9412 0
7707 7711 0
7503 7504 0
9275 9274 0
6933 6932 0
1056 1055 0
6743 6739 0
2750 2754 0
7597 7601 0
7250 7254 0
5906 5904 0
9532 9528 0
5500 5498 0
5336 5341 0
1953 1950 0
3192 3189 0
5450 5448 0
6731 6728 0
8649 8653 0
9402 9397 0
9440 9442 0
5489 5485 0
7459 7464 0
2510 2505 0
9476 9474 0
3753 3756 0
452 454 0
5060 5063 0
2220 2218 0
4096 4091 0
311 316 0
4767 4763 0
6123 6121 0
1936 1932 0
9169 9173 0
4055 4056 0
875 872 0
2546 2549 0
5323 5327 0
8958 8956 0
6312 6316 0
4801 4806 0
8942 8941 0
4530 4526 0
6058 6054 0
4193 4190 0
2984 2985 0
6713 6716 0
3851 3846 0
6167 6163 0
869 865 0
6673 6671 0
5586 5588 0
3594 3589 0
5078 5074 0
6793 6788 0
911 906 0
6006 6002 0
7608 7610 0
1719 1716 0
851 853 0
8773 8777 0
4639 4634 0
802 798 0
9520 9515 0
2702 2707 0
24 20 0
5155 5160 0
4449 4447 0
9537 9534 0
3269 3274 0
645 648 0
7186 7187 0
484 485 0
2522 2524 0
1681 1686 0
647 643 0
8228 8224 0
2401 2398 0
3011 3012 0
1755 1750 0
7560 7559 0
38 42 0
9245 9244 0
584 581 0
9198 9199 0
1672 1668 0
9321 9319 0
7763 7764 0
5242 5246 0
4194 4195 0
970 971 0
9450 9452 0
4534 4529 0
7532 7528 0
7899 7903 0
3267 3271 0
4240 4236 0
8613 8618 0
8001 8004 0
941 946 0
2783 2779 0
8080 8075 0
49 53 0
7497 7493 0
6925 6920 0
1083 1088 0
374 373 0
424 428 0
7890 7887 0
2237 2239 0
7962 7959 0
7794 7797 0
3345 3340 0
6815 6812 0
2029 2032 0
2616 2617 0
1540 1535 0
8036 8038 0
5032 5031 0
6589 6592 0
2677 2681 0
3118 3115 0
5497 5496 0
7158 7153 0
1118 1122 0
4554 4559 0
7692 7687 0
4929 4934 0
9453 9451 0
7462 7465 0
5065 5067 0
1537 1533 0
7824 7829 0
8409 8404 0
1693 1688 0
8076 8078 0
8714 8710 0
7615 7618 0
3668 3673 0
9700 9705 0
9341 9339 0
8399 8395 0
3549 3550 0
9983 9982 0
7010 7011 0
9369 9370 0
2712 2709 0
9580 9576 0
8410 8407 0
2357 2362 0
9019 9024 0
3159 3161 0
4385 4390 0
6057 6058 0
7122 7124 0
7697 7700 0
8923 8926 0
1272 1277 0
9254 9252 0
7036 7033 0
4478 4479 0
8454 8456 0
5647 5651 0
6187 6182 0
7902 7900 0
1341 1344 0
390 386 0
2330 2335 0
4944 4942 0
6142 6146 0
392 397 0
9181 9179 0
1638 1633 0
2219 2218 0
7053 7050 0
8871 8870 0
5491 5486 0
3679 3675 0
9397 9394 0
8288 8289 0
8782 8778 0
4971 4967 0
6605 6601 0
2375 2378 0
847 842 0
9921 9922 0
637 638 0
1185 1190 0
2536 2541 0
6539 6540 0
2255 2258 0
7417 7419 0
416 419 0
1115 1112 0
5112 5113 0
182 185 0
9415 9416 0
2019 2021 0
708 713 0
9322 9325 0
6190 6188 0
4745 4740 0
9130 9134 0
1436 1434 0
4835 4839 0
7378 7381 0
3486 3483 0
1309 1308 0
7382 7378 0
8248 8247 0
3486 3484 0
8365 8362 0
1947 1945 0
9340 9336 0
3165 3168 0
6878 6881 0
5048 5053 0
9939 9935 0
7354 7357 0
2798 2796 0
9385 9382 0
7167 7162 0
6202 6203 0
5445 5440 0
1328 1330 0
3032 3037 0
8549 8545 0
1033 1032 0
4836 4833 0
452 451 0
5489 5491 0
4460 4458 0
2435 2431 0
2768 2772 0
6258 6255 0
7643 7639 0
8382 8383 0
1167 1171 0
5198 5199 0
7697 7702 0
5261 5263 0
1303 1306 0
9480 9475 0
8366 8371 0
747 748 0
3388 3389 0
1559 1557 0
5675 5671 0
7979 7975 0
3629 3624 0
7326 7331 0
9762 9757 0
4732 4730 0
5920 5925 0
8246 8248 0
7179 7175 0
3637 3642 0
4597 4592 0
4836 4841 0
1531 1530 0
1188 1189 0
1039 1038 0
6073 6075 0
206 201 0
6799 6794 0
7754 7757 0
9017 9015 0
7328 7323 0
3577 3572 0
4701 4696 0
9101 9103 0
2471 2470 0
4774 4769 0
3866 3863 0
7023 7025 0
5918 5914 0
6354 6358 0
4601 4599 0
6779 6782 0
1432 1436 0
2420 2417 0
457 462 0
2685 2688 0
9545 9550 0
6589 6590 0
2365 2361 0
9602 9598 0
4187 4190 0
6511 6514 0
4753 4750 0
6498 6501 0
4757 4759 0
3891 3895 0
3100 3098 0
1848 1853 0
7556 7558 0
1376 1381 0
1300 1301 0
3920 3924 0
2944 2945 0
7995 7997 0
7048 7052 0
3245 3246 0
9348 9350 0
5610 5613 0
6756 6754 0
283 287 0
9884 9880 0
9022 9018 0
9902 9901 0
2971 2966 0
7200 7202 0
6909 6907 0
1446 1447 0
8822 8817 0
4523 4519 0
5796 5795 0
7488 7483 0
8507 8505 0
9340 9343 0
6377 6381 0
143 146 0
9324 9319 0
4150 4149 0
1816 1820 0
5535 5536 0
7512 7515 0
2097 2096 0
1246 1245 0
7456 7460 0
140 138 0
5269 5268 0
2139 2134 0
7347 7350 0
3399 3397 0
8536 8532 0
575 576 0
2808 2809 0
6151 6154 0
1889 1894 0
4236 4241 0
9003 9000 0
125 129 0
8857 8854 0
1199 1194 0
3065 3066 0
8749 8746 0
5125 5123 0
6978 6976 0
2006 2004 0
3132 3136 0
4453 4451 0
4522 4523 0
6664 6669 0
1856 1861 0
8137 8138 0
3962 3959 0
4390 4395 0
2921 2920 0
9799 9798 0
628 631 0
3355 3353 0
6486 6490 0
645 642 0
3884 3887 0
7395 7397 0
8346 8351 0
209 210 0
2010 2014 0
3604 3609 0
3204 3205 0
3936 3934 0
4758 4756 0
1310 1311 0
1356 1359 0
3994 3996 0
5951 5949 0
2714 2709 0
3206 3205 0
4068 4067 0
3498 3500 0
9554 9549 0
1208 1207 0
4172 4168 0
5770 5767 0
3285 3280 0
6898 6903 0
8759 8763 0
1369 1365 0
8430 8425 0
4109 4108 0
4698 4703 0
1657 1659 0
5980 5976 0
6219 6215 0
6374 6375 0
698 693 0
6645 6649 0
4714 4711 0
6529 6524 0
3728 3727 0
9004 9001 0
2841 2846 0
5723 5727 0
1834 1832 0
1436 1437 0
9299 9294 0
3093 3098 0
5866 5867 0
6341 6340 0
5215 5220 0
2089 2088 0
2607 2608 0
9155 9151 0
5934 5931 0
6863 6859 0
1702 1698 0
4345 4340 0
1741 1745 0
6257 6252 0
7542 7543 0
8089 8093 0
1991 1993 0
8967 8969 0
8035 8039 0
9460 9462 0
4288 4290 0
2118 2122 0
620 616 0
9521 9525 0
9177 9179 0
1392 1387 0
1405 1401 0
9749 9751 0
5991 5996 0
3131 3134 0
7140 7138 0
640 639 0
4228 4223 0
81 85 0
9875 9874 0
8529 8534 0
1963 1967 0
7449 7453 0
3606 3611 0
9061 9060 0
792 797 0
2828 2824 0
2330 2327 0
6781 6783 0
7985 7986 0
232 227 0
3763 3761 0
334 335 0
8135 8137 0
5685 5682 0
9933 9929 0
9783 9782 0
2887 2892 0
6560 6557 0
7633 7629 0
2089 2085 0
6463 6467 0
318 314 0
2371 2366 0
8765 8766 0
1704 1708 0
9137 9140 0
6496 6493 0
9366 9371 0
8429 8434 0
1445 1450 0
3992 3996 0
9015 9010 0
3066 3071 0
8179 8181 0
7215 7219 0
2377 2375 0
8769 8768 0
5455 5459 0
7075 7074 0
999 996 0
9309 9312 0
3722 3718 0
6895 6893 0
3862 3866 0
2607 2606 0
43 47 0
6541 6543 0
775 776 0
9244 9249 0
4642 4639 0
747 750 0
7317 7320 0
8650 8649 0
8672 8676 0
3918 3921 0
2230 2232 0
2947 2946 0
4366 4370 0
1741 1744 0
8171 8170 0
5482 5483 0
4988 4986 0
233 231 0
7312 7314 0
8221 8225 0
5117 5118 0
7739 7744 0
7176 7174 0
470 467 0
2209 2207 0
2707 2708 0
8756 8755 0
5252 5247 0
7638 7636 0
7034 7038 0
457 453 0
8895 8896 0
3954 3953 0
3881 3886 0
8598 8603 0
6119 6122 0
3643 3647 0
5050 5048 0
6631 6634 0
1643 1645 0
8135 8130 0
9334 9332 0
8402 8397 0
5396 5398 0
2818 2817 0
5005 5007 0
7704 7705 0
8653 8655 0
8936 8931 0
5485 5481 0
3821 3817 0
4350 4347 0
8708 8713 0
4749 4744 0
2025 2024 0
4638 4642 0
6594 6592 0
355 357 0
5566 5565 0
6968 6963 0
4743 4742 0
9733 9737 0
5659 5663 0
7399 7402 0
8312 8310 0
7829 7830 0
7669 7666 0
9561 9556 0
5025 5022 0
2811 2807 0
7666 7661 0
4003 3998 0
9219 9220 0
1447 1451 0
4922 4919 0
7872 7869 0
5440 5437 0
8333 8337 0
3749 3747 0
7522 7523 0
8272 8269 0
9407 9410 0
366 365 0
7145 7146 0
9905 9906 0
5539 5543 0
205 208 0
4391 4393 0
5688 5691 0
126 128 0
7706 7707 0
5501 5498 0
7878 7876 0
422 424 0
2860 2861 0
6915 6912 0
2623 2628 0
2452 2453 0
213 216 0
9816 9819 0
3810 3812 0
7300 7299 0
1256 1260 0
4543 4538 0
8163 8162 0
5911 5910 0
4615 4620 0
8743 8742 0
2783 2778 0
4312 4309 0
2849 2848 0
3925 3920 0
4216 4214 0
3665 3662 0
1922 1921 0
4070 4067 0
3810 3808 0
7623 7627 0
818 813 0
187 184 0
8510 8509 0
8894 8890 0
3915 3913 0
6054 6051 0
8167 8169 0
6718 6722 0
3394 3398 0
8077 8075 0
7931 7928 0
5016 5019 0
5141 5145 0
9866 9862 0
6847 6846 0
3652 3647 0
2044 2049 0
8628 8629 0
2493 2496 0
3748 3752 0
8112 8109 0
7096 7100 0
3953 3957 0
9959 9961 0
8933 8936 0
7651 7648 0
3776 3774 0
8024 8022 0
4003 3999 0
1735 1731 0
8714 8712 0
2054 2056 0
1138 1135 0
1349 1346 0
9767 9770 0
611 614 0
6340 6336 0
3773 3778 0
109 113 0
3729 3734 0
6029 6025 0
3420 3425 0
5627 5629 0
3300 3297 0
61 56 0
4452 4447 0
8582 8579 0
7204 7206 0
324 319 0
5709 5704 0
3062 3061 0
9961 9960 0
2928 2931 0
5376 5378 0
5357 5354 0
6639 6634 0
2146 2142 0
9262 9259 0
3024 3026 0
143 147 0
8012 8017 0
450 446 0
7224 7223 0
7564 7566 0
1420 1415 0
8835 8839 0
1906 1902 0
6513 6514 0
7740 7745 0
6142 6139 0
8181 8182 0
1067 1069 0
7494 7496 0
96 95 0
2138 2139 0
9205 9204 0
4694 4691 0
8964 8969 0
6098 6093 0
3796 3801 0
8157 8152 0
3057 3056 0
1166 1163 0
3267 3262 0
847 844 0
5144 5140 0
7162 7160 0
6537 6540 0
5782 5780 0
5063 5064 0
9610 9607 0
4303 4305 0
995 999 0
3930 3928 0
4086 4085 0
6737 6739 0
8125 8128 0
4872 4867 0
819 816 0
6517 6514 0
2979 2977 0
7535 7530 0
6123 6122 0
7649 7648 0
3214 3212 0
9400 9398 0
2662 2664 0
3734 3733 0
3583 3581 0
7687 7688 0
5011 5008 0
2725 2720 0
9552 9554 0
8833 8838 0
3083 3082 0
7076 7074 0
5413 5414 0
8959 8957 0
5840 5835 0
8574 8578 0
88 91 0
4732 4729 0
3292 3296 0
9621 9619 0
5898 5902 0
5540 5539 0
2870 2868 0
9409 9408 0
9979 9981 0
3039 3035 0
6765 6768 0
3808 3813 0
9874 9878 0
9422 9423 0
8052 8050 0
3691 3690 0
274 273 0
3261 3259 0
6844 6849 0
9368 9370 0
4255 4253 0
1576 1572 0
8224 8221 0
7140 7144 0
4107 4106 0
517 520 0
8224 8219 0
9125 9126 0
8126 8123 0
2065 2062 0
1779 1774 0
3697 3693 0
5192 5189 0
79 84 0
6569 6573 0
4792 4793 0
1987 1986 0
4803 4808 0
4701 4699 0
576 577 0
1398 1397 0
6747 6748 0
6660 6664 0
7551 7554 0
9078 9074 0
1911 1913 0
5561 5558 0
429 432 0
8902 8906 0
2415 2412 0
9889 9888 0
937 940 0
4557 4554 0
4348 4353 0
255 251 0
2017 2018 0
3596 3595 0
5326 5330 0
6130 6127 0
3061 3066 0
7850 7848 0
2213 2209 0
3273 3271 0
7140 7145 0
481 478 0
820 818 0
1804 1799 0
1542 1538 0
9779 9783 0
5129 5128 0
6167 6172 0
3648 3651 0
4775 4776 0
7837 7833 0
487 491 0
5576 5581 0
1749 1746 0
8269 8266 0
56 52 0
9061 9056 0
7693 7694 0
5345 5341 0
5993 5989 0
8571 8572 0
7320 7321 0
694 690 0
2730 2726 0
6470 6472 0
4164 4169 0
39 35 0
4232 4227 0
924 927 0
5845 5842 0
3112 3117 0
8401 8404 0
5659 5656 0
5031 5034 0
5484 5485 0
1879 1884 0
8266 8261 0
7909 7904 0
6766 6768 0
7355 7353 0
7166 7164 0
4623 4622 0
4469 4473 0
1685 1690 0
2738 2743 0
2553 2550 0
6700 6705 0
8848 8846 0
7141 7144 0
8067 8066 0
4812 4813 0
9251 9256 0
3205 3201 0
7739 7742 0
9867 9862 0
5756 5761 0
6770 6774 0
488 493 0
3506 3508 0
7060 7064 0
3506 3510 0
5540 5535 0
7046 7051 0
3055 3054 0
8476 8475 0
6206 6207 0
9483 9478 0
4056 4052 0
6777 6773 0
6191 6186 0
4566 4567 0
2167 2170 0
2813 2817 0
7485 7483 0
3912 3910 0
1784 1788 0
6751 6752 0
354 350 0
124 119 0
1161 1163 0
9719 9718 0
5694 5693 0
2626 2631 0
2527 2531 0
8651 8648 0
6888 6887 0
9548 9549 0
1291 1287 0
4077 4072 0
1687 1682 0
165 163 0
3583 3584 0
8710 8708 0
433 437 0
9062 9061 0
37 41 0
6283 6288 0
5568 5565 0
981 984 0
4874 4878 0
4353 4355 0
8768 8767 0
8779 8780 0
3326 3324 0
4853 4848 0
691 690 0
6301 6296 0
910 905 0
2672 2677 0
9650 9648 0
4206 4211 0
4505 4506 0
1834 1829 0
2770 2767 0
4278 4281 0
6201 6205 0
9862 9864 0
6574 6572 0
7258 7262 0
5218 5223 0
3468 3467 0
3243 3239 0
8905 8901 0
5329 5326 0
5184 5181 0
7411 7408 0
4609 4604 0
1599 1603 0
4408 4403 0
2793 2797 0
426 430 0
2412 2416 0
3016 3019 0
1728 1725 0
1055 1050 0
5553 5557 0
9821 9820 0
2907 2906 0
8933 8930 0
6757 6752 0
3851 3848 0
3765 3770 0
3267 3268 0
1502 1499 0
5505 5506 0
4310 4311 0
8793 8797 0
5154 5151 0
9787 9783 0
7534 7529 0
6834 6835 0
6650 6654 0
779 782 0
7037 7035 0
6153 6157 0
2230 2233 0
6653 6648 0
3804 3799 0
8566 8568 0
5066 5063 0
1617 1619 0
2785 2790 0
7529 7526 0
1728 1726 0
4524 4523 0
288 290 0
7958 7954 0
1482 1479 0
2902 2899 0
3203 3200 0
3485 3480 0
1789 1791 0
9122 9119 0
8879 8874 0
1077 1076 0
8550 8549 0
6234 6238 0
6628 6627 0
8033 8029 0
7377 7381 0
8347 8344 0
3720 3723 0
8807 8804 0
3248 3249 0
3974 3969 0
7054 7050 0
4018 4015 0
6396 6400 0
8117 8112 0
2159 2161 0
5559 5557 0
2162 2167 0
9837 9832 0
8295 8290 0
266 270 0
3004 3007 0
9550 9555 0
6065 6070 0
150 152 0
1262 1265 0
4595 4591 0
1153 1156 0
3340 3339 0
2706 2703 0
9279 9278 0
2316 2311 0
6006 6003 0
5942 5946 0
4640 4635 0
7409 7407 0
1088 1086 0
8530 8526 0
9864 9859 0
4936 4934 0
3965 3969 0
6374 6373 0
9343 9339 0
8 6 0
1226 1231 0
5323 5319 0
2673 2675 0
1507 1504 0
4394 4397 0
7418 7414 0
6776 6771 0
3010 3005 0
7778 7773 0
2862 2864 0
5988 5984 0
8406 8403 0
5263 5265 0
3504 3509 0
545 548 0
4967 4972 0
2749 2754 0
9835 9840 0
4338 4336 0
5119 5116 0
1662 1663 0
6627 6625 0
7673 7668 0
989 991 0
2761 2764 0
402 397 0
9649 9647 0
6937 6934 0
2001 1996 0
2881 2878 0
3061 3065 0
3303 3302 0
488 485 0
7543 7538 0
5485 5487 0
7670 7673 0
8116 8112 0
9939 9944 0
1989 1988 0
6253 6252 0
4879 4880 0
6450 6449 0
3352 3354 0
5219 5217 0
7134 7131 0
8532 8533 0
2813 2818 0
6196 6201 0
7203 7202 0
1250 1252 0
6706 6704 0
1841 1836 0
178 180 0
1246 1241 0
8214 8211 0
5386 5391 0
8945 8941 0
1337 1332 0
4474 4477 0
588 592 0
6334 6336 0
4847 4849 0
5715 5711 0
8017 8021 0
7959 7956 0
7810 7812 0
3872 3877 0
8033 8036 0
988 989 0
5775 5772 0
5177 5173 0
2937 2941 0
9376 9381 0
2142 2139 0
2304 2305 0
7542 7537 0
9253 9250 0
8373 8377 0
2177 2173 0
1215 1218 0
7235 7234 0
1110 1109 0
1193 1194 0
9200 9195 0
934 931 0
3964 3960 0
8684 8688 0
4695 4697 0
8849 8845 0
7347 7345 0
1424 1422 0
6895 6897 0
666 664 0
5757 5753 0
1138 1133 0
3825 3824 0
8516 8515 0
6831 6830 0
3077 3082 0
2309 2308 0
835 836 0
656 651 0
7687 7691 0
5914 5912 0
5590 5593 0
8608 8611 0
2358 2363 0
8252 8249 0
9211 9214 0
4680 4676 0
2424 2427 0
8765 8760 0
2266 2267 0
4260 4265 0
7653 7650 0
3849 3853 0
172 169 0
3280 3284 0
407 406 0
3225 3230 0
870 865 0
5913 5917 0
8376 8375 0
606 607 0
9933 9931 0
1394 1396 0
6057 6060 0
2743 2739 0
1492 1490 0
322 317 0
6167 6164 0
8878 8880 0
7892 7888 0
4363 4366 0
1622 1626 0
1900 1897 0
4462 4460 0
8250 8248 0
1944 1949 0
4941 4938 0
168 164 0
2519 2517 0
696 692 0
7438 7443 0
4865 4866 0
2053 2052 0
7783 7787 0
1096 1092 0
5265 5260 0
6137 6140 0
3660 3662 0
6850 6845 0
3536 3537 0
6693 6696 0
5505 5504 0
9555 9552 0
6328 6324 0
1347 1352 0
9149 9152 0
5547 5548 0
5619 5615 0
6305 6303 0
7839 7841 0
6290 6294 0
8126 8130 0
9751 9753 0
980 976 0
5363 5359 0
7083 7081 0
3987 3990 0
8800 8804 0
7849 7853 0
4790 4785 0
1549 1544 0
7201 7196 0
6425 6429 0
8140 8138 0
7942 7943 0
4868 4866 0
1763 1760 0
3142 3139 0
1665 1663 0
3198 3200 0
5075 5074 0
7992 7994 0
7024 7029 0
1998 2001 0
3030 3031 0
1117 1118 0
393 389 0
7373 7375 0
1548 1545 0
6566 6568 0
593 592 0
5273 5272 0
3650 3648 0
2388 2391 0
2615 2618 0
2486 2481 0
5041 5036 0
2479 2477 0
5148 5151 0
1895 1897 0
7207 7212 0
6441 6446 0
7077 7075 0
956 954 0
9500 9497 0
6812 6817 0
6792 6790 0
1947 1951 0
3964 3968 0
978 974 0
470 468 0
5214 5211 0
1933 1931 0
6528 6531 0
8295 8297 0
3803 3798 0
6511 6513 0
7884 7879 0
2619 2615 0
8928 8925 0
2699 2703 0
8246 8242 0
9320 9325 0
1230 1228 0
4769 4766 0
6471 6468 0
3785 3786 0
2037 2032 0
5338 5342 0
7512 7509 0
2299 2296 0
8547 8545 0
5351 5346 0
5204 5199 0
3726 3725 0
8397 8392 0
9270 9274 0
5594 5598 0
2199 2195 0
2984 2980 0
2064 2067 0
5671 5672 0
3783 3787 0
5134 5139 0
4363 4365 0
5155 5159 0
2242 2237 0
1161 1159 0
3995 3990 0
3153 3152 0
3667 3671 0
7316 7311 0
7298 7302 0
6775 6770 0
111 106 0
5171 5168 0
5379 5381 0
2302 2304 0
5255 5254 0
9432 9434 0
4583 4579 0
4207 4203 0
8205 8202 0
8690 8688 0
703 702 0
5579 5582 0
886 891 0
7173 7175 0
3526 3523 0
2962 2958 0
3639 3641 0
6810 6812 0
9754 9752 0
2382 2377 0
9675 9678 0
6149 6146 0
206 210 0
1027 1030 0
5368 5372 0
6294 6292 0
2569 2572 0
91 87 0
7052 7057 0
1449 1452 0
5086 5091 0
458 462 0
3291 3295 0
3480 3482 0
2029 2034 0
1534 1533 0
9997 9999 0
6900 6898 0
6017 6016 0
3981 3982 0
9879 9876 0
7195 7200 0
6120 6124 0
333 334 0
3895 3893 0
5997 6000 0
7431 7436 0
5620 5616 0
227 222 0
8540 8538 0
5727 5732 0
9953 9957 0
4799 4800 0
5437 5435 0
7871 7872 0
1487 1482 0
139 134 0
5652 5655 0
5677 5673 0
6690 6692 0
2773 2772 0
5854 5856 0
5253 5251 0
7626 7628 0
9680 9678 0
9498 9494 0
8039 8040 0
1133 1132 0
7236 7233 0
5453 5458 0
1452 1454 0
6021 6022 0
3518 3521 0
3095 3091 0
8701 8699 0
5628 5625 0
5935 5940 0
208 211 0
1164 1162 0
3644 3648 0
4953 4958 0
733 735 0
8946 8951 0
2731 2735 0
9675 9676 0
9475 9476 0
8248 8244 0
8059 8064 0
4097 4096 0
8625 8624 0
9855 9856 0
5138 5142 0
7832 7835 0
9949 9944 0
8088 8093 0
1487 1488 0
3837 3833 0
715 716 0
8807 8810 0
7953 7956 0
9329 9325 0
1561 1556 0
8951 8952 0
8951 8953 0
2616 2620 0
6371 6375 0
4168 4169 0
1105 1109 0
4582 4581 0
2822 2820 0
5682 5677 0
7010 7005 0
2754 2753 0
9387 9382 0
7870 7875 0
7601 7605 0
3319 3323 0
1015 1018 0
7115 7119 0
4665 4663 0
7134 7136 0
2478 2473 0
8857 8860 0
2074 2079 0
2262 2264 0
6110 6109 0
7581 7580 0
6215 6213 0
7361 7359 0
341 346 0
5645 5641 0
2755 2759 0
8189 8186 0
6181 6177 0
3116 3118 0
3770 3773 0
679 677 0
4131 4132 0
7870 7866 0
639 643 0
4639 4640 0
3355 3356 0
799 797 0
5343 5340 0
4907 4903 0
9094 9092 0
6665 6664 0
9067 9063 0
4414 4412 0
8071 8075 0
2690 2687 0
2736 2737 0
8020 8017 0
5709 5712 0
6971 6973 0
5279 5282 0
7047 7042 0
1506 1501 0
5538 5542 0
986 985 0
5040 5037 0
3824 3827 0
7029 7034 0
7680 7676 0
415 417 0
4405 4410 0
2861 2866 0
6366 6368 0
979 984 0
6886 6887 0
8464 8460 0
4547 4549 0
8951 8955 0
4566 4561 0
7690 7686 0
61 66 0
3588 3584 0
5637 5640 0
9087 9084 0
8786 8785 0
8198 8196 0
8239 8243 0
8747 8751 0
2410 2412 0
8099 8101 0
1817 1819 0
6134 6137 0
4354 4353 0
9329 9331 0
4385 4387 0
3771 3774 0
2023 2020 0
1096 1101 0
3173 3171 0
4074 4078 0
376 373 0
811 806 0
4286 4287 0
1211 1209 0
1371 1375 0
3910 3914 0
3429 3426 0
4905 4910 0
1118 1116 0
5730 5728 0
1167 1166 0
3108 3112 0
3937 3932 0
3690 3692 0
6061 6058 0
5832 5833 0
2643 2647 0
8168 8171 0
1471 1470 0
8049 8047 0
6128 6130 0
5215 5210 0
9443 9448 0
3068 3067 0
1300 1304 0
246 241 0
7132 7137 0
6544 6547 0
4881 4886 0
7556 7561 0
9706 9702 0
514 510 0
2540 2542 0
7113 7114 0
1878 1880 0
6871 6866 0
4645 4647 0
2923 2922 0
8061 8066 0
2416 2420 0
8789 8793 0
9889 9892 0
88 86 0
1747 1749 0
2156 2154 0
4416 4415 0
9139 9134 0
7495 7498 0
7260 7262 0
5506 5511 0
8055 8058 0
7799 7802 0
7514 7518 0
9847 9842 0
2008 2010 0
4524 4521 0
2026 2022 0
6948 6949 0
3253 3258 0
5749 5751 0
5726 5730 0
7479 7481 0
3166 3164 0
1247 1246 0
8166 8165 0
6236 6231 0
6966 6967 0
691 689 0
2774 2778 0
120 123 0
6774 6778 0
4047 4051 0
5389 5390 0
8230 8227 0
6458 6453 0
9274 9279 0
4753 4749 0
6959 6957 0
663 665 0
1408 1410 0
8984 8981 0
580 579 0
9634 9637 0
3636 3641 0
6476 6481 0
4842 4847 0
6581 6580 0
8180 8184 0
1163 1159 0
4360 4365 0
8734 8732 0
1607 1606 0
7092 7096 0
1555 1554 0
3832 3827 0
6834 6830 0
8493 8488 0
2916 2914 0
3202 3204 0
9910 9909 0
3183 3180 0
1717 1720 0
7394 7398 0
5411 5409 0
675 672 0
4754 4757 0
1916 1918 0
5764 5759 0
840 844 0
4848 4846 0
1463 1467 0
433 432 0
322 324 0
8256 8253 0
3492 3491 0
9218 9216 0
4507 4503 0
6168 6167 0
9028 9029 0
4196 4201 0
3378 3380 0
9209 9204 0
7422 7426 0
8009 8012 0
4089 4094 0
6807 6802 0
482 478 0
2392 2391 0
7485 7482 0
3392 3387 0
8495 8493 0
1849 1846 0
7254 7253 0
9830 9835 0
2717 2713 0
3698 3699 0
7219 7214 0
5790 5787 0
5829 5832 0
2249 2253 0
761 765 0
2956 2958 0
6541 6539 0
6523 6521 0
1563 1561 0
6463 6465 0
9479 9475 0
7076 7080 0
3022 3024 0
94 95 0
5960 5958 0
3755 3758 0
3392 3391 0
1220 1223 0
1589 1587 0
7493 7490 0
8027 8024 0
5515 5513 0
2315 2311 0
8969 8972 0
1934 1929 0
2595 2599 0
5416 5413 0
8283 8284 0
845 849 0
9543 9545 0
6407 6403 0
1710 1708 0
7953 7958 0
5146 5144 0
9438 9435 0
8171 8169 0
8177 8174 0
1442 1439 0
966 969 0
4561 4564 0
3856 3851 0
8578 8580 0
52 48 0
180 179 0
1116 1115 0
2421 2419 0
7499 7497 0
4523 4520 0
9359 9360 0
9179 9178 0
656 659 0
3163 3158 0
3911 3907 0
2398 2395 0
6350 6349 0
2686 2687 0
44 46 0
1516 1511 0
9507 9503 0
2602 2603 0
4042 4047 0
1539 1542 0
6171 6174 0
6091 6095 0
7867 7869 0
9339 9342 0
8788 8786 0
8512 8507 0
1124 1125 0
1620 1623 0
161 160 0
9301 9297 0
9200 9199 0
9982 9985 0
2535 2532 0
1573 1576 0
4756 4753 0
1096 1100 0
5270 5273 0
272 276 0
1671 1674 0
939 940 0
8429 8424 0
2650 2652 0
4275 4276 0
3427 3430 0
8770 8771 0
583 588 0
5868 5869 0
7604 7606 0
9833 9829 0
3246 3251 0
7895 7900 0
8530 8535 0
6238 6237 0
7528 7524 0
1979 1977 0
6569 6572 0
2302 2303 0
53 55 0
3786 3787 0
8010 8013 0
8319 8314 0
9072 9075 0
4148 4145 0
2771 2774 0
6157 6155 0
5158 5153 0
3867 3866 0
4472 4469 0
1504 1501 0
5873 5876 0
3827 3828 0
5201 5199 0
768 773 0
4546 4543 0
1612 1609 0
7152 7151 0
8001 7997 0
867 869 0
6178 6176 0
718 713 0
1431 1433 0
4718 4720 0
9273 9278 0
4358 4357 0
733 738 0
511 514 0
9678 9673 0
1371 1376 0
4693 4688 0
4349 4344 0
964 963 0
4896 4901 0
4427 4426 0
4931 4926 0
6623 6627 0
7294 7297 0
3118 3117 0
7191 7193 0
962 957 0
8844 8841 0
1129 1127 0
4794 4799 0
206 207 0
7515 7510 0
3574 3579 0
2337 2333 0
6194 6199 0
4136 4135 0
9160 9164 0
675 676 0
9977 9980 0
9471 9476 0
5772 5777 0
2115 2117 0
7614 7616 0
6860 6865 0
9517 9515 0
2523 2520 0
4963 4968 0
6886 6889 0
6404 6402 0
7953 7955 0
2878 2880 0
6425 6424 0
2862 2858 0
7723 7724 0
1434 1437 0
6571 6567 0
9372 9376 0
4439 4440 0
5015 5013 0
4181 4183 0
7001 6997 0
6729 6725 0
1518 1513 0
1171 1168 0
3416 3418 0
6583 6585 0
9513 9517 0
6067 6064 0
3833 3834 0
9332 9335 0
2595 2597 0
9977 9975 0
3487 3492 0
8952 8956 0
3692 3687 0
9141 9142 0
8392 8396 0
6896 6895 0
118 114 0
5811 5810 0
3799 3800 0
7337 7342 0
3143 3144 0
5468 5469 0
3784 3780 0
7535 7537 0
621 625 0
5637 5642 0
3693 3691 0
5459 5464 0
3575 3574 0
7816 7812 0
5446 5447 0
6073 6071 0
8356 8353 0
2757 2760 0
8049 8050 0
8423 8420 0
5842 5843 0
6638 6641 0
5224 5226 0
4980 4978 0
6662 6665 0
7159 7160 0
2537 2532 0
4586 4589 0
1263 1262 0
9030 9031 0
2499 2496 0
4149 4151 0
5939 5940 0
3424 3428 0
3075 3079 0
1697 1693 0
5240 5237 0
3580 3577 0
5667 5663 0
800 804 0
5318 5322 0
5796 5792 0
2127 2131 0
1775 1774 0
4740 4741 0
4878 4877 0
2660 2663 0
263 262 0
6427 6431 0
9815 9810 0
6291 6296 0
510 512 0
9669 9667 0
9596 9592 0
6961 6965 0
6874 6876 0
2376 2371 0
2272 2270 0
2257 2262 0
7330 7335 0
9925 9928 0
9875 9870 0
6045 6050 0
6684 6686 0
9528 9529 0
8213 8211 0
5687 5692 0
7266 7268 0
3451 3452 0
7019 7023 0
6703 6698 0
8855 8856 0
1224 1219 0
3719 3724 0
8901 8904 0
3545 3549 0
4797 4798 0
8954 8957 0
7089 7093 0
8942 8946 0
8291 8289 0
5382 5380 0
2001 1997 0
2224 2228 0
5552 5547 0
3615 3610 0
3007 3006 0
3280 3279 0
1065 1070 0
3051 3047 0
3175 3180 0
5614 5613 0
5224 5225 0
2147 2144 0
5400 5399 0
6827 6828 0
5613 5609 0
8219 8221 0
1015 1020 0
5937 5942 0
3112 3116 0
2768 2770 0
6661 6659 0
2760 2764 0
4384 4379 0
1793 1794 0
7351 7352 0
3988 3992 0
5958 5956 0
2356 2360 0
9451 9447 0
3221 3224 0
7962 7963 0
4423 4420 0
56 57 0
3673 3674 0
8955 8952 0
6037 6040 0
9358 9359 0
3744 3747 0
4713 4718 0
5542 5540 0
4911 4909 0
6805 6807 0
6705 6708 0
2324 2327 0
5876 5881 0
5028 5025 0
5644 5649 0
3637 3641 0
1324 1329 0
6159 6157 0
257 261 0
215 216 0
9882 9887 0
3321 3322 0
6447 6443 0
3293 3291 0
6481 6483 0
3932 3935 0
6613 6615 0
386 384 0
8463 8468 0
5568 5573 0
8820 8824 0
9277 9275 0
6000 6001 0
2775 2779 0
9605 9602 0
2374 2376 0
5434 5437 0
5658 5655 0
6158 6156 0
5462 5463 0
2443 2444 0
1400 1399 0
3361 3366 0
1628 1624 0
7431 7430 0
4284 4285 0
95 98 0
9596 9600 0
7117 7119 0
8949 8953 0
7592 7594 0
2832 2837 0
143 142 0
504 509 0
8708 8705 0
9219 9218 0
8902 8899 0
578 573 0
7969 7965 0
4060 4064 0
2396 2395 0
8403 8400 0
9862 9865 0
6531 6535 0
6430 6425 0
1834 1830 0
5096 5097 0
5947 5945 0
7034 7033 0
5033 5030 0
2908 2910 0
1124 1123 0
8977 8981 0
4987 4989 0
546 547 0
4195 4200 0
9575 9580 0
40 35 0
8693 8692 0
7395 7399 0
5865 5866 0
6755 6752 0
3231 3226 0
3950 3948 0
8314 8310 0
5801 5803 0
4602 4604 0
8808 8812 0
7740 7743 0
5241 5242 0
1655 1656 0
3031 3026 0
8424 8419 0
1641 1642 0
5170 5171 0
521 524 0
4730 4725 0
4634 4633 0
5583 5587 0
9027 9025 0
4428 4430 0
8961 8956 0
2264 2260 0
3918 3916 0
4366 4367 0
5548 5546 0
6345 6347 0
4484 4481 0
2391 2393 0
3434 3430 0
5686 5685 0
8104 8101 0
8015 8019 0
3662 3663 0
1509 1513 0
5514 5513 0
9961 9958 0
6624 6623 0
3649 3653 0
4783 4780 0
5024 5028 0
930 934 0
3921 3919 0
5653 5648 0
8637 8642 0
1498 1493 0
5303 5306 0
4934 4931 0
2215 2219 0
5201 5200 0
3633 3634 0
8417 8416 0
7323 7319 0
5840 5842 0
6092 6089 0
9731 9726 0
8407 8406 0
3480 3483 0
6554 6557 0
3410 3412 0
7845 7842 0
5480 5478 0
1042 1047 0
630 634 0
3542 3540 0
9045 9041 0
9194 9198 0
1837 1841 0
3054 3050 0
391 395 0
1015 1012 0
204 203 0
6642 6644 0
473 476 0
9124 9121 0
6587 6591 0
4569 4567 0
176 174 0
9871 9867 0
1008 1009 0
3409 3413 0
6721 6720 0
5255 5251 0
8382 8381 0
4214 4219 0
4925 4923 0
1395 1392 0
1289 1286 0
5244 5249 0
8303 8298 0
5609 5607 0
239 238 0
6650 6651 0
5486 5489 0
1982 1983 0
8228 8229 0
7417 7420 0
6808 6813 0
7234 7236 0
6194 6195 0
4445 4446 0
5699 5698 0
6475 6473 0
2325 2330 0
2809 2812 0
2645 2649 0
7125 7126 0
9361 9365 0
3839 3842 0
6242 6244 0
5940 5943 0
6939 6943 0
5225 5220 0
4158 4160 0
4153 4152 0
5652 5649 0
7820 7819 0
2907 2910 0
9225 9224 0
5639 5635 0
2732 2735 0
3341 3342 0
8107 8110 0
5077 5076 0
2993 2997 0
272 277 0
6887 6884 0
8071 8068 0
4894 4898 0
1485 1490 0
2727 2722 0
2556 2560 0
4117 4116 0
9430 9426 0
4410 4415 0
4321 4323 0
8609 8605 0
5084 5087 0
1802 1803 0
3746 3742 0
5347 5342 0
7868 7869 0
8078 8081 0
9738 9740 0
6614 6619 0
7871 7868 0
7099 7101 0
8745 8744 0
6099 6102 0
3246 3247 0
2375 2376 0
8878 8882 0
8356 8355 0
3785 3783 0
6949 6944 0
3000 3005 0
1187 1191 0
3316 3319 0
4856 4857 0
9954 9949 0
5969 5968 0
1179 1184 0
8705 8707 0
865 864 0
6649 6653 0
3899 3902 0
3901 3897 0
7485 7490 0
532 529 0
6686 6691 0
1587 1582 0
8847 8846 0
632 637 0
3443 3440 0
6820 6821 0
449 447 0
8865 8864 0
5755 5750 0
1123 1125 0
2247 2246 0
7017 7016 0
2023 2025 0
408 404 0
701 696 0
4221 4218 0
9941 9942 0
3968 3963 0
856 852 0
4252 4255 0
9465 9468 0
3526 3530 0
6634 6637 0
5646 4002 0
4711 4710 0
4951 4954 0
1465 1467 0
3516 3519 0
3775 3777 0
5760 5756 0
4740 4738 0
8300 8296 0
9446 9447 0
5336 5338 0
1415 1419 0
7073 7072 0
8573 8574 0
9533 9529 0
1135 1137 0
9620 9622 0
4905 4904 0
1023 1027 0
6427 6426 0
8093 8094 0
2541 2540 0
3027 3025 0
4951 4950 0
4124 4120 0
4522 4519 0
7953 7952 0
5755 5751 0
7359 7354 0
8 7 0
6365 6369 0
7397 7396 0
4277 4275 0
7104 7105 0
3481 3479 0
8056 8058 0
706 711 0
1921 1924 0
4941 4945 0
4155 4152 0
3919 3917 0
1345 1340 0
8309 8311 0
636 633 0
4012 4014 0
2289 2294 0
8223 8225 0
2721 2724 0
6587 6585 0
7660 7662 0
8425 8420 0
2593 2589 0
3269 3265 0
7639 7642 0
6918 6916 0
4414 4419 0
2379 2374 0
9222 9217 0
9691 9696 0
629 628 0
7243 7240 0
5658 5663 0
4363 4361 0
9446 9443 0
992 993 0
1503 1505 0
2036 2041 0
7649 7647 0
5613 5617 0
8173 8178 0
2533 2534 0
2705 2701 0
4994 4997 0
1678 1683 0
2825 2823 0
3712 3707 0
242 238 0
8980 8976 0
8942 8945 0
7502 7505 0
6328 6331 0
5607 5612 0
1109 1108 0
5180 5175 0
3715 3720 0
9620 9617 0
224 227 0
4484 4488 0
7609 7611 0
4780 4781 0
845 848 0
1039 1042 0
1479 1475 0
4000 4001 0
8331 8330 0
4374 4376 0
7198 7201 0
4379 4380 0
9154 9150 0
8849 8847 0
7153 7148 0
7701 7697 0
8 13 0
1876 1871 0
8470 8475 0
4644 4642 0
6667 6670 0
3724 3726 0
706 701 0
5592 5590 0
4872 4876 0
2347 2348 0
7272 7275 0
725 721 0
5441 5445 0
9648 9653 0
1154 1156 0
7912 7916 0
573 576 0
4391 4386 0
1292 1295 0
5586 5590 0
7789 7787 0
1804 1806 0
5589 5590 0
1815 1813 0
7954 7956 0
9645 9646 0
8335 8332 0
8327 8322 0
5993 5994 0
2162 2159 0
7686 7691 0
7881 7878 0
9070 9073 0
10 6 0
4555 4553 0
5175 5176 0
3990 3993 0
1007 1011 0
3789 3788 0
8128 8131 0
8372 8367 0
8427 8424 0
5678 5680 0
8816 8820 0
7068 7065 0
6630 6627 0
3530 3529 0
557 552 0
5146 5149 0
4293 4288 0
3963 3961 0
4913 4916 0
8912 8908 0
4631 4634 0
2803 2801 0
3152 3155 0
2441 2442 0
8767 8764 0
8473 8471 0
2832 2827 0
4068 4070 0
4957 4961 0
9962 9960 0
6661 6666 0
1638 1637 0
9053 9050 0
6990 6994 0
8033 8035 0
5018 5022 0
9033 9038 0
2260 2261 0
5959 5960 0
6622 6617 0
9482 9481 0
1317 1316 0
6747 6746 0
1595 1599 0
2895 2896 0
4045 4040 0
4683 4687 0
5183 5180 0
8930 8935 0
7906 7904 0
9319 9314 0
5849 5853 0
4191 4188 0
7367 7364 0
3802 3801 0
7650 7649 0
9903 9900 0
7665 7664 0
1497 1492 0
4534 4531 0
9846 9844 0
9071 9075 0
159 160 0
6368 6373 0
9462 9457 0
1922 1918 0
5445 5444 0
4183 4185 0
9476 9473 0
7210 7211 0
5616 5617 0
5194 5196 0
5012 5015 0
82 83 0
6330 6331 0
503 506 0
2294 2290 0
8892 8893 0
3901 3896 0
2861 2863 0
1616 1621 0
4161 4166 0
4300 4305 0
1289 1291 0
4430 4431 0
331 329 0
8485 8487 0
7143 7145 0
9859 9854 0
16 15 0
4017 4014 0
2048 2044 0
1778 1780 0
7146 7151 0
6771 6770 0
819 817 0
1000 998 0
6004 6009 0
7039 7041 0
7565 7561 0
9907 9904 0
7169 7168 0
8516 8518 0
6954 6949 0
3029 3031 0
1140 1143 0
2293 2288 0
1054 1059 0
7583 7578 0
877 879 0
3056 3061 0
7737 7738 0
5521 5519 0
8651 8647 0
7743 7748 0
2129 2128 0
8415 8412 0
946 943 0
5543 5547 0
5064 5062 0
2067 2071 0
7134 7135 0
8042 8045 0
6804 6809 0
8934 8937 0
6710 6712 0
5656 5654 0
4914 4912 0
9869 9871 0
6291 6293 0
9085 9090 0
7275 7271 0
1965 1970 0
435 432 0
3678 3673 0
407 403 0
8665 8666 0
2203 2204 0
2536 2539 0
6318 6316 0
817 822 0
9682 9687 0
8891 8893 0
5700 5696 0
25 20 0
1154 1149 0
3924 3928 0
4754 4758 0
831 826 0
6074 6076 0
2557 2552 0
3360 3363 0
6815 6811 0
1043 1041 0
986 988 0
6011 6016 0
1802 1804 0
3048 3050 0
405 403 0
6328 6325 0
7144 7145 0
3546 3544 0
3200 3205 0
4901 4904 0
2202 2204 0
4273 4270 0
3320 3317 0
4631 4626 0
9049 9051 0
281 280 0
6870 6868 0
7404 7407 0
3564 3560 0
519 518 0
607 612 0
6482 6484 0
2671 2670 0
5364 5367 0
9859 9856 0
5109 5107 0
7776 7772 0
8578 8582 0
9845 9843 0
4777 4778 0
1370 1373 0
7259 7264 0
1625 1623 0
4295 4298 0
3757 3761 0
126 123 0
7426 7430 0
6027 6025 0
2850 2845 0
5041 5039 0
7854 7853 0
9908 9911 0
6116 6111 0
7500 7503 0
9135 9136 0
1866 1871 0
4923 4922 0
9052 9054 0
9369 9367 0
4567 4570 0
5611 5615 0
2670 2669 0
897 895 0
3362 3365 0
6763 6765 0
1160 1161 0
4387 4392 0
3440 3444 0
2498 2497 0
4322 4321 0
6763 6758 0
9474 9478 0
1307 1308 0
9186 9190 0
5196 5201 0
1151 1147 0
7801 7800 0
3977 3973 0
643 642 0
9734 9736 0
4543 4541 0
9745 9749 0
5374 5377 0
5836 5832 0
6666 6663 0
6340 6335 0
5961 5958 0
91 86 0
8166 8164 0
1202 1198 0
6100 6097 0
3177 3179 0
7053 7049 0
2965 2960 0
1776 1777 0
609 611 0
1030 1034 0
4154 4156 0
4763 4760 0
9183 9187 0
8642 8641 0
7661 7658 0
8990 8995 0
7877 7872 0
2656 2658 0
9793 9791 0
7306 7304 0
9458 9454 0
1628 1632 0
112 116 0
1139 1136 0
2056 2058 0
7475 7473 0
4582 4584 0
1715 1716 0
4197 4199 0
413 416 0
2830 2834 0
2301 2297 0
7154 7156 0
1202 1207 0
2147 2142 0
2914 2910 0
2250 2249 0
4971 4972 0
4555 4559 0
2939 2940 0
8544 8541 0
6648 6651 0
7814 7813 0
9915 9920 0
210 213 0
2089 2090 0
6654 6657 0
7863 7868 0
6241 6242 0
9775 9771 0
9728 9725 0
6640 6645 0
4333 4338 0
8052 8054 0
1299 1295 0
2877 2874 0
6611 6613 0
383 380 0
5599 5603 0
1401 1406 0
4941 4936 0
325 327 0
8980 8975 0
8835 8836 0
398 403 0
9098 9101 0
7272 7274 0
7375 7370 0
7560 7556 0
3213 3210 0
2845 2844 0
7565 7564 0
2384 2389 0
4852 4857 0
4512 4510 0
6847 6848 0
8811 8815 0
1588 1586 0
5564 5566 0
5276 5279 0
9549 9546 0
6126 6129 0
769 772 0
8189 8184 0
28 29 0
4254 4250 0
3036 3031 0
2871 2870 0
881 885 0
5817 5816 0
3557 3562 0
2065 2067 0
8720 8721 0
9050 9051 0
2949 2952 0
5985 5982 0
7446 7448 0
1571 1566 0
6181 6179 0
8319 8317 0
7646 7649 0
7262 7263 0
1382 1377 0
7001 7004 0
883 885 0
6585 6586 0
2428 2432 0
8929 8930 0
1971 1974 0
2337 2340 0
3887 3882 0
9403 9399 0
8241 8237 0
4215 4220 0
4224 4221 0
6608 6611 0
2482 2487 0
266 271 0
7364 7368 0
8587 8583 0
7826 7825 0
7599 7603 0
4645 4649 0
3011 3010 0
6578 6583 0
5334 5329 0
8308 8304 0
2456 2459 0
8386 8382 0
9037 9033 0
429 427 0
9100 9096 0
5248 5243 0
9813 9815 0
7884 7883 0
3751 3756 0
7339 7334 0
810 806 0
4697 4692 0
9516 9511 0
8613 8608 0
3578 3574 0
2114 2115 0
4678 4674 0
9447 9450 0
5455 5450 0
3298 3302 0
2523 2527 0
3130 3134 0
4663 4666 0
8816 8812 0
9497 9501 0
7596 7593 0
4687 4682 0
9274 9273 0
8754 8753 0
7190 7193 0
6096 6094 0
5267 5265 0
1269 1267 0
1250 1246 0
5275 5270 0
5243 5239 0
2623 2625 0
6820 6818 0
467 464 0
8095 8091 0
85 87 0
3714 3711 0
7965 7961 0
4892 4895 0
6080 6083 0
7633 7635 0
4101 4096 0
5545 5550 0
5410 5408 0
8796 8793 0
8528 8525 0
5151 5146 0
6119 6120 0
5334 5337 0
2305 2307 0
4417 4418 0
4525 4524 0
335 337 0
4646 4648 0
1890 1892 0
1106 1103 0
4684 4682 0
7727 7725 0
6831 6835 0
6662 6660 0
792 790 0
4964 4962 0
7477 7475 0
4274 4273 0
397 393 0
1380 1376 0
5704 5701 0
4728 4730 0
1414 1410 0
7577 7575 0
3256 3254 0
2483 2479 0
9776 9778 0
1558 1557 0
6118 6120 0
8034 8032 0
4865 4867 0
8371 8367 0
7413 7410 0
8887 8892 0
6839 6836 0
7437 7435 0
3643 3645 0
8391 8396 0
8212 8214 0
8690 8687 0
459 462 0
2414 2419 0
9521 9518 0
6935 6938 0
3358 3359 0
1817 1814 0
9791 9789 0
727 724 0
8944 8947 0
5583 5578 0
7430 7429 0
1883 1887 0
3700 3703 0
652 655 0
410 414 0
4448 4444 0
131 130 0
1361 1362 0
8916 8913 0
472 473 0
4637 4640 0
2403 2401 0
4545 4544 0
795 792 0
8881 8885 0
3143 3141 0
2768 2763 0
4136 4139 0
1391 1390 0
3579 3575 0
8890 8893 0
4785 4787 0
2519 2520 0
1489 1491 0
1088 1092 0
509 512 0
4160 4156 0
2003 2004 0
6204 6205 0
564 567 0
891 892 0
3185 3190 0
9588 9591 0
5583 5586 0
7062 7063 0
4203 4208 0
2045 2042 0
8510 8505 0
5164 5169 0
629 627 0
3868 3873 0
9654 9656 0
5241 5236 0
2059 2054 0
6436 6435 0
2484 2480 0
5169 5165 0
9856 9858 0
5633 5636 0
8555 8559 0
2793 2796 0
2683 2687 0
8597 8595 0
8645 8649 0
4938 4942 0
1253 1256 0
4672 4671 0
3631 3633 0
5101 5106 0
1232 1234 0
876 878 0
8373 8378 0
2674 2673 0
449 450 0
8103 8099 0
8070 8073 0
7381 7386 0
1760 1755 0
1795 1791 0
4553 4552 0
1507 1506 0
3545 3544 0
5990 5992 0
3556 3555 0
2270 2267 0
1024 1029 0
6593 6590 0
5165 5167 0
7107 7108 0
7861 7863 0
3379 3383 0
2260 2259 0
8871 8868 0
7514 7512 0
3780 3777 0
3862 3857 0
8101 8100 0
654 657 0
1604 1607 0
6847 6852 0
6199 6201 0
4940 4945 0
627 623 0
9794 9799 0
3586 3583 0
7712 7717 0
5003 5007 0
3669 3672 0
5745 5749 0
5742 5747 0
2544 2547 0
2162 2158 0
6893 6894 0
2133 2135 0
146 147 0
9182 9184 0
2948 2952 0
7750 7746 0
4813 4817 0
5646 5650 0
6502 6503 0
6697 6693 0
7260 7256 0
7356 7359 0
2611 2610 0
8230 8225 0
3000 2996 0
3984 3981 0
770 775 0
9079 9082 0
6916 6911 0
2763 2758 0
2193 2197 0
9453 9458 0
429 425 0
5648 5651 0
9895 9900 0
3895 3897 0
3833 3832 0
591 589 0
9377 9379 0
1235 1237 0
5472 5477 0
6732 6727 0
374 379 0
5457 5461 0
2957 2959 0
5472 5474 0
4452 4457 0
9044 9046 0
2402 2401 0
5325 5329 0
842 844 0
1332 1328 0
7390 7388 0
6793 6794 0
6958 6954 0
521 525 0
646 645 0
791 793 0
6534 6530 0
9524 9527 0
6711 6716 0
5866 5871 0
3019 3022 0
2303 2305 0
361 365 0
928 933 0
1761 1758 0
5568 5569 0
5137 5133 0
2279 2283 0
9344 9342 0
8362 8359 0
8002 8005 0
6808 6810 0
2003 2008 0
833 836 0
1758 1760 0
2101 2096 0
3049 3046 0
1927 1929 0
7280 7277 0
5101 5103 0
8390 8387 0
947 942 0
5043 5040 0
1411 1412 0
9818 9823 0
9603 9598 0
7561 7559 0
168 165 0
1640 1639 0
8879 8881 0
8205 8206 0
8 12 0
2491 2487 0
4277 4278 0
43 45 0
8635 8634 0
5646 5647 0
5729 5724 0
8490 8492 0
3376 3375 0
7359 7362 0
3193 3196 0
4544 4548 0
5907 5912 0
5217 5220 0
6492 6494 0
1856 1860 0
1445 1440 0
3159 3160 0
4886 4887 0
794 791 0
686 688 0
9051 9056 0
4325 4323 0
7446 7449 0
4087 4090 0
484 482 0
4840 4845 0
9262 9266 0
1190 1187 0
4744 4740 0
7991 7989 0
3881 3885 0
4748 4744 0
6951 6955 0
4292 4289 0
8254 8252 0
5067 5072 0
9004 9003 0
3172 3176 0
7113 7110 0
4608 4611 0
2558 2562 0
3733 3732 0
4051 4052 0
1590 1586 0
8172 8168 0
3045 3047 0
610 608 0
8770 8773 0
6803 6802 0
1860 1858 0
1601 1597 0
1082 1081 0
1444 1448 0
53 54 0
2594 2593 0
1210 1207 0
6244 6246 0
1733 1730 0
8435 8438 0
4163 4167 0
6308 6309 0
7682 7687 0
1120 1124 0
2656 2654 0
5497 5500 0
5588 5585 0
4129 4132 0
2901 2906 0
5485 5488 0
2773 2769 0
3313 3316 0
5957 5954 0
5082 5083 0
7652 7653 0
7396 7400 0
7119 7122 0
6764 6759 0
7582 7587 0
5982 5977 0
6073 6069 0
120 115 0
9502 9507 0
3144 3147 0
5113 5117 0
556 552 0
7761 7763 0
3198 3194 0
1384 1388 0
661 659 0
3686 3681 0
2082 2084 0
9741 9746 0
4497 4498 0
6239 6244 0
8902 8905 0
986 984 0
1466 1462 0
461 459 0
5014 5018 0
8021 8026 0
3719 3720 0
473 469 0
8430 8435 0
2 5 0
2927 2924 0
2218 2216 0
130 132 0
6791 6793 0
6519 6518 0
4704 4703 0
6242 6240 0
507 505 0
1206 1204 0
4853 4854 0
5178 5182 0
8461 8460 0
8662 8657 0
5966 5963 0
2623 2627 0
2599 2602 0
7172 7169 0
3390 3388 0
3683 3686 0
8410 8405 0
2456 2458 0
1432 1435 0
2087 2090 0
8028 8024 0
8252 8256 0
1107 1111 0
8889 8885 0
1631 1626 0
2505 2504 0
6538 6534 0
7223 7226 0
2323 2325 0
5118 5116 0
279 275 0
9262 9267 0
7548 7552 0
7197 7200 0
9590 9593 0
6053 6050 0
1480 1483 0
4808 4807 0
6171 6172 0
8038 8034 0
1441 1436 0
3758 3756 0
6840 6836 0
8234 8230 0
3259 3255 0
4474 4478 0
1325 1323 0
9400 9399 0
9941 9937 0
3217 3215 0
8965 8961 0
4902 4897 0
9907 9909 0
8706 8707 0
3139 3137 0
3878 3876 0
3638 3637 0
8936 8932 0
4831 4828 0
8084 8085 0
6579 6582 0
5986 5985 0
953 952 0
5826 5827 0
5908 5910 0
4122 4121 0
8356 8357 0
7988 7983 0
7220 7218 0
1241 1244 0
329 324 0
2631 2629 0
2107 2108 0
1769 1764 0
3041 3040 0
5448 5446 0
2952 2950 0
5977 5979 0
974 970 0
5163 5161 0
2361 2366 0
9804 9801 0
7889 7887 0
8237 8240 0
8292 8290 0
2463 2465 0
6299 6302 0
5038 5034 0
1857 1852 0
8666 8670 0
1903 1905 0
4418 4415 0
6561 6556 0
8107 8112 0
5315 5319 0
8013 8017 0
6005 6003 0
9321 9325 0
3428 3432 0
4901 4906 0
1524 1522 0
1991 1995 0
3891 3889 0
7126 7127 0
7025 7030 0
7424 7420 0
3023 3025 0
2026 2029 0
321 318 0
9043 9040 0
9290 9287 0
2230 2234 0
4055 4053 0
3291 3288 0
2752 2747 0
9709 9711 0
7515 7520 0
1853 1852 0
1419 1416 0
7016 7018 0
6677 6672 0
8018 8022 0
5010 5007 0
7473 7474 0
7858 7861 0
1525 1530 0
5165 5166 0
7970 7966 0
3016 3017 0
2509 2505 0
6498 6499 0
8108 8105 0
6741 6746 0
544 541 0
1570 1571 0
7056 7054 0
4915 4920 0
727 726 0
7630 7629 0
3604 3599 0
2145 2141 0
5723 5720 0
4553 4551 0
146 151 0
7229 7227 0
4737 4740 0
1205 1207 0
2012 2010 0
7697 7693 0
1268 1270 0
1531 1527 0
1888 1890 0
23 19 0
6675 6670 0
44 39 0
6537 6536 0
9703 9698 0
2697 2695 0
3181 3177 0
2377 2378 0
9504 9508 0
3010 3009 0
6957 6961 0
8192 8193 0
6303 6306 0
4059 4055 0
2326 2324 0
5603 5606 0
4065 4060 0
1544 1543 0
8418 8416 0
9594 9589 0
3680 3679 0
4927 4928 0
1739 1744 0
2449 2450 0
3932 3931 0
6662 6657 0
6925 6926 0
9087 9086 0
4473 4475 0
1655 1660 0
2143 2144 0
8703 8702 0
5575 5572 0
8877 8881 0
1993 1994 0
2406 2410 0
491 495 0
7581 7583 0
786 783 0
58 57 0
2650 2649 0
841 843 0
2167 2172 0
7139 7142 0
3551 3550 0
9159 9160 0
4448 4449 0
8593 8591 0
9155 9158 0
4212 4210 0
6713 6712 0
3266 3263 0
393 391 0
8856 8853 0
9823 9824 0
1824 1820 0
3804 3809 0
315 318 0
730 732 0
2716 2713 0
8501 8502 0
2471 2475 0
9351 9348 0
7822 7819 0
8923 8925 0
3385 3387 0
5317 5318 0
7537 7540 0
9260 9255 0
8366 8364 0
5710 5714 0
9154 9153 0
1764 1759 0
1877 1875 0
3127 3128 0
832 828 0
2318 2316 0
5066 5067 0
8553 8558 0
6104 6102 0
2013 2016 0
6354 6351 0
9854 9849 0
9632 9631 0
7183 7186 0
3781 3782 0
520 518 0
7972 7976 0
8291 8292 0
9615 9618 0
9378 9373 0
5092 5093 0
280 278 0
5087 5085 0
7212 7216 0
2239 2238 0
1159 1162 0
2608 2613 0
1065 1062 0
2158 2153 0
768 771 0
2093 2090 0
4684 4683 0
497 502 0
7303 7306 0
3522 3520 0
2088 2091 0
4315 4317 0
7759 7757 0
7750 7748 0
5636 5640 0
1524 1520 0
5767 5766 0
6070 6069 0
282 286 0
9363 9368 0
4437 4440 0
535 531 0
2795 2797 0
7469 7472 0
4311 4312 0
6211 6213 0
3566 3564 0
505 508 0
9023 9020 0
3919 3924 0
7750 7745 0
2081 2078 0
1985 1980 0
4704 4701 0
4403 4405 0
8761 8756 0
1752 1754 0
6603 6598 0
2094 2096 0
7303 7301 0
653 648 0
2955 2954 0
2970 2973 0
828 830 0
7178 7182 0
3880 3882 0
1067 1064 0
9452 9457 0
6916 6915 0
9345 9350 0
7791 7794 0
8934 8929 0
138 143 0
2063 2068 0
5232 5231 0
5868 5866 0
186 182 0
8468 8467 0
8992 8996 0
2915 2920 0
526 528 0
3269 3271 0
7017 7015 0
7936 7940 0
5065 5062 0
9144 9140 0
7591 7589 0
5114 5110 0
9851 9852 0
539 540 0
4542 4540 0
1796 1791 0
517 515 0
9535 9534 0
9448 9449 0
550 549 0
4596 4598 0
1355 1353 0
2978 2977 0
6778 6779 0
1201 1196 0
7074 7077 0
5394 5392 0
2572 2573 0
9890 9885 0
8022 8023 0
32 34 0
7962 7967 0
6713 6717 0
4983 4978 0
6991 6988 0
3024 3027 0
3540 3541 0
7762 7758 0
4992 4995 0
4546 4550 0
4585 4588 0
9236 9234 0
7570 7575 0
8480 8482 0
2491 2496 0
859 856 0
2152 2157 0
2476 2480 0
6350 6354 0
2517 2512 0
8270 8268 0
4387 4391 0
3070 3074 0
9467 9468 0
7642 7638 0
3692 3695 0
6002 5998 0
6932 6936 0
6409 6408 0
9368 9364 0
6908 6909 0
8337 8339 0
3314 3315 0
318 319 0
9487 9488 0
7383 7379 0
4335 4336 0
7056 7055 0
4165 4170 0
8841 8836 0
6528 6524 0
2070 2075 0
8377 8382 0
1253 1248 0
1079 1074 0
8722 8720 0
5193 5194 0
7145 7142 0
1691 1687 0
958 955 0
2094 2097 0
2299 2301 0
9785 9783 0
1781 1783 0
7824 7822 0
1507 1511 0
7852 7855 0
8565 8566 0
6945 6942 0
4837 4832 0
8607 8603 0
6387 6383 0
7486 7488 0
6683 6688 0
6292 6296 0
5581 5584 0
7881 7882 0
5205 5204 0
878 874 0
8454 8458 0
7180 7176 0
7399 7394 0
6801 6803 0
9770 9766 0
3445 3448 0
6131 6135 0
1517 1518 0
4334 4337 0
2979 2978 0
2049 2052 0
3493 3495 0
7788 7793 0
8015 8011 0
7090 7085 0
9299 9298 0
6654 6655 0
7055 7054 0
7181 7179 0
2481 2477 0
28 31 0
9923 9924 0
4806 4805 0
3720 3724 0
7038 7035 0
3598 3595 0
929 924 0
5704 5703 0
649 652 0
7528 7527 0
8358 8353 0
8620 8625 0
8119 8115 0
7707 7708 0
9804 9802 0
4517 4518 0
1578 1579 0
90 88 0
7246 7242 0
565 563 0
5442 5446 0
1888 1893 0
3297 3293 0
1254 1251 0
8722 8725 0
7216 7211 0
8420 8418 0
2307 2311 0
8764 8759 0
8846 8841 0
8334 8330 0
6213 6218 0
1887 1884 0
8419 8415 0
3608 3606 0
6062 6058 0
7438 7442 0
192 194 0
1987 1991 0
1006 1003 0
5985 5983 0
4565 4567 0
3892 3889 0
6971 6974 0
5525 5521 0
1867 1870 0
1462 1465 0
8755 8752 0
5191 5187 0
9712 9708 0
3380 3379 0
2289 2285 0
1698 1700 0
9336 9341 0
779 774 0
1342 1343 0
9059 9060 0
4414 4409 0
8045 8044 0
5507 5504 0
4387 4386 0
6596 6600 0
3156 3154 0
9785 9789 0
9583 9578 0
6688 6685 0
807 809 0
4425 4422 0
5723 5725 0
1634 1637 0
8659 8654 0
6051 6052 0
9583 9587 0
5668 5671 0
928 923 0
9579 9582 0
7322 7324 0
9173 9171 0
8703 8699 0
5623 5620 0
4194 4189 0
5208 5203 0
8674 8671 0
2553 2551 0
426 424 0
474 475 0
7630 7625 0
113 111 0
6439 6434 0
8573 8569 0
2595 2598 0
2508 2504 0
4716 4712 0
7071 7070 0
2932 2933 0
3314 3309 0
7883 7882 0
4753 4748 0
6700 6701 0
8698 8697 0
251 253 0
9050 9049 0
8263 8260 0
3421 3417 0
8714 8713 0
753 756 0
9614 9613 0
4748 4752 0
6134 6133 0
9721 9726 0
6089 6084 0
242 247 0
768 770 0
2596 2595 0
8834 8833 0
7460 7464 0
1280 1276 0
3193 3198 0
9163 9161 0
1434 1429 0
4193 4192 0
1155 1151 0
4677 4680 0
1772 1773 0
3755 3756 0
6678 6680 0
4815 4819 0
5517 5516 0
217 213 0
4592 4594 0
6152 6155 0
8736 8739 0
2027 2029 0
2186 2191 0
2444 2442 0
6758 6754 0
1553 1551 0
479 476 0
8694 8689 0
2835 2839 0
970 975 0
9327 9330 0
3991 3988 0
8309 8305 0
8160 8164 0
190 189 0
1911 1915 0
2622 2618 0
8916 8915 0
1670 1669 0
2770 2766 0
3193 3195 0
3293 3295 0
471 468 0
6644 6639 0
502 507 0
5407 5403 0
1913 1915 0
1843 1838 0
3993 3991 0
4928 4925 0
3988 3987 0
3149 3154 0
7506 7508 0
6243 6240 0
6027 6024 0
8055 8053 0
6068 6065 0
2540 2545 0
7209 7205 0
2141 2137 0
3307 3308 0
6626 6621 0
2403 2404 0
210 208 0
4652 4649 0
4210 4209 0
5612 5609 0
205 200 0
2021 2016 0
7893 7895 0
7164 7161 0
450 452 0
3591 3592 0
1006 1010 0
7565 7568 0
1273 1275 0
6448 6447 0
514 513 0
8572 8569 0
7478 7474 0
4711 4712 0
3368 3364 0
2118 2116 0
6804 6807 0
4707 4712 0
3264 3261 0
3347 3349 0
1757 1762 0
2787 2792 0
4913 4909 0
3671 3666 0
4361 4366 0
7350 7352 0
8221 8216 0
4102 4107 0
6612 6613 0
7078 7083 0
3828 3830 0
8553 8557 0
8776 8777 0
2158 2156 0
7 3 0
885 889 0
8521 8516 0
9206 9210 0
5879 5884 0
8410 8414 0
4526 4524 0
4747 4746 0
8157 8153 0
1137 1142 0
8025 8021 0
718 717 0
1764 1768 0
7894 7896 0
7679 7681 0
4358 4360 0
7030 7031 0
336 340 0
9892 9887 0
2898 2903 0
7752 7747 0
6647 6642 0
8342 8340 0
1569 1567 0
4301 4300 0
2940 2941 0
3736 3741 0
1047 1052 0
6450 6447 0
5011 5009 0
5586 5582 0
5986 5989 0
146 145 0
1041 1042 0
6342 6345 0
8437 8433 0
2468 2465 0
4677 4682 0
4147 4145 0
9461 9460 0
2778 2780 0
3394 3399 0
8185 8189 0
2308 2313 0
9486 9483 0
6549 6550 0
6554 6550 0
1617 1616 0
1637 1639 0
1339 1343 0
1786 1782 0
4221 4216 0
3505 3502 0
1688 1683 0
1724 1721 0
8222 8218 0
3762 3767 0
6866 6867 0
9808 9813 0
5732 5735 0
4872 4869 0
1122 1120 0
3967 3969 0
2910 2915 0
148 152 0
3569 3564 0
6229 6227 0
794 795 0
1059 1063 0
7477 7473 0
6040 6044 0
6212 6211 0
9415 9414 0
5876 5871 0
9460 9458 0
1514 1519 0
7784 7786 0
173 176 0
9571 9573 0
9191 9195 0
6891 6890 0
5273 5268 0
9742 9744 0
715 710 0
1943 1944 0
4265 4269 0
9427 9423 0
5159 5160 0
4564 4567 0
6901 6904 0
8512 8515 0
9589 9586 0
900 898 0
2811 2808 0
2295 2300 0
2789 2790 0
1902 1900 0
3877 3873 0
3666 3667 0
2269 2267 0
8651 8646 0
8078 8075 0
1811 1806 0
8747 8742 0
5399 5402 0
7763 7768 0
1960 1958 0
4547 4548 0
8851 8846 0
216 217 0
4349 4348 0
6902 6900 0
2513 2508 0
5584 5579 0
5758 5761 0
8346 8345 0
4125 4122 0
7979 7977 0
611 606 0
1470 1469 0
8226 8223 0
5493 5489 0
879 875 0
4222 4227 0
8694 8699 0
3252 3255 0
7392 7391 0
6438 6439 0
5018 5016 0
1014 1017 0
5523 5519 0
6943 6944 0
6307 6303 0
1047 1048 0
3217 3216 0
6772 6770 0
7059 7062 0
9899 9897 0
4976 4978 0
8642 8640 0
5135 5136 0
1205 1200 0
1599 1594 0
8379 8381 0
5879 5878 0
4404 4405 0
688 691 0
4766 4771 0
4042 4041 0
9180 9175 0
1936 1939 0
1663 1667 0
9875 9880 0
7116 7113 0
7377 7379 0
3048 3046 0
6597 6601 0
8605 8602 0
1669 1672 0
2402 2403 0
4012 4007 0
2134 2133 0
1881 1885 0
861 858 0
1689 1686 0
4511 4512 0
9920 9918 0
7853 7856 0
6121 6116 0
2609 2611 0
4138 4136 0
4204 4201 0
1686 1688 0
8595 8598 0
2574 2576 0
5081 5080 0
3945 3944 0
3551 3554 0
2745 2746 0
4186 4185 0
9897 9901 0
6626 6624 0
2259 2258 0
6933 6934 0
6164 6166 0
8206 8201 0
859 864 0
6327 6324 0
1069 1072 0
7136 7133 0
2336 2335 0
7835 7840 0
8488 8489 0
4389 4385 0
4625 4629 0
2028 2032 0
9647 9645 0
3207 3210 0
5519 5520 0
7724 7720 0
3309 3308 0
4980 4981 0
5234 5237 0
9839 9842 0
4818 4823 0
7843 7846 0
1551 1552 0
991 993 0
7711 7715 0
8277 8278 0
6857 6858 0
763 761 0
9827 9824 0
7059 7060 0
9978 9976 0
4241 4244 0
2708 2703 0
2588 2583 0
8361 8366 0
7911 7907 0
8211 8209 0
6714 6715 0
773 775 0
2136 2140 0
6517 6513 0
7902 7907 0
2490 2492 0
5666 5668 0
681 677 0
6675 6676 0
2296 2298 0
5929 5928 0
7697 7699 0
939 935 0
1349 1352 0
4741 4742 0
111 108 0
5191 5194 0
2068 2064 0
7926 7924 0
7842 7839 0
8655 8656 0
5352 5351 0
7893 7890 0
3176 3175 0
6352 6348 0
1037 1039 0
1514 1518 0
367 364 0
4147 4143 0
5135 5138 0
8841 8837 0
1815 1810 0
5735 5740 0
4262 4263 0
5291 5295 0
6432 6434 0
4237 4240 0
805 803 0
4900 4903 0
6627 6632 0
9473 9475 0
7437 7433 0
7559 7556 0
4578 4574 0
2185 2190 0
1570 1572 0
8605 8608 0
8903 8900 0
3732 3731 0
918 920 0
7963 7965 0
5630 5631 0
5653 5655 0
9946 9941 0
7986 7989 0
9708 9703 0
9109 9111 0
4033 4035 0
2846 2850 0
9881 9885 0
5598 5593 0
590 586 0
6124 6125 0
2647 2644 0
7947 7948 0
3777 3774 0
6748 6751 0
4621 4617 0
3844 3848 0
8611 8612 0
9482 9484 0
7287 7291 0
9417 9418 0
2528 2529 0
6923 6924 0
6431 6429 0
2083 2080 0
8360 8362 0
237 234 0
9605 9610 0
4796 4792 0
3219 3220 0
2399 2403 0
6260 6265 0
7647 7652 0
5778 5781 0
8860 8855 0
3467 3469 0
2372 2376 0
1326 1324 0
9305 9309 0
6298 6300 0
252 249 0
9281 9280 0
3473 3475 0
3856 3853 0
4881 4880 0
9190 9188 0
8018 8017 0
8059 8057 0
8108 8112 0
9853 9848 0
3960 3955 0
9381 9385 0
7613 7608 0
8154 8158 0
6277 6274 0
6383 6378 0
5355 5353 0
2687 2692 0
3437 3433 0
6069 6066 0
5205 5203 0
7365 7361 0
8998 8999 0
9480 9476 0
6612 6615 0
746 751 0
7205 7208 0
6608 6604 0
3525 3523 0
5578 5576 0
2550 2554 0
6245 6246 0
51 55 0
3576 3579 0
7015 7012 0
7508 7510 0
9725 9729 0
3670 3673 0
2527 2524 0
6226 6231 0
4086 4082 0
2355 2357 0
1635 1634 0
6845 6842 0
7684 7681 0
5348 5349 0
3359 3361 0
2202 2206 0
2176 2172 0
274 271 0
4103 4106 0
2679 2680 0
8704 8701 0
4361 4365 0
6791 6789 0
5508 5510 0
8231 8226 0
3828 3824 0
177 175 0
8676 8675 0
9804 9805 0
6518 6521 0
2942 2939 0
9896 9897 0
9402 9406 0
5212 5215 0
5499 5503 0
8326 8331 0
1770 1773 0
3476 3475 0
8332 8334 0
7262 7265 0
2441 2437 0
2630 2635 0
7073 7068 0
8302 8301 0
9452 9449 0
3363 3367 0
8135 8139 0
9286 9290 0
6061 6060 0
1826 1825 0
6293 6296 0
1517 1514 0
9063 9058 0
8015 8020 0
7162 7165 0
1979 1976 0
2271 2273 0
5881 5882 0
1089 1087 0
79 76 0
1668 1671 0
2706 2702 0
255 260 0
6289 6294 0
2766 2761 0
8935 8933 0
9321 9317 0
2780 2782 0
5401 5398 0
5167 5166 0
1041 1044 0
3736 3739 0
8084 8083 0
6995 6992 0
6254 6250 0
1776 1781 0
1356 1361 0
9926 9923 0
7004 7005 0
2097 2100 0
3869 3874 0
8027 8022 0
7078 7080 0
2277 2280 0
8570 8567 0
9497 9498 0
2988 2987 0
8790 8791 0
2923 2924 0
5623 5624 0
7143 7139 0
2105 2106 0
5807 5811 0
1426 1424 0
4466 4463 0
2633 2631 0
7440 7436 0
7859 7864 0
9754 9758 0
5100 5102 0
2694 2695 0
4206 4209 0
7099 7096 0
4157 4162 0
900 904 0
7808 7807 0
6542 6537 0
1600 1598 0
8046 8045 0
2174 2176 0
257 255 0
7691 7696 0
9087 9083 0
741 739 0
2313 2316 0
8393 8390 0
8443 8444 0
2896 2899 0
1664 1668 0
167 162 0
3295 3292 0
9745 9747 0
5292 5294 0
4571 4568 0
4342 4344 0
7438 7436 0
9227 9231 0
5739 5736 0
2708 2705 0
3180 3177 0
4256 4260 0
8890 8891 0
4353 4352 0
1591 1586 0
1333 1330 0
