5000 60000 79
4551 3832 2
4319 2135 2
4818 2326 2
1664 2885 2
3189 1008 2
2414 1326 2
3238 2334 2
2020 1091 2
1136 2823 2
2077 4651 2
4435 4441 2
4899 4460 2
4953 3158 2
695 4302 2
3032 493 2
850 866 2
2169 868 2
4955 2209 2
3689 3508 2
4078 446 2
1493 1393 2
865 2505 2
2132 3892 2
788 2579 2
331 649 2
889 2825 2
1786 1817 2
4175 2971 2
3576 4604 2
896 200 2
519 3622 2
4921 1466 2
3394 3278 2
1994 3137 2
2114 4122 2
3841 1740 2
175 551 2
3816 4576 2
4451 1480 2
1841 1296 2
2785 2552 2
4658 476 2
3686 121 2
1097 3075 2
1360 3501 2
766 1989 2
2619 2662 2
3025 2555 2
103 4242 2
3023 4898 2
1761 1795 2
2754 3510 2
1674 4061 2
1482 3582 2
3223 2066 2
755 3124 2
2123 3974 2
3975 2950 2
4434 3230 2
2235 96 2
4802 1124 2
1839 2252 2
4484 3622 2
4051 2118 2
3025 2897 2
2598 2268 2
2831 4640 2
3919 4898 2
4227 2929 2
143 120 2
1431 291 2
4195 1590 2
4618 698 2
5 686 2
2257 3195 2
3396 3318 2
4830 3010 2
3596 3639 2
1180 4374 2
4551 1080 2
2215 4075 2
4370 1439 2
4676 1952 2
4540 1105 2
1278 3843 2
1173 4040 2
301 3692 2
1285 1374 2
1380 1185 2
3645 3943 2
3267 4445 2
4541 4770 2
994 794 2
1269 4802 2
1151 3137 2
392 3604 2
3676 1686 2
1976 4281 2
1432 2043 2
620 3492 2
564 4495 2
1945 3162 2
788 3141 2
3343 1812 2
2696 1367 2
1435 3641 2
4826 1106 2
2961 3468 2
1810 3901 2
609 779 2
3792 4520 2
1820 1494 2
3848 2579 2
4776 2324 2
3039 3317 2
2016 1247 2
4266 397 2
2273 4098 2
4754 2965 2
3767 2974 2
1632 3642 2
4299 3274 2
1409 4638 2
736 2935 2
95 3559 2
4396 4339 2
1904 2320 2
4622 1193 2
19 631 2
377 677 2
1314 3425 2
2715 3997 2
2896 655 2
294 1815 2
4117 52 2
3067 685 2
4840 4881 2
2600 3 2
1919 1779 2
1174 1642 2
2202 1295 2
2824 4914 2
693 4724 2
4889 3028 2
4238 1296 2
4388 1463 2
2850 4767 2
3988 1770 2
4630 2621 2
639 848 2
2657 3762 2
436 4187 2
3777 2703 2
2402 3344 2
4716 3346 2
3731 4129 2
2037 3332 2
334 2746 2
1318 362 2
498 4293 2
2045 2825 2
3346 3488 2
3774 600 2
1845 1291 2
2454 3185 2
3264 4387 2
723 3978 2
3821 1533 2
2557 1765 2
2014 2763 2
4838 2281 2
2653 1820 2
3876 857 2
1377 2087 2
1779 2329 2
483 4380 2
1150 968 2
1128 4783 2
1683 701 2
1397 573 2
538 562 2
1392 197 2
4438 2924 2
264 2464 2
454 1030 2
3516 1231 2
3751 2938 2
164 3401 2
4972 3929 2
1147 288 2
4478 2303 2
2424 2429 2
697 259 2
266 4876 2
2539 1179 2
3733 2089 2
2630 1229 2
2032 4458 2
2375 1883 2
1375 4984 2
506 189 2
1117 2103 2
2304 1935 2
1304 1808 2
3298 1358 2
4284 1149 2
3532 3153 2
348 4317 2
1335 2783 2
1015 1569 2
1652 2639 2
1097 509 2
1380 2140 2
4922 950 2
3761 1985 2
389 4800 2
397 2697 2
2832 4470 2
3411 3073 2
3985 1614 2
932 311 2
3953 2748 2
3378 819 2
4678 4422 2
2401 3611 2
1664 2804 2
709 4300 2
2145 2673 2
146 1894 2
3843 545 2
4262 315 2
634 365 2
4919 4104 2
1295 81 2
1976 609 2
2381 3474 2
3257 993 2
2207 3612 2
754 1187 2
4083 2180 2
1404 1227 2
1184 4078 2
4570 3914 2
4100 4187 2
1297 870 2
4590 4057 2
3587 3698 2
1165 1267 2
4384 3546 2
2766 3984 2
1422 1474 2
4987 480 2
2347 4942 2
3379 1380 2
2883 1240 2
1038 3060 2
4437 312 2
288 4989 2
3256 1119 2
1140 2661 2
29 1675 2
2275 499 2
2259 2266 2
37 2842 2
1335 4439 2
4816 4920 2
892 194 2
2644 890 2
3561 3683 2
4990 2109 2
2197 2199 2
787 1185 2
2882 478 2
3503 3149 2
1646 3667 2
3108 2155 2
3270 2304 2
4688 3072 2
1646 414 2
1830 4020 2
3459 4356 2
531 1148 2
3594 644 2
1993 2012 2
3780 120 2
1977 3881 2
4118 928 2
4791 733 2
3118 3089 2
3830 2908 2
943 3161 2
376 3621 2
4039 1307 2
1935 4370 2
1279 3531 2
536 79 2
1091 1901 2
2308 2035 2
4636 237 2
2863 3645 2
4832 3043 2
4255 3312 2
4222 3574 2
1807 3865 2
1742 1829 2
1236 2602 2
3732 1654 2
2053 4431 2
2461 4694 2
4087 3427 2
3080 4467 2
959 4031 2
1652 1957 2
3204 1484 2
4972 2607 2
4853 890 2
4068 4602 2
2496 488 2
956 3840 2
3195 2583 2
453 233 2
4022 2620 2
1863 159 2
16 3224 2
3291 3093 2
3533 945 2
3077 1038 2
4236 3637 2
3723 1318 2
1602 3634 2
2587 4392 2
3354 1782 2
2455 3618 2
2208 677 2
3534 997 2
4028 3088 2
2606 2439 2
269 3854 2
2209 2021 2
378 2829 2
4449 672 2
1164 4523 2
2668 3223 2
4742 3766 2
4254 725 2
1731 1346 2
2113 217 2
2827 2097 2
4619 863 2
3220 2990 2
1365 3109 2
3624 4184 2
1870 3137 2
3444 4243 2
542 1280 2
442 3487 2
515 424 2
1750 723 2
4850 3381 2
2194 1009 2
4003 4871 2
2949 909 2
2679 4335 2
894 725 2
3747 1195 2
564 3843 2
2034 473 2
2807 1845 2
1724 3615 2
3048 766 2
2308 4359 2
2635 1338 2
1788 2458 2
163 2653 2
517 4250 2
3174 3120 2
154 4473 2
1678 4924 2
1263 547 2
4491 4657 2
531 3575 2
4839 500 2
391 724 2
1460 791 2
4601 1813 2
2407 916 2
575 4123 2
882 4421 2
1834 3528 2
2725 1225 2
2307 4275 2
4343 691 2
1600 1249 2
2608 2888 2
750 605 2
3318 4792 2
4900 4558 2
790 4059 2
2633 2520 2
2555 2970 2
4579 2722 2
2469 677 2
3134 3052 2
2157 3599 2
2520 3045 2
3495 2988 2
847 1837 2
1010 237 2
4632 2275 2
1131 3950 2
3452 2301 2
1158 3481 2
1680 3099 2
3784 956 2
1043 4003 2
4133 1287 2
3768 1412 2
2472 3755 2
2148 2217 2
2419 4662 2
1849 1369 2
4341 1669 2
666 1358 2
4429 1805 2
4631 3626 2
3247 4333 2
3631 4950 2
28 3096 2
2805 981 2
2450 1045 2
2432 3493 2
2990 4529 2
1684 3101 2
2842 1239 2
2966 461 2
3467 4903 2
4643 483 2
2461 4661 2
1943 3177 2
1540 86 2
4023 26 2
4922 562 2
3774 447 2
998 3344 2
3740 2263 2
2797 512 2
4000 552 2
1994 869 2
1474 2332 2
1938 2596 2
1394 3410 2
2354 2384 2
95 273 2
2920 2595 2
3371 1592 2
4444 2596 2
3381 2506 2
1463 3836 2
2630 3845 2
3019 3173 2
1218 815 2
4259 3392 2
2952 1459 2
1996 3599 2
589 506 2
2427 2384 2
3547 432 2
1648 3753 2
4093 710 2
375 1626 2
3645 2003 2
4746 1997 2
4752 3221 2
283 771 2
2197 3459 2
4652 1608 2
3293 479 2
4500 4562 2
4999 2567 2
2213 350 2
3196 251 2
1839 1241 2
1169 4283 2
4316 4048 2
1830 4077 2
1899 4166 2
4118 4243 2
4755 4137 2
3875 4778 2
641 3000 2
4394 2340 2
571 1844 2
325 595 2
958 3087 2
4205 4539 2
4526 2036 2
3348 2249 2
2614 2592 2
11 2409 2
3977 4592 2
3965 4222 2
2336 1343 2
2488 1756 2
2250 4249 2
4781 2396 2
4891 2181 2
1840 4756 2
3664 2228 2
2659 2495 2
3190 999 2
2163 4820 2
502 2020 2
418 1208 2
1991 1399 2
4223 1369 2
2802 3975 2
4899 1995 2
2783 639 2
3006 641 2
4080 3346 2
2735 54 2
3492 3904 2
542 4287 2
2794 1345 2
1077 672 2
3700 529 2
4201 1205 2
4570 692 2
3730 877 2
2529 2526 2
535 378 2
764 883 2
2084 366 2
173 2770 2
4797 952 2
2128 4655 2
2585 2580 2
3320 1598 2
714 811 2
4231 3024 2
3386 1859 2
3126 1645 2
2974 662 2
1424 2186 2
2790 3353 2
3381 1569 2
3303 2183 2
2128 2827 2
4179 4952 2
2170 526 2
3442 2147 2
1561 1891 2
3084 1375 2
2846 3660 2
4490 3630 2
4255 1353 2
1688 4098 2
3564 380 2
3832 761 2
1196 1450 2
1565 636 2
3382 227 2
4979 4280 2
4171 3869 2
3844 4563 2
1498 1310 2
179 3990 2
733 2603 2
4019 3683 2
3578 1417 2
1136 3658 2
3171 4006 2
1792 3486 2
4320 732 2
3332 2646 2
128 3904 2
1986 2502 2
1530 3375 2
2968 2905 2
3606 1088 2
3276 4815 2
3732 4849 2
2759 3106 2
3220 1489 2
2317 3419 2
2729 4005 2
3856 1741 2
3463 1900 2
4778 4503 2
2186 3690 2
352 3288 2
2629 1179 2
1043 3709 2
2143 4783 2
2586 4422 2
628 1212 2
3189 527 2
3300 4544 2
3216 206 2
1346 2358 2
4132 2309 2
1487 3298 2
4399 756 2
2501 549 2
114 1601 2
1368 4862 2
3955 7 2
3110 2942 2
3151 370 2
3838 753 2
910 1229 2
4798 41 2
2404 3035 2
3772 3685 2
514 3010 2
3225 1170 2
3445 2272 2
3822 3520 2
47 338 2
3674 1682 2
2562 1815 2
1142 1286 2
3136 2450 2
3284 1462 2
4743 3958 2
869 3426 2
4082 332 2
2232 2092 2
2590 2653 2
3092 1354 2
3323 1310 2
4750 455 2
2834 1029 2
1300 2156 2
2456 3328 2
872 1365 2
3602 2615 2
3078 1834 2
4908 1568 2
1190 4616 2
2891 4709 2
2546 3462 2
2461 501 2
1090 648 2
1521 3199 2
2436 2585 2
3894 3946 2
2105 2050 2
1202 3279 2
2720 4069 2
4073 411 2
3847 3023 2
376 2658 2
4476 806 2
1938 4870 2
1097 617 2
2843 672 2
4471 3297 2
464 3505 2
4786 2476 2
206 4294 2
1603 901 2
722 4812 2
3603 2802 2
4864 572 2
1271 3750 2
4256 624 2
1962 1372 2
3221 826 2
4876 212 2
1454 1840 2
1308 3611 2
2379 1115 2
1177 2258 2
3324 1388 2
4259 662 2
3853 2328 2
1221 3920 2
1822 3827 2
822 159 2
1479 2396 2
2484 4721 2
3153 1246 2
891 2326 2
431 852 2
4060 1672 2
1195 4209 2
4991 851 2
1394 4891 2
927 3698 2
4148 4840 2
976 197 2
148 295 2
4539 4308 2
39 1656 2
4746 4521 2
130 2319 2
2834 1642 2
54 4365 2
4064 959 2
2590 1905 2
1166 2216 2
2113 4093 2
1368 2161 2
815 1862 2
2869 4531 2
3388 2156 2
1852 2228 2
4119 2121 2
1701 1881 2
2220 1015 2
4408 3297 2
128 3307 2
2328 1398 2
3184 362 2
2187 1246 2
1708 347 2
3159 1165 2
4579 4263 2
3964 238 2
764 316 2
486 466 2
3646 3747 2
10 4584 2
166 179 2
2760 3292 2
84 7 2
651 2621 2
1922 1617 2
4576 4527 2
4502 1677 2
2255 2999 2
2688 1457 2
2276 1199 2
4405 4588 2
4232 4196 2
3893 2677 2
1124 4789 2
3426 334 2
4662 4466 2
3223 3259 2
3065 271 2
431 4688 2
1133 3176 2
750 2185 2
2117 3185 2
2359 558 2
1897 926 2
2485 4448 2
4259 1522 2
1474 4562 2
3890 4295 2
4575 4801 2
2332 3977 2
4918 1104 2
901 2535 2
656 4373 2
2250 2247 2
638 3849 2
234 2531 2
2058 907 2
3893 3682 2
983 3594 2
1657 727 2
187 4478 2
903 1911 2
841 4616 2
729 648 2
2802 895 2
163 4890 2
1926 1576 2
441 1508 2
4525 3300 2
4152 1872 2
2123 3263 2
244 1868 2
4192 3621 2
3929 1474 2
4077 1500 2
884 83 2
2893 4291 2
4946 1884 2
1080 611 2
1974 1186 2
3362 2675 2
1704 4928 2
2841 3624 2
3073 496 2
73 351 2
2711 1326 2
2795 4150 2
2093 1149 2
3748 4007 2
2295 32 2
2734 3524 2
2724 2643 2
4991 4523 2
2076 2611 2
146 1207 2
1970 4828 2
1199 1207 2
3415 160 2
1131 166 2
3353 4581 2
2876 1137 2
3727 1833 2
3902 4058 2
932 4274 2
1782 665 2
3707 4180 2
4781 3694 2
137 309 2
592 3569 2
1596 994 2
1702 859 2
4357 4225 2
2264 3070 2
2542 4435 2
4740 883 2
401 4706 2
201 1926 2
907 2273 2
150 239 2
1290 4448 2
547 2912 2
260 1470 2
4106 4956 2
3074 4595 2
2889 4984 2
2973 4586 2
2026 2881 2
3716 1130 2
413 2295 2
2752 3929 2
4545 1822 2
3734 3638 2
2916 1588 2
4951 1250 2
2466 3475 2
788 2644 2
2979 1174 2
1236 630 2
4830 3809 2
2629 3484 2
2861 2288 2
4990 556 2
4663 2106 2
3407 1734 2
1376 2196 2
4889 4287 2
4501 3226 2
2733 3806 2
3871 1911 2
3888 3737 2
106 4236 2
600 3956 2
238 1353 2
3851 1390 2
4930 3529 2
562 4445 2
254 2781 2
4881 4249 2
1719 2441 2
3288 3796 2
2643 2920 2
636 2318 2
2977 2495 2
3034 3930 2
3928 3947 2
4855 585 2
4472 1089 2
1118 453 2
949 3065 2
436 3974 2
334 707 2
1939 1076 2
1062 222 2
1457 4120 2
4991 1719 2
3244 389 2
3678 4095 2
225 1335 2
606 141 2
756 721 2
4322 825 2
4987 3173 2
4850 93 2
4068 334 2
4613 82 2
4847 3384 2
4955 2005 2
523 4631 2
4817 1866 2
3666 1605 2
3736 2878 2
2125 4403 2
4738 1454 2
4194 563 2
2972 4345 2
228 1033 2
2954 2957 2
1619 3905 2
4750 916 2
3856 612 2
775 2405 2
2919 134 2
1625 4911 2
3200 3548 2
1605 4812 2
507 2849 2
4301 1463 2
20 3907 2
3371 1753 2
4909 511 2
1865 2381 2
65 4474 2
1675 3671 2
4996 1551 2
2741 2507 2
3418 3370 2
2881 1794 2
838 4682 2
3859 8 2
4021 1906 2
1672 2039 2
324 1587 2
3920 4185 2
960 305 2
4742 1033 2
1570 1021 2
4102 2589 2
2467 4103 2
4847 2816 2
4984 4658 2
25 2965 2
4854 2574 2
4158 1199 2
885 1727 2
4415 4770 2
1189 2300 2
663 2025 2
3174 3140 2
3993 4369 2
1573 94 2
4807 112 2
84 241 2
4288 3345 2
594 2131 2
4227 2876 2
3419 308 2
2728 4878 2
3838 4540 2
4882 2570 2
3060 565 2
2389 1756 2
3484 3604 2
3644 1632 2
3215 479 2
2922 3012 2
1743 4436 2
1127 386 2
3658 2696 2
3843 4520 2
693 3346 2
4105 3947 2
3801 1685 2
3636 708 2
1415 4775 2
4304 3603 2
784 1771 2
3513 3215 2
4820 2678 2
2854 2342 2
1703 3830 2
906 4507 2
4269 2126 2
945 2612 2
4146 4141 2
3868 2644 2
1896 1725 2
1304 1338 2
2458 4286 2
718 3 2
2791 2113 2
3363 1029 2
1874 954 2
111 2072 2
1672 4204 2
3497 4876 2
2021 2704 2
2032 3288 2
2985 4899 2
3968 100 2
2653 4852 2
4935 2160 2
4454 3846 2
4428 2447 2
946 381 2
690 1758 2
4002 1420 2
4716 1886 2
1340 443 2
1144 697 2
380 2622 2
1552 2543 2
2339 143 2
1325 3408 2
3358 1814 2
2289 873 2
4232 1755 2
1018 2529 2
339 2329 2
258 2172 2
1759 1434 2
4715 1371 2
4381 3126 2
1744 1719 2
2834 1437 2
1361 4463 2
4633 779 2
2482 3324 2
872 3761 2
3830 680 2
1028 4514 2
2920 1753 2
3092 615 2
2285 3040 2
4691 59 2
3170 3579 2
4477 3665 2
3956 3683 2
4106 4770 2
4053 626 2
1935 278 2
277 972 2
966 615 2
122 1694 2
3891 2790 2
953 1730 2
1675 1063 2
2763 4650 2
2782 1337 2
3218 1970 2
2824 2557 2
4976 3274 2
4783 4678 2
1145 4567 2
4981 2962 2
4767 3811 2
2547 4728 2
4089 1549 2
391 255 2
2011 1773 2
4672 1250 2
2275 4822 2
2444 2884 2
1884 799 2
2091 902 2
1296 4027 2
1195 3457 2
4856 5000 2
1628 4316 2
2797 3996 2
191 1578 2
957 4507 2
4920 3826 2
3679 377 2
2778 2656 2
3135 300 2
963 2972 2
2453 367 2
4621 4850 2
4733 88 2
1059 856 2
343 2321 2
4099 1892 2
2983 822 2
1810 4072 2
3779 187 2
4691 1797 2
4073 1237 2
3862 3304 2
2877 4612 2
2060 2834 2
26 752 2
1124 2690 2
3785 641 2
3868 100 2
2556 234 2
2108 2908 2
3545 268 2
4173 2427 2
4268 423 2
4767 3528 2
2532 3157 2
2779 2857 2
983 4994 2
2964 4878 2
1257 2333 2
3757 1351 2
107 90 2
1440 61 2
4146 4057 2
448 915 2
3964 256 2
3011 81 2
4592 1185 2
3111 492 2
1007 714 2
2913 2675 2
230 1304 2
2628 2229 2
2167 4292 2
21 4898 2
1630 811 2
945 4933 2
4339 4944 2
4913 3309 2
2515 4847 2
2246 2294 2
380 3239 2
832 815 2
3972 2306 2
1191 2063 2
1438 2356 2
1574 2284 2
3916 3401 2
3116 1149 2
1800 2124 2
1442 428 2
3488 971 2
3786 3012 2
3263 846 2
3576 4199 2
4232 325 2
637 2718 2
2892 4604 2
1528 310 2
4551 4572 2
3714 1088 2
1498 3378 2
508 3199 2
379 1107 2
2088 3837 2
3956 338 2
4418 3817 2
861 680 2
456 3368 2
2785 3476 2
1305 369 2
4047 3502 2
845 3811 2
3782 1030 2
2353 2845 2
2784 4580 2
1660 1911 2
2275 4864 2
3184 2938 2
330 756 2
2007 3047 2
484 2581 2
2642 2669 2
915 505 2
2807 1405 2
4890 1254 2
2941 3040 2
3385 4792 2
2698 2690 2
2944 2873 2
1103 2712 2
832 1888 2
2586 285 2
2889 261 2
2026 2535 2
4084 2868 2
3157 4276 2
168 3656 2
1491 2455 2
4301 171 2
1268 3574 2
4686 179 2
2437 1076 2
3629 1668 2
304 843 2
2164 3010 2
3448 2723 2
733 4795 2
2825 2557 2
774 4798 2
1385 4430 2
2847 1235 2
1744 732 2
4182 508 2
4507 3734 2
1280 3303 2
4124 2885 2
1428 3073 2
2394 1303 2
2471 4332 2
1440 2581 2
2727 1058 2
3731 337 2
2318 4524 2
2149 1125 2
2872 365 2
816 3406 2
1184 3848 2
1785 443 2
2113 790 2
121 190 2
18 3980 2
4787 4071 2
4784 2610 2
4014 1672 2
1611 3518 2
4828 3836 2
664 3233 2
1175 4945 2
2550 622 2
537 3054 2
1569 2103 2
4825 4556 2
1813 3640 2
1098 162 2
1978 2179 2
2192 538 2
2437 2443 2
4628 516 2
3835 581 2
2036 711 2
1632 4004 2
1701 4968 2
681 3985 2
1651 1854 2
2776 4139 2
4294 2905 2
4543 150 2
338 1673 2
2365 3142 2
4920 4542 2
970 3176 2
2614 3092 2
1257 2707 2
1462 2668 2
1265 750 2
183 3034 2
1624 4537 2
1081 3055 2
2809 479 2
1480 4087 2
1445 4315 2
2401 1036 2
827 2645 2
1660 3319 2
70 4402 2
4946 3272 2
460 358 2
3737 1469 2
3653 1522 2
2121 4343 2
3321 4621 2
1669 3238 2
4121 3759 2
1309 2245 2
518 4668 2
3510 3557 2
3615 200 2
2327 4110 2
3582 4352 2
3575 3220 2
2952 1135 2
4698 910 2
1124 1330 2
2808 2633 2
4175 3490 2
2684 4240 2
1190 932 2
3076 1928 2
2646 3111 2
3548 3455 2
2558 3584 2
2123 3855 2
3349 3007 2
2420 4381 2
1397 3853 2
1200 1827 2
1224 3555 2
3023 3318 2
1332 1357 2
4968 445 2
350 1584 2
4956 4872 2
4354 1043 2
4861 4589 2
4943 442 2
2397 2476 2
4598 2187 2
2457 1330 2
2080 51 2
3459 325 2
224 410 2
251 3627 2
4650 3279 2
780 2250 2
4595 2646 2
2917 673 2
2867 1204 2
172 1407 2
43 2405 2
105 4865 2
3641 2188 2
4143 1801 2
4678 3440 2
3496 3295 2
4750 3587 2
2511 3256 2
914 3960 2
3503 774 2
3602 2694 2
1753 679 2
3934 3526 2
3832 3076 2
2623 4899 2
588 665 2
616 3840 2
50 1255 2
4893 1206 2
4856 3894 2
2926 3071 2
1094 181 2
1687 818 2
1591 4979 2
38 1532 2
3355 4181 2
4896 3681 2
1869 650 2
568 1350 2
3525 665 2
2866 690 2
989 977 2
3482 871 2
2441 1989 2
1227 3363 2
4540 1793 2
2941 4983 2
2825 1254 2
4246 1011 2
4096 819 2
1964 3347 2
1693 2655 2
2069 4436 2
332 3790 2
59 579 2
1457 1092 2
961 2413 2
2369 1864 2
4655 3110 2
3801 65 2
1826 1358 2
3294 758 2
2845 3117 2
2938 1112 2
2876 1610 2
3349 1388 2
3585 2277 2
279 4827 2
216 888 2
2561 4603 2
36 3573 2
4274 17 2
4506 1743 2
2893 1230 2
3748 271 2
2441 4791 2
823 3246 2
1517 2208 2
73 4251 2
2270 2637 2
4212 3970 2
3406 80 2
2160 2214 2
3683 3685 2
3552 4739 2
1021 1072 2
3880 2620 2
2533 642 2
2942 1324 2
4858 1151 2
524 848 2
3235 1365 2
4749 3559 2
2877 1910 2
1674 3918 2
3465 3928 2
3618 115 2
4480 3730 2
3615 2910 2
1808 532 2
3594 2445 2
2010 3657 2
311 2148 2
1229 3327 2
1482 1293 2
2587 2332 2
2940 2134 2
2264 1922 2
153 2020 2
4014 2872 2
1528 3143 2
3631 2403 2
2238 833 2
3586 3703 2
4427 2891 2
3326 2168 2
417 1336 2
503 1892 2
359 1230 2
3581 3377 2
4390 3195 2
3490 2652 2
4625 1901 2
3739 2993 2
558 4934 2
2403 2158 2
1119 431 2
411 1941 2
1750 4458 2
4499 2995 2
2039 610 2
1465 3310 2
703 1716 2
214 3058 2
572 3442 2
2231 1472 2
2973 2772 2
2016 3843 2
3131 430 2
1449 1037 2
383 741 2
2802 1137 2
3100 3690 2
1784 1711 2
3047 3858 2
4359 4595 2
3012 592 2
1864 3495 2
622 4093 2
3169 4150 2
436 361 2
1532 930 2
2511 3788 2
4919 954 2
1280 2679 2
3906 2353 2
1758 3252 2
1679 3831 2
4305 2363 2
4777 3351 2
3420 1912 2
4439 4126 2
2132 1379 2
1853 3997 2
2833 827 2
3684 2930 2
9 1463 2
3843 4424 2
1094 4886 2
1526 4750 2
2304 2909 2
2036 1384 2
3993 2925 2
4980 3383 2
3659 1896 2
3802 2100 2
2116 1847 2
907 3396 2
3613 1417 2
3475 3183 2
3110 35 2
4867 740 2
1139 2690 2
1227 4220 2
3247 2651 2
4117 2403 2
3020 4972 2
4182 4054 2
672 2458 2
3633 2006 2
2812 3165 2
2799 1341 2
1663 3086 2
3569 1624 2
2609 4465 2
331 835 2
4244 2686 2
1394 2518 2
303 2731 2
260 237 2
3186 816 2
1490 4141 2
1939 334 2
2269 4793 2
570 2015 2
2547 2360 2
244 1356 2
308 2694 2
1573 2770 2
1585 3564 2
442 4981 2
2108 898 2
133 1624 2
4769 569 2
1542 4512 2
2639 2398 2
122 3320 2
129 3253 2
722 3750 2
1698 3462 2
3270 3659 2
601 3280 2
3019 2561 2
1947 1497 2
1292 1793 2
2046 3099 2
2981 2875 2
3510 4340 2
1652 4068 2
1221 4233 2
2802 955 2
674 386 2
2404 2544 2
752 2721 2
2162 1852 2
1967 387 2
3896 3359 2
3510 4409 2
2914 2410 2
3868 3350 2
1663 1799 2
423 3322 2
3697 3622 2
4860 1437 2
2391 2334 2
4899 1558 2
4507 386 2
1678 1557 2
3037 3262 2
222 2850 2
4359 3399 2
636 4375 2
311 4296 2
4355 916 2
1060 3002 2
3252 3294 2
2845 3171 2
3453 626 2
4154 4455 2
2151 3409 2
1972 3764 2
4559 3814 2
1242 1616 2
4964 1027 2
1772 2278 2
4538 4953 2
850 214 2
4316 2694 2
3896 1314 2
4743 825 2
100 4238 2
39 3521 2
2885 3483 2
3801 453 2
4480 1976 2
3246 1968 2
3636 2018 2
3383 2091 2
3600 3569 2
2231 78 2
3896 4345 2
1303 4176 2
1712 4243 2
1765 3555 2
2696 1360 2
2132 46 2
1681 4402 2
545 1293 2
4207 411 2
1921 2746 2
3247 2364 2
4752 2730 2
1442 3809 2
2220 654 2
4160 2880 2
3258 4276 2
23 1659 2
3294 4183 2
2937 1749 2
1755 1193 2
1653 2361 2
371 342 2
3840 3568 2
3401 2178 2
377 3876 2
4243 4214 2
693 1943 2
1904 131 2
4122 508 2
2501 522 2
1453 2229 2
3774 2562 2
3046 1281 2
2193 4552 2
1216 2599 2
2234 1555 2
2292 3043 2
802 310 2
3924 4462 2
2785 43 2
4969 1816 2
408 2859 2
4903 3079 2
1968 4570 2
1845 4250 2
34 3236 2
3906 4897 2
844 3438 2
190 1428 2
3305 4306 2
1802 3807 2
4565 3308 2
336 1605 2
267 2514 2
2357 4115 2
2186 465 2
3874 2429 2
109 3822 2
112 4504 2
1204 3780 2
345 4564 2
4768 1169 2
893 4916 2
3660 4716 2
803 2614 2
3553 660 2
4398 2606 2
1921 695 2
2832 2547 2
3629 3323 2
4704 1418 2
2574 2369 2
2931 1169 2
924 796 2
4297 4009 2
1076 4316 2
195 4631 2
98 3824 2
4264 3259 2
3706 2453 2
3636 1893 2
3235 2557 2
3366 2692 2
34 4881 2
2055 4181 2
4035 3073 2
210 2418 2
728 4339 2
3279 4133 2
3 1458 2
4642 4251 2
483 1940 2
1510 1786 2
221 2722 2
3085 1290 2
125 3176 2
4503 3099 2
1670 867 2
1758 1391 2
2175 4695 2
4643 2484 2
1850 220 2
3133 1384 2
4058 3486 2
1243 1272 2
4 1860 2
2388 3623 2
846 3717 2
328 4379 2
3766 1615 2
2034 4929 2
2066 1833 2
2155 4932 2
3341 4828 2
1138 2229 2
4785 1745 2
686 950 2
131 2017 2
2426 3918 2
4994 20 2
677 4835 2
3848 475 2
4193 1280 2
517 3985 2
90 2775 2
1457 3290 2
4781 454 2
1683 4944 2
2488 4624 2
859 1052 2
3919 3776 2
1911 3917 2
3996 4604 2
1269 4220 2
4138 2551 2
2213 4661 2
3606 1199 2
4836 486 2
3834 3470 2
3854 368 2
4522 3581 2
991 125 2
404 452 2
823 4552 2
4743 361 2
1185 4570 2
4501 1210 2
2836 1686 2
4753 3832 2
3314 1427 2
3660 3977 2
4840 1553 2
1783 4647 2
2011 1756 2
4466 3701 2
2196 2850 2
3896 2199 2
14 2674 2
1925 2151 2
2558 347 2
1464 4285 2
4667 1374 2
4246 430 2
3965 811 2
1130 1151 2
1030 236 2
3570 4978 2
279 995 2
2597 4508 2
3637 3703 2
3981 1743 2
4620 1244 2
3080 2039 2
1489 3558 2
1705 2019 2
924 1265 2
428 4310 2
3632 3853 2
3406 1332 2
2520 3392 2
2963 1932 2
1613 1079 2
1548 3017 2
4317 4855 2
3988 3819 2
3601 1085 2
2523 4230 2
2832 301 2
1717 4723 2
1777 2036 2
2569 129 2
2149 319 2
3651 3243 2
2148 2128 2
4054 290 2
3368 4852 2
918 4506 2
982 4984 2
2485 867 2
2778 4924 2
738 3265 2
1008 3165 2
4042 354 2
4102 1118 2
1452 933 2
2519 124 2
48 501 2
2828 4166 2
1819 2000 2
3743 511 2
3917 360 2
1551 941 2
101 779 2
65 2637 2
3934 3847 2
4325 579 2
3835 1465 2
3996 927 2
4151 3605 2
2980 4704 2
1434 2149 2
3063 4939 2
4745 649 2
2505 3035 2
2214 182 2
25 1807 2
2420 1107 2
2033 2742 2
4839 1039 2
2934 4303 2
3913 2326 2
317 3077 2
2175 4159 2
1526 3210 2
3160 522 2
4782 2837 2
3421 3346 2
3842 512 2
3380 4632 2
3768 2114 2
4721 2081 2
3599 848 2
4681 3928 2
985 515 2
1435 118 2
2816 1624 2
1981 1333 2
4076 1152 2
1192 2663 2
2561 4919 2
3238 1642 2
3518 957 2
3139 1747 2
1477 1029 2
3585 3973 2
3057 4120 2
801 926 2
3712 1201 2
3448 4607 2
2203 574 2
3615 1415 2
2977 209 2
1464 2295 2
103 2785 2
3700 4076 2
641 1067 2
4857 1381 2
2985 2218 2
4950 3746 2
1418 2833 2
4397 4728 2
4309 2973 2
1298 3556 2
3832 120 2
2614 4489 2
4876 1610 2
1176 4965 2
340 4138 2
3369 2620 2
585 807 2
4302 3930 2
3535 4991 2
4889 2639 2
527 3654 2
4996 1010 2
4135 3785 2
1954 3145 2
1371 3582 2
290 3171 2
3072 3792 2
3921 2351 2
3654 1858 2
1832 559 2
1204 3673 2
4496 4706 2
4334 782 2
2624 2457 2
2905 2050 2
348 1444 2
202 3656 2
2009 2076 2
2355 3562 2
4558 2434 2
3288 3080 2
4608 12 2
2501 4847 2
712 1471 2
4719 3676 2
1558 3473 2
2032 3555 2
429 732 2
1661 4033 2
1985 2060 2
2403 2731 2
2299 2674 2
122 437 2
4512 696 2
2299 1374 2
1119 768 2
2835 2222 2
2305 2330 2
1364 503 2
1239 2567 2
4090 1559 2
1816 383 2
1106 3839 2
1335 146 2
4481 2989 2
2299 1998 2
2388 4023 2
4681 4941 2
2910 1777 2
2599 2337 2
2432 3370 2
3997 1942 2
107 1626 2
3251 3497 2
4026 4261 2
2152 1168 2
2162 4284 2
1095 4826 2
3775 3986 2
956 4203 2
2689 952 2
1791 2955 2
718 512 2
2605 2182 2
3670 4436 2
2436 1733 2
4464 671 2
1342 3124 2
1808 801 2
172 3012 2
2537 4870 2
3476 3600 2
951 3009 2
4699 2843 2
1741 2478 2
4468 110 2
2318 1517 2
4094 912 2
1027 2097 2
399 3335 2
1487 2881 2
198 1023 2
3296 1836 2
3050 2114 2
3297 37 2
2708 722 2
1826 2694 2
3255 4999 2
4304 4917 2
427 2681 2
1312 2620 2
2765 3443 2
363 4454 2
3098 1708 2
435 4032 2
2225 2444 2
4878 3471 2
3114 812 2
356 4510 2
1900 2093 2
2817 1151 2
4980 1936 2
4877 4593 2
445 1647 2
1756 4763 2
2296 1873 2
860 3409 2
4265 1098 2
2072 1604 2
2005 1482 2
2685 951 2
925 1381 2
2735 2845 2
3392 2927 2
155 529 2
311 4922 2
1966 1807 2
3594 3641 2
790 2583 2
4385 1386 2
3587 3505 2
3947 938 2
3638 2573 2
1960 600 2
2337 1766 2
3578 2137 2
5 4845 2
1476 2856 2
2920 2456 2
3375 2540 2
4086 276 2
3121 2991 2
770 2431 2
3292 4975 2
3950 4989 2
4749 808 2
1105 697 2
2761 3278 2
4778 2639 2
2710 1662 2
4540 2165 2
3306 952 2
3408 86 2
4351 2949 2
1708 1727 2
2566 3618 2
538 506 2
3974 1217 2
2317 2818 2
1698 1660 2
267 19 2
1896 627 2
4063 187 2
2534 849 2
1559 852 2
4512 3089 2
2736 2836 2
3158 3125 2
2872 1469 2
3473 1007 2
4020 4592 2
555 1924 2
950 4687 2
1291 873 2
4835 502 2
2466 467 2
3050 2254 2
906 1123 2
544 264 2
4943 4619 2
3312 2068 2
1364 2204 2
3276 2187 2
4665 694 2
2415 2537 2
1204 4946 2
2987 2703 2
4760 4319 2
1208 3103 2
1354 726 2
4553 1633 2
1881 2453 2
83 2035 2
3799 3507 2
4930 4400 2
587 4971 2
72 2295 2
1019 3722 2
3921 2008 2
4560 2414 2
3423 2082 2
60 2414 2
1465 2629 2
122 3648 2
214 3631 2
2842 215 2
2198 474 2
954 3083 2
3985 3659 2
1547 3642 2
4366 1098 2
1962 3549 2
4707 2751 2
2086 2869 2
2952 1734 2
3509 2251 2
1689 4016 2
3679 4024 2
1588 1180 2
4359 4355 2
4910 3403 2
63 2841 2
3038 4648 2
4745 269 2
2481 987 2
2634 3947 2
8 3749 2
1746 4853 2
2909 2777 2
1145 4828 2
3546 1643 2
4091 500 2
2115 212 2
3096 1442 2
2437 1638 2
1349 2044 2
1458 1473 2
1595 3017 2
4410 2893 2
4454 4906 2
3520 2443 2
2939 2149 2
3037 3506 2
446 569 2
3116 1761 2
4681 1341 2
2300 2688 2
1048 2511 2
1405 2081 2
1441 3774 2
1171 3794 2
861 4124 2
2368 1464 2
2483 3468 2
1032 1226 2
4770 535 2
4617 915 2
432 2981 2
2135 1354 2
3618 1702 2
231 534 2
4196 4773 2
2524 4695 2
2015 3890 2
1320 1275 2
1505 3093 2
1848 1610 2
4345 1178 2
140 4415 2
4576 691 2
714 4420 2
162 652 2
106 2509 2
3241 4604 2
3656 547 2
2804 4852 2
4819 3956 2
3083 2597 2
1730 1163 2
760 4729 2
3670 2870 2
4289 3425 2
4671 1056 2
3494 1566 2
3818 4158 2
2586 1228 2
65 697 2
2250 3614 2
3949 2022 2
4089 1857 2
3429 1716 2
961 4070 2
1469 1369 2
1980 2563 2
3073 1315 2
3490 1693 2
44 1990 2
3444 2894 2
2327 4446 2
3142 708 2
4841 380 2
61 4930 2
3057 4959 2
2885 4754 2
1804 1063 2
4604 1001 2
2366 2754 2
4289 2008 2
3161 654 2
873 4758 2
3481 3394 2
4695 2969 2
3407 2134 2
523 1813 2
2712 13 2
2660 2072 2
3688 3235 2
3270 2161 2
3833 4250 2
4909 3248 2
4289 3268 2
4883 2130 2
373 46 2
1415 2341 2
3989 2685 2
703 2411 2
3432 4559 2
4959 2156 2
2671 615 2
4374 3608 2
4177 770 2
1156 4632 2
290 2957 2
2042 2700 2
4858 4771 2
904 1848 2
560 504 2
2391 1202 2
1049 975 2
2798 3668 2
4749 3133 2
3688 889 2
2000 2562 2
2937 3214 2
3751 1819 2
4985 4356 2
2222 670 2
1892 4307 2
911 861 2
2841 3713 2
554 2421 2
1040 455 2
4936 295 2
465 644 2
4228 2025 2
2750 1993 2
292 2958 2
3429 2177 2
1224 4785 2
156 2312 2
550 2123 2
2476 1977 2
2257 1583 2
1122 2596 2
491 4684 2
2417 3487 2
2721 2145 2
2371 3797 2
1341 855 2
3010 187 2
4774 557 2
2733 3877 2
669 2863 2
2442 298 2
4577 983 2
3354 835 2
3925 323 2
1759 4383 2
4890 1300 2
4047 4354 2
4827 2402 2
1375 1431 2
740 3540 2
3695 2675 2
3631 1804 2
3134 4991 2
1323 2050 2
1503 360 2
2039 328 2
4158 398 2
3960 423 2
2952 172 2
305 4673 2
1199 3186 2
2449 1781 2
2798 2240 2
526 1850 2
3642 3010 2
4514 4104 2
3172 2042 2
4585 3964 2
4856 3387 2
2729 3935 2
1556 4984 2
3841 4349 2
2846 3553 2
4975 2211 2
1090 4101 2
4006 4697 2
1573 3710 2
1930 3719 2
1355 1724 2
58 3082 2
372 1756 2
3236 2061 2
4708 1189 2
1648 2106 2
3541 3656 2
2173 2557 2
3972 795 2
4097 4790 2
1101 51 2
807 3213 2
748 1886 2
139 1031 2
3367 4791 2
3753 4344 2
4881 4365 2
1084 438 2
1257 1036 2
3132 235 2
1651 3079 2
4617 700 2
4622 4931 2
4662 3862 2
3134 725 2
2613 2110 2
2897 3602 2
4458 2786 2
2294 4776 2
1902 2761 2
477 2809 2
4204 346 2
3924 895 2
3309 847 2
836 2485 2
482 2879 2
4184 1679 2
495 977 2
2530 1915 2
3150 594 2
2589 440 2
320 1808 2
3653 4062 2
4367 28 2
3663 4655 2
966 933 2
3302 408 2
4837 1995 2
4893 3149 2
239 1813 2
759 258 2
4334 3929 2
1229 1400 2
1409 3934 2
1458 3084 2
819 4425 2
4162 2751 2
1622 2523 2
3485 4151 2
4610 2570 2
140 2384 2
3087 1153 2
484 3371 2
4751 661 2
695 1203 2
4043 1443 2
4646 4769 2
2472 2657 2
1054 163 2
3696 3247 2
2079 850 2
3799 1392 2
3802 4974 2
2291 351 2
3615 1179 2
4801 221 2
1245 1864 2
1565 3730 2
2456 545 2
4515 667 2
4444 3331 2
1166 167 2
2006 4606 2
2253 2437 2
4590 3258 2
2505 4927 2
886 331 2
4122 472 2
952 791 2
4664 1331 2
413 3499 2
4160 1477 2
4863 3497 2
2550 1831 2
3935 3599 2
1040 4900 2
37 3304 2
789 4152 2
3513 1080 2
4479 2173 2
4626 2576 2
3186 4912 2
620 2921 2
2116 3318 2
4336 881 2
346 1812 2
2235 3109 2
2511 4049 2
2684 775 2
2477 480 2
2725 2150 2
294 3636 2
1936 1437 2
1293 4407 2
4977 4825 2
1724 3784 2
804 374 2
3452 3159 2
2907 3975 2
923 874 2
1101 3033 2
3938 4817 2
2502 3193 2
209 3394 2
3547 4259 2
2255 2182 2
1056 4551 2
3905 49 2
3763 4510 2
4157 4035 2
735 4967 2
2409 2237 2
1637 471 2
4358 3635 2
1816 4644 2
1149 4341 2
4852 2013 2
4685 252 2
2387 3232 2
4175 3174 2
4409 2235 2
1494 1866 2
1595 888 2
4406 1080 2
4116 2936 2
1940 22 2
2356 2993 2
4097 2663 2
2890 3286 2
4948 4116 2
832 296 2
2616 3640 2
444 1847 2
1807 406 2
685 4309 2
2005 4686 2
37 1486 2
4678 4384 2
472 2315 2
213 2918 2
9 129 2
322 2320 2
119 751 2
3139 3464 2
3186 1201 2
4279 2438 2
2909 914 2
3279 3178 2
4511 1123 2
4513 336 2
1644 205 2
4012 3711 2
735 2618 2
1119 2547 2
1173 3056 2
4659 1659 2
2835 1058 2
4137 2735 2
248 316 2
2561 136 2
1460 3493 2
697 2878 2
2288 2170 2
1495 530 2
4806 3730 2
2098 3903 2
3558 4072 2
3135 3273 2
3344 1176 2
681 2810 2
4895 798 2
4499 1930 2
4039 4453 2
168 2010 2
1245 3247 2
3239 2472 2
797 4607 2
4381 1382 2
2971 470 2
2701 3939 2
911 4263 2
2629 2324 2
30 991 2
4635 1687 2
1751 186 2
2379 3657 2
4411 2475 2
1092 3160 2
2599 3153 2
3137 458 2
1057 3943 2
432 754 2
2258 3915 2
2016 4233 2
495 3160 2
144 4860 2
1399 2555 2
360 4877 2
1654 3556 2
2059 280 2
4291 1737 2
2770 4413 2
1470 946 2
4948 2505 2
4661 2107 2
1341 1035 2
3497 1470 2
1841 759 2
1719 31 2
2964 4994 2
3988 3751 2
1082 3888 2
2697 1635 2
2134 4668 2
1580 4023 2
164 4984 2
4136 3750 2
4237 952 2
790 2084 2
1763 4786 2
720 2772 2
3603 3895 2
2705 2569 2
1828 1628 2
3297 213 2
4287 3323 2
2272 1890 2
4926 3129 2
3333 3418 2
743 3086 2
3802 3345 2
1707 1097 2
4391 1210 2
4480 1299 2
2631 3543 2
4623 2329 2
19 2510 2
3033 1239 2
1584 2274 2
1243 4114 2
2783 982 2
4285 172 2
4254 782 2
2802 2481 2
2109 3794 2
738 2669 2
4282 3743 2
4212 1230 2
2660 1431 2
1108 1115 2
3410 1877 2
678 2802 2
2147 3120 2
3970 818 2
1699 2486 2
1208 4249 2
1681 4575 2
3078 1174 2
746 4748 2
4812 2690 2
2499 1005 2
1574 3795 2
3733 3234 2
895 4079 2
4446 798 2
3969 220 2
4898 48 2
471 1545 2
3264 1706 2
2882 3750 2
1459 3120 2
3544 534 2
2294 4012 2
3852 3463 2
1877 1079 2
2573 2078 2
965 1322 2
1719 3251 2
3286 1869 2
359 4487 2
1547 2772 2
1290 1717 2
636 2194 2
710 1502 2
1729 1001 2
4495 630 2
406 1609 2
1623 4019 2
2803 2053 2
123 1132 2
1270 4576 2
4061 8 2
2071 886 2
4625 4244 2
1956 2824 2
3346 1859 2
1828 640 2
4105 203 2
2773 1214 2
3422 186 2
2459 1754 2
2357 2016 2
2549 2613 2
3904 2325 2
3761 4665 2
3809 608 2
4209 2324 2
244 3674 2
1943 299 2
2724 2960 2
2928 4932 2
1796 3822 2
3349 168 2
1042 363 2
1297 4524 2
3126 1154 2
198 3618 2
2702 2752 2
4282 4688 2
265 309 2
2430 3257 2
4034 3147 2
216 993 2
1803 1089 2
320 1822 2
1242 2787 2
3560 67 2
2325 136 2
4176 4512 2
328 975 2
1004 2293 2
1115 2385 2
3003 3619 2
3354 3921 2
1087 4565 2
932 3175 2
3683 3204 2
2031 4165 2
4622 3904 2
4493 990 2
161 4401 2
1371 4916 2
2728 2036 2
1659 1146 2
1003 4941 2
1057 1212 2
1908 73 2
3214 3111 2
278 3779 2
1773 1707 2
3655 1203 2
457 3572 2
4914 2964 2
4579 1670 2
4280 4247 2
3220 3719 2
2902 4761 2
742 2451 2
3137 1197 2
2835 1059 2
2504 2347 2
1406 226 2
3614 258 2
2380 1787 2
1717 669 2
1661 1265 2
293 3091 2
975 620 2
3999 428 2
3792 1938 2
235 801 2
3940 4740 2
1195 70 2
4487 1928 2
2870 1269 2
4772 168 2
4130 2007 2
1353 2669 2
2647 1618 2
2094 1455 2
1800 3095 2
274 3164 2
1867 2866 2
4749 639 2
597 4632 2
2552 2265 2
2532 2178 2
2696 1469 2
926 3845 2
842 4412 2
3950 1057 2
121 3998 2
4147 4823 2
3238 605 2
336 3878 2
3388 3938 2
2909 4951 2
4278 4454 2
4267 649 2
2026 854 2
3949 115 2
3608 380 2
3255 1937 2
4995 145 2
2162 1311 2
790 4302 2
807 1230 2
1115 2702 2
4891 254 2
3564 4556 2
4459 3593 2
3417 1342 2
4291 688 2
550 2616 2
2824 295 2
4158 3139 2
1336 1504 2
2353 3278 2
4668 972 2
4309 4263 2
247 2828 2
2237 2272 2
2046 4587 2
3098 4221 2
3481 3782 2
3426 351 2
2745 2331 2
3831 4839 2
2415 2595 2
1424 1964 2
330 2772 2
4561 4731 2
2700 115 2
1960 2631 2
3840 1847 2
3906 213 2
3744 1074 2
4943 2865 2
1128 2708 2
3069 984 2
673 2169 2
1731 4089 2
1019 421 2
30 1081 2
2681 469 2
3571 2283 2
4989 2003 2
1794 4917 2
3276 4082 2
3576 1164 2
3290 3498 2
3001 4315 2
811 3648 2
3976 1892 2
956 3933 2
3033 1843 2
305 2621 2
3144 2082 2
4145 1279 2
1996 1193 2
1801 955 2
1408 316 2
681 4198 2
691 4890 2
4606 3916 2
3060 4369 2
2936 1417 2
3087 1155 2
4206 909 2
1128 1867 2
982 151 2
830 2397 2
2074 3545 2
352 493 2
2059 4852 2
733 1372 2
3976 2545 2
2154 4173 2
1693 3093 2
3530 1361 2
49 3146 2
4242 938 2
4556 1910 2
130 4070 2
1497 4207 2
3798 471 2
2005 1631 2
4389 4210 2
4255 723 2
1753 4032 2
1352 552 2
3663 1593 2
4744 1930 2
2218 2931 2
1390 4563 2
3173 2140 2
1786 456 2
1236 1064 2
3903 2645 2
1159 4720 2
3217 1385 2
4213 3643 2
4746 704 2
2617 553 2
168 940 2
4561 1614 2
4505 1118 2
2844 4391 2
4393 1484 2
2428 2729 2
1434 327 2
3081 1386 2
4914 1229 2
3330 3755 2
2345 2250 2
4732 2544 2
309 258 2
3516 840 2
1039 2447 2
854 4375 2
2521 1937 2
4661 843 2
392 4756 2
3470 3599 2
2870 457 2
571 1228 2
1120 3036 2
2741 1377 2
3799 4114 2
1781 3773 2
3533 416 2
433 2449 2
4175 490 2
1807 3036 2
75 2187 2
874 902 2
4836 2825 2
2846 3117 2
1989 2308 2
3839 2858 2
1007 4584 2
3263 2324 2
1956 3044 2
2957 947 2
4694 2181 2
3319 3952 2
160 3869 2
508 4751 2
2521 1039 2
2129 4329 2
4403 3629 2
2951 3407 2
4765 4731 2
4079 1873 2
2151 2624 2
2694 2451 2
4763 3227 2
3791 1630 2
4189 2267 2
1392 3136 2
2466 1105 2
4526 4789 2
714 3187 2
738 4981 2
1957 4971 2
2404 4893 2
980 3403 2
3513 1967 2
3671 4612 2
3519 4515 2
3392 1527 2
534 1193 2
4217 590 2
1452 4494 2
2718 631 2
1700 360 2
2402 4840 2
1154 1126 2
2068 1114 2
1371 3103 2
2524 1417 2
3249 2254 2
975 2170 2
2462 2182 2
2122 955 2
3804 3750 2
1210 2380 2
4716 2588 2
3653 3143 2
4530 2878 2
4418 1248 2
4585 2051 2
4827 598 2
3089 4477 2
1052 242 2
4955 4123 2
3983 1076 2
2834 4236 2
697 2888 2
1875 2420 2
949 3648 2
43 1550 2
661 1803 2
2283 982 2
4540 261 2
3473 4477 2
2587 4499 2
1713 246 2
3846 4174 2
1422 2472 2
2130 4422 2
1497 4448 2
12 299 2
175 4275 2
2743 2131 2
18 2453 2
3829 4638 2
4673 449 2
597 2379 2
1655 4919 2
453 3101 2
1324 2005 2
4310 4469 2
1751 1275 2
378 1184 2
525 3636 2
551 2183 2
719 3364 2
4465 1035 2
3960 856 2
3630 1401 2
2167 4776 2
3076 3495 2
4853 3555 2
4925 220 2
4265 2028 2
856 4495 2
1573 4807 2
2296 2986 2
2010 2882 2
3874 3037 2
2927 2433 2
3343 259 2
3798 3716 2
39 2764 2
3196 1297 2
4551 979 2
2187 1159 2
917 4680 2
364 1042 2
2689 4655 2
2745 1006 2
1214 3190 2
3302 719 2
4531 3699 2
2168 2486 2
891 1123 2
3151 2327 2
2396 1394 2
3034 2621 2
2591 2396 2
3336 710 2
304 3471 2
2628 4221 2
2028 4287 2
1959 2640 2
432 1134 2
3527 2580 2
1349 1518 2
1614 2556 2
2910 3916 2
1446 810 2
4518 4370 2
4281 4206 2
3272 4760 2
721 597 2
1633 2169 2
2408 3783 2
1564 2991 2
1600 4994 2
847 3226 2
1715 4611 2
583 3672 2
827 1859 2
908 684 2
2179 2733 2
3992 4169 2
1314 4503 2
1658 2467 2
4666 4888 2
3362 1482 2
4302 4973 2
4590 4806 2
1229 3838 2
1404 4121 2
3169 721 2
3864 4243 2
2115 3013 2
3143 1016 2
1519 1902 2
654 3952 2
4373 4038 2
733 4416 2
3400 2439 2
1467 4526 2
3154 1132 2
2274 122 2
4076 3798 2
4419 2567 2
2284 125 2
220 3149 2
1849 3803 2
2639 11 2
3786 4202 2
4201 1673 2
443 4204 2
225 828 2
1637 1526 2
454 4117 2
660 4349 2
1170 383 2
2086 132 2
451 2150 2
786 3495 2
1495 271 2
830 4177 2
877 4434 2
3558 650 2
4136 3484 2
1110 846 2
2348 2704 2
3511 19 2
3193 652 2
1808 767 2
3113 969 2
4417 2780 2
3732 586 2
4406 2346 2
3124 2173 2
4787 2564 2
680 4902 2
72 4155 2
4945 4682 2
1818 1677 2
2051 3805 2
2880 2656 2
187 886 2
1897 3483 2
14 2421 2
1400 2546 2
954 4007 2
2682 3071 2
2528 2820 2
2133 905 2
2019 4966 2
206 2719 2
463 1216 2
1808 1698 2
2964 1672 2
1132 2776 2
1866 4659 2
4518 3630 2
3086 4648 2
1592 1867 2
3952 4829 2
2372 3245 2
3029 4991 2
1042 218 2
1917 2834 2
4263 1135 2
2794 2739 2
3492 2847 2
4640 3950 2
721 2680 2
3255 287 2
2040 4406 2
4552 4781 2
4992 4162 2
434 3576 2
503 278 2
1675 3211 2
1987 3738 2
4282 1006 2
754 3530 2
2199 3536 2
3111 2222 2
3133 3053 2
1660 3922 2
1786 2612 2
1768 3194 2
3376 4106 2
765 762 2
3648 825 2
2090 3292 2
4981 2893 2
4641 3969 2
2092 2815 2
2978 1504 2
4821 1224 2
4435 393 2
914 4713 2
3316 2699 2
3106 3729 2
2506 58 2
3487 652 2
4364 2784 2
3659 1598 2
3570 1123 2
3394 1097 2
3494 4798 2
237 485 2
2627 122 2
730 939 2
2750 769 2
2736 4249 2
3054 4904 2
1181 2286 2
2769 3403 2
3455 4389 2
3104 36 2
3704 4059 2
3506 3565 2
4278 2697 2
2499 991 2
2902 14 2
3095 2542 2
655 4110 2
1645 451 2
533 4276 2
41 4393 2
4125 840 2
2257 372 2
673 1160 2
1972 4147 2
426 1185 2
3089 2072 2
395 2850 2
292 2201 2
2147 814 2
924 4831 2
3570 519 2
4234 1035 2
27 2560 2
3305 4217 2
3688 2992 2
558 662 2
4660 1163 2
2826 355 2
105 119 2
2097 1208 2
4238 3264 2
2219 2364 2
1460 4221 2
3456 4296 2
4248 3096 2
896 3450 2
961 2603 2
4108 4563 2
4727 4532 2
1258 4061 2
1419 1021 2
3297 4220 2
3347 884 2
927 154 2
1221 3978 2
453 4016 2
1568 4601 2
1847 4223 2
206 208 2
2333 4166 2
4900 3334 2
608 1969 2
1768 4107 2
4726 2167 2
2633 3994 2
719 450 2
1382 2191 2
140 1697 2
281 4967 2
3617 3762 2
1188 4450 2
2195 1604 2
3665 3694 2
2804 257 2
3396 1142 2
56 1684 2
4134 2106 2
105 4873 2
1375 3014 2
2287 2252 2
2706 1019 2
274 226 2
4769 2935 2
1487 2012 2
2409 1442 2
4730 960 2
856 2601 2
2644 443 2
330 2619 2
2397 1878 2
4422 2223 2
3940 3684 2
2174 707 2
3442 965 2
1608 1541 2
3760 4030 2
1216 4562 2
4702 2702 2
916 2313 2
2760 2769 2
4514 4669 2
4367 1103 2
4900 443 2
1839 933 2
4298 70 2
623 2587 2
2481 3730 2
2768 4515 2
3263 4305 2
4572 4935 2
4171 3413 2
1264 410 2
2694 3881 2
3082 1479 2
68 4528 2
3685 1084 2
4424 1404 2
3052 1997 2
829 2653 2
2150 2091 2
1016 851 2
1599 778 2
1152 2432 2
585 2443 2
3925 3709 2
697 4673 2
2279 864 2
2235 1517 2
3578 875 2
2611 429 2
3105 4129 2
4116 1601 2
2341 4544 2
266 2296 2
4277 89 2
1685 4926 2
413 629 2
4539 4299 2
3013 355 2
2367 514 2
3733 3788 2
343 1808 2
1673 2710 2
3490 193 2
3457 4065 2
1726 878 2
2740 3551 2
278 1417 2
3434 2572 2
4536 2029 2
60 1799 2
3209 1672 2
3245 3180 2
3840 4026 2
3682 2296 2
4872 4000 2
3289 100 2
3677 4602 2
2498 3317 2
2236 1966 2
1265 4544 2
2727 2892 2
3820 4515 2
481 3448 2
2734 345 2
42 3603 2
2093 3605 2
1789 59 2
1843 4804 2
854 461 2
2254 1453 2
4208 4672 2
2139 3989 2
2111 553 2
1047 429 2
333 3942 2
3715 3149 2
4036 4233 2
777 3829 2
2277 1078 2
4676 447 2
4056 4549 2
2287 2812 2
754 1223 2
3316 2034 2
3434 586 2
4577 16 2
4076 4805 2
1162 2585 2
80 758 2
1345 2144 2
3521 4273 2
596 409 2
613 2657 2
4594 3675 2
3007 2660 2
2578 4738 2
664 4156 2
3455 1793 2
4930 3306 2
4562 1104 2
4882 4273 2
4882 3152 2
3583 1542 2
2839 108 2
484 1425 2
1474 1403 2
2139 3089 2
3577 3589 2
578 372 2
3889 807 2
3257 4670 2
978 935 2
3171 863 2
117 1233 2
2359 1538 2
4432 2468 2
1879 913 2
4106 3951 2
756 2324 2
4939 3888 2
4516 1823 2
2263 3787 2
401 773 2
3909 2367 2
819 1586 2
233 1896 2
4791 4276 2
4939 3106 2
1716 1601 2
1849 3228 2
4547 188 2
281 828 2
2450 1473 2
3605 606 2
4273 2176 2
4871 4040 2
4889 4706 2
2390 3409 2
3293 138 2
3926 3110 2
3905 2232 2
4310 3611 2
375 1215 2
3825 1625 2
1000 4911 2
999 3144 2
3431 3782 2
4564 1515 2
2036 4500 2
2648 452 2
1536 1407 2
67 3057 2
2892 4938 2
3209 2030 2
3249 57 2
1408 1649 2
847 4259 2
4980 4841 2
755 970 2
244 1496 2
3232 3513 2
2062 4921 2
2805 2187 2
4987 4801 2
1740 2170 2
624 3269 2
330 3532 2
329 2275 2
2167 3503 2
149 4899 2
307 917 2
2433 1547 2
1953 57 2
1327 2285 2
249 1015 2
2984 696 2
1023 1531 2
4401 489 2
1999 3431 2
3002 2547 2
2881 2653 2
3405 4383 2
1436 3728 2
321 4033 2
3804 1780 2
204 2043 2
4229 4915 2
71 4391 2
2983 4182 2
4710 4567 2
2020 4698 2
593 917 2
2711 2250 2
4225 1618 2
2511 1501 2
501 4741 2
3942 2537 2
2644 1341 2
416 4790 2
3308 3537 2
3634 1584 2
1131 4585 2
4980 1894 2
3582 4089 2
2007 4609 2
1157 2155 2
4409 2059 2
989 3807 2
4415 1002 2
3361 2231 2
4754 1445 2
2915 3008 2
4975 4267 2
185 3356 2
781 4976 2
1173 2112 2
2734 32 2
1380 4476 2
470 3042 2
293 925 2
2288 2497 2
1912 3654 2
1880 3577 2
3974 776 2
1531 3061 2
2839 3788 2
2710 3823 2
277 1103 2
4351 3690 2
4296 2673 2
4988 3639 2
369 4479 2
3405 3770 2
4848 2682 2
1905 1492 2
3305 4562 2
2616 2058 2
837 390 2
3951 1694 2
2549 3972 2
2069 4476 2
491 2768 2
1173 2267 2
524 4335 2
489 4678 2
3462 2621 2
1472 2310 2
3886 1825 2
4558 593 2
4274 433 2
3901 4563 2
2141 4718 2
2084 4938 2
2073 691 2
1587 1843 2
76 2736 2
2363 4733 2
2613 2990 2
4322 1781 2
1230 2408 2
1131 3640 2
443 4364 2
1187 2187 2
2557 1430 2
2204 579 2
4635 2371 2
2298 3265 2
4280 3582 2
1222 1902 2
4372 1317 2
2586 4109 2
4756 4147 2
55 4509 2
172 4325 2
3695 1764 2
265 848 2
1728 2810 2
2926 392 2
669 4330 2
3260 837 2
3248 3615 2
770 4374 2
2249 479 2
4523 495 2
2943 1410 2
4394 4083 2
596 4583 2
561 1791 2
4535 4007 2
4550 2187 2
2492 2030 2
1757 3913 2
717 4898 2
4457 152 2
1719 3548 2
443 1789 2
507 1382 2
4849 245 2
2390 4152 2
3379 4076 2
2667 2282 2
4199 708 2
2081 4605 2
1793 4020 2
418 2285 2
389 4501 2
3903 1201 2
1149 3176 2
1659 2757 2
954 267 2
4820 2462 2
1187 53 2
2890 3120 2
4555 3983 2
2067 4024 2
2370 84 2
4717 1537 2
2546 2094 2
3783 4588 2
2529 3124 2
1763 4590 2
4638 883 2
1131 1823 2
630 3154 2
2747 242 2
4516 4378 2
4062 2492 2
1017 1268 2
2321 4755 2
3909 4441 2
3066 2232 2
372 4544 2
4859 2861 2
3799 2997 2
1447 4959 2
3104 336 2
73 1301 2
3518 3891 2
1318 1206 2
1074 1879 2
3350 4317 2
131 3900 2
254 2876 2
4238 374 2
670 4227 2
1440 328 2
625 1884 2
41 3155 2
2548 3125 2
3337 1100 2
2043 4480 2
40 528 2
1871 1001 2
4415 554 2
3916 2404 2
3647 2332 2
4273 4745 2
2717 218 2
1288 3970 2
3302 3677 2
1594 2751 2
4806 2649 2
293 3779 2
4139 375 2
4050 4577 2
4973 2352 2
3786 1100 2
4909 1255 2
1684 911 2
3830 3921 2
3070 3650 2
665 563 2
1392 3663 2
2631 3227 2
1106 1589 2
3258 3525 2
184 448 2
394 577 2
2246 1229 2
1156 571 2
3183 2335 2
4467 4778 2
712 4915 2
3790 3558 2
75 3088 2
4175 4756 2
1999 1560 2
2083 1291 2
4954 3838 2
185 574 2
4321 3437 2
4309 4991 2
255 2459 2
4261 4538 2
52 4266 2
3642 2415 2
552 2453 2
2430 526 2
1237 4347 2
1222 1284 2
2589 1033 2
873 4443 2
3029 3059 2
3700 1951 2
3683 2680 2
1074 1943 2
1350 4876 2
1083 1723 2
3985 2433 2
1323 4021 2
2388 606 2
263 2370 2
966 1293 2
265 3787 2
123 1021 2
1229 347 2
4163 3669 2
1620 949 2
1534 4707 2
4071 3615 2
3351 1854 2
3667 2484 2
2584 586 2
3124 189 2
1486 2490 2
1783 3910 2
2580 3696 2
3817 2855 2
4545 2490 2
4419 4213 2
1754 1693 2
3142 3977 2
2694 1792 2
2255 4246 2
2074 1100 2
2642 900 2
3170 621 2
3199 2341 2
1085 1259 2
2071 2421 2
4654 2436 2
31 4324 2
790 577 2
4016 205 2
3599 4689 2
1544 4807 2
1829 2857 2
2517 4548 2
1709 4556 2
2074 3072 2
4806 3929 2
2849 1654 2
3771 1772 2
62 4554 2
2403 1841 2
944 3825 2
4151 4542 2
898 1112 2
1868 344 2
1713 1457 2
1687 1821 2
3682 4365 2
2416 389 2
929 4941 2
2940 2880 2
4773 80 2
512 3709 2
4464 2257 2
3314 1912 2
2 4568 2
2892 588 2
2078 3237 2
3988 1232 2
1427 3859 2
3354 1427 2
253 4091 2
2126 1428 2
1784 578 2
2660 1079 2
3366 1418 2
2424 4620 2
164 1578 2
3630 3252 2
3231 2396 2
3189 3686 2
3244 2935 2
3183 1459 2
3797 4731 2
4242 352 2
271 2454 2
3647 4998 2
1141 1228 2
1698 3483 2
4666 1752 2
3895 3078 2
3985 4075 2
2290 1696 2
2460 1151 2
552 2956 2
11 2109 2
2857 930 2
1192 2981 2
1890 4263 2
4601 3432 2
738 943 2
268 4203 2
226 3792 2
2817 4910 2
3779 1190 2
1146 134 2
2110 3822 2
2545 2906 2
3291 2733 2
2718 512 2
4802 653 2
329 3712 2
3026 4170 2
2315 2154 2
3448 2126 2
2450 4681 2
1251 4859 2
644 3463 2
2285 4099 2
2206 501 2
331 2866 2
4083 3617 2
2967 3763 2
3795 1242 2
3493 596 2
1865 1214 2
3052 4399 2
4260 2402 2
2562 4044 2
3584 2304 2
1059 186 2
1473 4939 2
1169 2516 2
2331 3415 2
2379 4654 2
2797 995 2
1731 4986 2
4904 2540 2
4565 1961 2
4849 4659 2
4905 3529 2
1595 3106 2
3676 3184 2
3002 2738 2
2853 3119 2
4737 4106 2
4757 7 2
1792 3473 2
1846 1572 2
3929 267 2
1295 384 2
4555 12 2
672 1490 2
578 3394 2
4515 64 2
3057 3899 2
778 184 2
3060 1213 2
3596 2227 2
496 3915 2
2495 106 2
4252 3270 2
3117 3372 2
43 3009 2
4339 4876 2
1486 1097 2
836 3812 2
1851 2762 2
1421 189 2
2107 1536 2
1994 2520 2
2401 4124 2
1006 1971 2
1951 699 2
1429 4765 2
4381 3565 2
3494 1510 2
4108 2838 2
4455 1873 2
3257 4839 2
4438 206 2
1977 3716 2
4912 2457 2
1227 4879 2
4537 2250 2
3254 1097 2
220 1151 2
2314 3341 2
3877 366 2
4456 1854 2
4297 834 2
3182 2050 2
4804 4035 2
4454 708 2
2975 2530 2
2285 265 2
1314 728 2
2304 4850 2
3416 2570 2
3083 2974 2
4085 772 2
2984 1429 2
2010 4931 2
3415 4628 2
3196 1979 2
4675 100 2
1222 4936 2
1223 3689 2
4033 2458 2
3655 1303 2
2656 755 2
887 2878 2
1407 1926 2
113 2084 2
4771 63 2
2362 1580 2
3460 4661 2
4949 2697 2
2784 3277 2
4905 4154 2
184 3784 2
2343 4056 2
3615 2264 2
566 3449 2
636 4151 2
513 4028 2
4516 4045 2
89 4636 2
2354 3335 2
1047 1863 2
1787 4412 2
3530 2585 2
1004 1708 2
4606 2131 2
2667 4907 2
2804 2849 2
20 4756 2
2005 2474 2
2858 625 2
2766 3624 2
2112 982 2
410 2807 2
4637 1863 2
3280 4385 2
4438 3044 2
4472 731 2
512 4582 2
2299 4279 2
599 439 2
2007 1225 2
2046 4506 2
1307 4399 2
3344 2356 2
2289 121 2
4517 3845 2
4734 193 2
1868 2571 2
450 3786 2
2603 155 2
3866 168 2
1627 4530 2
1314 3738 2
2236 4624 2
2337 465 2
213 3791 2
3032 3874 2
2864 2872 2
2090 3125 2
4745 982 2
4997 3770 2
557 2924 2
2872 1237 2
3963 4506 2
3236 4187 2
1261 3234 2
2013 1928 2
20 1027 2
808 3740 2
434 838 2
2850 2139 2
4142 4325 2
279 3796 2
4674 2745 2
2629 3681 2
797 615 2
4781 2057 2
2040 2394 2
3635 2712 2
1457 886 2
537 2056 2
741 1299 2
3667 3433 2
367 275 2
3755 1958 2
3950 2812 2
1060 4657 2
3370 906 2
2120 298 2
95 3474 2
2533 3263 2
3691 122 2
1454 3491 2
3964 845 2
943 4052 2
3891 2297 2
3974 1290 2
1447 2589 2
1693 836 2
1639 1971 2
1591 2228 2
2155 592 2
2271 814 2
2167 4556 2
3035 3827 2
2683 3588 2
1577 3544 2
1691 4863 2
547 2126 2
2639 4154 2
4176 2036 2
1235 3559 2
2285 1226 2
1522 1117 2
729 290 2
621 1305 2
2984 2359 2
132 4900 2
4808 1682 2
3635 4245 2
1713 2566 2
358 3853 2
133 1053 2
4262 1804 2
872 3696 2
850 2482 2
4144 4215 2
4333 1755 2
1842 1188 2
2381 3514 2
1312 509 2
1238 3893 2
3863 491 2
18 2135 2
2840 1995 2
3946 1684 2
3487 1355 2
1031 1607 2
4764 3140 2
810 593 2
4316 1652 2
920 625 2
3870 4983 2
2590 2687 2
3291 4703 2
3855 4820 2
4428 4760 2
985 3496 2
1905 2900 2
873 2996 2
2326 1078 2
1583 138 2
2772 88 2
3942 4202 2
517 1006 2
3318 3219 2
2009 3413 2
1781 819 2
4057 307 2
1922 787 2
577 1647 2
641 696 2
4104 366 2
1347 1420 2
586 1644 2
3725 4432 2
1918 842 2
1358 1587 2
3227 4602 2
1696 4316 2
4898 3549 2
4475 1717 2
4308 465 2
576 3894 2
991 2 2
3735 1853 2
1251 2451 2
4565 934 2
2431 991 2
304 970 2
4663 25 2
14 3939 2
4032 3261 2
1541 2956 2
4655 2168 2
3157 262 2
3079 4454 2
3547 4392 2
4361 4499 2
890 4215 2
1886 3792 2
304 914 2
3204 3880 2
4710 2939 2
1473 1133 2
2354 1398 2
2116 2468 2
2399 1175 2
4307 4756 2
3657 1841 2
4745 1344 2
4025 2669 2
2491 132 2
3463 3923 2
2574 449 2
4372 2743 2
1445 3225 2
2206 2819 2
4406 1386 2
3212 3999 2
3740 1400 2
4474 1282 2
2823 1556 2
3580 628 2
3474 4956 2
2156 2498 2
2294 500 2
2519 4342 2
4745 3826 2
2924 2305 2
587 4545 2
4979 2385 2
687 3520 2
3067 316 2
4138 3484 2
3709 1187 2
977 4109 2
343 2131 2
2000 4590 2
3768 4879 2
3575 3382 2
1598 399 2
1001 3096 2
4644 4951 2
267 1836 2
1064 4669 2
4173 3500 2
3933 4803 2
1110 3115 2
1482 3318 2
2525 2757 2
2966 1077 2
3531 1149 2
134 577 2
874 2427 2
4073 3002 2
2896 2568 2
2821 950 2
4750 1380 2
2013 4954 2
2 4366 2
1993 799 2
3367 2211 2
1924 1263 2
4283 447 2
319 2032 2
1247 2339 2
4213 1311 2
1521 3234 2
3082 3117 2
4707 2958 2
4970 913 2
354 4596 2
1803 2485 2
2512 2806 2
3167 1951 2
4749 4260 2
973 1259 2
3253 4238 2
1591 3903 2
2782 4881 2
3411 4929 2
4664 1805 2
4605 2794 2
67 4644 2
654 2147 2
4897 2974 2
715 2609 2
3804 1477 2
2242 3960 2
2788 2202 2
3452 2736 2
4625 1123 2
1676 1613 2
2710 371 2
4403 3210 2
2714 697 2
1625 2067 2
3125 1109 2
1953 4251 2
42 3708 2
2303 1349 2
2573 2464 2
1945 689 2
1628 4186 2
3333 49 2
3099 2202 2
2092 3397 2
828 1921 2
3383 1935 2
2778 1665 2
4794 138 2
4379 1897 2
953 3074 2
1243 4012 2
3750 2502 2
835 4995 2
1754 116 2
3292 4633 2
2264 3444 2
2778 3542 2
3361 2011 2
3016 717 2
2392 2926 2
3702 3324 2
2380 4851 2
2185 3855 2
4982 1687 2
2133 4572 2
425 1579 2
2966 2869 2
4495 3858 2
1541 4804 2
4411 4139 2
3959 3840 2
4336 2096 2
1053 1968 2
923 4159 2
2198 3913 2
3874 4772 2
1158 1108 2
716 2588 2
3410 3009 2
2100 746 2
3917 1524 2
4885 3897 2
1499 4891 2
1815 1376 2
916 1598 2
4862 2277 2
2886 1134 2
3341 2330 2
3789 2717 2
1637 3024 2
2523 222 2
3313 4779 2
3266 3523 2
4817 3631 2
2624 145 2
1296 2873 2
3805 1960 2
3698 3334 2
644 2561 2
2042 3783 2
4364 3674 2
875 716 2
850 3842 2
1196 3684 2
864 4613 2
635 3193 2
3524 2904 2
1166 3704 2
4610 4659 2
4453 4553 2
1062 425 2
801 4075 2
4009 462 2
1414 432 2
4370 2157 2
716 3277 2
2605 3718 2
4783 64 2
3228 3117 2
1675 2971 2
3046 4246 2
2690 1367 2
939 2258 2
2374 4341 2
1984 336 2
4885 3891 2
662 3742 2
470 2441 2
1181 2118 2
4188 3201 2
1531 84 2
3022 684 2
1301 197 2
2322 494 2
1485 3268 2
292 2207 2
836 4208 2
3338 2354 2
1000 2105 2
4319 3726 2
3432 223 2
487 2772 2
2109 1736 2
607 2325 2
1299 1566 2
3712 2791 2
2157 1788 2
837 4848 2
318 3598 2
130 1155 2
3273 3933 2
3068 2971 2
4628 1965 2
1166 458 2
2529 4455 2
2375 605 2
666 1857 2
1950 428 2
1299 1417 2
2374 4803 2
361 4195 2
770 2328 2
1792 2801 2
3178 4427 2
2193 2914 2
662 2640 2
1300 211 2
3806 1249 2
3075 4862 2
1099 1226 2
4668 3610 2
3838 2927 2
4081 3572 2
1677 614 2
1828 4218 2
2782 1614 2
728 4012 2
266 4580 2
4617 4839 2
4490 4411 2
3705 2323 2
4799 3895 2
3594 1928 2
2306 617 2
4703 2019 2
4609 1113 2
4587 4665 2
934 2605 2
117 2996 2
1033 3670 2
1563 3791 2
472 3893 2
1215 4467 2
4378 3980 2
681 1250 2
1110 907 2
1309 2265 2
3616 1694 2
2789 4358 2
2952 3113 2
2336 2011 2
2554 3751 2
495 1905 2
2404 568 2
2476 1521 2
2856 691 2
3489 3101 2
4562 4807 2
182 1128 2
4417 3066 2
3937 1989 2
4202 4251 2
884 134 2
11 73 2
2001 3080 2
4959 2309 2
4764 69 2
956 3355 2
4963 1507 2
3800 1846 2
322 968 2
3158 2260 2
4920 4992 2
2035 2116 2
3831 4383 2
4711 221 2
2234 4427 2
4851 4236 2
4881 3551 2
2226 3713 2
31 4747 2
258 2254 2
259 3904 2
912 4652 2
4419 3208 2
1483 2431 2
632 158 2
449 1209 2
4624 1004 2
2624 1698 2
545 1654 2
2666 1912 2
4126 298 2
3790 2958 2
3106 4665 2
4387 3833 2
1098 4076 2
1301 3216 2
4789 2160 2
4645 2880 2
4406 898 2
2949 3855 2
1520 114 2
1543 4696 2
546 4399 2
2577 3605 2
2637 2574 2
1831 998 2
3434 1697 2
1404 3604 2
75 4592 2
1636 4456 2
2012 1944 2
4007 2724 2
1290 359 2
3261 95 2
3195 3231 2
867 1754 2
1055 1608 2
4423 3408 2
2457 4769 2
4870 308 2
917 1420 2
1412 1193 2
806 3563 2
4442 1720 2
1339 1678 2
4426 237 2
4277 2071 2
2358 365 2
3164 3319 2
3653 1599 2
3030 3257 2
3322 1206 2
354 4941 2
2264 4055 2
4322 2446 2
2187 2498 2
4799 2130 2
1994 1904 2
1578 3813 2
39 1794 2
2878 3686 2
1308 4639 2
1191 1716 2
263 124 2
71 2241 2
1496 4511 2
3431 256 2
2335 3094 2
3049 2319 2
45 3318 2
4694 2558 2
3021 2652 2
572 3246 2
403 3379 2
2012 2812 2
3180 4800 2
2575 4560 2
4586 4809 2
738 3051 2
4618 4339 2
827 4445 2
1094 3573 2
474 2704 2
550 1810 2
2852 2504 2
1860 2359 2
3504 4297 2
3647 3391 2
4743 2688 2
2136 2585 2
671 1056 2
1822 4085 2
3143 1142 2
1846 1399 2
3627 2186 2
2492 1573 2
3681 2041 2
2351 2341 2
4333 4122 2
3954 2912 2
2213 2734 2
4124 4144 2
4783 4948 2
4106 2531 2
4011 985 2
4116 1240 2
1208 3996 2
3888 4106 2
364 514 2
1744 1677 2
1170 3303 2
3660 904 2
1416 932 2
730 2192 2
2956 3827 2
2464 3557 2
375 1871 2
2916 3229 2
3773 3266 2
2311 1813 2
4712 3427 2
632 3783 2
623 3731 2
2534 2641 2
1534 2666 2
4716 756 2
3430 474 2
4811 4379 2
323 4109 2
4299 3431 2
539 1988 2
2828 1210 2
3458 3519 2
929 3149 2
405 264 2
64 640 2
30 82 2
1480 1635 2
4687 4573 2
1086 3639 2
2936 115 2
3058 4177 2
3113 1629 2
4739 4920 2
2125 4918 2
3925 1297 2
4544 3602 2
3932 2772 2
1253 818 2
2646 3752 2
969 2868 2
4798 3549 2
4162 1613 2
1167 2369 2
599 4388 2
729 2396 2
443 1692 2
1110 329 2
2307 2290 2
1078 2144 2
3319 1303 2
470 1604 2
907 1682 2
4745 349 2
3288 4209 2
4162 1735 2
2378 1051 2
2331 663 2
4448 2600 2
1942 1341 2
28 974 2
3767 2137 2
2075 2337 2
1223 2742 2
2429 3568 2
3676 582 2
1710 1594 2
23 1685 2
1354 2064 2
826 2931 2
3835 168 2
742 2146 2
58 4526 2
3088 617 2
1336 2205 2
486 2223 2
4969 811 2
4085 1118 2
1561 232 2
1778 4749 2
4065 4009 2
2622 1063 2
3050 2939 2
4482 2228 2
4815 3943 2
1969 2072 2
4342 4930 2
4324 2075 2
1359 2324 2
648 2139 2
636 3479 2
3938 4126 2
4926 1718 2
4015 2531 2
401 4881 2
372 3307 2
1359 2028 2
674 1632 2
1509 597 2
2612 4019 2
3737 2682 2
1966 3478 2
4627 893 2
3056 4567 2
2326 860 2
817 4200 2
655 448 2
2206 2039 2
353 3102 2
387 391 2
3291 3497 2
4044 832 2
966 4904 2
227 4884 2
1759 2801 2
3611 1554 2
4924 1278 2
653 1086 2
1741 1300 2
1082 4782 2
1090 1533 2
2866 401 2
1375 3532 2
4772 3040 2
469 906 2
4448 999 2
780 1492 2
1927 1895 2
2263 1818 2
1488 1006 2
1652 3382 2
1795 2465 2
1362 4215 2
3257 283 2
1467 3267 2
3146 1328 2
3828 3737 2
190 135 2
3470 4300 2
2097 1084 2
4176 3854 2
3313 2929 2
309 3969 2
3211 4042 2
4068 1515 2
319 1277 2
3169 4906 2
4663 3724 2
488 1220 2
2562 3575 2
2899 4549 2
3619 2865 2
2514 957 2
1242 1320 2
3995 421 2
3850 2791 2
1933 3812 2
3530 982 2
3131 4186 2
4737 516 2
3380 3467 2
1974 2242 2
234 1050 2
4829 1278 2
2828 2520 2
937 483 2
1762 2883 2
2360 1543 2
4055 1468 2
1159 3341 2
3601 1136 2
2379 859 2
1749 3394 2
4795 3419 2
352 1664 2
335 2564 2
528 4502 2
3737 299 2
1740 1645 2
3083 4315 2
2373 539 2
3792 2581 2
4004 890 2
1162 4785 2
4183 4416 2
4051 4649 2
4038 3548 2
3521 3508 2
1089 3630 2
3311 4113 2
1385 3893 2
402 1654 2
2973 3293 2
4255 4201 2
1681 4624 2
758 535 2
2957 3970 2
944 1954 2
1263 3141 2
3802 3549 2
1473 4481 2
4574 2333 2
377 4865 2
1394 2050 2
4749 4513 2
3670 2619 2
1211 4768 2
1650 2851 2
514 3942 2
1331 1408 2
755 873 2
4813 4389 2
3925 2858 2
4079 773 2
3984 1321 2
2246 2655 2
899 1712 2
716 4065 2
4928 2547 2
548 2272 2
4497 3181 2
3046 1124 2
2450 3348 2
1014 1595 2
3372 2332 2
9 503 2
2264 286 2
2252 110 2
4231 2865 2
2650 1392 2
546 3478 2
1642 1467 2
4069 3220 2
3899 2497 2
3874 2863 2
3486 558 2
953 130 2
4366 343 2
1093 1330 2
3782 4508 2
3018 4877 2
99 3126 2
1010 2003 2
625 3903 2
2090 2958 2
636 612 2
1759 4388 2
2563 1852 2
3842 409 2
305 3127 2
3794 350 2
2039 2334 2
2494 3475 2
2873 3707 2
3611 260 2
3852 1893 2
3011 4924 2
4362 3141 2
2140 2624 2
3338 3648 2
705 523 2
1563 580 2
3548 3792 2
4033 3686 2
1407 3325 2
3347 4252 2
2555 1718 2
3120 195 2
440 1807 2
4854 2016 2
1169 4121 2
3075 1236 2
380 165 2
854 815 2
4488 276 2
3115 4680 2
3326 4071 2
3362 1443 2
3004 4091 2
249 2620 2
4337 1714 2
4686 2485 2
408 1520 2
4048 4284 2
3621 1775 2
4624 2936 2
525 2457 2
4038 3560 2
736 2905 2
4587 3196 2
604 2261 2
2608 3481 2
895 4238 2
3479 2900 2
3421 835 2
2622 2410 2
1842 346 2
1785 3153 2
3747 287 2
1380 483 2
857 9 2
221 4108 2
1854 803 2
2425 1969 2
80 2257 2
2847 1934 2
2576 3698 2
4685 1346 2
570 1657 2
1042 3646 2
2669 4709 2
1238 1974 2
3625 1099 2
1448 3917 2
1069 154 2
4894 608 2
4646 2125 2
2521 3657 2
4967 2542 2
4413 4755 2
4993 4069 2
3597 3839 2
1625 3119 2
1056 3280 2
4156 3907 2
4926 576 2
2741 1749 2
3612 4716 2
4541 1634 2
2215 2833 2
3772 4921 2
1439 725 2
473 3000 2
2745 1703 2
2693 1962 2
4663 3742 2
2680 3220 2
3716 3115 2
4219 4162 2
863 2795 2
285 3480 2
3181 1446 2
261 2762 2
3583 483 2
1937 1177 2
822 864 2
4439 64 2
3918 308 2
4769 2213 2
1494 1825 2
2162 1350 2
3277 1690 2
4534 4383 2
773 2079 2
3045 4563 2
2169 3742 2
66 211 2
4318 787 2
2913 4548 2
3412 1024 2
1252 4400 2
1011 285 2
3424 1116 2
3428 1234 2
186 3954 2
561 4145 2
2609 2156 2
1742 120 2
3765 280 2
1286 168 2
4503 885 2
4766 3101 2
4317 884 2
4366 266 2
4087 1108 2
2270 174 2
3051 4117 2
4959 3350 2
3279 1331 2
4222 3450 2
909 2493 2
3223 521 2
750 594 2
3639 4401 2
115 2806 2
4366 2069 2
254 3212 2
1361 2968 2
1673 2813 2
4893 749 2
2298 1101 2
2771 521 2
1343 1349 2
2453 3463 2
3652 3254 2
2812 3684 2
4404 821 2
3768 880 2
2206 530 2
1590 409 2
1896 4184 2
3339 1245 2
2981 4034 2
4677 2751 2
4636 4611 2
2338 2908 2
3007 1055 2
4950 2405 2
3414 2307 2
1225 837 2
2850 685 2
917 2826 2
23 2934 2
3550 4570 2
2493 1583 2
780 517 2
4345 4858 2
3577 422 2
1709 1638 2
3258 3633 2
2123 3005 2
1688 4402 2
1611 1853 2
857 2941 2
3518 228 2
1428 2182 2
3539 476 2
1693 1457 2
2838 3000 2
4810 4027 2
3527 1117 2
2830 3413 2
355 2231 2
3567 714 2
2388 2626 2
771 3266 2
1148 3569 2
1780 1282 2
2486 3314 2
652 4784 2
3333 43 2
3012 3663 2
4457 4495 2
992 3561 2
4485 3554 2
172 1841 2
4891 3076 2
3320 1683 2
1798 2577 2
3609 2334 2
1227 610 2
443 294 2
2706 4784 2
4129 667 2
3108 3376 2
3406 4292 2
4187 397 2
375 186 2
3955 3205 2
2914 1389 2
3145 1992 2
1478 3549 2
2065 2843 2
2138 3570 2
4187 1523 2
3286 1222 2
427 3619 2
4056 2054 2
3904 4387 2
3924 4330 2
1523 2289 2
2326 1224 2
1845 852 2
622 3158 2
707 381 2
4328 3680 2
2768 4540 2
2799 2112 2
2704 226 2
3383 1992 2
225 1151 2
240 2896 2
776 4387 2
3063 4205 2
389 4848 2
1203 1492 2
798 2530 2
3611 4659 2
3569 2162 2
2915 3459 2
3592 3644 2
1884 985 2
4492 4941 2
75 4063 2
110 704 2
155 3214 2
3800 3478 2
446 4853 2
1723 3347 2
573 3104 2
1407 1788 2
522 1304 2
858 1610 2
3598 3364 2
1688 4691 2
2740 2789 2
4628 4551 2
4031 1630 2
3229 4409 2
4914 677 2
2322 2936 2
1321 2338 2
1622 173 2
3898 1916 2
556 3935 2
1049 1100 2
3360 580 2
2094 3927 2
1875 1625 2
3661 282 2
2036 1188 2
4222 931 2
3879 1422 2
3350 2466 2
512 2149 2
4899 4049 2
537 4910 2
1812 558 2
3169 3724 2
4583 3104 2
1911 3208 2
2726 1910 2
4647 2849 2
2282 1326 2
4087 3567 2
3691 2044 2
2907 702 2
1141 880 2
505 659 2
3276 1160 2
4466 2394 2
932 3048 2
597 2352 2
2391 4974 2
2436 3853 2
1331 1190 2
2717 2063 2
3890 2133 2
2077 1899 2
2526 3795 2
4615 2390 2
76 4765 2
2968 4788 2
4034 4534 2
4689 1897 2
822 4720 2
4143 625 2
1052 713 2
1773 3678 2
3405 2177 2
3293 205 2
4184 4004 2
1669 4342 2
251 853 2
58 1826 2
1442 1460 2
4064 3569 2
4592 40 2
4816 813 2
1972 945 2
4793 2030 2
3251 2690 2
4701 4911 2
1512 1254 2
4889 171 2
881 2844 2
4080 1869 2
3453 3562 2
2640 2820 2
2223 3272 2
4205 4925 2
4002 503 2
649 4080 2
827 1620 2
3462 1892 2
2988 3788 2
2546 798 2
3421 3377 2
4048 3625 2
4251 3937 2
4384 4888 2
3275 4008 2
2808 4674 2
1812 4685 2
1325 1956 2
3692 64 2
4204 2211 2
1042 3095 2
4578 613 2
1684 3018 2
4026 3481 2
1499 3899 2
870 4756 2
4308 833 2
1930 1739 2
712 876 2
2651 4931 2
4025 904 2
1058 2709 2
4605 1924 2
591 317 2
1367 1710 2
1447 145 2
3169 1461 2
625 583 2
2898 582 2
72 52 2
1117 4186 2
3437 1944 2
2715 188 2
4759 4161 2
282 2292 2
3611 1323 2
4761 3191 2
4749 2722 2
3129 4491 2
2160 2322 2
3450 3814 2
2820 1517 2
1475 2990 2
4429 4531 2
977 848 2
2587 1626 2
2293 875 2
4613 4792 2
1676 1065 2
483 4754 2
1999 776 2
261 3088 2
805 704 2
242 892 2
2332 252 2
4251 762 2
807 1681 2
80 4515 2
1607 2271 2
4341 1245 2
2834 4058 2
3335 3975 2
2333 718 2
1013 1011 2
857 3862 2
472 2943 2
3905 2316 2
59 3415 2
3543 3203 2
4478 266 2
3458 15 2
2086 3603 2
1591 4188 2
3710 3054 2
683 390 2
4514 3413 2
3588 672 2
630 4832 2
1616 4835 2
1505 3321 2
2054 3792 2
1945 1923 2
4949 2916 2
2743 4764 2
2714 1603 2
4229 2005 2
271 1230 2
81 4436 2
3335 4908 2
4402 1771 2
4796 4275 2
2609 1942 2
4865 1830 2
3794 1058 2
1280 3133 2
2503 3848 2
3373 2336 2
2630 4215 2
2347 2942 2
202 2114 2
2942 4677 2
4970 1100 2
3318 935 2
4878 3195 2
787 2675 2
1760 3087 2
1359 4252 2
4372 850 2
4571 1313 2
4570 3391 2
2945 4857 2
1204 4356 2
2871 4226 2
2475 2537 2
2078 4160 2
731 4229 2
4335 3136 2
1235 4456 2
2217 667 2
1690 203 2
3585 1978 2
408 4568 2
4945 864 2
4000 3758 2
4241 4853 2
4546 3355 2
356 85 2
4174 2480 2
735 3973 2
1086 289 2
4513 711 2
3788 1861 2
3677 4875 2
4671 2370 2
214 1395 2
4546 4042 2
4330 1160 2
4980 3231 2
2393 4903 2
155 2661 2
773 3562 2
1715 2589 2
269 1937 2
3969 1345 2
4188 1800 2
3370 4294 2
3990 4399 2
2403 3186 2
263 1911 2
885 3767 2
1390 1917 2
3384 2101 2
4634 3479 2
3106 1207 2
3228 926 2
3406 622 2
46 3769 2
671 1798 2
766 354 2
2625 591 2
2299 4260 2
1010 2240 2
476 646 2
201 4001 2
761 2416 2
4170 3933 2
934 878 2
154 4464 2
672 2399 2
538 4500 2
3869 3382 2
1501 2450 2
3808 4220 2
21 4202 2
3204 2690 2
225 3033 2
4745 291 2
1335 2678 2
4161 473 2
4308 2881 2
452 1773 2
3436 4216 2
301 856 2
4736 3620 2
2558 1162 2
1002 4506 2
4410 4042 2
38 2327 2
565 3861 2
864 1627 2
2476 3567 2
2652 1649 2
280 4794 2
1596 731 2
1771 4560 2
1889 519 2
3453 2468 2
2835 615 2
2120 1661 2
4339 882 2
3500 3488 2
3312 301 2
3604 2403 2
4704 4161 2
663 1517 2
469 1845 2
906 1046 2
4499 1276 2
2784 2302 2
499 3469 2
698 2658 2
4254 393 2
683 1965 2
4635 718 2
4561 598 2
1657 1638 2
101 3043 2
3545 335 2
3098 2852 2
384 2671 2
2707 977 2
578 186 2
4547 3459 2
239 2886 2
2040 2303 2
824 3959 2
3036 1477 2
3185 2478 2
1154 2234 2
4927 556 2
3715 3281 2
455 2162 2
3678 3434 2
723 2841 2
4700 1083 2
2105 4804 2
2440 3698 2
4846 1560 2
3330 955 2
889 578 2
4619 3323 2
2074 1898 2
1663 3018 2
317 3397 2
4201 1935 2
1117 1390 2
2003 2450 2
2216 642 2
2406 1528 2
2654 3832 2
1071 3997 2
4308 706 2
1117 1692 2
3697 2838 2
864 3788 2
2326 1509 2
2345 1789 2
1430 763 2
1301 4449 2
4641 1942 2
1838 1948 2
1419 3300 2
2345 2338 2
714 4537 2
759 2414 2
488 4077 2
2272 3988 2
3070 3759 2
4905 3403 2
1178 1104 2
2549 1327 2
963 2112 2
2497 1036 2
2840 832 2
1181 682 2
63 3839 2
2572 4420 2
55 667 2
2420 4485 2
3128 4622 2
2090 2770 2
81 2199 2
1738 3598 2
2041 3760 2
3600 398 2
2592 2 2
4613 4031 2
4056 1546 2
1977 900 2
2800 2342 2
3151 2379 2
4883 4669 2
1541 1737 2
2182 2062 2
4865 4058 2
1703 99 2
51 3521 2
2477 4669 2
1331 4979 2
3836 1748 2
2999 4718 2
3064 2916 2
2201 1068 2
2910 4284 2
4242 4590 2
4203 746 2
4727 4690 2
1155 2831 2
1934 3894 2
4040 1252 2
3888 1674 2
1002 1898 2
592 1930 2
4212 1414 2
1580 4243 2
174 4197 2
1422 2776 2
3037 4889 2
1275 292 2
1932 2593 2
4059 2201 2
1404 3654 2
877 3882 2
4386 1874 2
136 4462 2
3268 1033 2
3441 723 2
2255 1160 2
4679 3143 2
1476 4501 2
3308 4174 2
1379 1820 2
3376 358 2
167 2970 2
141 3351 2
142 3703 2
1031 1116 2
4610 4230 2
2053 1757 2
2965 2834 2
753 4449 2
2646 846 2
4709 1941 2
4587 3528 2
2814 1024 2
3389 2303 2
4090 1239 2
880 2850 2
1294 980 2
2408 1329 2
2054 2630 2
2 1074 2
4595 563 2
4588 540 2
4400 512 2
3393 4049 2
1289 2402 2
2418 4712 2
45 1646 2
1471 4285 2
2519 2184 2
1702 2000 2
2419 3887 2
1553 3694 2
1335 1303 2
2685 3543 2
1072 3392 2
1048 63 2
4935 3292 2
571 4030 2
1985 2302 2
278 718 2
893 3709 2
3058 4409 2
2986 3409 2
4405 3493 2
1655 382 2
3919 1721 2
3370 2801 2
4328 3473 2
4731 4819 2
2125 4930 2
3387 3578 2
754 4856 2
1162 4097 2
2842 773 2
476 3074 2
1612 92 2
84 3089 2
973 1228 2
1076 3243 2
1682 459 2
1421 2391 2
197 4467 2
383 3609 2
1241 4432 2
2689 2198 2
3877 703 2
531 1551 2
2960 4505 2
1239 3413 2
576 3348 2
4665 1212 2
2832 2025 2
4749 2965 2
3061 2178 2
76 323 2
4879 4953 2
3129 4003 2
1588 4215 2
1884 668 2
2667 4826 2
678 989 2
775 78 2
4202 2360 2
3747 4862 2
3839 1313 2
2080 251 2
701 2565 2
461 3412 2
4689 1729 2
2052 4923 2
4862 1864 2
4905 2812 2
3065 3634 2
4324 970 2
413 3836 2
542 3482 2
372 1294 2
1884 1051 2
2223 2533 2
1847 836 2
2598 675 2
2582 4497 2
1931 653 2
3215 2707 2
1341 1277 2
2848 3315 2
2771 4380 2
3034 3770 2
1597 655 2
3608 2776 2
2642 4263 2
4729 31 2
3055 3881 2
528 1041 2
1600 3388 2
304 3524 2
1175 656 2
4973 3848 2
3825 651 2
2099 4155 2
4276 3282 2
3789 2214 2
185 3304 2
617 1598 2
2186 1797 2
3577 904 2
2913 2874 2
566 3669 2
4732 3846 2
2158 1582 2
4585 197 2
2711 3146 2
2392 1270 2
3962 4493 2
3750 1397 2
3739 4970 2
2917 3589 2
199 4863 2
2696 1794 2
356 1299 2
4555 395 2
3524 734 2
930 2809 2
1326 2074 2
1253 3841 2
4977 4591 2
1943 224 2
1638 3472 2
688 4905 2
387 3773 2
702 1861 2
2422 1928 2
3324 4695 2
709 1260 2
1892 1964 2
3924 3437 2
3921 910 2
1453 3198 2
3169 1097 2
2328 4635 2
3020 3473 2
699 759 2
4121 2053 2
1431 4412 2
3148 3834 2
4566 3047 2
76 4594 2
3125 3316 2
4835 1131 2
3404 3963 2
2149 2585 2
2409 3695 2
1964 3960 2
3593 2900 2
4613 2721 2
530 825 2
2267 105 2
2722 3301 2
4261 1673 2
2842 3671 2
2051 1502 2
2555 3983 2
349 1482 2
2710 2664 2
1568 2985 2
2169 5 2
875 1968 2
1077 4925 2
2662 4783 2
3605 4597 2
4437 1474 2
983 338 2
2253 3738 2
2253 3560 2
85 1942 2
3094 4762 2
145 3504 2
1100 4200 2
1979 1616 2
4916 1732 2
2164 2199 2
1975 4865 2
2489 1991 2
1767 3660 2
258 4855 2
1173 2775 2
497 4305 2
4268 3335 2
4433 1193 2
928 3795 2
2813 4781 2
4358 2979 2
3486 2258 2
3982 4258 2
1466 2854 2
1888 599 2
696 984 2
1068 3356 2
2157 17 2
69 2148 2
234 723 2
3772 456 2
4570 1231 2
4240 441 2
3908 2335 2
1475 1355 2
783 2620 2
4053 4398 2
780 355 2
348 4928 2
1595 2965 2
4107 2101 2
1187 1864 2
995 4416 2
3507 4947 2
1906 1625 2
2384 4669 2
2959 4592 2
2607 4330 2
3717 605 2
1260 2705 2
4952 1348 2
3467 1994 2
1983 2240 2
2222 267 2
256 2213 2
3029 3590 2
2481 4508 2
3075 71 2
2116 4027 2
578 3939 2
1994 3821 2
1710 4026 2
2405 4779 2
2916 4470 2
4234 1135 2
3813 3881 2
1565 2339 2
3982 1361 2
1609 33 2
3076 1889 2
3657 3612 2
1166 3619 2
1966 2865 2
366 3589 2
4546 4382 2
2711 349 2
3156 4248 2
4829 1949 2
3496 1096 2
2180 2833 2
83 1191 2
3763 2868 2
4282 4828 2
1818 556 2
4561 52 2
2185 3552 2
2902 2894 2
2599 2122 2
2751 430 2
4447 408 2
4410 3938 2
1933 2726 2
1686 1576 2
4919 4436 2
2478 2492 2
1048 685 2
4076 3868 2
3920 2974 2
3465 2930 2
4563 842 2
3842 4989 2
2473 4721 2
4789 1074 2
1668 4704 2
2657 3883 2
3061 1256 2
3901 3697 2
4731 3021 2
1244 1033 2
810 604 2
1023 2038 2
3336 4018 2
3614 2558 2
4474 482 2
1879 364 2
3746 3049 2
2125 3853 2
1638 3933 2
4948 4154 2
1387 3985 2
4262 2766 2
3185 3800 2
67 4188 2
1576 2938 2
2491 1048 2
228 535 2
2896 3213 2
3995 2547 2
2336 3968 2
4796 3536 2
1008 3174 2
3723 634 2
3187 2360 2
4668 2873 2
4650 1794 2
3658 1506 2
2962 2135 2
4857 2999 2
2857 136 2
148 3781 2
3317 4951 2
2000 3303 2
3939 2602 2
2404 615 2
502 898 2
2556 1103 2
311 2720 2
1774 4321 2
2442 902 2
3888 1962 2
309 846 2
919 2474 2
192 2973 2
1389 2428 2
4036 3738 2
2819 1680 2
2587 263 2
1288 3044 2
895 3147 2
1130 3939 2
2187 3459 2
1590 2975 2
3993 4987 2
3779 4275 2
3666 1486 2
2197 2954 2
4150 4670 2
421 4355 2
69 4003 2
2037 4273 2
4059 4547 2
2837 2537 2
1328 3243 2
3128 4474 2
1713 4551 2
4757 834 2
539 2917 2
3451 2769 2
3081 1547 2
4775 2145 2
2465 952 2
4528 1045 2
795 4701 2
4232 1259 2
4224 1423 2
2252 1813 2
88 3162 2
4811 3615 2
314 4290 2
4195 1443 2
2402 2668 2
2516 186 2
2432 3290 2
1168 3682 2
766 568 2
2393 529 2
4399 768 2
3416 4019 2
1516 415 2
1517 400 2
2754 4736 2
249 4857 2
1208 2562 2
2496 1043 2
62 4353 2
384 2328 2
4994 4813 2
4495 2601 2
2389 3950 2
2321 1065 2
3820 52 2
2209 3170 2
3409 1423 2
3521 1815 2
1648 1076 2
2688 2479 2
2659 3831 2
4521 1837 2
4415 2063 2
264 3645 2
3906 3001 2
2504 650 2
204 420 2
1798 3404 2
1944 4433 2
1285 1846 2
2058 4060 2
4245 3406 2
4151 38 2
2661 121 2
4480 47 2
2422 2598 2
2641 4938 2
1719 3201 2
3178 3645 2
4465 2676 2
4686 1356 2
4214 432 2
1767 971 2
702 4494 2
614 3629 2
4123 131 2
4421 3141 2
2859 4883 2
267 222 2
3629 1536 2
331 4057 2
4991 3196 2
570 631 2
638 2789 2
2931 1966 2
916 1160 2
4864 2726 2
2174 1404 2
718 26 2
113 4933 2
3643 4121 2
3673 4411 2
207 3006 2
3709 3218 2
3592 4022 2
3996 132 2
816 2560 2
4520 311 2
2203 1528 2
974 3821 2
1503 3507 2
284 3389 2
311 1809 2
1154 1960 2
3769 2067 2
4527 4628 2
736 2120 2
3311 524 2
961 101 2
2085 4194 2
3339 4000 2
2221 3422 2
3513 4234 2
3311 3886 2
1435 4985 2
2652 2908 2
1536 4382 2
2336 2876 2
2939 534 2
4031 3713 2
3729 1051 2
91 1161 2
2177 1758 2
119 3173 2
1139 933 2
3841 3670 2
3192 4837 2
3863 2696 2
1361 2324 2
1704 1538 2
124 3267 2
2825 2435 2
1753 4564 2
4724 1859 2
698 2488 2
2083 2610 2
1320 4806 2
4078 713 2
4547 926 2
4571 1305 2
1243 2722 2
2177 2558 2
27 495 2
3462 3438 2
4596 4127 2
4173 571 2
1850 3347 2
1820 4044 2
3761 632 2
2958 1310 2
4441 3773 2
3200 1198 2
3982 3382 2
1059 4199 2
3758 3987 2
2455 4130 2
2843 4628 2
1672 521 2
3610 4398 2
4845 4605 2
2224 708 2
3887 4114 2
1629 3762 2
1737 613 2
2247 2304 2
984 3017 2
4312 4590 2
4969 1558 2
491 681 2
619 1870 2
1494 4410 2
2568 3098 2
2017 506 2
2057 3855 2
1299 4332 2
2562 3197 2
3697 2101 2
4816 150 2
882 1446 2
2463 4144 2
3686 576 2
3276 2873 2
3467 4099 2
1926 2782 2
1943 2468 2
574 2726 2
1087 2007 2
3952 2958 2
3711 1067 2
473 4882 2
3203 4286 2
192 2504 2
4150 3340 2
4162 263 2
4868 1831 2
560 1085 2
4681 4247 2
433 1408 2
140 605 2
4633 4698 2
903 3365 2
1792 2723 2
4069 4822 2
3277 645 2
2217 986 2
1223 3870 2
504 951 2
4261 2235 2
1784 3533 2
4400 3039 2
342 3444 2
1269 2917 2
2879 2378 2
1089 3090 2
932 424 2
506 2463 2
3575 2696 2
1481 4312 2
569 2092 2
3505 3007 2
4021 3043 2
2589 4883 2
2293 441 2
3416 4176 2
4225 3603 2
1700 3187 2
2031 1153 2
3110 4115 2
2577 3864 2
585 2821 2
3712 1721 2
312 56 2
1916 1213 2
1138 4387 2
1107 3150 2
2201 2850 2
3 350 2
4489 3779 2
266 307 2
3897 796 2
900 4805 2
4456 2615 2
233 4745 2
4352 2899 2
369 4026 2
2836 253 2
965 1280 2
1439 3427 2
33 2672 2
736 3041 2
3871 1345 2
2 4953 2
3226 3239 2
2366 4537 2
2266 1655 2
4976 4672 2
3304 1563 2
823 2107 2
4841 75 2
830 1120 2
2269 1638 2
4739 1122 2
3632 2578 2
4978 346 2
4755 3664 2
2443 1420 2
1509 1057 2
458 3036 2
2415 693 2
2401 4711 2
2652 689 2
2533 2732 2
365 2893 2
3972 4328 2
1641 770 2
3580 4262 2
1183 3569 2
4471 4155 2
1238 3772 2
1756 1479 2
1252 4762 2
3122 2005 2
563 875 2
125 3720 2
455 4599 2
4020 2631 2
1553 2567 2
3247 2530 2
3372 4047 2
948 2045 2
3091 1912 2
2660 3164 2
2155 829 2
4965 1292 2
403 2108 2
3000 3107 2
3202 4646 2
4534 737 2
2414 3466 2
1283 4578 2
3337 4786 2
3868 1853 2
3039 1535 2
1051 4735 2
2341 1748 2
128 729 2
2645 2125 2
1904 706 2
2602 4400 2
566 1568 2
3455 4273 2
2537 1205 2
1227 520 2
4796 3395 2
3575 1109 2
1605 3028 2
1969 1426 2
3997 1775 2
4779 2233 2
4059 3212 2
1204 1492 2
4053 945 2
1679 4057 2
2961 1673 2
3695 2996 2
4868 3467 2
70 4772 2
1631 1312 2
4515 447 2
1805 877 2
423 137 2
1946 3267 2
2961 2549 2
45 2893 2
4586 2779 2
1824 445 2
3550 3327 2
3567 2459 2
2750 3273 2
452 3231 2
2047 2984 2
4195 654 2
143 4683 2
2129 1126 2
1176 4902 2
1069 4243 2
1498 971 2
1855 4108 2
4060 3236 2
3127 2958 2
2566 2006 2
1457 2340 2
4587 3455 2
3373 3879 2
1001 4357 2
1168 1642 2
1308 4112 2
1352 831 2
4732 2713 2
3876 439 2
4516 813 2
1517 725 2
1697 4369 2
4967 1629 2
2307 771 2
4112 2438 2
3317 2432 2
3763 1181 2
1375 3946 2
1553 3013 2
2799 2236 2
851 278 2
2453 1502 2
1721 1908 2
2952 305 2
3817 3896 2
2494 1485 2
1338 593 2
3014 1879 2
2653 3651 2
2755 1542 2
2853 988 2
1361 3659 2
123 2217 2
2887 1901 2
3984 4909 2
2562 785 2
4466 2625 2
2574 4320 2
3829 1608 2
51 1247 2
2466 1013 2
850 839 2
2784 2161 2
1002 4393 2
2790 330 2
3792 1604 2
3587 3186 2
4609 277 2
802 206 2
542 5 2
4632 4908 2
2920 4162 2
1666 2527 2
4943 4746 2
2352 511 2
2107 345 2
513 787 2
4212 1075 2
2123 4310 2
3368 2186 2
2823 4132 2
82 2378 2
4317 4172 2
1207 233 2
4243 603 2
384 4277 2
3151 4265 2
252 4189 2
462 916 2
1360 1235 2
1567 1903 2
3713 4235 2
1995 1100 2
3206 3596 2
427 3357 2
683 4793 2
1783 4891 2
3054 3551 2
4188 2908 2
453 3540 2
2881 3547 2
2464 1678 2
2990 4131 2
3654 1901 2
1939 783 2
949 3356 2
1692 2266 2
365 3836 2
1792 4341 2
1577 1121 2
4926 3231 2
1632 1492 2
3459 4209 2
951 2938 2
4827 3697 2
952 1562 2
3106 4477 2
1001 3124 2
4190 3134 2
1155 1389 2
1416 661 2
119 4975 2
4242 4491 2
281 2087 2
872 623 2
3863 2478 2
2522 3286 2
504 4251 2
31 2698 2
1694 2395 2
4011 2953 2
3237 3761 2
1963 2563 2
2171 2259 2
2572 1510 2
846 2271 2
2597 1881 2
1343 1855 2
2384 4033 2
4784 3108 2
2782 334 2
4568 3752 2
1921 2763 2
2937 159 2
1628 4601 2
4991 4533 2
3407 1410 2
23 1730 2
1581 4993 2
1832 1113 2
4535 4113 2
248 2777 2
4053 4425 2
2224 4994 2
2087 2711 2
495 3864 2
2465 2423 2
1443 3199 2
3243 572 2
4465 2629 2
1069 1185 2
2948 2154 2
1466 1863 2
1592 2856 2
3369 4662 2
3205 468 2
2309 1908 2
1841 3030 2
2053 4995 2
712 1622 2
1940 2240 2
3913 4997 2
2436 793 2
4231 3253 2
4998 219 2
2268 471 2
2693 3935 2
2038 1892 2
1434 4904 2
508 4027 2
312 4659 2
405 2421 2
2180 230 2
3651 3956 2
3905 4914 2
1588 4105 2
1973 4023 2
696 2068 2
158 510 2
1017 299 2
1546 4245 2
2233 2535 2
2364 3770 2
16 1513 2
4815 2624 2
1743 1457 2
3986 1593 2
1975 473 2
698 3803 2
2055 4151 2
3365 623 2
2442 2097 2
107 4703 2
3793 1884 2
172 3991 2
1718 1582 2
2691 1446 2
1363 754 2
2076 1716 2
3428 1383 2
687 3360 2
55 4245 2
2810 2822 2
2195 3810 2
3552 4431 2
2880 1185 2
4221 416 2
306 2237 2
3590 1149 2
2222 1164 2
2236 215 2
1042 1072 2
2003 1972 2
3710 2066 2
4464 3189 2
3366 4347 2
3747 1419 2
2139 119 2
4681 4042 2
1732 738 2
4756 4656 2
635 3812 2
1850 1465 2
4134 2639 2
451 1454 2
2887 4684 2
1995 4567 2
1153 2178 2
3841 441 2
4577 720 2
2387 3673 2
2551 3348 2
4225 240 2
3330 4477 2
2778 1386 2
3001 3940 2
1738 237 2
515 481 2
416 2614 2
3695 1490 2
3275 3078 2
2033 1207 2
1166 3833 2
3998 4281 2
767 1844 2
4046 2370 2
4711 3975 2
3407 3556 2
1779 2716 2
492 3507 2
3079 4704 2
3762 4392 2
3197 2950 2
612 3799 2
3170 4978 2
1051 2533 2
3382 1362 2
1113 3667 2
2236 409 2
3861 3918 2
1436 2074 2
1862 3436 2
2704 2522 2
1336 2684 2
1303 1329 2
1611 957 2
513 3737 2
3960 4628 2
4664 3057 2
3462 4696 2
2374 31 2
21 2012 2
51 4119 2
587 1081 2
2667 3027 2
48 3105 2
1029 1395 2
4319 4219 2
4990 3158 2
3325 809 2
3993 1258 2
814 413 2
3840 61 2
443 2365 2
708 2717 2
1403 4572 2
4269 81 2
2103 3678 2
548 281 2
3640 2079 2
4017 4156 2
3487 3643 2
4350 804 2
1604 3986 2
3264 3701 2
1819 825 2
4119 4046 2
1215 4031 2
4538 801 2
4036 2610 2
523 1258 2
406 2915 2
499 903 2
3570 3229 2
1835 3164 2
2412 3940 2
4620 716 2
697 1866 2
1396 198 2
4477 1138 2
3383 35 2
3112 898 2
2574 2534 2
2158 3065 2
4057 514 2
2558 2382 2
2259 428 2
3587 3640 2
3794 1837 2
3542 3297 2
1123 4810 2
4536 2635 2
1210 4381 2
3424 1194 2
2024 642 2
566 3034 2
2708 2156 2
64 4000 2
2623 3999 2
4656 3945 2
990 3267 2
4079 2832 2
1350 4615 2
3826 1836 2
2588 4316 2
460 1386 2
4627 3550 2
4609 2118 2
204 4489 2
3878 784 2
3689 2723 2
4339 558 2
1661 148 2
2063 1763 2
351 4009 2
138 231 2
1122 4346 2
1242 3955 2
3834 4418 2
169 3390 2
3115 4547 2
3380 632 2
4925 3348 2
4738 3347 2
2613 3403 2
3103 443 2
3269 3414 2
520 1039 2
419 1325 2
4726 331 2
4019 4313 2
2348 4419 2
4108 344 2
2925 1324 2
1229 1534 2
3783 494 2
2214 157 2
3108 2855 2
1736 3180 2
4554 1170 2
314 4443 2
247 3458 2
2852 74 2
526 3390 2
2924 3271 2
4758 2365 2
4071 16 2
313 1736 2
1412 263 2
249 4975 2
834 2073 2
3950 2196 2
2029 374 2
2928 1925 2
4321 4055 2
4585 103 2
1612 4880 2
300 1943 2
1971 2834 2
1691 3512 2
1657 392 2
1751 2150 2
746 4218 2
1103 2244 2
3011 4478 2
594 3928 2
469 1532 2
727 2023 2
783 3518 2
4894 1062 2
3941 2291 2
2784 390 2
4900 12 2
4401 1403 2
451 1846 2
1809 78 2
3644 1964 2
705 3241 2
4121 4912 2
3858 4720 2
4439 3451 2
257 4030 2
3782 4035 2
4208 1986 2
3695 4484 2
2412 902 2
1417 4827 2
3260 1004 2
83 4102 2
106 4019 2
2200 2646 2
99 4132 2
1913 489 2
4006 1611 2
1939 758 2
4870 3144 2
4048 4028 2
4368 326 2
2477 1977 2
3216 4183 2
425 4549 2
4561 2406 2
4797 2594 2
418 4084 2
4042 1097 2
3933 3466 2
219 1467 2
850 2770 2
3851 4677 2
3507 4523 2
141 3472 2
790 1123 2
4419 1663 2
3477 711 2
1414 3714 2
2841 3684 2
3451 1799 2
4597 2292 2
3050 3717 2
2499 593 2
4274 2060 2
3705 4273 2
2138 736 2
3131 3126 2
129 4897 2
1683 4882 2
3231 3716 2
1713 2494 2
1039 1614 2
4731 61 2
3292 769 2
2728 1269 2
4910 3443 2
3804 1917 2
4247 431 2
1684 4803 2
1768 4320 2
1719 1251 2
2570 4607 2
3301 4864 2
2637 4672 2
213 2280 2
1645 1791 2
880 4335 2
3876 321 2
1523 4058 2
246 3407 2
2275 1675 2
3807 813 2
3691 3507 2
3130 69 2
840 1169 2
638 2923 2
2944 3906 2
257 1556 2
475 4083 2
4816 4070 2
4248 518 2
2117 2532 2
1135 2722 2
2079 297 2
1290 255 2
4453 515 2
39 3936 2
1114 2946 2
1083 1038 2
3972 828 2
1728 4529 2
1473 2198 2
71 545 2
1582 3237 2
4998 69 2
1053 2305 2
1165 239 2
1115 64 2
2930 3005 2
4565 201 2
3724 4944 2
3162 4751 2
710 875 2
2832 4139 2
3552 370 2
3784 4867 2
967 1106 2
4073 4754 2
1668 3763 2
2388 4583 2
107 3618 2
757 210 2
1840 378 2
2421 1148 2
3844 2093 2
2688 3780 2
3602 1604 2
1133 2934 2
3182 1152 2
3515 2140 2
3452 2625 2
2501 2225 2
397 767 2
868 3954 2
3402 1358 2
3609 1322 2
2612 3617 2
4379 4932 2
19 1959 2
3649 695 2
3975 2700 2
3083 1189 2
2642 1694 2
1193 1528 2
1020 4431 2
4734 1113 2
798 4263 2
1411 2815 2
3397 2601 2
270 2283 2
2879 1494 2
327 2334 2
546 4327 2
2914 4448 2
2729 1295 2
2461 81 2
3688 1988 2
3089 4306 2
1226 3834 2
1326 3845 2
1420 3496 2
4786 2904 2
4956 1270 2
3781 4555 2
803 4056 2
1956 3978 2
2657 4751 2
179 3661 2
1304 4320 2
1858 1577 2
2529 1256 2
432 3711 2
584 1160 2
2708 3484 2
2621 2394 2
2522 1042 2
543 2946 2
4142 4524 2
4159 4818 2
2475 1796 2
40 4636 2
196 1919 2
2384 162 2
1340 6 2
1155 1738 2
712 462 2
2934 950 2
3556 1374 2
171 1764 2
3810 2377 2
3408 905 2
609 1220 2
4887 2948 2
3416 3304 2
494 1553 2
2371 973 2
3453 2067 2
3992 4414 2
2484 262 2
3099 3604 2
2159 3526 2
2323 2876 2
2799 2409 2
358 2978 2
2769 3580 2
3401 982 2
537 1951 2
1569 1305 2
2133 3957 2
4863 3237 2
4089 1616 2
3701 806 2
1124 4696 2
2760 1141 2
4471 2450 2
440 3131 2
787 1774 2
1139 4593 2
2938 4778 2
3964 3853 2
636 693 2
3011 586 2
930 4386 2
3508 1303 2
1465 3496 2
3650 2025 2
3575 4013 2
4786 4431 2
3686 487 2
566 603 2
1237 4322 2
1392 2044 2
581 3252 2
4232 355 2
3984 1119 2
3651 799 2
911 4625 2
2245 3528 2
1848 1850 2
1696 4519 2
2851 3922 2
1915 2886 2
1994 3761 2
3636 2201 2
239 2611 2
3030 51 2
2971 4801 2
3602 2131 2
2828 3414 2
814 3642 2
2061 4696 2
1795 4273 2
897 648 2
4003 1280 2
3346 4476 2
2065 2845 2
3530 2514 2
1014 2742 2
4284 927 2
3129 3164 2
2135 3233 2
669 3650 2
1031 4887 2
134 3451 2
3415 2772 2
4474 577 2
465 1262 2
3699 4665 2
4903 354 2
1147 4678 2
958 3411 2
243 1638 2
52 3135 2
2667 4909 2
286 4401 2
4835 2568 2
4979 3966 2
2560 120 2
1098 906 2
3176 629 2
1775 1041 2
2168 3527 2
4525 1725 2
3210 3705 2
4717 2502 2
2566 4683 2
2924 2809 2
3881 4833 2
2040 4779 2
4089 3675 2
3878 4898 2
2676 2010 2
2037 3821 2
5 3087 2
2557 703 2
4014 684 2
3354 4887 2
4526 2397 2
2260 579 2
2621 2403 2
1907 3481 2
4101 1213 2
1580 3528 2
4011 1504 2
256 607 2
4165 3833 2
950 3736 2
2589 3923 2
260 4741 2
1777 3901 2
1315 272 2
2562 4683 2
862 3481 2
2479 1795 2
2090 503 2
4253 21 2
2526 3965 2
596 1662 2
1569 4860 2
47 4875 2
3626 2458 2
3898 4166 2
3559 3369 2
4949 850 2
3683 2989 2
2192 3508 2
2463 4812 2
4562 910 2
1970 2761 2
1680 656 2
3304 3297 2
3355 704 2
2250 4011 2
1288 605 2
3590 1441 2
3378 2700 2
4397 257 2
982 4883 2
680 4567 2
945 1731 2
522 967 2
1807 163 2
1004 975 2
4028 721 2
2120 2482 2
2151 13 2
2047 3445 2
2951 4197 2
2213 101 2
237 2523 2
521 3154 2
1997 2545 2
3726 740 2
1413 4441 2
3770 1485 2
4381 1414 2
425 1275 2
1684 3122 2
2149 1104 2
3583 1309 2
603 2518 2
1020 935 2
4388 3001 2
1947 3380 2
4030 3578 2
1621 894 2
331 1956 2
4409 3026 2
4877 2455 2
53 3606 2
1938 41 2
493 3539 2
404 127 2
1457 1623 2
4865 4667 2
27 1011 2
87 3532 2
4546 826 2
2724 878 2
971 151 2
2328 2046 2
2661 4750 2
2266 1626 2
221 3416 2
4533 2448 2
4907 3618 2
3049 1005 2
3273 291 2
4068 2519 2
3254 221 2
1288 2020 2
1712 1597 2
2736 595 2
2131 1144 2
2766 4457 2
3216 3163 2
1436 3068 2
386 176 2
1049 3364 2
234 3745 2
1702 3240 2
2734 3804 2
311 4890 2
3457 3351 2
3154 898 2
546 2644 2
2327 3547 2
2065 1405 2
1872 1 2
1991 4256 2
3082 4299 2
3479 2592 2
4212 4492 2
2347 4894 2
1572 494 2
3095 2163 2
3462 4063 2
1483 2634 2
2971 1920 2
1930 2323 2
2379 3269 2
3928 3641 2
4712 1352 2
2834 955 2
987 4424 2
610 4784 2
1505 4208 2
1475 4741 2
2429 223 2
3115 3514 2
842 3506 2
338 2617 2
3816 1655 2
4608 4360 2
2979 336 2
3843 2123 2
2828 1895 2
1806 889 2
1188 3691 2
3778 4113 2
4912 1983 2
47 4025 2
4139 3203 2
3784 2087 2
3407 74 2
2265 4584 2
1652 303 2
1053 3242 2
1847 2645 2
4104 2898 2
91 1359 2
3825 1586 2
119 2189 2
1837 32 2
4332 4683 2
1648 1381 2
2185 705 2
4719 3116 2
2484 4503 2
4082 4043 2
2036 68 2
3400 2506 2
4161 4924 2
2448 2509 2
4226 640 2
2021 4981 2
3393 163 2
2132 2463 2
3994 3518 2
4191 4379 2
21 2327 2
3306 4994 2
4305 4086 2
4447 4645 2
1588 2405 2
3051 1548 2
3306 4495 2
2446 2083 2
4291 3416 2
3828 2574 2
614 2557 2
580 4827 2
3648 2495 2
1551 1321 2
3247 1910 2
2904 4526 2
1726 3927 2
480 3319 2
787 4549 2
1621 700 2
4435 2357 2
2327 3028 2
4677 2862 2
4134 55 2
362 13 2
392 1854 2
3763 3192 2
905 2796 2
4983 882 2
1871 2449 2
3735 4799 2
1658 1434 2
3799 1769 2
3909 2637 2
2493 3694 2
1461 4050 2
2251 4467 2
3863 631 2
2887 20 2
1889 3765 2
3788 402 2
340 3845 2
3832 3373 2
683 2913 2
360 2343 2
4986 4084 2
2978 1114 2
1470 1759 2
1280 2282 2
1709 2707 2
4349 1708 2
449 3674 2
4627 908 2
3626 2541 2
2580 1684 2
548 824 2
185 65 2
2654 168 2
2223 3145 2
1521 610 2
1430 3367 2
2938 2840 2
1699 2149 2
3197 1937 2
3573 1700 2
1123 1101 2
1483 732 2
1405 3951 2
2187 4069 2
3368 3340 2
956 451 2
2956 4034 2
1367 419 2
4867 3923 2
417 3215 2
1891 3010 2
613 2694 2
3859 2918 2
2511 1191 2
37 1866 2
564 1544 2
4046 4585 2
2114 1324 2
3722 803 2
2266 593 2
3190 1488 2
2678 317 2
2141 68 2
2921 1463 2
4813 4713 2
2756 2802 2
2200 3564 2
1384 911 2
2400 1300 2
3327 4974 2
2384 3304 2
242 2369 2
1357 4432 2
499 262 2
4339 102 2
3654 1601 2
1530 2296 2
3110 2520 2
2229 3985 2
3747 1713 2
2762 701 2
1964 2774 2
4109 4900 2
2887 4109 2
1774 1097 2
2351 1907 2
774 2348 2
4391 2520 2
2806 2234 2
4054 2497 2
4938 3096 2
4727 1107 2
3168 985 2
4700 1796 2
435 4016 2
1178 3710 2
914 1989 2
4776 2627 2
208 3891 2
2294 4496 2
1967 4196 2
3683 3748 2
1370 4476 2
4565 2360 2
1858 4785 2
767 4299 2
1227 3189 2
1582 3823 2
1510 3418 2
1413 3342 2
4427 1091 2
1702 4863 2
3961 1895 2
1645 867 2
916 3880 2
478 3815 2
1538 2201 2
4007 3148 2
1231 1281 2
3146 1102 2
1797 269 2
5 1739 2
1943 1313 2
2519 2508 2
3145 1803 2
4557 4131 2
539 998 2
3118 6 2
2208 2108 2
1468 4176 2
2805 1800 2
838 1374 2
3575 1573 2
4797 4987 2
3455 2000 2
1826 3545 2
1402 4402 2
2794 3299 2
1024 1245 2
29 3241 2
2748 2134 2
701 862 2
949 1719 2
1679 2392 2
2096 3630 2
3762 1201 2
1841 3819 2
252 2568 2
4987 2679 2
107 3190 2
529 1441 2
48 2986 2
2889 494 2
4709 1984 2
4245 2929 2
1119 4254 2
4451 2012 2
3415 4197 2
3174 2919 2
3649 1546 2
1217 3730 2
3533 3201 2
1941 791 2
1963 429 2
1599 3163 2
143 4577 2
4995 4835 2
4167 2141 2
2445 1134 2
1500 3801 2
2002 3072 2
4327 4713 2
2930 4080 2
737 1338 2
1962 1193 2
275 536 2
3947 4121 2
1638 1459 2
4070 973 2
4315 1518 2
3950 2712 2
2288 2869 2
4588 2507 2
3790 4060 2
3702 57 2
2192 2537 2
101 2489 2
2042 506 2
412 1471 2
3070 1319 2
3926 1992 2
3874 3647 2
1194 3857 2
3378 4230 2
945 1709 2
583 994 2
2778 4670 2
4594 2883 2
3122 2947 2
3922 428 2
3259 4910 2
2237 289 2
987 1083 2
3747 351 2
380 1379 2
4357 4802 2
4897 4937 2
668 3199 2
3426 2137 2
2287 196 2
4964 836 2
1433 2090 2
1352 2502 2
4565 4724 2
121 3889 2
1226 2585 2
1842 2472 2
4156 4487 2
4206 1686 2
4703 1354 2
3145 1508 2
889 2936 2
4053 2385 2
3122 1265 2
3689 3537 2
3484 2795 2
743 4026 2
4229 3113 2
4378 4083 2
1297 4794 2
771 3236 2
484 803 2
3676 1400 2
4996 4049 2
1492 3052 2
3542 1496 2
3178 1656 2
3369 1733 2
569 3695 2
3890 1693 2
2851 258 2
2648 2063 2
1477 1879 2
525 2554 2
4983 133 2
2632 3276 2
898 3311 2
3697 658 2
2542 842 2
2645 3475 2
893 4125 2
4822 934 2
1733 1196 2
4913 4809 2
1823 3487 2
2389 2231 2
843 2099 2
1138 4492 2
2655 1894 2
3118 3987 2
4717 4845 2
747 7 2
1622 1815 2
2637 3169 2
3205 1858 2
1340 2330 2
4750 3968 2
307 3370 2
2528 2595 2
1323 2925 2
374 2815 2
2472 4987 2
2585 473 2
1865 3061 2
2892 4371 2
1307 216 2
1864 3658 2
4445 1176 2
2996 2026 2
4887 3645 2
699 4972 2
1453 1445 2
406 1376 2
4803 3621 2
2858 799 2
3974 3458 2
2955 246 2
3304 1243 2
958 1986 2
1517 2653 2
83 543 2
4260 4572 2
1830 1757 2
1700 1620 2
1054 3852 2
2896 3976 2
202 4827 2
1502 2022 2
4166 98 2
2392 3646 2
779 1425 2
416 2069 2
3224 102 2
4691 4578 2
3906 3539 2
520 767 2
2392 2115 2
590 1178 2
3502 2250 2
1608 1861 2
4667 3463 2
219 1225 2
4592 4388 2
756 4190 2
830 3175 2
295 1453 2
3190 604 2
1080 1363 2
653 1085 2
3112 2880 2
2223 2768 2
4531 4995 2
4881 4875 2
1461 4808 2
2101 3526 2
3809 4982 2
3449 2242 2
3441 639 2
2534 4486 2
1529 2865 2
3961 4652 2
1346 1680 2
3835 549 2
518 4166 2
3190 1783 2
2528 2447 2
1293 2151 2
2473 2935 2
2152 4376 2
2238 2801 2
4048 584 2
1903 4369 2
2356 1988 2
1549 307 2
1156 2814 2
4200 1532 2
1483 2479 2
885 1728 2
1470 4528 2
3412 4451 2
970 4840 2
3936 1962 2
1389 4013 2
4221 220 2
4846 82 2
3657 500 2
2622 978 2
2567 1622 2
288 1511 2
17 4834 2
4551 2028 2
2173 3587 2
2497 4370 2
1160 977 2
2697 1574 2
1631 4038 2
2124 1911 2
2631 4255 2
302 2723 2
4011 1597 2
1623 3176 2
1677 971 2
395 3241 2
2926 1241 2
4638 2236 2
3660 2772 2
548 1271 2
939 1807 2
967 4821 2
702 1917 2
2589 3591 2
4459 3242 2
20 4303 2
37 3253 2
2247 842 2
4241 4234 2
1673 1775 2
2842 1636 2
432 696 2
4847 1821 2
4613 589 2
3032 1419 2
2045 3666 2
4736 427 2
2825 1163 2
1513 3754 2
1752 125 2
4163 4756 2
64 3388 2
2401 4151 2
1430 4402 2
1033 71 2
518 412 2
492 4139 2
4165 447 2
4819 2646 2
381 2467 2
4747 2400 2
765 1391 2
2983 3323 2
2962 1264 2
766 1839 2
4007 2702 2
980 487 2
2118 1256 2
22 723 2
910 593 2
3438 2772 2
3604 1219 2
2154 440 2
3046 1347 2
2984 1161 2
3155 1156 2
1958 1436 2
928 4206 2
3014 1358 2
3275 3597 2
1314 1132 2
2933 3354 2
2389 3913 2
4251 2715 2
2536 2831 2
772 3118 2
1027 2791 2
3272 3044 2
4956 2169 2
4110 4188 2
173 2714 2
3333 298 2
1162 3079 2
3137 2358 2
1693 4134 2
4454 1324 2
4513 1481 2
2762 2222 2
1959 835 2
2548 1818 2
1611 4227 2
687 4273 2
4319 1744 2
2833 2514 2
264 1533 2
2485 4936 2
3225 3129 2
1978 2519 2
4487 614 2
1328 3191 2
1348 563 2
2620 1879 2
4168 2352 2
4159 635 2
1813 1863 2
3553 2237 2
2571 3455 2
93 4904 2
2017 2088 2
3574 4587 2
1640 2845 2
3762 3729 2
3074 4945 2
2841 3435 2
3775 1372 2
3548 4391 2
4388 828 2
3305 2794 2
2235 3492 2
4046 4810 2
4177 4380 2
4602 958 2
587 1637 2
1975 1228 2
965 851 2
149 493 2
2630 3244 2
511 1748 2
1008 3420 2
2733 3244 2
1109 741 2
1563 2911 2
2980 4539 2
2929 4035 2
4108 2932 2
1742 2350 2
3874 454 2
1711 1628 2
3864 3596 2
3614 4480 2
22 3213 2
256 4860 2
214 2528 2
2140 330 2
1003 4626 2
588 1159 2
3003 967 2
673 1681 2
2924 2966 2
3024 1516 2
2230 3575 2
786 1867 2
2817 4558 2
2509 56 2
3903 2363 2
1354 1666 2
4100 3507 2
1179 2526 2
4094 1589 2
2813 4332 2
3501 870 2
879 4391 2
1547 2544 2
3394 713 2
2147 481 2
4016 2059 2
2569 4525 2
986 4528 2
1373 1542 2
3031 3140 2
3123 3648 2
1526 1251 2
2509 2413 2
1789 3149 2
4556 4813 2
3094 1652 2
4017 4912 2
2139 517 2
530 3923 2
3031 4270 2
997 2471 2
2230 2767 2
4850 591 2
3982 1781 2
3727 4556 2
26 1657 2
3664 2432 2
3695 3291 2
3426 1947 2
1921 1316 2
1719 626 2
4888 820 2
3660 1327 2
1654 1774 2
713 4427 2
2143 3152 2
2596 157 2
4249 4630 2
1158 3167 2
1653 4428 2
837 2179 2
348 2057 2
970 3462 2
4103 4157 2
3125 4877 2
3678 3681 2
1476 3304 2
3842 4544 2
690 524 2
3574 599 2
359 1475 2
1793 168 2
529 4771 2
4012 4357 2
2428 3804 2
45 2672 2
4241 2719 2
2931 2511 2
2940 2464 2
3967 3725 2
3778 2644 2
4909 3560 2
399 1189 2
522 3351 2
1662 2940 2
165 4718 2
2379 3214 2
2751 2289 2
2687 600 2
1752 3451 2
913 4162 2
2461 4529 2
1938 4097 2
1673 3774 2
2739 1864 2
2125 1055 2
656 946 2
4833 1580 2
155 3347 2
3876 3185 2
2489 4366 2
827 260 2
3540 3337 2
3662 2314 2
3406 3109 2
4760 276 2
4871 1390 2
347 813 2
4616 3851 2
306 409 2
2467 395 2
4287 2329 2
2076 4776 2
1112 183 2
1284 2479 2
2453 2132 2
3794 3012 2
2719 256 2
2543 4159 2
4431 159 2
3581 4236 2
3636 3867 2
1443 2246 2
3517 1461 2
3663 3715 2
4072 915 2
2274 960 2
2100 3200 2
1959 2739 2
1984 2117 2
2960 3861 2
1233 1758 2
1586 790 2
1664 3322 2
843 816 2
721 3309 2
4752 1236 2
3347 2288 2
3951 1503 2
2634 3120 2
795 4669 2
4013 3061 2
45 4895 2
436 1085 2
3797 3868 2
1885 4613 2
2584 818 2
4488 4308 2
4826 3908 2
4928 2173 2
747 1107 2
1713 1671 2
2693 2624 2
1393 1775 2
3028 4523 2
1092 1971 2
3637 2612 2
4994 3444 2
3531 2112 2
2869 1092 2
1677 1907 2
617 1822 2
42 3430 2
3579 595 2
1293 3352 2
3875 1947 2
2012 4801 2
4343 2682 2
4202 516 2
854 444 2
3280 831 2
3368 2547 2
2798 2724 2
4702 2434 2
3112 2069 2
1904 2831 2
3428 3271 2
526 2240 2
2229 2670 2
4654 2975 2
4332 567 2
4519 3558 2
3631 4482 2
1937 2100 2
3847 1323 2
4270 2221 2
4642 2006 2
3264 1409 2
1004 3846 2
856 3252 2
4700 119 2
2258 863 2
3605 4782 2
3371 1594 2
2126 2853 2
3811 2601 2
933 1728 2
687 1736 2
4131 2464 2
4616 1966 2
3354 4980 2
1216 218 2
4479 2387 2
3109 2322 2
1748 66 2
3473 1100 2
3092 4379 2
2976 3156 2
2614 3723 2
3595 4190 2
2400 1038 2
4607 1035 2
313 2284 2
4734 2601 2
3431 3454 2
1983 1731 2
2331 4229 2
701 3143 2
1315 4610 2
4328 1326 2
3083 3230 2
1755 993 2
3179 12 2
2343 266 2
264 1799 2
2953 3416 2
4689 798 2
4683 2958 2
1578 356 2
1714 3912 2
3665 453 2
4568 2496 2
2917 2461 2
2849 1698 2
3005 2957 2
1628 3234 2
2966 410 2
3030 2012 2
4950 3340 2
862 642 2
1487 3870 2
3110 1819 2
3815 2722 2
1333 2537 2
1998 4673 2
2324 473 2
1368 1677 2
1837 1508 2
3404 399 2
1091 3107 2
3698 659 2
1859 1821 2
477 1003 2
3744 4995 2
1976 4349 2
2749 223 2
2269 4320 2
2577 1077 2
2832 2043 2
699 4662 2
4956 2672 2
1416 2914 2
673 3576 2
2506 907 2
4908 4084 2
1792 1398 2
522 1786 2
4063 4436 2
2570 2865 2
4628 874 2
644 1028 2
191 2610 2
2752 1505 2
2435 4701 2
967 1953 2
3230 4486 2
4871 916 2
1823 2955 2
3972 2894 2
569 1592 2
902 520 2
3945 3023 2
997 515 2
3137 3795 2
660 4312 2
2990 4257 2
4613 4246 2
1684 4793 2
2058 780 2
1644 567 2
4308 1940 2
4228 311 2
250 3992 2
1623 2057 2
1697 507 2
2108 2317 2
3899 2356 2
4551 2416 2
4000 391 2
1362 1143 2
384 3150 2
4224 2641 2
1055 2269 2
3611 1766 2
1953 3711 2
2385 854 2
2270 820 2
3418 1000 2
828 4436 2
4018 4566 2
4382 4902 2
388 3882 2
4305 4861 2
2309 3317 2
362 1294 2
855 334 2
2596 4214 2
4850 4701 2
1389 4130 2
1346 1212 2
4290 4499 2
3682 4811 2
4605 1202 2
2011 1030 2
4023 2242 2
2661 2522 2
4566 4095 2
3770 4044 2
2283 1229 2
904 2501 2
172 4020 2
665 1681 2
542 3896 2
3961 4609 2
2083 4549 2
4163 2731 2
762 2902 2
561 1658 2
1785 567 2
3108 1383 2
1177 4044 2
1199 1633 2
2624 1737 2
4207 1446 2
888 2289 2
93 2642 2
649 2547 2
1568 1875 2
2870 3653 2
1919 2193 2
1146 3500 2
700 3968 2
3469 4702 2
1865 2786 2
1370 3385 2
3419 1399 2
4964 264 2
1856 4363 2
4155 2042 2
4693 3270 2
4797 1326 2
3054 1628 2
3274 431 2
3707 1304 2
1940 2483 2
3682 478 2
1669 2127 2
442 4823 2
309 4850 2
1089 4425 2
177 455 2
4117 4835 2
2743 4360 2
341 1324 2
1054 4744 2
1396 3853 2
777 2197 2
4629 1910 2
3403 4968 2
4037 2591 2
3260 1990 2
1018 4397 2
3574 3917 2
4612 3980 2
2946 4154 2
328 4265 2
3406 2289 2
1924 807 2
2932 2592 2
151 1310 2
2310 4974 2
2112 1762 2
1992 1567 2
254 673 2
4711 3947 2
3863 3507 2
1850 114 2
4809 2348 2
3420 770 2
1744 4317 2
4836 1907 2
2885 848 2
685 2253 2
2825 4456 2
369 4391 2
3898 721 2
1942 1032 2
2901 4810 2
1572 538 2
2809 4852 2
2745 358 2
2646 2403 2
2615 2743 2
3140 2692 2
3775 3329 2
3601 2272 2
481 2473 2
4076 3122 2
651 2304 2
2045 2031 2
963 448 2
1426 262 2
3163 4497 2
3679 3442 2
3880 4456 2
1540 3423 2
1809 2522 2
668 1502 2
2390 3626 2
3849 3249 2
4063 1181 2
4216 1209 2
2377 1297 2
3152 4577 2
2198 3934 2
544 2695 2
1940 2931 2
4216 4113 2
2048 1830 2
880 4590 2
4899 2613 2
1666 1366 2
3966 996 2
96 423 2
665 288 2
3223 1463 2
773 4387 2
1732 1940 2
4455 2813 2
3865 2060 2
1976 3755 2
1387 1693 2
3428 2714 2
4397 1261 2
2702 2991 2
899 701 2
672 1590 2
544 3618 2
3420 492 2
336 3684 2
570 1102 2
1114 3256 2
1189 1804 2
1506 4439 2
3138 3337 2
3477 2108 2
1505 2094 2
401 4475 2
2550 1429 2
1511 1598 2
1761 4520 2
3783 2389 2
302 1470 2
813 1909 2
109 4013 2
3856 4476 2
2971 340 2
116 3335 2
4620 4010 2
4235 528 2
3376 2957 2
3355 769 2
3154 2376 2
1260 4223 2
154 1026 2
118 3774 2
568 4407 2
4375 70 2
2451 197 2
710 3104 2
1820 1207 2
167 4981 2
4276 4687 2
3480 4121 2
4486 1721 2
624 4776 2
4883 3155 2
4038 4635 2
2400 1572 2
2532 4526 2
1107 1194 2
954 1846 2
4707 234 2
534 2579 2
2486 1563 2
176 601 2
1790 2938 2
3665 1000 2
3225 2751 2
3418 2968 2
120 4213 2
4738 4887 2
3297 2322 2
1461 4026 2
2047 2655 2
4607 2121 2
4530 1351 2
2076 2370 2
3970 2038 2
2232 4577 2
2588 2226 2
1803 4021 2
1990 3549 2
186 4834 2
1483 2718 2
1542 4515 2
2799 1553 2
5000 1656 2
1805 2686 2
3909 4705 2
4625 2147 2
2786 4529 2
683 627 2
3355 179 2
2217 1642 2
3409 106 2
2775 3016 2
4254 992 2
1845 2147 2
294 4293 2
3653 2355 2
1781 4354 2
581 586 2
91 3895 2
1630 4729 2
2992 925 2
2159 3881 2
1570 545 2
330 2331 2
137 290 2
1269 3390 2
4316 1979 2
4407 4038 2
4578 4232 2
3856 971 2
871 2976 2
4862 1284 2
1286 178 2
4648 967 2
2365 3863 2
1862 1486 2
4571 676 2
4488 2296 2
1036 4172 2
1450 1968 2
2404 3015 2
2851 4628 2
543 1884 2
948 4234 2
831 2744 2
4255 3680 2
3181 2945 2
3654 2017 2
4364 3313 2
2668 1407 2
791 2960 2
2120 1421 2
791 3905 2
4971 4577 2
4309 3472 2
4458 854 2
714 3565 2
4402 1979 2
246 4280 2
2334 2068 2
4300 669 2
3034 1632 2
3185 3808 2
2333 4911 2
2534 1641 2
2488 336 2
1164 1019 2
2384 2039 2
238 18 2
2375 3462 2
571 4615 2
2784 4183 2
3639 4668 2
2345 3539 2
2848 3162 2
1421 2635 2
1653 2783 2
1368 2779 2
3808 171 2
4044 2751 2
385 2548 2
2942 4929 2
2928 2971 2
469 995 2
4450 3088 2
521 2039 2
1500 3633 2
497 2119 2
588 782 2
346 1957 2
1618 3910 2
2150 963 2
1207 4860 2
3245 615 2
4340 2368 2
4461 4275 2
1062 922 2
1642 1886 2
4982 4273 2
178 3636 2
3605 1098 2
103 1015 2
3820 4717 2
4592 2254 2
236 632 2
2715 1071 2
207 3193 2
503 4717 2
3981 743 2
4886 1311 2
4917 1795 2
348 3537 2
3117 1834 2
1450 1512 2
3496 3609 2
649 4299 2
4427 3166 2
3699 815 2
3994 2108 2
826 3187 2
2414 83 2
4002 2749 2
1560 3888 2
987 2566 2
2098 654 2
1772 1222 2
4268 252 2
898 3204 2
4000 2782 2
3050 3740 2
1059 4039 2
4884 1051 2
1720 986 2
2421 377 2
1905 2078 2
2477 1428 2
2029 4349 2
1464 1191 2
2814 888 2
1803 1951 2
2480 695 2
773 500 2
822 281 2
2397 1242 2
891 2585 2
3101 4105 2
3280 1426 2
2801 3703 2
997 3099 2
588 1683 2
1956 2531 2
3309 889 2
923 2153 2
4085 2793 2
2946 2254 2
4327 4676 2
3424 1214 2
3917 2795 2
4332 2167 2
2153 1134 2
3949 232 2
2531 4398 2
2821 1855 2
4419 2154 2
4023 2063 2
4035 3103 2
3514 3146 2
1237 1650 2
4122 501 2
1998 1357 2
749 4931 2
2338 635 2
3577 2036 2
891 771 2
78 3058 2
3983 2797 2
2198 4727 2
4916 4387 2
4039 338 2
4012 1181 2
1418 3070 2
1981 4168 2
710 3227 2
3670 200 2
4821 506 2
3274 1258 2
4660 2637 2
219 2596 2
1627 3230 2
296 3711 2
2799 2569 2
4493 4310 2
2629 1967 2
1007 4104 2
1815 3920 2
4638 3161 2
4472 3450 2
2421 3883 2
1507 3250 2
3976 3363 2
2862 4965 2
2536 1166 2
1393 2653 2
3945 3164 2
4121 1276 2
3693 426 2
4395 1393 2
476 2503 2
4661 2541 2
415 576 2
2129 4099 2
2935 3313 2
3864 4550 2
2690 677 2
3622 4768 2
3600 4327 2
2003 621 2
3995 4619 2
3998 322 2
358 1053 2
4872 4322 2
541 1664 2
2472 479 2
4378 22 2
4723 1324 2
3148 239 2
4741 2227 2
4798 2850 2
2335 1298 2
1881 2553 2
1770 4166 2
734 855 2
3203 1239 2
4690 2069 2
20 3110 2
428 3132 2
278 711 2
873 493 2
4861 4 2
515 1810 2
3780 4596 2
3767 3475 2
3974 4949 2
3581 3827 2
3525 3959 2
4602 2226 2
4948 1073 2
4566 3072 2
2033 1875 2
4670 1241 2
2742 3801 2
4770 4432 2
1047 2007 2
2824 3808 2
4224 4202 2
3696 4261 2
4223 3267 2
3510 870 2
4497 3915 2
692 4392 2
3478 2180 2
2223 4264 2
3498 1872 2
4673 568 2
4272 1339 2
4136 4038 2
2 471 2
3955 2107 2
1225 3989 2
4846 1496 2
333 2070 2
4547 3596 2
179 1680 2
1060 891 2
1731 1488 2
1769 2805 2
3756 2578 2
1581 1234 2
2263 311 2
1510 1438 2
4195 3460 2
2546 4178 2
4597 4343 2
2792 1303 2
4463 4710 2
227 4789 2
1433 897 2
69 3864 2
4950 2159 2
4488 1465 2
4922 883 2
4388 4846 2
4336 1063 2
3770 385 2
1001 338 2
2636 31 2
3951 1440 2
1448 2424 2
1021 15 2
4697 830 2
4817 1717 2
341 3379 2
3961 4972 2
716 4677 2
4909 609 2
2889 3489 2
3640 3356 2
4239 3652 2
3478 3260 2
4481 1027 2
3665 2027 2
3065 1767 2
2237 1510 2
2739 2799 2
1666 2001 2
3402 4843 2
542 1816 2
2593 4408 2
838 3066 2
3786 458 2
3619 4294 2
3343 809 2
1860 1069 2
4105 538 2
2028 163 2
917 1607 2
1995 2256 2
1782 673 2
1953 3799 2
2365 3297 2
3505 456 2
4163 4994 2
4317 122 2
3601 284 2
3996 4652 2
5 4682 2
824 4982 2
2771 2190 2
131 904 2
4066 2580 2
1751 3919 2
4349 926 2
246 1581 2
2318 3111 2
4818 3928 2
140 4196 2
4244 2926 2
45 1024 2
1648 306 2
4357 2726 2
461 4161 2
3145 4789 2
673 1124 2
4735 4440 2
10 3750 2
1894 902 2
775 1357 2
4130 2033 2
4894 1253 2
2387 4928 2
2879 2471 2
4408 691 2
2396 2417 2
867 2856 2
4112 1224 2
4287 3563 2
4592 4475 2
3399 2194 2
4614 3197 2
3957 3215 2
1982 2686 2
678 2590 2
456 3472 2
1841 3898 2
1128 2857 2
4526 1574 2
4559 1214 2
1788 2238 2
2155 3848 2
2706 668 2
1940 4939 2
2337 3210 2
759 4894 2
1373 3123 2
3735 590 2
295 880 2
4100 4902 2
2178 2530 2
468 2148 2
4913 4811 2
2387 2618 2
1908 1309 2
3873 2466 2
2050 2429 2
1905 38 2
2487 1708 2
3824 4181 2
1915 2838 2
322 3936 2
3724 1620 2
2871 737 2
66 3596 2
1797 2249 2
2837 296 2
1811 2484 2
722 1673 2
2059 4183 2
2176 1617 2
3275 1904 2
2245 1677 2
3091 2724 2
201 4132 2
3619 4964 2
4021 2105 2
3103 1658 2
2407 3427 2
2132 4533 2
643 1607 2
105 4481 2
690 3256 2
3543 1507 2
1870 1439 2
4539 1884 2
3657 1179 2
2968 3723 2
303 2207 2
2909 2458 2
2681 714 2
1313 4392 2
4352 4634 2
4913 2867 2
3027 3930 2
1996 2010 2
4461 4947 2
4788 4515 2
3800 4244 2
3801 4124 2
4412 1731 2
3988 965 2
452 4044 2
4087 1267 2
4690 1071 2
4268 2167 2
2684 3480 2
4756 3264 2
3567 4965 2
4997 2027 2
82 2951 2
364 915 2
3325 4099 2
124 803 2
3747 1365 2
2970 3061 2
4682 4654 2
1578 400 2
4733 979 2
1502 4752 2
4910 2845 2
2321 1886 2
4012 4814 2
3470 758 2
3354 718 2
2595 2602 2
68 2888 2
3647 264 2
1291 4498 2
1100 1668 2
3612 1412 2
3380 3818 2
2751 3272 2
4234 2678 2
2784 1286 2
2455 17 2
233 259 2
976 2454 2
4805 768 2
1011 388 2
126 2371 2
538 3180 2
179 1376 2
2156 129 2
3592 1446 2
43 2464 2
4041 3834 2
1154 1053 2
4195 4307 2
1910 4568 2
2910 1629 2
2688 227 2
1142 2591 2
149 2930 2
1276 1678 2
450 3999 2
4544 1253 2
2281 3224 2
2287 492 2
1701 3359 2
1239 198 2
4464 3540 2
3413 659 2
1288 4157 2
1689 2646 2
2933 182 2
115 2376 2
3939 3069 2
1550 3464 2
3886 2726 2
908 701 2
1462 1837 2
4833 4333 2
2661 853 2
4748 99 2
4258 3568 2
4780 2218 2
1593 3346 2
654 1998 2
2566 730 2
2290 2057 2
1821 2470 2
3847 2084 2
243 672 2
2131 2578 2
2391 3533 2
1351 1302 2
107 3162 2
745 3182 2
1478 4637 2
2628 3150 2
1240 815 2
3681 674 2
850 401 2
516 4995 2
3050 2156 2
3656 3942 2
3379 4554 2
264 2781 2
32 3479 2
185 2262 2
2555 2067 2
4247 351 2
628 2451 2
2041 3657 2
4591 68 2
1344 4457 2
2752 3153 2
2472 3215 2
2479 4237 2
4946 2922 2
966 2402 2
3573 858 2
2584 1054 2
2256 1448 2
3755 4464 2
3566 448 2
590 2482 2
3198 159 2
4071 1635 2
3423 1716 2
3614 243 2
1547 3165 2
2451 2811 2
2011 1250 2
2315 311 2
2679 3043 2
2450 649 2
4743 996 2
1958 1036 2
2534 2266 2
3767 471 2
2876 3717 2
1602 4871 2
2346 4106 2
779 3220 2
4886 899 2
180 1415 2
3446 3381 2
2338 1972 2
85 1678 2
1413 1379 2
2447 2153 2
327 1998 2
3784 727 2
1494 4016 2
1563 4420 2
4569 1273 2
933 4924 2
1793 3438 2
4806 2522 2
3387 3572 2
626 1598 2
2565 89 2
1287 655 2
481 1873 2
3129 3706 2
3754 565 2
3988 3620 2
1326 3659 2
566 3647 2
4019 826 2
3805 3127 2
951 2795 2
2521 1238 2
3232 2970 2
1193 3416 2
4508 3543 2
662 4197 2
1781 4420 2
417 3445 2
1537 1873 2
1126 1906 2
4566 4312 2
4600 3387 2
1149 4497 2
1559 2173 2
3823 3937 2
2717 4632 2
2985 2801 2
2798 2765 2
2920 2502 2
2709 4657 2
626 1391 2
3526 2972 2
4375 4067 2
3832 1618 2
2019 395 2
1636 4841 2
4484 3314 2
3897 4453 2
656 3971 2
1692 3796 2
1763 1411 2
4329 4854 2
1577 453 2
3046 653 2
2471 2680 2
4820 4961 2
4074 2882 2
2230 3029 2
4168 773 2
889 4713 2
1852 553 2
4974 1665 2
3699 2756 2
3286 4022 2
1695 3594 2
2760 4612 2
2256 1727 2
1469 594 2
421 1065 2
272 52 2
4708 2735 2
2722 515 2
2033 1412 2
4292 2655 2
1519 1490 2
1500 3219 2
1202 2505 2
3099 1610 2
4023 3082 2
3090 3409 2
4968 2215 2
3847 1653 2
1269 4307 2
1101 3550 2
4145 2647 2
2708 2337 2
4516 2161 2
4596 2875 2
1111 4131 2
1074 1417 2
4220 674 2
1262 2065 2
3228 3350 2
395 1356 2
2168 4947 2
940 1937 2
1770 2519 2
1620 3819 2
1168 607 2
72 1927 2
876 4596 2
3621 1472 2
729 1015 2
3523 916 2
3471 4206 2
4326 1734 2
4278 1147 2
1923 2134 2
3772 1815 2
3648 1061 2
4702 2523 2
1304 2561 2
1252 4889 2
2991 2524 2
4840 4282 2
1704 3123 2
474 4103 2
1035 785 2
2801 3027 2
297 2472 2
296 707 2
1967 2006 2
1561 2881 2
101 3899 2
4188 1547 2
3311 3416 2
2909 2819 2
3778 2426 2
2012 2663 2
2251 4822 2
3897 2251 2
2425 2768 2
3275 3831 2
849 1500 2
2379 1098 2
4606 2495 2
749 3429 2
536 2692 2
270 3290 2
197 2512 2
1464 4234 2
3594 286 2
4007 416 2
4710 1628 2
181 4657 2
1911 2530 2
3384 2287 2
1717 3359 2
3527 1484 2
1262 374 2
3923 4966 2
4626 4658 2
541 3660 2
4667 4164 2
2832 3644 2
4647 380 2
2692 803 2
232 3527 2
4121 2679 2
2324 1212 2
727 458 2
22 659 2
2352 680 2
3879 2336 2
1465 1492 2
863 3358 2
4744 1059 2
4179 612 2
4239 3609 2
1724 3457 2
4652 4905 2
918 4116 2
646 3977 2
1348 1726 2
4719 3418 2
2103 3303 2
1446 3989 2
243 1541 2
1989 1802 2
4128 3842 2
4217 1666 2
2877 239 2
1898 2447 2
1648 4364 2
2479 4916 2
1725 1636 2
1459 999 2
2025 46 2
3587 199 2
4171 1208 2
389 4241 2
2909 4294 2
4075 1226 2
1757 2183 2
218 3265 2
499 1319 2
4743 193 2
3703 3166 2
1209 935 2
3282 1952 2
809 261 2
860 4972 2
3629 1555 2
3017 2603 2
4004 662 2
2049 1935 2
3104 231 2
3877 2901 2
1157 10 2
2283 195 2
3559 785 2
4477 2772 2
3544 27 2
45 2783 2
1613 3051 2
4675 918 2
1963 2062 2
3904 3900 2
3810 1253 2
3142 4418 2
742 1772 2
3262 886 2
779 2209 2
4959 861 2
1622 4857 2
4917 3226 2
4537 2669 2
3238 1304 2
3901 4675 2
2545 1690 2
3118 1920 2
3618 4113 2
4275 1184 2
3136 2569 2
3484 4245 2
383 458 2
1513 4479 2
3922 4381 2
4501 58 2
2131 1540 2
1640 4120 2
3732 4814 2
1873 4480 2
4764 4144 2
47 3802 2
3544 2588 2
2265 3242 2
3830 830 2
359 1683 2
3742 2243 2
222 30 2
2837 329 2
1260 1746 2
3066 4182 2
132 3612 2
913 1957 2
4808 1250 2
3477 4175 2
4099 2743 2
1142 1029 2
1545 3591 2
2162 4750 2
2741 1847 2
1488 4211 2
1096 4452 2
3862 2476 2
3677 1641 2
543 4431 2
4358 1484 2
2812 327 2
344 4821 2
2848 348 2
3619 1010 2
1899 3539 2
1467 412 2
31 2581 2
3353 2944 2
1430 179 2
2214 2270 2
369 1724 2
1410 2569 2
4223 835 2
850 2481 2
709 320 2
3765 2895 2
4852 1922 2
76 3117 2
498 3660 2
4444 488 2
2157 4220 2
2669 4226 2
2743 1698 2
4970 4492 2
3537 2519 2
3906 538 2
4336 2771 2
533 1281 2
1386 3785 2
332 1943 2
1224 60 2
4792 4331 2
903 1508 2
549 3660 2
2265 876 2
2819 4641 2
3706 1222 2
2029 3514 2
1911 435 2
75 922 2
2928 279 2
671 1680 2
530 1202 2
1083 2041 2
4467 2418 2
3045 3714 2
354 730 2
1091 4775 2
4594 1873 2
1470 3961 2
3333 4518 2
4157 4637 2
4482 959 2
3343 4740 2
4624 4745 2
4680 865 2
2920 2661 2
1158 4776 2
249 1777 2
3894 1112 2
2984 4964 2
4542 1873 2
989 1904 2
3309 2001 2
415 4726 2
348 1482 2
3081 3727 2
71 3036 2
2680 2852 2
775 1824 2
3263 3586 2
3938 4546 2
118 1131 2
2479 656 2
1390 923 2
2639 1276 2
923 3456 2
719 4598 2
2316 3298 2
4692 3546 2
109 4438 2
911 4123 2
1709 681 2
1150 3311 2
1162 2593 2
499 1641 2
1723 4339 2
4168 1884 2
320 4921 2
2421 4815 2
4511 2385 2
3591 2942 2
2010 2437 2
2827 2100 2
457 3524 2
4277 2226 2
4023 1950 2
1892 4764 2
3554 321 2
714 1538 2
1097 1797 2
2131 4461 2
2686 3044 2
3489 2383 2
3619 736 2
3036 442 2
847 185 2
4546 3787 2
2426 4135 2
3375 2326 2
4219 1734 2
300 743 2
574 214 2
3273 156 2
1116 1797 2
689 2751 2
1469 3158 2
874 4243 2
697 1775 2
3624 3958 2
2921 3959 2
1179 3024 2
756 653 2
3418 1063 2
81 4909 2
4570 361 2
4694 1131 2
614 2880 2
2168 4593 2
219 3547 2
2074 4195 2
2579 2899 2
3122 3240 2
4596 4628 2
548 2482 2
1154 3979 2
962 4116 2
2560 2453 2
470 2337 2
2111 545 2
4238 1285 2
1008 1779 2
3545 2001 2
4968 4077 2
1650 700 2
669 2804 2
3267 588 2
1864 1682 2
1056 1336 2
2017 3488 2
3703 3378 2
4622 1344 2
3711 1848 2
4699 4861 2
686 4587 2
544 2682 2
2471 1552 2
3338 3082 2
1921 134 2
445 850 2
2446 3957 2
3287 256 2
2336 2756 2
1984 1642 2
3857 4468 2
2322 2561 2
2590 519 2
4008 1577 2
525 344 2
4317 4775 2
4781 786 2
691 3453 2
4567 1620 2
3742 4292 2
4961 4441 2
1891 3040 2
1752 3073 2
4589 4380 2
4590 1719 2
2976 3380 2
2168 3507 2
3120 2945 2
2999 2259 2
3499 4503 2
478 243 2
1790 521 2
4464 337 2
4177 4511 2
4359 2235 2
1408 3669 2
3072 2300 2
820 2326 2
200 4502 2
3032 2625 2
3863 2209 2
1560 4093 2
2024 967 2
2559 609 2
3911 2034 2
4837 3287 2
3307 1319 2
3060 4909 2
1901 3397 2
3899 1175 2
3757 3828 2
90 846 2
2669 1620 2
4581 2109 2
3702 3456 2
53 4431 2
3466 2809 2
4700 3423 2
4453 2143 2
436 3044 2
3996 390 2
58 636 2
441 249 2
223 3287 2
637 4180 2
1558 3428 2
868 2204 2
1329 1219 2
3125 2346 2
3311 600 2
1048 4117 2
780 1671 2
3944 3716 2
1587 2844 2
4913 3836 2
1160 989 2
2383 4256 2
3354 4498 2
2133 965 2
4457 3738 2
575 2707 2
419 1776 2
4869 3047 2
919 4837 2
2590 937 2
824 720 2
1911 3424 2
3367 104 2
4080 167 2
1692 194 2
1925 3194 2
1809 722 2
121 5 2
810 2908 2
1490 640 2
4667 3729 2
4916 856 2
3249 848 2
914 3663 2
207 4895 2
4974 2473 2
1192 3679 2
695 3952 2
1568 3076 2
1507 3922 2
2539 357 2
967 726 2
1436 3330 2
3477 2206 2
634 2701 2
1466 4877 2
1598 4038 2
2487 2223 2
1083 3600 2
1187 4729 2
4717 2354 2
1740 4741 2
2253 2479 2
3519 605 2
3574 3929 2
2859 2004 2
4489 3504 2
540 759 2
2858 1211 2
4892 1527 2
3057 1078 2
4007 4894 2
2771 4724 2
1547 4615 2
3366 1400 2
969 1716 2
609 4598 2
3916 1364 2
4663 2733 2
3464 884 2
2682 3457 2
2666 3761 2
2330 174 2
4969 4509 2
1412 2612 2
4673 2073 2
3571 3095 2
1924 503 2
2758 3697 2
3097 3281 2
3046 944 2
3555 3529 2
1639 4239 2
1720 3947 2
2563 1277 2
887 1792 2
963 4357 2
919 2030 2
4906 2972 2
3680 4841 2
433 960 2
1171 4888 2
2160 2462 2
2753 2029 2
3625 2932 2
4468 2244 2
2564 1368 2
1796 1793 2
1473 2259 2
4198 3232 2
2424 799 2
3496 4254 2
1917 582 2
4842 1320 2
260 3101 2
2098 3066 2
1007 2745 2
1502 325 2
681 980 2
2282 3343 2
1723 3435 2
2308 4159 2
1431 1439 2
4900 3333 2
777 2280 2
4554 4956 2
3928 4824 2
3069 4381 2
2434 3842 2
1316 4272 2
478 2077 2
2798 4421 2
2825 3535 2
4649 2021 2
2561 1002 2
4109 871 2
4192 1787 2
1584 1739 2
4663 4818 2
1924 1030 2
4929 2702 2
4877 4146 2
1922 1042 2
485 125 2
2417 4270 2
103 2465 2
2436 613 2
563 359 2
2777 1277 2
3676 1459 2
3130 3182 2
51 2074 2
1675 1930 2
4954 4632 2
1265 3027 2
3639 3007 2
3069 2319 2
1558 300 2
594 3384 2
2266 2081 2
1261 2123 2
2419 2622 2
4021 3790 2
535 3635 2
61 735 2
1463 3750 2
4832 270 2
513 1110 2
3275 2112 2
503 471 2
681 749 2
3414 1817 2
1206 2572 2
4657 4913 2
4142 57 2
144 3739 2
2185 96 2
2557 4872 2
3096 3062 2
102 1246 2
1861 2402 2
899 2337 2
2513 2691 2
4150 2527 2
977 2236 2
3365 2571 2
1543 4947 2
4591 488 2
4033 2098 2
1805 3304 2
1479 1872 2
3778 3733 2
1437 3344 2
511 3379 2
2005 4016 2
3035 4185 2
3451 2549 2
3268 1447 2
657 1187 2
1338 4505 2
4362 3630 2
811 1621 2
3715 4263 2
4756 1054 2
3357 3807 2
3445 3485 2
1495 4187 2
548 3894 2
231 2378 2
4566 4090 2
2889 4044 2
1174 4744 2
3518 3896 2
2863 1027 2
1165 133 2
4439 4846 2
3002 1486 2
4547 25 2
420 1002 2
2453 2331 2
1237 2821 2
4520 3093 2
1115 4299 2
2963 24 2
1183 1876 2
4221 4289 2
1963 2170 2
3844 1048 2
1359 2333 2
1674 2734 2
1194 3149 2
2673 3753 2
2558 805 2
1652 2481 2
255 2425 2
4187 183 2
2465 4911 2
1248 4116 2
4307 215 2
4284 313 2
386 3261 2
3488 3286 2
1440 2000 2
504 1960 2
1427 1731 2
2281 4282 2
2116 3789 2
4114 3736 2
4680 3231 2
2376 2692 2
1799 4076 2
4482 2141 2
4654 1359 2
143 1811 2
1899 1931 2
4260 4592 2
1542 2178 2
3362 3471 2
1337 3805 2
1243 3545 2
4920 4 2
732 3937 2
1055 1712 2
943 636 2
835 3644 2
3530 4916 2
879 570 2
3441 1860 2
2053 2720 2
1618 288 2
1868 2638 2
1523 3266 2
2444 1290 2
2170 1491 2
3372 1295 2
4316 1895 2
12 3821 2
3681 3772 2
3191 4610 2
755 1466 2
894 4503 2
412 4690 2
3175 2746 2
1538 2267 2
4417 1651 2
3331 3922 2
650 3524 2
2793 4156 2
656 28 2
1190 3161 2
301 3382 2
409 132 2
677 2357 2
1156 750 2
748 1828 2
3291 739 2
2978 499 2
1004 4578 2
3325 1230 2
3941 4368 2
2450 4608 2
387 4386 2
98 4325 2
4865 4377 2
1940 1480 2
3694 648 2
3630 1690 2
1477 3523 2
4417 1644 2
3465 37 2
4175 2077 2
3820 3378 2
4544 2552 2
3501 2140 2
1537 681 2
600 4121 2
4784 4504 2
2928 2369 2
4831 1594 2
678 4894 2
3844 1063 2
4152 3839 2
511 701 2
1054 4702 2
1810 2259 2
3607 4983 2
1488 485 2
2862 2144 2
4745 1402 2
3296 742 2
1590 4217 2
3598 4204 2
3966 2580 2
2434 50 2
26 773 2
2108 2280 2
1355 1357 2
454 3368 2
298 3013 2
2371 2454 2
3715 1419 2
3638 1543 2
3632 2887 2
3504 3362 2
4380 3596 2
2210 2953 2
3257 3015 2
3544 3299 2
4938 2016 2
3567 2872 2
3369 3019 2
2076 4872 2
2043 1966 2
2850 2916 2
4909 713 2
3909 1519 2
3287 783 2
28 4810 2
1374 4959 2
2401 2619 2
1248 2281 2
3105 2194 2
2501 2433 2
241 197 2
4500 755 2
1247 3842 2
1897 4601 2
1667 1916 2
362 672 2
274 4967 2
3086 2024 2
2613 3040 2
1878 3075 2
2722 342 2
2276 4110 2
4384 2369 2
4341 2135 2
4860 4183 2
2008 3704 2
4955 1417 2
2580 3664 2
727 2189 2
1988 2072 2
167 3130 2
4721 3484 2
3945 942 2
4532 1069 2
4438 821 2
4997 2068 2
1396 149 2
1495 4952 2
3267 1806 2
301 2290 2
4907 4088 2
2031 2655 2
4649 3086 2
1712 4527 2
334 1030 2
2813 1897 2
1179 1121 2
519 2083 2
4629 2568 2
4319 2928 2
4373 4770 2
848 4307 2
3031 483 2
3446 1162 2
4095 2054 2
935 86 2
1799 2545 2
627 4465 2
2041 2714 2
4631 3537 2
4064 4069 2
2029 448 2
4255 2188 2
3191 167 2
976 2451 2
4503 2157 2
1028 3876 2
4768 385 2
1293 1952 2
476 3752 2
2928 3462 2
3213 2488 2
3539 1375 2
482 3392 2
1636 3463 2
2966 686 2
2661 1472 2
4399 1590 2
3239 2174 2
4517 2672 2
1108 4051 2
2347 3272 2
3231 1423 2
2661 3835 2
2863 4658 2
4198 3702 2
3972 3713 2
758 1270 2
139 2566 2
2136 4167 2
3328 2060 2
2188 4958 2
465 4162 2
3381 1607 2
2417 4510 2
1210 2118 2
2886 2154 2
3755 2867 2
4308 4824 2
2323 4514 2
3003 1713 2
1341 3139 2
1246 2237 2
2024 1593 2
4111 716 2
1203 4798 2
4156 533 2
4514 1271 2
2004 2622 2
4463 1495 2
61 4681 2
631 663 2
653 971 2
2773 1019 2
2900 11 2
2346 1425 2
2472 922 2
3924 2834 2
4897 3750 2
3016 3855 2
590 2279 2
4256 1148 2
3573 568 2
2146 2512 2
4131 1603 2
2698 4763 2
3560 4105 2
2599 3101 2
102 2317 2
2624 3998 2
3620 220 2
2956 1053 2
2891 4042 2
4038 3891 2
4433 2800 2
1522 1973 2
3286 4299 2
3806 1936 2
4876 3739 2
3936 877 2
874 4731 2
4025 2317 2
3103 3604 2
898 767 2
1403 4999 2
325 1014 2
606 3916 2
3630 4820 2
2808 3530 2
1703 2617 2
736 816 2
1010 3570 2
850 2627 2
1808 2272 2
154 2757 2
2864 735 2
1209 2743 2
2000 3672 2
539 2228 2
1944 11 2
4020 2830 2
143 1887 2
3716 2212 2
3864 2231 2
1756 361 2
4373 3567 2
469 4878 2
508 432 2
3092 78 2
1268 2356 2
2617 3974 2
2868 3241 2
2491 4329 2
799 2704 2
3610 4476 2
1853 3532 2
1741 1293 2
2010 4957 2
4884 3625 2
1099 2866 2
855 1981 2
2601 1895 2
4286 4253 2
3424 902 2
1145 2006 2
3367 2777 2
30 1489 2
3616 3265 2
4412 3750 2
3711 1947 2
1331 3064 2
4642 588 2
4555 22 2
2793 4730 2
1568 4978 2
4298 3261 2
782 4465 2
3894 4561 2
4583 4074 2
1245 1267 2
316 3617 2
3665 585 2
2463 4446 2
4914 2637 2
2138 275 2
3534 1861 2
580 4125 2
4881 2631 2
2835 4345 2
4535 1025 2
1837 4704 2
3210 1119 2
1506 4794 2
1914 3485 2
82 2553 2
1844 1863 2
293 2488 2
1556 1408 2
2130 27 2
725 4912 2
2883 2652 2
2628 2132 2
355 264 2
1160 3308 2
1681 350 2
3314 2425 2
5 2214 2
277 2808 2
1904 3041 2
3844 3945 2
2066 4662 2
902 4186 2
1400 3635 2
1923 3963 2
2586 4295 2
4 485 2
2979 160 2
3915 3347 2
3490 284 2
1715 4585 2
4118 3048 2
4919 1565 2
2516 1033 2
3238 240 2
3286 4341 2
4210 314 2
3354 4170 2
2004 1702 2
3857 4386 2
2231 4452 2
1767 4398 2
4991 777 2
2344 225 2
3169 2563 2
1308 4793 2
4756 1722 2
3 3997 2
2943 3902 2
671 931 2
1558 1434 2
4277 4740 2
1542 4848 2
552 1575 2
2956 4017 2
615 2012 2
280 3100 2
489 4993 2
304 741 2
1634 4652 2
4112 3526 2
2808 4217 2
3125 1161 2
4983 3679 2
3649 4169 2
4637 4687 2
837 1123 2
561 3887 2
3291 223 2
2741 2572 2
4044 1187 2
3470 4329 2
2574 3754 2
1958 3843 2
657 4115 2
1450 708 2
3636 4025 2
4964 3712 2
1904 1964 2
61 3668 2
1664 4235 2
289 3284 2
4192 3204 2
4409 1054 2
1166 4158 2
3503 54 2
1764 1292 2
2235 1042 2
4351 4574 2
2662 4023 2
1730 3703 2
4097 972 2
4941 1027 2
253 115 2
1631 4599 2
2253 2725 2
517 4423 2
4964 4034 2
1526 1863 2
2936 1841 2
133 4106 2
4037 330 2
4980 4308 2
4082 111 2
4206 1340 2
1748 839 2
3156 4048 2
4873 228 2
2042 2962 2
718 3516 2
3237 99 2
4914 2573 2
2801 3046 2
3845 4441 2
140 1455 2
4619 562 2
605 3068 2
94 1782 2
3794 2292 2
461 489 2
2155 2069 2
2682 154 2
740 77 2
1757 618 2
2935 820 2
2094 3032 2
1300 3395 2
550 3434 2
4526 4932 2
1922 2881 2
1714 4234 2
3153 3590 2
643 907 2
4862 4087 2
906 417 2
730 1033 2
4937 1363 2
1441 3799 2
828 4732 2
2531 3292 2
2927 1629 2
720 3232 2
3032 439 2
3440 1600 2
49 2742 2
3599 1682 2
553 3565 2
1380 364 2
647 1487 2
3443 93 2
4661 1440 2
217 1970 2
1092 4424 2
18 500 2
859 2500 2
3692 1634 2
521 1779 2
1214 3820 2
1550 3486 2
3159 2004 2
1979 3201 2
3372 1261 2
4300 1837 2
1215 1840 2
2614 4416 2
4886 675 2
2467 3436 2
2410 3486 2
3173 4508 2
1550 3111 2
829 4594 2
3705 4287 2
3833 1960 2
564 4038 2
3678 1986 2
2536 2605 2
4782 1099 2
1142 2266 2
1651 2714 2
4742 2978 2
1795 2485 2
541 4889 2
943 2447 2
2140 3590 2
1396 2851 2
1580 3639 2
4707 339 2
2777 4430 2
3443 3382 2
3714 4819 2
450 2377 2
949 2293 2
2271 163 2
4496 3346 2
3684 4735 2
4537 1839 2
58 3062 2
688 653 2
1858 1550 2
4883 489 2
3282 2624 2
140 3675 2
4628 4812 2
2559 1272 2
592 2109 2
1166 3388 2
4231 3730 2
2226 2036 2
235 808 2
2664 64 2
3428 1900 2
1570 2648 2
54 3560 2
566 2318 2
1854 3046 2
1053 1369 2
1492 1717 2
4854 1577 2
3375 1172 2
2568 1356 2
2028 1154 2
3580 3395 2
105 1467 2
4679 701 2
2811 2177 2
726 3771 2
3612 2018 2
1836 1249 2
4851 4321 2
2499 1989 2
1207 3171 2
1275 1134 2
3988 4161 2
1533 4061 2
4476 4379 2
2730 3200 2
4919 2401 2
4708 963 2
747 431 2
1699 88 2
2950 133 2
3520 3652 2
4669 2762 2
3441 823 2
2709 2201 2
2830 1121 2
2131 2814 2
2447 537 2
783 2396 2
4541 678 2
3325 3395 2
2121 3840 2
3891 4633 2
1006 991 2
2118 891 2
657 2415 2
4725 1814 2
320 3840 2
3489 729 2
4894 3682 2
1771 862 2
3848 1287 2
554 2522 2
2519 1459 2
2902 596 2
2726 4999 2
1853 3518 2
2893 2178 2
2692 1250 2
745 3633 2
2752 1067 2
4079 257 2
56 1710 2
3027 4597 2
4740 3841 2
1496 4474 2
1693 3840 2
2536 5 2
3607 3783 2
2459 705 2
4667 2328 2
2930 1714 2
2740 1099 2
1992 3756 2
3383 3579 2
4903 543 2
3709 3502 2
447 2803 2
1266 1852 2
3398 758 2
2128 4609 2
2762 4445 2
1344 2025 2
3802 2269 2
779 2115 2
33 4734 2
4087 3865 2
861 4409 2
839 1661 2
3677 900 2
3799 4067 2
3865 2247 2
1655 2951 2
4967 3646 2
4685 4838 2
751 1067 2
3775 4205 2
1373 102 2
2516 4314 2
4198 1344 2
1311 58 2
4371 499 2
2551 3053 2
1764 4168 2
4245 3652 2
67 3547 2
3311 3633 2
1736 3410 2
3455 3777 2
30 2673 2
99 293 2
3956 3506 2
2806 4445 2
963 73 2
4375 65 2
683 3551 2
2318 3132 2
4831 1690 2
4074 1887 2
668 1868 2
3612 4848 2
787 3282 2
970 686 2
1605 317 2
1169 2046 2
2443 4052 2
4359 1805 2
1808 972 2
3724 2374 2
3285 2633 2
3356 4785 2
1615 714 2
3077 3636 2
3262 1469 2
1062 2615 2
818 1440 2
555 791 2
4753 4147 2
3169 3270 2
4289 3108 2
3120 4910 2
3239 1643 2
2893 768 2
671 381 2
3984 952 2
2201 2313 2
2079 317 2
4881 3029 2
4878 3296 2
2922 3069 2
1652 4547 2
4765 2391 2
1045 2345 2
3303 1870 2
2111 3591 2
3487 62 2
3753 2703 2
2320 1423 2
1249 1122 2
3128 2011 2
712 4371 2
371 3873 2
3182 4907 2
3547 3497 2
4617 3692 2
4440 4520 2
2196 342 2
1688 1921 2
3382 4991 2
1596 3836 2
218 758 2
3413 4662 2
3900 815 2
1463 365 2
1244 3837 2
3866 3086 2
2088 1074 2
2663 2537 2
1647 4132 2
64 4149 2
1579 728 2
4900 3780 2
1051 431 2
2231 1471 2
2221 3756 2
187 1587 2
3047 3871 2
2369 1781 2
3356 2631 2
4380 2546 2
1066 4608 2
4988 1518 2
2156 695 2
926 403 2
4717 4917 2
3014 2371 2
1557 2387 2
4533 1460 2
1627 4296 2
356 164 2
1250 2605 2
1817 1525 2
553 3697 2
4559 1185 2
796 3523 2
2964 2942 2
4705 3793 2
3753 4762 2
1581 2775 2
3799 2286 2
1619 3523 2
1441 1649 2
2985 2230 2
3251 4408 2
4596 334 2
1321 2584 2
1767 3014 2
4293 2159 2
3838 4919 2
3719 1832 2
1253 122 2
1249 1880 2
417 1828 2
671 4886 2
3648 4797 2
4441 419 2
1771 4076 2
10 4145 2
2562 910 2
647 3277 2
2587 859 2
2140 1534 2
490 4995 2
3606 3914 2
2836 3516 2
4367 2068 2
2836 536 2
1631 4937 2
1583 4033 2
4432 1033 2
158 2046 2
3216 4041 2
147 1925 2
4802 4048 2
886 3333 2
136 76 2
4910 1942 2
989 1109 2
4492 1309 2
180 1379 2
2491 2941 2
2889 4497 2
936 56 2
896 1514 2
753 1472 2
1290 1905 2
2693 825 2
1048 1265 2
2268 1503 2
2209 3208 2
1747 4697 2
3104 2338 2
2909 2340 2
3455 1092 2
4105 29 2
1860 4393 2
1359 1043 2
4072 2702 2
326 2705 2
1306 4000 2
2542 3418 2
2783 3626 2
1605 3231 2
4906 4435 2
3652 2152 2
2712 2077 2
4583 2822 2
2120 4406 2
3450 54 2
75 4907 2
2510 640 2
785 3001 2
4351 2001 2
76 2358 2
3044 3675 2
4329 1689 2
4489 838 2
1410 615 2
624 621 2
1550 1654 2
3645 1078 2
2023 3704 2
2325 1791 2
3099 1936 2
4303 3839 2
2926 4583 2
387 49 2
2291 4808 2
125 2964 2
2363 1167 2
3971 1173 2
4846 180 2
4394 2338 2
1868 2457 2
1331 4525 2
2252 4279 2
1693 407 2
553 1270 2
2032 4633 2
2294 4421 2
2027 3277 2
4547 2276 2
2993 4340 2
3041 2765 2
3182 3353 2
2040 1505 2
3891 2361 2
4894 2039 2
2197 1965 2
439 2334 2
933 2691 2
2303 1416 2
4216 4241 2
319 169 2
3518 2349 2
4030 590 2
963 736 2
4893 1494 2
500 4655 2
1466 4761 2
4981 2213 2
4157 3254 2
4845 2606 2
3630 2733 2
1493 1145 2
475 3708 2
2895 3251 2
3088 511 2
2607 2887 2
4886 1286 2
18 958 2
3705 1021 2
1303 2628 2
1157 4268 2
2468 2934 2
3433 563 2
4602 374 2
1628 773 2
4472 2265 2
3708 2734 2
2049 1860 2
2050 3837 2
2391 322 2
1749 2159 2
436 2521 2
4338 4849 2
4814 2249 2
111 836 2
1550 4551 2
596 294 2
3388 3913 2
3979 2103 2
3841 3898 2
1655 4350 2
2146 4157 2
2950 2941 2
1404 4997 2
4742 1251 2
1378 4180 2
890 1019 2
914 4521 2
4803 4968 2
3638 4264 2
219 2921 2
3348 2190 2
2402 3642 2
1102 2581 2
4084 2435 2
130 2225 2
2347 2946 2
2104 1685 2
4848 4523 2
619 786 2
1831 88 2
28 1584 2
4407 2574 2
416 4197 2
746 4102 2
1399 2946 2
4705 2874 2
349 3056 2
839 1705 2
641 1907 2
2851 1657 2
4160 1182 2
887 4465 2
473 2742 2
1852 170 2
3710 1724 2
1305 4818 2
3348 868 2
3423 2702 2
4088 3426 2
2626 479 2
2352 2666 2
1891 3518 2
4501 4407 2
4034 2141 2
2067 231 2
329 3882 2
279 2879 2
1894 2076 2
2450 824 2
1199 2203 2
4258 4536 2
160 4182 2
4754 1439 2
431 3051 2
2818 359 2
2893 1377 2
4796 4308 2
4809 3741 2
4630 3349 2
2632 1450 2
2442 524 2
1172 1494 2
1743 1055 2
133 2801 2
3715 3485 2
2600 3730 2
564 1724 2
2193 1893 2
2865 3480 2
4375 2857 2
4456 552 2
2892 978 2
3323 1570 2
4146 860 2
2391 2888 2
177 814 2
215 1838 2
2939 1726 2
3517 4435 2
4511 1121 2
4967 2463 2
3945 3095 2
2490 4974 2
3113 99 2
1136 3399 2
552 1213 2
3885 1658 2
667 4017 2
342 2971 2
504 1636 2
3087 172 2
865 1613 2
4228 3116 2
1694 1469 2
4894 2692 2
746 267 2
1935 3508 2
2203 2790 2
1130 2024 2
1337 1978 2
1731 2316 2
1997 794 2
4761 4516 2
4494 3463 2
4635 2289 2
4698 4984 2
4107 4356 2
4700 2358 2
1312 2666 2
2384 2557 2
3476 3118 2
1403 1189 2
796 718 2
2179 3550 2
281 3981 2
3456 3159 2
4033 4835 2
3629 1546 2
1251 2508 2
3207 2955 2
3727 3202 2
1594 1853 2
1570 3688 2
1139 2112 2
410 1821 2
4493 3785 2
748 1231 2
2640 4375 2
711 2859 2
1222 435 2
1265 3213 2
1697 3041 2
3499 1199 2
101 1895 2
3401 1005 2
4304 2824 2
4117 281 2
4240 4906 2
2661 4114 2
4632 2032 2
2436 3711 2
3763 3424 2
1194 2194 2
576 1336 2
1665 1657 2
1601 3937 2
2645 2869 2
2701 1495 2
3881 1768 2
4337 1584 2
1594 2926 2
1348 3157 2
4225 1159 2
4594 3653 2
1044 2345 2
1785 2260 2
4552 2923 2
4400 2794 2
416 2934 2
4121 3754 2
3590 260 2
988 1200 2
3672 1482 2
3810 2366 2
460 4223 2
1406 4157 2
177 4677 2
1758 3729 2
4709 4257 2
2099 4653 2
4514 3903 2
4641 4069 2
3657 825 2
3857 3185 2
4666 2702 2
2855 772 2
4154 1139 2
3533 3566 2
143 1000 2
3642 537 2
4714 4913 2
3214 535 2
3037 4698 2
1471 2441 2
922 1441 2
532 3519 2
2922 1679 2
1401 1111 2
220 3103 2
3485 2769 2
1923 316 2
1987 1243 2
2634 2128 2
251 1045 2
3771 1956 2
964 4377 2
2231 3077 2
4884 4162 2
1491 3407 2
2173 2559 2
183 179 2
782 1925 2
10 1203 2
824 190 2
1823 1470 2
676 3509 2
4999 765 2
4265 404 2
119 142 2
1326 1742 2
1284 2023 2
1039 1188 2
2145 3821 2
1039 840 2
174 2279 2
3151 3929 2
2510 4939 2
544 2441 2
2771 2767 2
1413 4307 2
2182 797 2
1716 174 2
2876 1644 2
1042 4316 2
852 1589 2
2226 899 2
627 2244 2
3448 2465 2
1579 1020 2
76 2298 2
4680 2508 2
568 2921 2
1859 3643 2
2453 302 2
2672 4073 2
4006 2120 2
377 4197 2
3994 1327 2
2166 4874 2
1322 3125 2
1262 1058 2
4987 4583 2
1899 1001 2
1098 829 2
525 463 2
1988 4906 2
3006 841 2
4371 3359 2
3160 1442 2
4184 113 2
3016 2785 2
3659 1124 2
3081 4059 2
154 3719 2
3810 1521 2
2101 4483 2
725 336 2
103 3292 2
2001 4962 2
388 2114 2
4562 1958 2
3339 392 2
4666 4386 2
3437 3859 2
1811 3741 2
4670 659 2
4455 2747 2
2081 1488 2
4035 2281 2
4202 3123 2
1364 3085 2
329 3666 2
891 1665 2
3702 355 2
3644 231 2
2495 3946 2
1459 3195 2
4575 992 2
1930 1571 2
2822 2912 2
2514 1149 2
908 319 2
1493 3066 2
745 4482 2
518 3701 2
4597 4445 2
514 1976 2
3467 793 2
3991 2646 2
3310 760 2
3570 1268 2
3550 2130 2
575 976 2
2714 1529 2
1498 1517 2
4243 4213 2
4076 3029 2
4097 1946 2
2295 4767 2
3042 1534 2
3592 674 2
1406 3411 2
4354 3794 2
4589 413 2
1908 3526 2
2432 2306 2
1818 1772 2
652 4854 2
1950 1057 2
1003 2181 2
579 1918 2
4428 2547 2
1216 4389 2
4730 827 2
468 4512 2
3669 2950 2
3631 3906 2
1838 2378 2
1291 2998 2
4466 2280 2
4513 1234 2
4301 2852 2
3493 2315 2
1098 3468 2
4118 1442 2
1597 1359 2
1688 3359 2
789 4944 2
4874 3170 2
3747 1134 2
4733 1615 2
4540 1274 2
733 1884 2
499 2936 2
1869 2030 2
2470 3561 2
3662 2961 2
1425 4410 2
4923 1051 2
1953 2410 2
2613 3279 2
1128 1004 2
2468 3210 2
114 240 2
1824 1843 2
3770 3193 2
1165 4137 2
372 1977 2
1361 2514 2
1984 4609 2
1666 1483 2
3508 2701 2
3056 4154 2
139 2762 2
3899 4337 2
4267 2677 2
4513 2489 2
998 2144 2
3117 2333 2
3981 1474 2
11 3257 2
3831 4955 2
424 44 2
4693 2876 2
385 335 2
702 3957 2
1262 410 2
4813 664 2
2812 4689 2
2145 3619 2
1642 3578 2
2008 2573 2
1177 2349 2
1002 751 2
4464 722 2
574 249 2
4699 2487 2
2306 4804 2
1518 4613 2
1405 4580 2
2972 1931 2
343 1567 2
179 673 2
3063 2124 2
1862 2731 2
4720 2639 2
957 1245 2
4379 276 2
4975 792 2
2158 2609 2
4251 2746 2
926 206 2
1729 3565 2
3121 1216 2
343 4412 2
1371 681 2
1517 606 2
2535 3945 2
3780 1515 2
2713 927 2
1754 3277 2
3024 2288 2
3363 3994 2
2627 3562 2
1993 3007 2
896 4889 2
4543 2680 2
306 3931 2
4173 4777 2
982 2297 2
4431 2424 2
4528 2815 2
4620 1166 2
4688 649 2
4053 613 2
3621 631 2
1207 653 2
3658 4659 2
3663 2645 2
61 1903 2
4383 1852 2
69 2723 2
156 3486 2
3161 3316 2
853 2119 2
1442 1969 2
1776 4114 2
1454 3303 2
2238 2618 2
3634 3068 2
2123 2801 2
1158 3893 2
1551 4885 2
1287 3121 2
1888 892 2
607 1525 2
4887 4722 2
2449 1300 2
407 3792 2
4155 1267 2
1115 591 2
1644 2919 2
851 594 2
4337 3564 2
1943 4627 2
1709 1429 2
523 4479 2
2518 4931 2
1862 1554 2
4681 2372 2
1535 3704 2
2155 659 2
2566 2712 2
2675 2740 2
760 2138 2
755 125 2
4679 3212 2
1858 4002 2
84 4713 2
1584 4242 2
3204 3134 2
2997 1079 2
3100 3548 2
2191 4571 2
3548 220 2
2915 1174 2
2270 4648 2
825 3588 2
1559 4190 2
1525 4846 2
4148 2986 2
2437 3058 2
152 2591 2
4042 181 2
3465 2109 2
3715 1118 2
3443 2721 2
1281 468 2
154 3104 2
2156 4597 2
4561 1387 2
1538 3002 2
4290 661 2
2927 4469 2
622 2517 2
1423 4955 2
915 4163 2
4609 2005 2
280 4003 2
1864 4660 2
1464 1652 2
331 3073 2
4960 592 2
410 643 2
1339 4040 2
456 150 2
1206 16 2
1358 3673 2
696 1579 2
2356 3597 2
4746 1280 2
400 2989 2
3294 1626 2
3907 4562 2
1092 2836 2
4039 3158 2
2158 4858 2
2713 1747 2
4724 4794 2
1103 945 2
1562 1827 2
4456 4311 2
281 2207 2
2843 2665 2
2391 272 2
4509 57 2
3689 2877 2
4151 4571 2
3993 2978 2
1357 3192 2
4523 675 2
528 2803 2
497 3376 2
1430 2928 2
3961 1472 2
1315 2479 2
1643 2797 2
2576 4293 2
4816 108 2
4602 1102 2
3663 2342 2
4572 1623 2
2600 3311 2
1790 3427 2
1763 1095 2
2349 4521 2
529 2965 2
4445 687 2
4358 2960 2
959 3358 2
154 4054 2
3778 4248 2
834 2360 2
4660 1079 2
2500 2754 2
4242 519 2
2101 3596 2
3902 2371 2
661 4676 2
1272 1273 2
4389 1176 2
318 2876 2
4607 3279 2
2340 1453 2
1554 3968 2
995 3733 2
3852 646 2
4707 807 2
2947 3506 2
407 537 2
2579 3485 2
4047 1300 2
339 1372 2
2327 2535 2
1646 1121 2
3101 573 2
1238 2487 2
4523 922 2
2466 620 2
4776 2374 2
444 1178 2
1700 1177 2
2343 956 2
3354 1670 2
1140 1531 2
2553 4498 2
4819 5000 2
2849 2253 2
577 514 2
3139 520 2
4648 16 2
1819 3624 2
4629 4058 2
368 4016 2
679 2392 2
1122 2505 2
2900 2388 2
160 2389 2
4257 4209 2
3749 34 2
4235 3053 2
3165 2482 2
4487 2566 2
800 4359 2
4510 4199 2
1853 1115 2
1717 3072 2
3951 784 2
1044 1374 2
696 4732 2
3093 890 2
4863 449 2
3718 2218 2
2514 4109 2
744 2713 2
1054 3500 2
956 2432 2
1565 2408 2
234 4700 2
4888 4687 2
4439 870 2
1499 1100 2
1438 3877 2
1730 1542 2
753 1980 2
1649 265 2
3698 1956 2
4015 3703 2
1665 2476 2
2860 581 2
2443 1480 2
4188 2052 2
2836 835 2
1408 988 2
878 1061 2
474 1296 2
4715 664 2
217 4351 2
1799 742 2
4832 1536 2
163 2948 2
4087 4308 2
1975 3226 2
2075 4639 2
443 2939 2
3309 3462 2
4384 273 2
2759 1633 2
2856 200 2
3937 3218 2
3326 1511 2
316 3340 2
1358 4543 2
2688 2572 2
4714 838 2
917 2958 2
4590 1496 2
5 400 2
4369 1836 2
4632 2064 2
238 2839 2
1792 3423 2
3135 4653 2
3085 516 2
2921 4121 2
2165 2835 2
854 4013 2
4210 215 2
398 1842 2
2526 4855 2
3426 2181 2
2277 4672 2
1901 2308 2
2097 3874 2
1996 3242 2
3565 737 2
1530 2076 2
3279 3861 2
3255 4067 2
814 3324 2
1095 3470 2
2610 2220 2
2217 2749 2
354 306 2
2073 174 2
2947 3820 2
3707 4288 2
2059 4934 2
2843 3255 2
3537 1425 2
882 2682 2
1642 2696 2
1695 1262 2
2065 1032 2
1042 2478 2
4718 1892 2
3060 2304 2
374 1889 2
3957 208 2
2056 3847 2
2498 2427 2
1277 503 2
110 404 2
3506 4756 2
353 2453 2
2812 1254 2
2201 622 2
3168 803 2
2060 1045 2
3369 2044 2
3043 3552 2
1358 1456 2
3755 4670 2
1575 2843 2
3459 2621 2
4850 399 2
3623 1314 2
4083 4142 2
3076 3198 2
1626 43 2
4677 608 2
107 4819 2
1204 4375 2
2731 410 2
578 4083 2
2911 248 2
3250 2258 2
2574 1146 2
2269 3792 2
4936 1074 2
3517 4679 2
1591 2853 2
2248 712 2
3734 2638 2
3960 2763 2
2268 2641 2
1317 3482 2
4381 3940 2
2526 3891 2
4392 4069 2
3305 915 2
3199 2819 2
1466 2837 2
175 2383 2
2227 35 2
1831 4602 2
571 4193 2
4600 2061 2
2716 2365 2
2962 2782 2
2123 236 2
107 4619 2
1109 1878 2
1396 3173 2
3169 284 2
2281 471 2
309 3019 2
2340 2319 2
1568 812 2
4262 3022 2
2754 755 2
3292 2715 2
2625 2511 2
2253 2224 2
4001 1448 2
2181 2746 2
2378 390 2
1865 359 2
1266 1916 2
3735 3506 2
974 338 2
3560 3963 2
4270 2449 2
3819 4124 2
2615 627 2
2028 243 2
3035 829 2
3886 1569 2
4702 3466 2
370 4547 2
3473 4239 2
665 354 2
1839 2932 2
3802 2973 2
3430 1353 2
179 1781 2
1049 3843 2
1713 3609 2
3950 4445 2
908 2305 2
4213 2032 2
4100 3231 2
282 3455 2
1570 4878 2
228 4344 2
397 2578 2
1923 4522 2
4324 2170 2
38 2513 2
2759 1396 2
915 4819 2
2770 3055 2
1651 3931 2
3388 566 2
3498 1770 2
4220 2686 2
3268 541 2
1378 1999 2
4297 3422 2
340 1398 2
4437 3243 2
365 2273 2
3139 2089 2
1916 4135 2
2858 1595 2
2751 3596 2
4287 2672 2
977 2804 2
3457 1487 2
4554 4185 2
4868 2343 2
2128 2298 2
942 2142 2
1772 451 2
2685 2718 2
807 4611 2
2608 2941 2
3204 2884 2
3352 1501 2
4394 2500 2
2787 2140 2
3932 4010 2
563 4654 2
931 1110 2
3282 2593 2
4071 4774 2
4457 680 2
1074 1883 2
1390 631 2
214 3571 2
4373 3399 2
1114 3789 2
2805 1332 2
1243 2358 2
592 2484 2
2098 582 2
4676 4659 2
3331 2922 2
4639 2408 2
2649 499 2
3677 2959 2
2250 2032 2
638 4606 2
3246 498 2
574 1764 2
4564 4381 2
1700 663 2
3701 1249 2
2634 2579 2
4703 1792 2
3794 4914 2
3993 2504 2
3729 4543 2
3842 3067 2
276 4934 2
4028 1788 2
1464 1061 2
1415 2428 2
2644 4955 2
1774 2982 2
2345 2365 2
3181 86 2
1979 146 2
281 4490 2
4066 3692 2
1107 694 2
2249 42 2
3362 176 2
3373 3138 2
71 2704 2
1444 189 2
3027 1670 2
3365 2439 2
2192 4148 2
4491 2037 2
1670 3485 2
3019 4272 2
3244 924 2
434 4472 2
323 116 2
2429 1449 2
2892 2668 2
729 4434 2
116 1804 2
4575 4420 2
230 3664 2
3168 1395 2
2201 4957 2
2920 4142 2
3563 2339 2
4960 2722 2
2655 271 2
1266 2422 2
799 2118 2
2146 4224 2
4640 1416 2
2068 4329 2
4345 1962 2
228 1312 2
3167 3830 2
1045 1952 2
1576 2504 2
3907 1745 2
2698 1908 2
844 1925 2
4905 4866 2
4129 2733 2
1449 3937 2
645 412 2
1072 4942 2
568 2959 2
861 3398 2
1925 163 2
4803 3807 2
3938 3583 2
4341 2023 2
4 3323 2
1515 2298 2
2795 336 2
4145 81 2
4674 964 2
621 2870 2
1402 378 2
3303 1057 2
81 3659 2
48 779 2
4705 3908 2
4211 3582 2
206 1878 2
2775 4745 2
2758 1455 2
3322 1165 2
3985 4122 2
1157 2956 2
963 3579 2
1993 3741 2
2836 4832 2
4505 2614 2
772 2854 2
4526 4774 2
3980 1476 2
2890 1034 2
3610 1660 2
1892 4430 2
3236 4933 2
2666 92 2
3841 1319 2
788 809 2
3474 4027 2
4016 1235 2
2955 2496 2
3442 2388 2
3443 2400 2
393 4756 2
3207 957 2
4543 3231 2
670 2875 2
405 3087 2
2736 159 2
463 4233 2
3557 2527 2
184 411 2
2964 1425 2
4635 1724 2
1605 3774 2
58 2594 2
1249 2160 2
1099 1150 2
3768 1809 2
1885 2161 2
114 1181 2
3746 1964 2
4381 1697 2
438 3893 2
1595 2394 2
3991 3026 2
4403 4208 2
2109 64 2
1044 4200 2
642 2225 2
3538 3027 2
294 2584 2
1893 1878 2
4428 1036 2
1282 1730 2
25 2138 2
2632 2150 2
4456 1812 2
4751 3596 2
2701 1850 2
4049 1981 2
1347 4334 2
412 1027 2
3741 1020 2
4038 3423 2
4522 281 2
3417 1815 2
678 3429 2
1012 2477 2
3224 4011 2
430 2839 2
3031 1960 2
4968 2616 2
2176 1526 2
3596 2125 2
1495 2169 2
103 3149 2
4762 4234 2
2128 2718 2
2261 1412 2
4590 986 2
863 954 2
3347 4578 2
3161 2992 2
1402 451 2
1871 2525 2
991 3946 2
1585 87 2
2482 2619 2
2497 164 2
2716 4080 2
3580 1086 2
422 90 2
421 3136 2
2705 72 2
1725 4699 2
228 117 2
4879 3133 2
277 1990 2
4768 4337 2
1876 311 2
605 2095 2
1643 2242 2
496 3452 2
1985 3694 2
411 2532 2
1874 452 2
941 2451 2
3777 3152 2
3893 4979 2
4885 4380 2
2060 1384 2
2915 4212 2
1214 1421 2
1400 823 2
4803 4834 2
4948 9 2
997 2773 2
68 3136 2
3484 3571 2
4073 2346 2
4832 2680 2
3312 267 2
1305 1244 2
553 42 2
4516 1531 2
2918 1580 2
286 2101 2
2630 1766 2
1675 3225 2
3298 2792 2
3787 1636 2
1087 1730 2
3522 1504 2
3117 429 2
2943 519 2
1328 2109 2
4108 4132 2
2459 239 2
3422 2779 2
2836 2741 2
2684 844 2
1923 1519 2
2617 4825 2
4336 611 2
4332 2053 2
2996 133 2
664 2019 2
475 2077 2
3165 9 2
2565 534 2
1471 2494 2
1168 27 2
2580 1531 2
1728 1693 2
1798 1343 2
2319 4310 2
3913 3837 2
140 1491 2
3424 3252 2
3510 429 2
4187 4864 2
2942 334 2
2747 1562 2
1991 2471 2
1465 1277 2
81 1896 2
4964 1072 2
86 4208 2
3687 2880 2
3354 2179 2
1152 2494 2
1066 3407 2
1620 1455 2
1342 2679 2
3045 4057 2
3088 392 2
1896 444 2
3503 3965 2
1728 786 2
2086 3268 2
933 4287 2
3389 4636 2
1348 3879 2
3350 4746 2
3083 2980 2
4807 3645 2
603 2550 2
4251 3175 2
3815 1156 2
3935 3758 2
2773 1962 2
4406 1055 2
4373 3078 2
4972 4897 2
2939 4358 2
1672 1404 2
334 2328 2
3629 444 2
1111 3835 2
594 4825 2
4268 3732 2
346 2615 2
151 2935 2
2282 874 2
958 2311 2
365 4812 2
2109 3916 2
161 4270 2
3207 3472 2
4673 1243 2
4986 4549 2
570 2483 2
2564 1985 2
108 3171 2
354 42 2
2381 269 2
1218 1470 2
4025 4559 2
983 3168 2
3374 3539 2
3044 4544 2
2037 229 2
4851 4861 2
464 944 2
853 1671 2
4214 1006 2
1061 2458 2
1833 964 2
597 1251 2
351 4129 2
4005 4190 2
2267 1209 2
4350 3919 2
1746 3129 2
762 1827 2
1429 372 2
2037 2381 2
4926 3667 2
1885 1913 2
1279 2095 2
2069 275 2
2558 1937 2
13 1294 2
141 1577 2
3835 4964 2
3046 4722 2
1519 2613 2
1412 3985 2
4225 2939 2
4453 2704 2
4750 93 2
748 3009 2
1321 498 2
2363 3164 2
4171 4277 2
2340 2454 2
2367 4131 2
1369 351 2
4265 4331 2
108 1225 2
317 209 2
4175 2327 2
195 2216 2
2270 384 2
3777 4484 2
2980 2636 2
3535 3114 2
860 4497 2
2001 4457 2
4272 3248 2
874 4478 2
2561 2220 2
3523 1386 2
3935 3866 2
733 4092 2
196 2260 2
2286 1892 2
2386 2343 2
4955 912 2
2157 4047 2
2787 4669 2
788 403 2
191 919 2
4843 2364 2
2233 2689 2
1158 3479 2
4419 1954 2
1549 3001 2
3543 4677 2
4912 207 2
231 2281 2
4316 2867 2
3376 4313 2
2835 2344 2
3437 1373 2
4269 2655 2
1251 3296 2
4731 2731 2
318 3090 2
365 1495 2
4047 2005 2
1946 168 2
4970 3284 2
4462 2477 2
3789 1717 2
2480 1475 2
4737 182 2
4964 905 2
2729 3445 2
4592 2253 2
3943 4236 2
4160 2823 2
3191 1991 2
195 4074 2
3504 4025 2
1369 3474 2
2307 841 2
133 249 2
2441 3329 2
597 3391 2
888 532 2
4230 4963 2
4942 4548 2
4353 3619 2
2368 1072 2
2246 4021 2
4990 4064 2
1468 1595 2
4468 3885 2
3948 2070 2
2842 4500 2
1034 1348 2
4553 2769 2
642 2479 2
3774 1002 2
4605 4204 2
2466 1165 2
1618 834 2
4480 3272 2
730 1070 2
3884 2008 2
4662 3626 2
4893 946 2
4988 1349 2
1334 1637 2
409 912 2
3635 1816 2
326 425 2
3594 2004 2
3356 1287 2
4208 1031 2
361 3318 2
3832 3554 2
738 2374 2
1625 427 2
659 619 2
2778 4715 2
4040 2041 2
4879 4386 2
3482 991 2
653 3724 2
4515 4816 2
3946 3155 2
1602 1565 2
1519 517 2
901 2451 2
3914 4468 2
4480 4554 2
1533 949 2
3855 3421 2
2007 4933 2
501 1002 2
1050 1837 2
4436 1112 2
3803 888 2
3862 4825 2
1241 2548 2
3099 4684 2
4609 2 2
2552 4916 2
1538 4713 2
936 2791 2
2182 2380 2
3450 3097 2
2124 4240 2
2613 2730 2
425 486 2
1636 826 2
685 3152 2
3663 2276 2
1067 1705 2
2366 3894 2
4783 3143 2
1141 3092 2
43 1879 2
2456 1271 2
4350 3975 2
4175 4943 2
1835 1496 2
3697 3076 2
579 4123 2
2212 868 2
3972 3844 2
1057 2215 2
2865 375 2
4067 2262 2
1022 4186 2
2592 1747 2
4853 431 2
2600 4477 2
2619 1309 2
536 2092 2
1269 1210 2
2472 2511 2
2760 4203 2
1561 381 2
2250 362 2
3643 2248 2
4449 134 2
3686 1916 2
3423 3790 2
4106 2820 2
3840 1194 2
1075 3747 2
779 1897 2
1367 1246 2
1698 4606 2
371 543 2
2209 4362 2
2292 374 2
3838 1112 2
4506 453 2
271 4014 2
3786 4206 2
367 2148 2
3931 3851 2
1268 2402 2
1825 391 2
3407 2825 2
1830 1468 2
3091 2812 2
4292 1350 2
2130 2311 2
1109 3521 2
2743 1855 2
2376 3929 2
784 1071 2
3362 2265 2
774 631 2
835 25 2
4346 3424 2
4514 4063 2
948 3381 2
274 2928 2
1557 852 2
2623 245 2
755 2333 2
2184 433 2
3116 4891 2
382 4418 2
3394 1539 2
834 3580 2
796 355 2
249 2299 2
4803 971 2
1553 532 2
3924 2029 2
2291 984 2
3299 702 2
2417 2538 2
2589 3616 2
2615 4575 2
1100 2511 2
520 2710 2
3455 150 2
3803 3528 2
3009 4533 2
1389 4713 2
1570 1797 2
2871 653 2
3762 2028 2
1528 3706 2
4372 3487 2
3632 92 2
948 2283 2
157 792 2
436 269 2
528 92 2
2614 573 2
2464 908 2
2426 4581 2
4486 1743 2
3322 3948 2
4776 3726 2
2215 2285 2
2643 252 2
2624 1871 2
1313 2424 2
4449 1883 2
861 2133 2
3729 1098 2
3636 4983 2
1444 73 2
3365 772 2
165 58 2
2359 124 2
2445 422 2
854 695 2
2126 627 2
3656 1758 2
2294 1423 2
1374 425 2
3080 1008 2
4367 3656 2
595 4325 2
2680 2521 2
4194 4872 2
3006 151 2
3765 517 2
451 4135 2
249 604 2
2708 4945 2
2163 4981 2
734 2624 2
2481 2185 2
3887 4881 2
2996 2087 2
3412 1115 2
1703 4592 2
3076 1095 2
3841 3167 2
4553 3625 2
3552 2984 2
3348 1649 2
1233 3705 2
1078 3615 2
2513 4554 2
2714 4016 2
1588 2264 2
450 2319 2
1282 2892 2
3178 1402 2
4338 1189 2
1894 4970 2
442 60 2
1324 4361 2
4754 1986 2
2700 4672 2
4525 2742 2
4445 120 2
4444 3574 2
2208 2513 2
226 2902 2
3934 4223 2
4331 2799 2
3344 1359 2
99 553 2
3096 4393 2
2096 1835 2
1076 3882 2
526 732 2
3237 3649 2
285 3201 2
60 2073 2
4303 4664 2
1144 2405 2
2930 2703 2
44 494 2
238 1934 2
4701 2695 2
3897 4974 2
887 4709 2
4126 3175 2
1212 11 2
443 3342 2
3797 4592 2
2015 61 2
4532 3874 2
3322 3123 2
1186 2490 2
1390 2943 2
3504 3314 2
793 507 2
2542 3340 2
1329 2302 2
3997 3807 2
1431 190 2
4416 4657 2
1062 3804 2
2698 3241 2
4378 2672 2
3041 3169 2
539 1509 2
1426 8 2
3780 3619 2
1000 3097 2
2344 973 2
3306 2738 2
4644 4282 2
3358 1913 2
1369 1423 2
1305 2811 2
19 1112 2
3588 4461 2
2941 4714 2
598 710 2
2796 4958 2
3501 2233 2
3747 3957 2
4041 1228 2
4391 1045 2
937 4785 2
1169 3692 2
4712 2804 2
1556 3293 2
291 2418 2
3060 1160 2
3266 2182 2
1961 4636 2
1767 1703 2
4533 3944 2
1126 3712 2
4926 2105 2
1778 3194 2
4463 1885 2
275 4705 2
1476 4274 2
3446 3147 2
3846 1361 2
2735 1254 2
798 3424 2
528 20 2
4140 3765 2
4735 4886 2
1007 3522 2
4235 1429 2
3019 288 2
2526 644 2
2335 2058 2
463 3300 2
1699 3788 2
4158 2368 2
3992 3737 2
3311 280 2
4784 260 2
340 2001 2
3470 2888 2
4859 1744 2
2921 1977 2
474 568 2
1139 3010 2
3142 3193 2
3834 4229 2
4039 4167 2
1557 128 2
3493 244 2
3109 2617 2
858 3037 2
4155 4775 2
3699 1919 2
1828 3898 2
4982 3830 2
2316 877 2
4896 3747 2
4597 2588 2
103 1511 2
2694 33 2
1315 15 2
4246 1430 2
3522 3697 2
1591 3677 2
1854 487 2
174 3697 2
3485 315 2
2244 3540 2
3071 3311 2
3044 4352 2
1402 1976 2
1646 2411 2
108 1491 2
3884 3974 2
3287 1893 2
4246 704 2
142 3 2
1755 4210 2
1417 805 2
4319 3291 2
4088 2204 2
3814 2884 2
4478 4471 2
4406 2221 2
4644 2823 2
257 4931 2
2445 4185 2
3351 3201 2
3362 4532 2
1885 2896 2
1504 2800 2
1363 4501 2
3612 4228 2
3162 861 2
4755 2471 2
2617 4953 2
2942 3862 2
3484 4067 2
3457 4490 2
2634 2394 2
2363 2381 2
1987 263 2
3325 742 2
98 688 2
1495 1200 2
1841 722 2
236 146 2
4435 2729 2
3010 2444 2
2148 3747 2
4099 1097 2
3369 92 2
2690 3957 2
3830 3375 2
3143 605 2
2309 2143 2
3921 1120 2
67 3709 2
1362 3267 2
804 2977 2
1347 2084 2
2668 3960 2
4390 2638 2
242 3789 2
2717 4295 2
4009 4696 2
3093 509 2
2691 2564 2
4836 2893 2
4374 2607 2
2712 1783 2
910 3370 2
1375 2586 2
414 2924 2
2376 3854 2
1276 3707 2
4065 2023 2
1831 2622 2
1521 564 2
471 1103 2
764 2172 2
1958 2999 2
2563 2707 2
1625 3220 2
830 4587 2
3920 4221 2
2505 1103 2
1203 4552 2
4081 295 2
4484 1996 2
1899 4898 2
1406 60 2
2545 2026 2
3269 1390 2
831 578 2
1706 3166 2
2309 4952 2
1032 1269 2
2428 1222 2
502 1114 2
3278 507 2
1739 2117 2
4148 3866 2
896 2150 2
685 4599 2
4898 4571 2
105 4916 2
1480 2016 2
4457 945 2
2145 3074 2
2197 1489 2
2497 4761 2
1175 4571 2
3375 4380 2
1715 4156 2
2294 4619 2
73 3456 2
920 2086 2
4506 895 2
1173 4264 2
4680 522 2
377 1165 2
3782 1115 2
1170 1125 2
1211 1432 2
2722 3937 2
2477 1582 2
2996 3944 2
2111 3475 2
2889 1141 2
3850 2655 2
1009 2216 2
4578 1863 2
218 395 2
378 2400 2
1997 341 2
2156 4038 2
3648 4597 2
4623 2841 2
971 4704 2
3706 817 2
2929 4812 2
11 1617 2
3026 4333 2
879 1736 2
2632 3957 2
2773 1095 2
4852 3750 2
76 1362 2
1316 332 2
538 2075 2
4387 858 2
1940 4988 2
4515 829 2
1110 1886 2
342 4604 2
2661 3969 2
1761 1387 2
707 6 2
1870 3390 2
2345 3243 2
2486 3910 2
1088 255 2
4789 3833 2
1636 2931 2
4693 3679 2
169 3719 2
4287 936 2
1639 2641 2
583 2959 2
2915 2991 2
4610 774 2
3483 1386 2
1170 647 2
1495 1225 2
2050 3515 2
4201 2913 2
3803 2855 2
635 2095 2
350 4687 2
3930 4917 2
2485 3756 2
3974 3284 2
4521 1235 2
3666 1976 2
4079 1464 2
3674 160 2
2501 2641 2
2696 854 2
4937 347 2
480 1112 2
4758 4864 2
962 2620 2
708 2858 2
2825 2141 2
723 3938 2
3238 4675 2
1150 4257 2
4731 2969 2
3220 1987 2
161 4115 2
2623 3164 2
2994 4260 2
589 1134 2
4687 735 2
1694 1219 2
700 3183 2
3290 2097 2
584 1943 2
1833 980 2
2147 1300 2
870 1844 2
2715 914 2
3687 1909 2
898 4013 2
4374 1438 2
752 3540 2
3959 4567 2
16 2921 2
4064 1062 2
4707 983 2
3991 2728 2
4776 791 2
3454 1702 2
3726 4045 2
160 3934 2
4411 3659 2
994 2908 2
1718 3212 2
3659 1544 2
3935 1548 2
283 2383 2
1276 3610 2
4096 658 2
1515 2338 2
175 2516 2
1839 3756 2
999 3416 2
64 4343 2
931 3831 2
143 910 2
4367 2177 2
4371 245 2
2638 531 2
2652 4526 2
2847 2150 2
3258 2750 2
3075 1244 2
1710 2353 2
18 833 2
3594 2216 2
3135 3968 2
3056 2541 2
561 542 2
2134 1473 2
2721 1808 2
2701 1363 2
2514 3768 2
3784 3302 2
2591 1155 2
4381 3919 2
125 382 2
4027 2925 2
1424 2425 2
1241 4289 2
971 1618 2
3830 458 2
3425 1203 2
2159 1821 2
68 3256 2
2510 4023 2
322 3861 2
2842 1455 2
3647 3122 2
3548 4332 2
615 2468 2
2545 809 2
1553 3989 2
1290 91 2
4091 3085 2
3552 1407 2
1204 3240 2
1839 414 2
1320 2920 2
3666 1400 2
821 728 2
3401 698 2
4891 4005 2
1989 1514 2
1044 4080 2
50 116 2
231 2761 2
924 1333 2
1405 4828 2
3004 3820 2
1059 1579 2
572 4172 2
429 2480 2
4788 4727 2
2556 2771 2
1998 2189 2
2222 3565 2
1700 376 2
631 2978 2
3964 4798 2
4704 694 2
1095 3103 2
2280 2760 2
4347 4317 2
1289 4216 2
2384 4967 2
1370 1283 2
4360 3584 2
1713 1355 2
1451 1136 2
4099 947 2
4774 3592 2
4736 139 2
3876 1600 2
3289 1741 2
2485 1493 2
3241 2724 2
2937 1178 2
856 2555 2
1908 4140 2
2415 4759 2
1927 4961 2
2043 4031 2
2969 194 2
2511 419 2
1471 1491 2
4931 668 2
2956 30 2
259 4868 2
2743 573 2
3566 1571 2
3068 4882 2
1400 2936 2
3527 4451 2
1370 4345 2
3777 1350 2
4302 1622 2
4616 2280 2
4308 1961 2
4952 4138 2
2845 4872 2
1312 1609 2
3518 3468 2
1659 4314 2
3319 4901 2
4668 516 2
4052 823 2
2976 3801 2
2003 2791 2
2439 4705 2
4432 2049 2
91 1472 2
848 760 2
4176 2440 2
4785 1339 2
4588 1568 2
730 2404 2
2815 4924 2
1845 4816 2
647 223 2
3623 4915 2
1163 661 2
1596 806 2
2037 1926 2
4481 2941 2
3684 301 2
612 3157 2
1896 817 2
441 2079 2
3938 3032 2
1598 1457 2
2517 4888 2
1662 4664 2
555 4629 2
3766 393 2
1270 1133 2
3672 4461 2
1006 2380 2
3301 1912 2
730 4007 2
1609 4504 2
2065 4201 2
4884 111 2
4897 2266 2
616 4579 2
1454 1289 2
2317 1519 2
761 702 2
2108 4912 2
3137 1066 2
1616 726 2
4787 3160 2
791 2082 2
4202 4316 2
4553 1812 2
2156 1557 2
2647 4989 2
185 2034 2
2956 3738 2
3929 1813 2
4436 1906 2
4851 1245 2
3890 4098 2
4230 2150 2
434 2587 2
3980 3659 2
3061 2955 2
2682 2964 2
1774 4585 2
3793 2159 2
1915 3742 2
2217 801 2
3059 4618 2
895 870 2
1169 1172 2
1127 1972 2
2706 250 2
4363 4569 2
3040 3448 2
499 3927 2
3986 4099 2
3940 1377 2
985 3364 2
1653 622 2
192 2383 2
1824 3274 2
4429 1813 2
3609 4940 2
3812 2509 2
310 3554 2
604 2060 2
2241 336 2
856 1728 2
1545 2187 2
1573 4728 2
1619 1047 2
65 870 2
3362 1306 2
2030 1868 2
4853 639 2
1391 52 2
4283 4108 2
1622 2973 2
4094 4666 2
3265 2090 2
3710 4959 2
506 897 2
1057 1066 2
4681 558 2
4874 1791 2
1068 691 2
1788 4305 2
599 703 2
4762 2993 2
3109 3554 2
3507 2378 2
4325 670 2
1817 4575 2
749 1342 2
3660 3398 2
3476 1668 2
3571 1107 2
2235 4673 2
407 10 2
3984 3443 2
4510 3520 2
2749 2011 2
1045 1199 2
4005 4896 2
652 3396 2
61 1950 2
1583 1365 2
1069 3725 2
4396 3234 2
1967 62 2
2198 2813 2
2131 1509 2
4306 1368 2
3174 2975 2
4910 723 2
1643 4438 2
1110 4833 2
2241 1649 2
3299 4876 2
4159 4533 2
2804 2126 2
1047 1691 2
3032 82 2
10 2269 2
4421 2567 2
1907 276 2
3937 3102 2
2273 4782 2
3377 4731 2
3132 2246 2
2189 2064 2
4202 1735 2
1157 2327 2
3994 1383 2
2460 3581 2
1508 3069 2
2271 4497 2
1882 4224 2
2255 725 2
526 586 2
2525 3696 2
1934 3788 2
1072 3067 2
4678 2309 2
3804 3150 2
1731 1 2
2289 3352 2
4220 3907 2
1788 1746 2
4399 1653 2
1355 136 2
371 2454 2
2156 1160 2
1114 3783 2
1406 831 2
1017 3047 2
2748 3696 2
3361 1530 2
1811 4343 2
2201 4623 2
4857 2615 2
2670 1484 2
1329 2759 2
2097 3349 2
2857 2367 2
4504 1332 2
4912 3350 2
2208 4021 2
2923 3964 2
2781 1175 2
4143 1232 2
3809 526 2
4450 2564 2
2152 1724 2
915 2807 2
3569 712 2
2161 4915 2
3201 4761 2
3995 2800 2
2041 4 2
964 1173 2
3331 22 2
1255 1065 2
2344 4629 2
1599 2575 2
4802 2902 2
4320 3034 2
118 741 2
1092 3007 2
3308 3611 2
924 1116 2
1639 1855 2
2065 1175 2
698 4974 2
3062 4144 2
1576 656 2
3832 3977 2
2268 3266 2
1671 2149 2
167 4464 2
3663 4051 2
1537 3552 2
4005 2770 2
3849 2971 2
186 2947 2
3717 4511 2
2606 2402 2
4399 3603 2
4258 3809 2
1854 333 2
3614 3343 2
2752 3761 2
1280 3584 2
2802 2288 2
628 2358 2
4566 3503 2
1167 142 2
2520 3522 2
4021 4002 2
1083 2242 2
4335 1001 2
2160 2325 2
4212 4285 2
3593 2628 2
3724 2455 2
403 2055 2
1237 3480 2
3030 548 2
2928 871 2
1780 3876 2
3053 918 2
1058 2803 2
4082 2785 2
3015 970 2
4441 435 2
21 3043 2
820 2971 2
2478 4574 2
6 4920 2
882 3511 2
1737 449 2
1672 1364 2
1543 1639 2
3856 2899 2
3805 1078 2
1127 1389 2
369 127 2
2777 4556 2
2560 3765 2
4480 4641 2
37 3537 2
4429 4388 2
963 1614 2
48 1263 2
3741 1302 2
4225 2315 2
236 2847 2
2936 2223 2
3157 4893 2
3230 1760 2
3481 416 2
3230 3203 2
1087 769 2
1715 2686 2
1631 3208 2
2230 460 2
1900 3288 2
2721 2260 2
2845 4357 2
3897 2493 2
3376 660 2
573 4337 2
2108 3932 2
3324 439 2
2716 1736 2
4197 3763 2
2852 4241 2
1127 1050 2
1328 138 2
1828 399 2
3141 1701 2
474 4590 2
2693 3845 2
4663 352 2
2225 2124 2
1745 4383 2
2286 4854 2
3258 2476 2
595 2240 2
1416 4473 2
2436 707 2
3810 409 2
787 1385 2
2485 4462 2
3943 2245 2
2724 505 2
1713 3944 2
150 3367 2
3325 3525 2
3461 3928 2
1131 3910 2
1629 4181 2
751 1171 2
2442 1179 2
2463 4610 2
2858 737 2
54 600 2
2705 783 2
374 1991 2
4737 358 2
150 2999 2
3737 2228 2
1643 898 2
4874 3350 2
347 2802 2
3056 2556 2
2431 3890 2
2699 3849 2
797 4856 2
4688 4918 2
864 1241 2
4307 3166 2
4134 3167 2
53 3818 2
3760 206 2
2834 2398 2
2926 1777 2
2430 3969 2
621 3979 2
1678 2572 2
4051 3400 2
1292 1832 2
593 1621 2
3964 2012 2
692 1434 2
4762 4928 2
4108 248 2
2629 3435 2
4911 2725 2
719 2637 2
3541 4553 2
256 1352 2
86 186 2
3212 1530 2
1745 2496 2
659 2716 2
1327 4520 2
3415 1083 2
3366 1989 2
4656 547 2
3501 3660 2
4139 1020 2
3321 4672 2
980 2380 2
4863 1046 2
2988 1406 2
665 2570 2
682 1696 2
1501 3026 2
1749 4447 2
1031 4915 2
400 3048 2
3251 4380 2
1410 1724 2
4599 3582 2
3487 1432 2
1954 61 2
2077 1254 2
3679 2545 2
2387 456 2
2940 917 2
562 2983 2
3015 791 2
155 1035 2
2083 4113 2
4110 900 2
534 3319 2
4926 2179 2
1808 923 2
629 980 2
2685 3495 2
3290 3565 2
3302 4329 2
124 1559 2
2929 3795 2
1802 2415 2
1400 57 2
3647 2156 2
2474 1745 2
1286 614 2
172 1602 2
1445 331 2
3201 4666 2
1002 1539 2
2609 157 2
63 2098 2
453 903 2
1646 4294 2
3846 2728 2
1232 2252 2
781 3804 2
2844 2848 2
2490 4328 2
3964 662 2
1616 1596 2
2757 686 2
4793 91 2
1522 2364 2
2594 4660 2
4003 669 2
4406 4069 2
3544 3396 2
3281 806 2
632 3118 2
3411 1850 2
965 71 2
2694 2873 2
178 1663 2
3232 3280 2
325 1133 2
405 232 2
2638 464 2
120 811 2
74 757 2
2225 4525 2
4092 418 2
900 4884 2
1855 4840 2
4834 2441 2
2042 2067 2
1229 3699 2
1499 465 2
1436 1320 2
821 1969 2
2420 1413 2
165 588 2
1474 4755 2
2148 3722 2
4500 2138 2
3698 4878 2
2831 4286 2
80 1580 2
4001 3798 2
4105 399 2
1051 4577 2
2400 1524 2
2880 3886 2
4520 1823 2
1374 4261 2
4755 4299 2
1239 12 2
2167 3137 2
1788 1237 2
1916 1428 2
1695 459 2
2694 3830 2
1624 4460 2
2498 3804 2
156 602 2
4524 3009 2
1821 3199 2
79 4806 2
2750 4381 2
1774 1939 2
1912 4202 2
2460 404 2
3687 1390 2
3546 4337 2
1242 65 2
3051 4008 2
2554 1172 2
4034 367 2
1450 2268 2
2891 2116 2
907 4928 2
757 2714 2
4990 3062 2
3845 2928 2
2567 3892 2
3351 3786 2
4809 3560 2
1545 1067 2
1046 408 2
4826 4393 2
1253 1904 2
4790 856 2
60 340 2
1959 2334 2
1220 2389 2
668 3020 2
12 3976 2
1127 1032 2
4215 2248 2
3142 530 2
2492 4955 2
1079 2767 2
2817 1116 2
50 1174 2
401 774 2
4315 1169 2
3230 290 2
1220 1541 2
1534 4500 2
149 1721 2
2750 1353 2
2736 1389 2
140 1095 2
1449 1165 2
1657 1384 2
2632 1907 2
2352 2650 2
1168 3956 2
2781 3554 2
4199 821 2
2632 1199 2
3017 4160 2
4036 1158 2
1653 2326 2
4891 23 2
4941 2983 2
2670 605 2
1684 1743 2
3952 1835 2
4075 4881 2
2685 4391 2
1136 4437 2
791 3596 2
335 3390 2
949 1283 2
4436 1326 2
4424 2701 2
1157 4716 2
1339 963 2
1762 2744 2
2958 2043 2
3000 4219 2
3935 1270 2
70 4026 2
2716 1746 2
1240 4713 2
3259 187 2
915 371 2
2578 895 2
2957 3878 2
2560 2764 2
2497 2646 2
3836 978 2
2113 1320 2
2968 3042 2
3226 2620 2
238 3410 2
1815 3570 2
3837 3489 2
1357 704 2
4441 4694 2
4195 2935 2
2731 1909 2
605 142 2
454 1099 2
2349 2446 2
1296 1928 2
1196 2908 2
4154 3952 2
2672 4354 2
3757 2607 2
3822 3455 2
4093 3645 2
2178 4784 2
1840 3655 2
3615 1998 2
3783 2213 2
4431 4048 2
2856 386 2
3241 4720 2
4172 1886 2
4400 2105 2
729 3438 2
914 123 2
2915 2864 2
3363 1701 2
1492 4944 2
2362 722 2
3031 3774 2
54 4467 2
1003 152 2
3094 2478 2
1641 4070 2
2222 3523 2
1212 1272 2
3716 1949 2
427 511 2
911 2560 2
2022 4533 2
4906 2940 2
3619 4277 2
4439 60 2
4107 4243 2
2649 4922 2
1946 958 2
16 158 2
4023 2314 2
52 521 2
1295 972 2
517 4836 2
3294 1192 2
2182 4775 2
279 875 2
1977 1401 2
404 2139 2
3804 1412 2
4400 2123 2
1042 72 2
1958 3395 2
4835 2981 2
3044 50 2
4584 2676 2
3204 2565 2
3651 3316 2
4992 3916 2
3211 2239 2
944 3277 2
3430 3456 2
2005 1196 2
1344 4531 2
2366 4074 2
4358 2407 2
2965 4705 2
3937 411 2
4653 2768 2
1594 2424 2
2394 979 2
2596 1 2
33 4611 2
1689 3227 2
1153 4307 2
4159 3003 2
116 4169 2
1459 2727 2
4726 1176 2
3459 1605 2
1298 1554 2
556 592 2
273 822 2
768 2286 2
3644 3441 2
3332 1006 2
1191 3785 2
3468 4866 2
1895 578 2
2905 2533 2
808 3637 2
577 2262 2
77 3448 2
4730 752 2
4974 4333 2
1950 4512 2
134 1418 2
3076 4969 2
1457 2639 2
3613 4596 2
1389 4872 2
4795 228 2
2517 1442 2
3275 1294 2
4510 1855 2
699 556 2
3486 3818 2
1204 3462 2
3912 4589 2
4606 4067 2
3372 566 2
4832 1785 2
29 2685 2
3752 4479 2
953 3464 2
4540 3577 2
910 4521 2
3080 1121 2
2071 1312 2
4721 2146 2
2067 222 2
701 1239 2
2658 4222 2
2305 4360 2
3290 3494 2
2179 2947 2
2738 4586 2
987 1680 2
2288 2425 2
1759 526 2
3402 3532 2
4885 1582 2
3782 1461 2
3334 4422 2
3287 8 2
3263 4849 2
4341 3823 2
2853 1507 2
4764 3948 2
4245 1989 2
224 4325 2
3434 2844 2
2880 2103 2
251 3240 2
1940 4214 2
1236 4554 2
1692 4593 2
455 515 2
4571 3126 2
1289 4999 2
3508 1111 2
2545 1829 2
368 1985 2
3483 444 2
1819 519 2
4250 2938 2
568 1826 2
2360 4007 2
1006 1855 2
3701 2387 2
4035 727 2
3222 1795 2
3839 4339 2
1587 2709 2
1262 910 2
3587 2862 2
1033 3344 2
4484 2008 2
2221 3886 2
4023 2869 2
138 2058 2
135 4825 2
1800 2191 2
4610 3586 2
1092 4757 2
953 3739 2
3906 1181 2
4287 4211 2
3255 55 2
2721 4534 2
1227 2155 2
571 695 2
2694 4408 2
4143 4455 2
857 3465 2
1032 1431 2
2809 3314 2
4388 4687 2
662 4458 2
3008 425 2
2891 2929 2
1291 252 2
621 4684 2
685 4624 2
1950 4467 2
2702 2279 2
1315 2171 2
1666 2501 2
3226 4703 2
1956 3897 2
1603 1588 2
3790 555 2
3779 531 2
4048 3541 2
2249 1503 2
4128 1469 2
2931 4055 2
3955 2131 2
240 678 2
3326 3612 2
3114 1199 2
235 1593 2
768 3700 2
2841 2444 2
4379 1084 2
1434 2412 2
3359 3373 2
3721 4228 2
4610 584 2
4757 1524 2
1708 2194 2
4280 1841 2
661 2008 2
3381 2812 2
1192 692 2
4439 4246 2
3468 4421 2
1746 2430 2
2506 4135 2
1157 3038 2
3188 3717 2
2647 4415 2
983 334 2
4703 265 2
1485 4189 2
4715 494 2
4891 3995 2
3222 2603 2
251 2887 2
4646 1755 2
723 626 2
743 3328 2
1187 3411 2
4834 3628 2
2102 3194 2
4606 2512 2
2418 1344 2
3703 1764 2
1439 3801 2
3412 2440 2
864 3902 2
809 1625 2
3259 3424 2
3256 2834 2
1545 1603 2
877 2435 2
60 1013 2
64 2067 2
2668 3998 2
1778 3382 2
4914 242 2
44 3048 2
991 2433 2
258 2521 2
3607 4735 2
2513 1506 2
2505 2046 2
3070 3774 2
1225 429 2
4946 2721 2
2841 2044 2
2557 3889 2
4650 1277 2
1664 3136 2
1323 3137 2
2847 1059 2
703 2289 2
4715 4340 2
22 771 2
1506 407 2
185 1789 2
1882 783 2
3811 327 2
3068 1198 2
2726 3561 2
1634 2236 2
1760 67 2
4394 1911 2
1615 329 2
3149 3482 2
1836 4854 2
1589 1374 2
460 2681 2
2268 1813 2
4112 1543 2
3277 993 2
3806 2345 2
2350 4491 2
2729 3322 2
3613 1441 2
2406 4508 2
4307 555 2
3795 909 2
1555 3905 2
1352 1273 2
4326 2304 2
3304 4079 2
4137 3776 2
445 892 2
652 2545 2
3839 4328 2
112 3620 2
99 1453 2
1242 4151 2
670 4971 2
172 3044 2
1469 3568 2
3047 4655 2
3410 1673 2
4361 1304 2
17 250 2
1770 4309 2
965 445 2
4853 3380 2
3379 2505 2
3458 2786 2
2870 4704 2
47 4144 2
3208 4831 2
4640 3465 2
651 909 2
799 4936 2
2029 3450 2
50 1773 2
2623 2186 2
1663 4111 2
2524 3152 2
768 1353 2
377 4193 2
1988 4029 2
2976 27 2
2821 4675 2
2411 3612 2
1033 2236 2
897 4814 2
3686 3059 2
2422 4235 2
4299 3989 2
693 71 2
61 2780 2
940 4789 2
4752 3519 2
2753 1675 2
396 4188 2
1839 80 2
1450 728 2
981 3187 2
2179 2037 2
3866 1208 2
1081 2448 2
1252 3255 2
3000 4003 2
740 2597 2
4277 4843 2
1829 3050 2
749 236 2
1798 257 2
1529 4135 2
1212 573 2
397 3787 2
1034 4088 2
1448 1855 2
3904 1427 2
4804 4028 2
4201 1918 2
2578 3609 2
1011 4532 2
2733 1132 2
3762 3986 2
2455 101 2
2297 2144 2
643 3096 2
3391 2699 2
79 3999 2
2485 2033 2
3776 653 2
1550 787 2
785 4649 2
3748 1955 2
4398 3322 2
4590 257 2
3781 645 2
860 3595 2
3829 3880 2
4826 2331 2
4444 376 2
590 4062 2
1097 1972 2
3336 2853 2
827 3245 2
4843 3518 2
3528 279 2
2480 1036 2
3561 313 2
3340 1145 2
1919 1994 2
3936 2357 2
4159 908 2
4929 4718 2
4209 594 2
2481 134 2
1506 1195 2
2992 1825 2
1795 454 2
3349 4221 2
3617 3910 2
4956 4233 2
4551 205 2
1710 3730 2
2391 553 2
2251 1458 2
3834 192 2
521 4073 2
3124 2974 2
1998 1493 2
3591 4266 2
182 4441 2
668 777 2
1037 3097 2
4172 3009 2
513 1265 2
3299 4584 2
4099 61 2
3959 3099 2
1097 4485 2
4840 2989 2
4524 164 2
3651 4203 2
1112 2289 2
3412 215 2
4122 1768 2
4628 4622 2
2435 1984 2
4098 418 2
4387 3421 2
603 1756 2
959 4034 2
3596 4715 2
3469 1403 2
3465 4859 2
4186 3322 2
2995 120 2
15 1643 2
852 2101 2
4026 1930 2
2853 882 2
2745 1108 2
4644 4888 2
840 1430 2
852 2713 2
2140 3032 2
4359 2515 2
1924 775 2
2898 4617 2
3641 1542 2
1352 4485 2
4924 2073 2
3533 4193 2
311 34 2
3909 198 2
1853 2791 2
4439 481 2
908 1201 2
3344 4038 2
680 1761 2
3677 1030 2
1562 1899 2
3936 290 2
1482 478 2
82 3440 2
3975 67 2
4699 1985 2
4310 666 2
1853 4921 2
2325 252 2
3828 1371 2
154 2103 2
3133 381 2
3 462 2
4815 1296 2
3919 24 2
4823 2964 2
2729 4114 2
172 841 2
3250 4113 2
4871 1117 2
1557 1051 2
4300 1531 2
2881 2953 2
4860 2006 2
3041 1720 2
2574 521 2
3247 523 2
2125 248 2
3545 922 2
2531 112 2
4896 317 2
201 326 2
2332 53 2
1493 2274 2
762 4819 2
3785 3406 2
2431 3427 2
878 715 2
1622 4662 2
2277 4856 2
3470 2978 2
4498 4184 2
187 3288 2
4081 3072 2
863 3810 2
2193 4053 2
93 4275 2
4130 2463 2
728 152 2
2364 1618 2
967 4417 2
4526 2544 2
369 1889 2
1106 4975 2
2637 550 2
2773 255 2
3178 1643 2
397 1748 2
1066 1282 2
1059 491 2
4238 4147 2
4291 4257 2
3834 659 2
1164 3447 2
2814 1644 2
4167 1259 2
2682 2315 2
556 3401 2
3784 372 2
2980 1078 2
383 2293 2
4468 2073 2
2322 1279 2
3016 3517 2
4367 2391 2
1684 2941 2
2759 4392 2
705 3807 2
2768 3035 2
272 2896 2
3842 706 2
2086 3143 2
1671 134 2
516 199 2
391 4243 2
2408 4912 2
4061 3039 2
448 4566 2
3834 2597 2
4495 3474 2
1766 3670 2
1440 757 2
4110 4778 2
847 1847 2
1010 546 2
1002 938 2
747 3111 2
3472 350 2
3601 905 2
1907 764 2
3396 1828 2
1197 1988 2
1198 2515 2
4097 2347 2
2652 2141 2
3068 3413 2
4850 2821 2
261 2723 2
4318 3392 2
2727 644 2
4780 2188 2
3301 1611 2
4432 2522 2
294 3168 2
147 4962 2
3122 922 2
82 3576 2
3726 341 2
3003 2944 2
65 2868 2
1605 309 2
1084 2180 2
3423 4057 2
1945 2417 2
4536 3069 2
2496 532 2
2743 430 2
4425 1648 2
4524 4898 2
1723 3089 2
1752 1377 2
341 1706 2
1439 1753 2
2058 4373 2
1982 3892 2
2651 4721 2
347 2143 2
3230 461 2
1922 4640 2
1944 2487 2
4781 4306 2
3065 4695 2
1714 3084 2
2468 1529 2
886 4190 2
4177 1768 2
1633 2579 2
4313 924 2
1655 2857 2
4885 393 2
3810 3773 2
2292 3928 2
4141 1524 2
1967 2965 2
3893 744 2
2214 1354 2
338 4536 2
2118 4669 2
3570 867 2
1113 3167 2
664 1893 2
4723 4417 2
2561 2472 2
1720 3398 2
3926 434 2
1948 1388 2
4815 1920 2
2193 1399 2
1172 3830 2
809 4850 2
3264 4945 2
1788 3820 2
3812 1363 2
370 4704 2
2540 2565 2
4255 3697 2
3627 929 2
4141 1392 2
857 2433 2
3427 167 2
2272 4619 2
1618 1534 2
3162 4774 2
2486 92 2
2992 2882 2
2912 2683 2
4808 4283 2
3830 1088 2
1069 1012 2
165 2583 2
4874 2177 2
62 3113 2
3319 2622 2
1385 4221 2
1380 3526 2
4125 2466 2
703 3469 2
3994 1144 2
2610 1194 2
731 4685 2
993 4391 2
2539 3672 2
4322 1774 2
3254 768 2
1805 1026 2
3504 3960 2
2721 198 2
4885 4363 2
3518 3328 2
3733 2064 2
662 1744 2
3594 3751 2
4359 1566 2
3430 4945 2
4507 2724 2
4002 4355 2
4304 4224 2
4556 4352 2
4992 1852 2
656 4052 2
4324 1076 2
1213 4183 2
4507 2838 2
3523 4755 2
1115 2372 2
994 1620 2
2899 1922 2
4763 4053 2
269 1438 2
1227 3600 2
4952 2320 2
272 1276 2
614 3737 2
4731 1541 2
4136 36 2
3349 1609 2
3538 2339 2
1284 721 2
1456 4853 2
45 3178 2
1679 3722 2
192 977 2
3313 2965 2
1611 4720 2
2296 3092 2
3508 927 2
4039 4236 2
1480 2502 2
1473 3406 2
3703 4171 2
2315 1478 2
2844 3247 2
3373 4133 2
3703 229 2
939 4761 2
3304 369 2
1501 4806 2
2765 2347 2
3784 1066 2
1168 1152 2
4900 1721 2
3024 375 2
2897 885 2
3482 2610 2
1278 3531 2
3227 1374 2
3434 4780 2
695 1705 2
2768 753 2
3237 661 2
260 3717 2
4388 1607 2
4401 2872 2
3345 2970 2
1930 4474 2
3082 1851 2
3318 2927 2
4075 4417 2
3266 4208 2
602 2262 2
3574 271 2
3933 2109 2
1036 3228 2
1907 529 2
4058 728 2
2573 1763 2
304 4031 2
1766 2106 2
4310 4296 2
4772 1923 2
80 3733 2
4513 792 2
133 539 2
2427 235 2
3289 4818 2
3440 3224 2
1797 2728 2
53 1874 2
463 4162 2
4159 3341 2
2379 1907 2
4665 3468 2
570 3829 2
4915 1442 2
243 4255 2
4924 1633 2
4162 4556 2
172 4466 2
1704 2288 2
2641 2471 2
2188 1149 2
2787 2534 2
649 1028 2
2437 2727 2
646 3475 2
1903 495 2
2898 4950 2
3762 1937 2
1540 2768 2
542 1783 2
3708 2706 2
1177 2008 2
2253 1902 2
3116 809 2
2294 1040 2
33 27 2
2959 534 2
812 1415 2
218 2685 2
4936 3207 2
4918 4401 2
4272 600 2
2079 1959 2
2281 4831 2
2477 1790 2
4874 1310 2
3020 4569 2
3752 2883 2
4152 3207 2
1021 3467 2
4552 3100 2
3608 45 2
3515 4099 2
862 3016 2
744 264 2
3238 1021 2
1119 714 2
3080 3286 2
4517 2550 2
4274 4169 2
1509 4422 2
4981 3906 2
3034 3332 2
1397 2815 2
1728 4363 2
3532 3648 2
2438 1513 2
262 3432 2
665 2469 2
1275 4293 2
545 555 2
231 3722 2
1405 2934 2
1279 2761 2
3762 4753 2
4872 2518 2
3404 2262 2
2375 4485 2
1760 2447 2
4030 3067 2
2777 726 2
2982 4029 2
2994 97 2
1715 3954 2
315 2581 2
1785 2477 2
1692 1867 2
1759 901 2
4949 2943 2
1377 4805 2
2067 2821 2
1997 2633 2
737 2681 2
4622 1985 2
2522 281 2
4019 3699 2
2470 3314 2
2678 4439 2
2964 4334 2
1873 690 2
444 2838 2
678 2505 2
4696 4868 2
1576 2359 2
4145 4509 2
428 1396 2
59 3090 2
904 4889 2
4715 3274 2
1669 1995 2
21 4182 2
864 3324 2
1263 3658 2
3178 1350 2
3090 901 2
132 4005 2
2051 4948 2
1021 1673 2
4226 2427 2
1242 1704 2
1763 4493 2
510 446 2
4313 1336 2
3844 1023 2
4356 4195 2
4676 1528 2
1253 404 2
939 4495 2
2643 3144 2
2382 623 2
4945 552 2
4362 1606 2
4407 3122 2
4527 1300 2
4730 2403 2
3253 4569 2
1260 1362 2
1640 3044 2
313 4830 2
1872 4185 2
3581 3226 2
3235 3785 2
2303 13 2
3318 2077 2
3982 3297 2
4984 1165 2
2777 4646 2
248 4794 2
2529 695 2
285 3740 2
2586 4435 2
2351 393 2
4314 2289 2
914 4580 2
419 2056 2
2920 3611 2
4295 241 2
4877 278 2
4861 3491 2
201 1101 2
4825 2048 2
3492 4646 2
2061 2362 2
1095 4360 2
2911 1066 2
296 2612 2
816 2751 2
1371 3092 2
1842 4425 2
3685 2213 2
2555 4472 2
349 1524 2
3132 3468 2
4494 4875 2
3196 3908 2
2033 468 2
1065 1706 2
4883 4308 2
2489 1712 2
3277 704 2
845 4090 2
1528 3689 2
4625 3778 2
1796 1395 2
3188 3941 2
3340 4224 2
454 2590 2
2153 3882 2
1910 1091 2
2561 1673 2
723 3380 2
2648 1031 2
1876 4233 2
1238 716 2
1683 2122 2
4486 1834 2
3659 215 2
3679 2225 2
2624 507 2
745 4056 2
4698 2331 2
892 1107 2
3306 1737 2
4122 4328 2
2245 790 2
3783 1080 2
1780 4294 2
2941 4545 2
4605 3016 2
4413 1286 2
4822 2149 2
4858 76 2
3564 4915 2
4106 995 2
4926 2055 2
2044 3711 2
1613 2627 2
4915 3008 2
1084 3696 2
430 966 2
4258 3526 2
56 507 2
3223 3632 2
3318 571 2
853 1999 2
2598 1256 2
4756 2866 2
2891 4431 2
2517 3068 2
4579 3455 2
3495 3573 2
1628 1426 2
2195 1695 2
4712 2858 2
2724 3914 2
368 3247 2
3362 394 2
3184 3706 2
258 3298 2
3818 3900 2
3972 3895 2
3818 1208 2
3363 3494 2
2168 911 2
1583 3068 2
4625 2375 2
4176 3329 2
857 1866 2
2380 2192 2
4312 338 2
1921 1990 2
274 3657 2
465 295 2
3140 313 2
1796 412 2
3229 1409 2
1009 671 2
3312 1045 2
4780 3651 2
2109 3103 2
146 4491 2
3189 1986 2
4641 4884 2
226 3219 2
4948 2362 2
3128 4647 2
4269 3653 2
2847 4502 2
459 2507 2
480 896 2
1386 1830 2
4634 2379 2
1270 4254 2
314 2771 2
2412 235 2
4268 744 2
762 4514 2
330 3367 2
2433 1070 2
1537 3957 2
4670 830 2
1000 1321 2
2384 1103 2
2766 3220 2
1815 4378 2
4234 1028 2
495 4974 2
216 4635 2
4436 2890 2
2533 1331 2
1584 4855 2
3303 3321 2
4464 1036 2
4212 1790 2
4119 2800 2
1365 2360 2
3867 412 2
205 103 2
337 1028 2
918 2267 2
1968 604 2
1623 201 2
3078 1269 2
1167 4389 2
1588 1570 2
996 236 2
3105 2506 2
3162 2636 2
4119 277 2
4587 1878 2
905 3761 2
2557 3841 2
2990 3586 2
774 4685 2
4110 2224 2
209 2651 2
2129 3029 2
563 2806 2
1371 159 2
4808 4858 2
3985 4806 2
4331 3900 2
1585 2566 2
4096 4064 2
3839 3958 2
2107 3987 2
1386 4223 2
2998 3553 2
2321 2701 2
1615 2710 2
3859 1161 2
2189 4160 2
2543 3064 2
3307 4161 2
2093 2508 2
4430 32 2
799 1071 2
4485 1667 2
3243 2357 2
357 349 2
4702 1423 2
2131 4470 2
1674 3582 2
4557 4959 2
1268 673 2
2091 844 2
3564 2873 2
2817 745 2
3033 1403 2
1180 2209 2
2773 4316 2
3386 4606 2
4413 1778 2
2322 885 2
2294 76 2
4628 279 2
4360 3939 2
4927 646 2
3732 1128 2
3117 634 2
624 2566 2
1083 2038 2
964 1882 2
1462 3809 2
1686 2093 2
2124 4219 2
2510 1192 2
2171 1777 2
3058 2315 2
2278 3565 2
4048 4176 2
2963 1708 2
4544 2972 2
2730 1391 2
3207 628 2
3929 2997 2
2726 3194 2
497 4045 2
1702 542 2
3889 369 2
879 4476 2
4911 4429 2
844 25 2
3401 2428 2
839 1874 2
2577 2014 2
4401 1275 2
4461 1536 2
2043 1733 2
2089 2719 2
2741 3850 2
260 1452 2
1574 3390 2
4949 2484 2
114 1502 2
2587 4306 2
4358 2588 2
4103 1829 2
2501 793 2
462 4522 2
4684 1125 2
3570 621 2
787 1910 2
943 3239 2
280 4302 2
2825 1342 2
2647 3435 2
2697 2573 2
3452 4542 2
3310 4995 2
2371 2844 2
4314 3440 2
3595 4939 2
474 1127 2
614 2737 2
2137 296 2
517 2924 2
3500 863 2
994 4368 2
1006 4329 2
4752 88 2
4337 2302 2
2602 2236 2
462 2153 2
779 881 2
3986 2599 2
2059 4208 2
4604 3606 2
4875 1293 2
1681 843 2
2112 2919 2
4831 3459 2
4363 2714 2
1367 1230 2
2055 3192 2
1233 1663 2
1428 4704 2
4534 3631 2
1531 515 2
3321 4632 2
309 1025 2
4635 472 2
1035 1701 2
4119 3906 2
15 1202 2
1555 2841 2
188 3986 2
2822 880 2
2721 2076 2
2253 4992 2
2736 3362 2
2134 99 2
3358 4777 2
499 1611 2
3123 1826 2
3172 3267 2
308 3663 2
1268 365 2
3307 2334 2
730 2087 2
1236 4045 2
1582 2624 2
246 2787 2
2365 3414 2
1560 715 2
118 306 2
1366 2381 2
669 963 2
4650 3660 2
3784 2053 2
4093 966 2
4464 2693 2
4259 4296 2
4806 3921 2
3355 2651 2
3199 2627 2
4022 2746 2
2185 423 2
3008 3733 2
3584 363 2
4540 4342 2
1749 3141 2
2043 2650 2
170 1280 2
3592 3431 2
1410 4644 2
4251 2695 2
3989 965 2
1449 4144 2
2954 412 2
4642 708 2
7 2724 2
2731 2145 2
897 3520 2
3132 4593 2
2156 1950 2
2879 3843 2
2998 601 2
3962 2338 2
505 4495 2
3682 4700 2
4427 4508 2
3304 2727 2
970 2710 2
1691 653 2
1833 186 2
412 3835 2
3884 448 2
4171 2937 2
2004 2614 2
4553 1794 2
905 2992 2
2186 209 2
813 2558 2
1281 1977 2
562 2874 2
4137 514 2
959 3346 2
3053 861 2
2765 3175 2
3694 661 2
3862 3217 2
2721 1516 2
4759 1605 2
3618 4369 2
47 2858 2
4102 4577 2
1042 1283 2
3284 193 2
4338 1064 2
3696 877 2
1599 3711 2
2441 3075 2
2280 2189 2
2665 4538 2
1174 4243 2
2664 4123 2
1949 2725 2
2847 768 2
479 2925 2
3544 2761 2
4851 2760 2
4894 2921 2
4212 3676 2
749 2681 2
1537 3970 2
3882 1124 2
2803 3661 2
3813 3164 2
3024 1692 2
3380 3718 2
2095 586 2
3705 3791 2
3677 4624 2
2274 1611 2
2349 2521 2
2189 3265 2
1523 3892 2
4781 3574 2
383 1451 2
4486 4087 2
2783 588 2
3093 626 2
1895 4940 2
80 4108 2
3243 588 2
1984 4823 2
685 3679 2
4376 2618 2
4257 2278 2
4304 3810 2
2520 2684 2
2189 4533 2
471 2817 2
3918 1368 2
1544 2139 2
4893 2181 2
4163 4978 2
2503 2645 2
1220 4334 2
2063 2558 2
3697 4802 2
4629 3178 2
6 3272 2
559 226 2
4699 1844 2
2131 1826 2
3228 4668 2
4223 183 2
3623 2237 2
3206 683 2
1083 1930 2
4084 2692 2
1453 4610 2
2997 775 2
431 4954 2
2731 4371 2
1521 1016 2
4160 3897 2
2897 4445 2
792 3153 2
1536 472 2
3906 4260 2
4325 2821 2
3785 3885 2
2006 336 2
2079 1027 2
1866 729 2
4564 3145 2
258 492 2
2819 3815 2
3073 69 2
316 950 2
282 1503 2
3647 1276 2
4300 311 2
613 36 2
2877 2351 2
2309 3741 2
1397 3246 2
267 4305 2
4911 3677 2
143 63 2
1096 572 2
780 3017 2
951 2894 2
356 4736 2
3325 2731 2
4070 499 2
1615 3620 2
3178 502 2
4163 2027 2
3994 529 2
4181 1486 2
2749 3465 2
1547 1882 2
3477 1919 2
1994 4099 2
1587 3457 2
4563 1607 2
1697 3167 2
3017 4913 2
406 2111 2
2995 1737 2
36 4120 2
1010 2320 2
3267 2191 2
4711 405 2
227 3428 2
3373 1899 2
4585 1022 2
193 1441 2
960 2737 2
4581 2819 2
4172 1741 2
1844 2498 2
4319 2827 2
4316 104 2
1013 1295 2
1692 1712 2
2387 3655 2
2072 2590 2
237 4706 2
2147 2398 2
1364 794 2
973 264 2
1632 3586 2
905 1257 2
415 486 2
1136 226 2
1104 4921 2
2233 777 2
494 1812 2
977 4416 2
2787 2463 2
4196 253 2
4253 4029 2
1745 14 2
3935 3107 2
1747 2608 2
3670 2476 2
3645 1108 2
3992 991 2
1581 1563 2
439 2093 2
2463 294 2
4479 4116 2
1414 3133 2
1366 2120 2
463 2545 2
175 2620 2
3529 4174 2
3328 4120 2
2596 9 2
2119 2145 2
1275 3251 2
1556 2099 2
2375 2986 2
4300 3633 2
1119 2664 2
841 610 2
3238 2615 2
284 4401 2
3216 2779 2
526 4515 2
4848 3963 2
466 1575 2
2094 1722 2
2896 3941 2
3626 3729 2
1375 1855 2
774 157 2
4835 4942 2
4796 316 2
3409 2334 2
3330 2174 2
425 2061 2
4228 222 2
3400 763 2
3687 1589 2
947 1924 2
1383 1624 2
945 1312 2
2336 2606 2
415 373 2
3720 4550 2
964 2158 2
2652 4366 2
4845 1106 2
1241 3946 2
3655 711 2
109 2454 2
2855 3060 2
737 1361 2
3785 2607 2
2606 2629 2
4000 3688 2
2100 4848 2
3926 3021 2
4247 3228 2
2870 4586 2
4831 3411 2
2426 4000 2
797 4698 2
2362 1539 2
1356 1458 2
296 301 2
3359 139 2
386 3941 2
1458 1278 2
2720 515 2
4629 3425 2
1388 3751 2
4949 2186 2
48 3873 2
1223 4753 2
1604 1688 2
4251 809 2
4814 2960 2
2389 1330 2
2674 4008 2
2088 403 2
4516 4369 2
4467 2127 2
1128 1952 2
1465 2088 2
4597 447 2
4448 2417 2
208 4531 2
4427 229 2
2327 2050 2
3379 1502 2
4242 1348 2
267 1855 2
4085 2465 2
1784 298 2
1359 379 2
3858 1427 2
505 858 2
3607 2285 2
4596 1323 2
2899 1668 2
4489 3273 2
1878 612 2
377 183 2
4634 1931 2
1273 4565 2
627 2302 2
4535 3991 2
1231 118 2
2659 1611 2
4034 3469 2
2433 401 2
2568 2804 2
1523 1624 2
586 2182 2
2488 154 2
2093 4669 2
4222 662 2
4103 975 2
2949 3878 2
3404 67 2
4196 2885 2
113 4221 2
3370 165 2
2892 1053 2
2781 1744 2
374 1869 2
294 2301 2
1369 4772 2
2151 875 2
1600 724 2
1146 646 2
2667 1976 2
3575 4179 2
1330 680 2
4022 2761 2
899 1093 2
3347 2311 2
835 3787 2
3794 1436 2
3444 1001 2
214 2389 2
2996 31 2
3799 4707 2
2113 2907 2
168 3292 2
2064 1343 2
2783 3036 2
4593 4008 2
393 1338 2
2243 2051 2
4100 2340 2
4148 1361 2
851 1768 2
1485 3438 2
2821 684 2
1302 1464 2
4477 24 2
4312 2781 2
3309 4077 2
778 3970 2
1444 3807 2
414 2485 2
3870 3740 2
2862 233 2
1501 4348 2
2467 2794 2
2657 2641 2
3756 4867 2
879 1988 2
3007 4602 2
1257 4228 2
3241 3934 2
368 1802 2
3857 4324 2
3526 1213 2
1078 3417 2
450 5 2
511 1498 2
4974 4349 2
1663 1463 2
4986 2007 2
4167 4947 2
2612 2105 2
1342 1412 2
644 198 2
1020 41 2
3497 2013 2
3622 1300 2
1610 3883 2
3436 100 2
4919 3805 2
4528 2357 2
1964 2919 2
1817 3363 2
2631 4701 2
4304 649 2
4372 1906 2
2104 2514 2
757 2877 2
4591 394 2
518 188 2
386 3377 2
2691 6 2
424 3291 2
3207 3979 2
56 2207 2
676 3048 2
3142 1048 2
19 867 2
78 159 2
2508 2705 2
915 894 2
2468 1854 2
4994 4797 2
1910 4416 2
3917 584 2
497 3758 2
2457 1125 2
2415 4892 2
2601 3872 2
137 4957 2
980 736 2
4017 2565 2
1862 4564 2
1639 4104 2
1182 175 2
799 4197 2
3919 2580 2
354 148 2
3891 1078 2
3307 2384 2
4591 1426 2
2857 2603 2
4712 1756 2
2155 3427 2
688 4498 2
2893 4681 2
4900 3679 2
1824 585 2
1863 1053 2
3883 1960 2
4048 3919 2
3581 718 2
260 2931 2
1325 476 2
3017 3137 2
4995 3756 2
1637 2704 2
4647 2684 2
1028 2114 2
4278 2274 2
3364 4353 2
868 2391 2
3645 771 2
894 2180 2
3774 2839 2
2138 1153 2
466 3157 2
4900 711 2
2940 1545 2
2206 4182 2
2005 1757 2
3291 3218 2
3900 1117 2
2572 4656 2
2232 2206 2
3629 94 2
3600 2479 2
4890 3580 2
821 1350 2
3232 3739 2
2065 801 2
4977 227 2
57 4163 2
2233 4986 2
3150 1499 2
441 4939 2
3310 3285 2
4723 1157 2
4919 4972 2
2899 2785 2
1277 637 2
3414 1786 2
2574 1554 2
1734 1757 2
885 2213 2
2144 1741 2
471 1142 2
1 4511 2
3409 842 2
4722 162 2
1633 3218 2
1701 1903 2
4637 2731 2
1852 4592 2
331 4443 2
3110 1848 2
1481 1807 2
4521 1040 2
1452 4042 2
3970 2593 2
1793 1610 2
784 2053 2
261 979 2
2522 90 2
4289 3912 2
2915 4445 2
610 2134 2
102 4986 2
1458 687 2
4875 1240 2
3749 2507 2
471 3460 2
1743 2022 2
152 2143 2
2762 3284 2
3674 697 2
1134 908 2
1025 3473 2
2960 2531 2
1025 2346 2
1676 726 2
1638 421 2
3554 3440 2
4901 2260 2
3668 2479 2
2836 4881 2
4200 4582 2
1381 3780 2
3798 675 2
2224 1955 2
2272 852 2
1014 3284 2
1770 1648 2
2023 3410 2
4044 4184 2
1454 4198 2
2434 4346 2
1996 227 2
3707 4832 2
2558 1268 2
1756 631 2
1533 2419 2
9 4488 2
64 1380 2
1297 3747 2
4073 3058 2
516 3418 2
1200 2214 2
1030 2613 2
913 4452 2
2577 479 2
3680 4986 2
2253 1070 2
1130 2009 2
3072 3061 2
3276 4570 2
2862 169 2
3784 3567 2
4162 553 2
4418 100 2
4734 1603 2
2042 1322 2
3101 206 2
4781 103 2
3853 671 2
2027 181 2
3673 1076 2
1255 3174 2
4384 4182 2
3404 334 2
2120 3752 2
1590 3587 2
1921 296 2
1033 4274 2
1044 3358 2
1943 3854 2
4955 4249 2
1808 2196 2
2847 1959 2
3233 507 2
1106 4447 2
1087 4534 2
29 3688 2
1953 4051 2
4736 3958 2
1682 614 2
3819 1453 2
3187 3751 2
2489 2027 2
3032 3479 2
2049 3724 2
1802 4903 2
342 1619 2
909 4851 2
4911 3778 2
4925 1486 2
2844 1538 2
4212 765 2
1725 4623 2
2582 3364 2
3474 2584 2
3035 3517 2
3462 4122 2
1750 324 2
2978 1556 2
3951 1891 2
2007 2887 2
1968 3680 2
866 2701 2
4797 2461 2
2769 1342 2
1737 2904 2
2984 747 2
324 664 2
1410 4007 2
4194 1974 2
3020 1024 2
4432 3192 2
3411 1516 2
537 2549 2
2638 325 2
2216 4200 2
2113 4368 2
4499 2705 2
2583 3596 2
1916 4530 2
2351 1817 2
517 4959 2
1634 378 2
4175 3100 2
3399 2337 2
4057 4223 2
4509 2504 2
4050 2872 2
3678 181 2
3666 4614 2
397 986 2
2925 4432 2
4740 2536 2
2697 3472 2
4644 1542 2
3963 3648 2
2813 2963 2
2888 2275 2
460 294 2
33 3501 2
3014 4457 2
4913 4257 2
3847 2725 2
1277 3881 2
2020 2330 2
2467 3038 2
4748 1407 2
588 727 2
4659 3512 2
4335 3881 2
4943 1213 2
1556 1034 2
3487 3698 2
4483 2349 2
3800 4050 2
4015 4857 2
4782 3913 2
3616 2412 2
760 4009 2
3816 2765 2
4815 464 2
4414 1856 2
2029 1276 2
2903 4054 2
3491 2588 2
3766 1027 2
997 279 2
866 4097 2
2932 1959 2
3991 3619 2
1589 37 2
2030 2909 2
3647 3116 2
1128 3976 2
4277 3170 2
1379 2366 2
3561 1935 2
3651 4576 2
2879 4421 2
1094 1238 2
4446 1536 2
4778 4324 2
1133 2935 2
1766 840 2
3415 765 2
1611 2263 2
3872 2369 2
1618 2047 2
4722 4573 2
1901 4645 2
3897 2452 2
1369 4519 2
1599 3059 2
3666 2527 2
1046 2153 2
3945 4694 2
1998 1768 2
4718 936 2
4388 1811 2
1807 1778 2
1089 1850 2
4017 3138 2
3667 2391 2
1035 1924 2
2982 4574 2
2860 4725 2
963 4842 2
4216 460 2
2353 2691 2
56 1448 2
2874 3311 2
4779 3163 2
762 1433 2
1136 4235 2
175 4492 2
4736 1000 2
3791 2097 2
1731 60 2
3360 701 2
1799 247 2
1379 1890 2
3428 3633 2
1055 3913 2
2309 2486 2
4131 4582 2
3236 1730 2
2776 1332 2
976 3801 2
223 4303 2
1564 104 2
3112 3446 2
1032 3210 2
3958 170 2
1161 3617 2
1044 3420 2
1943 3944 2
1074 4717 2
428 3066 2
3744 18 2
1418 4393 2
3746 1970 2
1038 4548 2
2738 1670 2
2230 3880 2
2855 3951 2
3667 3763 2
3621 2249 2
448 3961 2
3704 2572 2
1921 407 2
2467 1310 2
2471 3949 2
598 2523 2
3823 200 2
3472 1292 2
3996 4746 2
4136 1391 2
749 1478 2
498 1831 2
3175 972 2
431 4529 2
795 4181 2
3312 2306 2
309 150 2
1652 3737 2
937 2066 2
437 4067 2
1157 3801 2
3013 749 2
511 4180 2
3558 1301 2
561 800 2
3844 4789 2
3108 807 2
2276 4867 2
3607 1688 2
3152 2342 2
4142 4769 2
4962 1934 2
994 1756 2
4991 2049 2
2492 664 2
2423 61 2
4492 4858 2
3396 2111 2
2926 302 2
746 2947 2
4572 4128 2
4481 4245 2
3020 414 2
3779 1506 2
573 3383 2
2123 4328 2
3222 1758 2
2376 4497 2
2719 1045 2
353 1468 2
784 369 2
659 1667 2
500 2098 2
3987 655 2
2581 1471 2
531 2970 2
4244 3589 2
2566 3407 2
1068 1543 2
2742 3784 2
3002 589 2
808 1283 2
3780 3453 2
4945 1657 2
4729 3046 2
2368 643 2
3628 3792 2
4699 2249 2
4567 2718 2
528 3069 2
905 2687 2
65 1417 2
1538 4110 2
579 4138 2
1776 488 2
1264 4127 2
4473 1588 2
460 1064 2
4157 4290 2
3739 2438 2
3243 2249 2
847 4493 2
931 2007 2
1559 2588 2
2557 3554 2
2554 4478 2
4843 4221 2
2798 4966 2
3179 2628 2
2219 2822 2
1456 4652 2
2731 4508 2
1343 1594 2
4363 2970 2
4158 4369 2
889 774 2
4004 2283 2
3714 2989 2
244 3188 2
2052 4847 2
4209 2365 2
476 3440 2
1934 704 2
520 4647 2
1597 3689 2
1332 1132 2
1755 39 2
1784 3587 2
3058 1608 2
1258 4091 2
4837 2412 2
98 4798 2
1361 3351 2
2074 4677 2
1996 255 2
4213 4529 2
1636 746 2
4689 4542 2
1644 2150 2
27 948 2
1849 3229 2
3444 306 2
389 4194 2
3290 2586 2
3118 102 2
3023 2839 2
3279 3553 2
3520 1688 2
2174 2308 2
308 2810 2
3427 2587 2
4074 1901 2
4924 738 2
4984 3386 2
4132 4408 2
2085 309 2
4476 3153 2
322 3133 2
1929 3519 2
1984 4335 2
3518 4935 2
1333 2933 2
1119 1096 2
1044 1291 2
3233 4011 2
3426 1399 2
4135 4588 2
1305 1367 2
3265 1436 2
1754 3794 2
2128 1824 2
2746 2114 2
4124 405 2
2601 2393 2
1999 4050 2
4899 4317 2
1144 2654 2
1569 3093 2
3662 3190 2
1652 969 2
509 4689 2
807 1002 2
2981 3204 2
4316 3643 2
4039 3648 2
766 28 2
526 2293 2
4858 4643 2
1861 3042 2
4507 1138 2
1854 113 2
3138 2967 2
1508 4029 2
3559 576 2
4673 4810 2
853 887 2
3663 2418 2
322 3673 2
1611 3627 2
788 2521 2
943 2891 2
911 4320 2
4439 3610 2
3741 776 2
2870 483 2
3637 4584 2
4352 3384 2
117 1062 2
2518 3648 2
2013 2453 2
4864 147 2
2405 1635 2
1686 4454 2
1428 3847 2
4094 1660 2
2473 1939 2
3179 516 2
981 1024 2
227 3345 2
3059 3553 2
1633 3737 2
4287 3215 2
2867 1131 2
3111 4671 2
337 4222 2
760 1067 2
4527 2442 2
2797 1211 2
3953 4862 2
2932 2004 2
660 2708 2
859 3047 2
1221 2406 2
2252 1183 2
1860 3775 2
4436 3184 2
2732 445 2
1453 1425 2
634 4284 2
2267 4736 2
4955 4693 2
1024 4640 2
1363 446 2
522 2311 2
4134 3202 2
2173 4136 2
4355 3518 2
2827 4280 2
2814 57 2
3428 170 2
442 1504 2
4917 3727 2
4334 3847 2
791 4514 2
3419 714 2
2567 2107 2
3234 3039 2
483 1319 2
2065 4944 2
284 4821 2
2211 1170 2
4061 250 2
3760 666 2
409 1609 2
2178 1820 2
3734 2446 2
1139 4157 2
4297 2154 2
4740 1796 2
3735 475 2
973 2935 2
898 881 2
1308 3080 2
4662 392 2
1578 4925 2
861 2858 2
1509 2576 2
3783 3243 2
2879 280 2
2493 1349 2
490 2932 2
1170 733 2
4817 3658 2
3368 4583 2
90 2411 2
3213 1971 2
927 965 2
4154 639 2
2381 4794 2
4333 1141 2
516 707 2
3430 2637 2
253 2731 2
2133 4734 2
2376 4470 2
4139 1898 2
3587 3226 2
4293 3557 2
3797 3501 2
4475 2424 2
4755 2182 2
3087 3318 2
155 2443 2
4448 1926 2
2872 1443 2
4811 211 2
2479 949 2
3763 2429 2
4061 1828 2
1324 3466 2
1083 3966 2
1151 4921 2
4602 1991 2
1198 4699 2
3800 1853 2
2355 4076 2
1867 2508 2
154 2001 2
4200 3642 2
4729 99 2
1187 4517 2
3340 1406 2
4291 1649 2
2710 3467 2
2456 929 2
314 3423 2
1269 2798 2
401 957 2
4856 2498 2
2761 578 2
316 4813 2
497 1245 2
4807 3949 2
793 1677 2
562 4621 2
1630 3546 2
1915 2341 2
4802 2060 2
2914 838 2
3597 276 2
1742 2125 2
2354 315 2
3702 21 2
873 647 2
3447 1551 2
4402 4562 2
3321 2333 2
3501 4457 2
130 3204 2
176 2425 2
3663 1181 2
4823 241 2
641 467 2
4253 392 2
4711 1530 2
432 1092 2
1244 2481 2
383 4798 2
653 2215 2
2192 3128 2
2583 1802 2
1610 3710 2
3537 1211 2
3335 866 2
1525 819 2
3039 227 2
4296 4725 2
3536 1788 2
2198 749 2
1283 2003 2
636 729 2
103 1251 2
796 255 2
3053 4019 2
353 392 2
1241 2302 2
1922 1234 2
4624 108 2
4295 1274 2
3915 1854 2
4423 4240 2
4747 4935 2
2700 3331 2
1418 4504 2
2661 1257 2
2755 3131 2
537 3599 2
450 2734 2
4936 3392 2
438 2638 2
2266 2790 2
2514 1084 2
1838 2998 2
4825 1679 2
3523 2560 2
4661 3160 2
1546 4119 2
949 4192 2
1854 3554 2
913 4492 2
868 428 2
2555 2792 2
1092 1401 2
743 759 2
389 2790 2
2211 768 2
3229 2927 2
3659 2696 2
175 1272 2
4999 3770 2
3665 505 2
1441 4577 2
1837 3207 2
2125 4823 2
623 3629 2
3682 1873 2
2018 4848 2
793 910 2
1484 3420 2
3942 2118 2
4006 3345 2
2368 2494 2
522 1135 2
1800 3438 2
167 3916 2
2383 3413 2
2838 3731 2
3591 104 2
2734 4290 2
1716 3130 2
1890 4975 2
4812 2732 2
2256 2559 2
3483 2901 2
2430 3455 2
3360 1441 2
3191 4819 2
2925 473 2
3594 1000 2
2287 1686 2
4879 4840 2
1697 3600 2
266 1346 2
1 2895 2
3310 1007 2
620 344 2
4254 1818 2
3819 4266 2
2379 4900 2
1192 2238 2
3158 730 2
805 4782 2
3921 2279 2
4727 2119 2
2212 364 2
2445 1968 2
438 1108 2
115 1587 2
3610 2026 2
4054 3530 2
862 853 2
1025 781 2
3832 2633 2
3633 4486 2
1835 269 2
4737 3135 2
2338 1201 2
1144 2010 2
4695 4014 2
708 2644 2
4213 2476 2
2999 4173 2
2726 288 2
733 3619 2
4368 1244 2
4586 949 2
4673 389 2
1451 3086 2
4232 4285 2
2816 700 2
860 3006 2
3871 4132 2
617 3932 2
1644 4603 2
1937 2902 2
3939 1211 2
55 1529 2
3821 567 2
2465 1778 2
2573 2745 2
2407 2597 2
612 969 2
4256 447 2
1345 3289 2
3175 2769 2
612 4442 2
4022 1318 2
1484 1781 2
2717 3326 2
394 3916 2
1927 2705 2
1663 2464 2
1148 2026 2
2972 4298 2
3177 1838 2
1941 3186 2
3935 3627 2
1162 2871 2
1291 3909 2
4792 382 2
555 4199 2
1832 1752 2
3577 2057 2
4581 4130 2
1508 308 2
1624 3620 2
1110 3748 2
1226 2518 2
114 2470 2
190 967 2
4909 1967 2
3094 2732 2
2312 4116 2
4844 3579 2
2273 1615 2
2419 2220 2
4829 3157 2
3691 925 2
1017 4058 2
4412 4873 2
518 4577 2
4004 2177 2
2852 4970 2
4556 2487 2
4323 2486 2
1059 4830 2
1934 2042 2
4489 1279 2
3879 2642 2
2177 2821 2
578 1663 2
518 330 2
607 2202 2
4674 4068 2
2693 1415 2
4507 3812 2
980 2154 2
4271 4092 2
4698 169 2
2533 2538 2
2309 1749 2
4461 1800 2
3919 2502 2
3290 4412 2
2564 3737 2
3111 816 2
3307 277 2
4770 4183 2
700 2898 2
2240 7 2
488 2519 2
2674 4183 2
3373 4990 2
4549 3626 2
4559 211 2
962 4962 2
1601 203 2
4214 4479 2
1947 2105 2
1348 1114 2
341 258 2
1871 3959 2
2725 4857 2
1556 1825 2
1444 4844 2
4875 220 2
3499 1292 2
2472 444 2
4594 596 2
2835 806 2
4621 4456 2
2837 3632 2
3784 542 2
490 3677 2
418 1566 2
2913 808 2
4472 3207 2
2925 4923 2
2186 479 2
3296 2097 2
3235 1609 2
1431 2139 2
3255 4622 2
4258 1387 2
3042 2697 2
4674 4035 2
4015 786 2
99 24 2
1037 2769 2
1806 2392 2
4290 2317 2
3900 4121 2
1932 98 2
4917 1857 2
3192 2195 2
2907 3519 2
2329 2714 2
3171 2266 2
3707 1946 2
633 1446 2
182 3516 2
3847 1378 2
2267 3063 2
4654 1823 2
600 644 2
4126 3442 2
3596 3146 2
216 1521 2
4586 1536 2
4191 2391 2
386 1407 2
2700 2811 2
1442 2145 2
1240 2597 2
4307 3752 2
2274 1333 2
2806 1679 2
3000 2172 2
651 2298 2
3562 4996 2
999 2852 2
3460 196 2
4641 3928 2
362 559 2
2391 4816 2
4757 4291 2
2044 1294 2
2298 1031 2
4451 4432 2
2098 4394 2
2896 1469 2
274 1170 2
556 3840 2
1128 1967 2
1176 2593 2
3843 732 2
1276 2436 2
2513 4273 2
1277 1431 2
1717 3898 2
4994 25 2
2812 611 2
2440 2981 2
3329 3364 2
173 1403 2
3461 3671 2
597 3590 2
720 2328 2
2228 2925 2
3762 1078 2
4330 3134 2
259 1551 2
3297 1420 2
2847 2111 2
500 3186 2
2538 1475 2
4688 1307 2
3612 3316 2
685 4789 2
2931 1095 2
562 4843 2
4830 209 2
4072 197 2
1191 3067 2
1220 4375 2
3483 32 2
3819 947 2
4379 1932 2
2981 4842 2
4165 4239 2
465 3363 2
2769 1281 2
2731 1944 2
3679 957 2
3249 1727 2
2601 3465 2
874 1321 2
3227 3281 2
1383 2227 2
3180 4859 2
1250 1793 2
1130 1627 2
4755 4721 2
237 2592 2
4380 2305 2
3397 1358 2
910 4609 2
2040 1996 2
4727 2239 2
120 683 2
22 2695 2
4231 804 2
1530 1302 2
2022 4532 2
1773 998 2
3075 2621 2
1043 4456 2
2036 1698 2
725 2849 2
3369 711 2
4263 4891 2
3864 2050 2
4120 1112 2
405 4974 2
4185 4270 2
2263 3485 2
1809 1647 2
1328 4853 2
662 2774 2
3487 2469 2
135 3981 2
3626 95 2
3623 4510 2
213 1372 2
2762 4731 2
4365 1235 2
4946 3507 2
3295 4786 2
1495 1806 2
4518 3158 2
2075 211 2
4606 4335 2
384 3501 2
1079 106 2
2257 4162 2
4495 2836 2
3068 4560 2
4246 1024 2
4070 2934 2
1148 2757 2
4155 4586 2
4267 1269 2
2114 4195 2
249 1893 2
2231 2299 2
3795 711 2
4211 2696 2
3243 2453 2
61 3675 2
4110 2654 2
755 349 2
1298 1695 2
4154 1977 2
3607 3348 2
2869 4980 2
1927 1394 2
1490 2161 2
4426 3570 2
1389 1996 2
4028 1341 2
1204 3385 2
2647 502 2
3385 1249 2
2498 4065 2
1657 3383 2
1701 2878 2
161 2818 2
1495 1281 2
1140 2205 2
2095 2324 2
4759 4654 2
3396 354 2
823 2320 2
720 3152 2
1890 964 2
2335 4443 2
3701 3545 2
1824 53 2
4865 2640 2
3205 3266 2
4709 3984 2
269 3386 2
4366 1121 2
4942 4538 2
812 1761 2
2442 3457 2
3428 2482 2
1140 2220 2
2800 4860 2
2598 4178 2
1023 1611 2
4716 250 2
2013 3680 2
3102 3992 2
4814 4708 2
1356 1635 2
4041 1940 2
3531 821 2
1943 1037 2
4579 45 2
3370 1253 2
2086 3206 2
2900 2294 2
2726 2365 2
4490 1140 2
4732 644 2
1978 620 2
2176 3447 2
4919 3177 2
1436 31 2
4667 2731 2
3340 4574 2
4297 1676 2
2176 3410 2
3547 254 2
4563 595 2
6 296 2
4650 3833 2
2247 247 2
3943 4379 2
4323 2592 2
381 3843 2
943 3758 2
4000 4725 2
3911 4001 2
622 487 2
1771 3364 2
3178 4357 2
2447 1409 2
2009 2226 2
2814 3472 2
4775 1789 2
3487 2359 2
3679 1270 2
1558 3178 2
638 479 2
3158 2991 2
1705 1779 2
2896 2538 2
490 2256 2
1029 4760 2
71 171 2
1720 2858 2
3697 214 2
831 2923 2
772 3893 2
2224 2732 2
352 4695 2
4628 2128 2
3864 2370 2
4245 2664 2
3809 4237 2
99 4522 2
977 1708 2
1257 3874 2
2722 2979 2
833 3338 2
2043 3755 2
4399 2668 2
1255 2428 2
2435 32 2
1920 604 2
2045 1388 2
287 3174 2
1095 823 2
901 347 2
3768 4529 2
3523 21 2
4708 1015 2
953 3436 2
3619 2735 2
4651 1366 2
3309 2879 2
467 2380 2
4204 320 2
2306 3853 2
1224 637 2
3053 2532 2
1319 4345 2
4436 3576 2
2417 1748 2
2490 4516 2
1524 384 2
1516 1988 2
4612 4966 2
4669 547 2
2762 2871 2
2368 599 2
1907 3342 2
4791 3212 2
1881 1879 2
4290 3228 2
103 4733 2
1413 1630 2
2998 3908 2
3387 369 2
3003 2705 2
1464 4374 2
2373 1373 2
3528 3884 2
3342 3724 2
3936 4529 2
3719 1717 2
1625 374 2
2129 1229 2
2177 2644 2
4318 3455 2
1734 2512 2
1654 3587 2
1166 4082 2
1138 3886 2
3453 247 2
1422 4211 2
2138 4635 2
923 396 2
4112 297 2
1668 2514 2
1470 1013 2
3944 932 2
2385 3400 2
81 4483 2
3548 2011 2
4786 3515 2
2581 2763 2
4991 2176 2
3777 2261 2
1320 4656 2
1490 4044 2
1643 1463 2
2294 1170 2
2641 4410 2
3594 1974 2
1559 3025 2
1370 4771 2
3101 2079 2
2902 2557 2
535 768 2
3045 599 2
3236 3667 2
1086 1072 2
3637 1578 2
3560 98 2
4582 2119 2
1905 1540 2
2625 1498 2
541 2663 2
3163 662 2
2507 3423 2
4466 2612 2
1714 4477 2
1853 158 2
2300 4331 2
4649 1168 2
4535 1524 2
1899 2805 2
1886 4630 2
4569 638 2
2336 1173 2
3761 3129 2
1300 1168 2
2350 4261 2
3000 4834 2
1233 2202 2
4298 2083 2
1802 2942 2
1395 689 2
1681 1586 2
4595 3300 2
2609 4111 2
1973 1231 2
836 2790 2
1119 1332 2
3224 1842 2
2324 345 2
697 3907 2
1928 2218 2
3201 2058 2
4604 1399 2
4826 1155 2
4380 4585 2
4233 2898 2
1846 4105 2
3893 151 2
3055 2846 2
4020 1899 2
3536 1800 2
4509 1060 2
3098 3041 2
1801 2616 2
671 2457 2
1102 1633 2
2502 4450 2
4593 1620 2
2105 4538 2
986 488 2
503 3062 2
3487 2496 2
173 2854 2
727 663 2
2155 4741 2
800 3297 2
3434 3955 2
691 4690 2
2688 760 2
3980 4064 2
2179 3454 2
4210 1489 2
3457 1981 2
4605 1840 2
1273 2119 2
3788 914 2
2248 1933 2
4336 3655 2
436 1330 2
397 642 2
1596 3160 2
1868 1149 2
1008 4800 2
3791 4367 2
4044 637 2
758 3624 2
2476 4584 2
3727 4167 2
5 2101 2
2543 1877 2
2111 2373 2
2736 2327 2
968 1671 2
4394 498 2
4910 2099 2
771 4736 2
32 1943 2
4211 2175 2
346 1328 2
3555 1412 2
1648 1557 2
1791 2294 2
1739 4151 2
1016 1338 2
4774 1343 2
740 1989 2
4121 2306 2
3703 4269 2
2689 2280 2
3508 1719 2
3656 785 2
577 259 2
4719 4554 2
1129 1995 2
4423 4839 2
3754 3789 2
4796 2749 2
1190 3380 2
3414 3417 2
1500 2157 2
818 113 2
4965 2081 2
960 4202 2
4806 2118 2
836 2802 2
2769 2829 2
955 322 2
222 1228 2
4490 1991 2
2650 476 2
3028 4435 2
4157 4399 2
1992 2267 2
832 4689 2
2533 180 2
1929 1956 2
3023 105 2
4247 2941 2
180 2308 2
788 382 2
3905 2724 2
2989 4089 2
4007 1129 2
1016 97 2
931 2269 2
4300 3307 2
1534 290 2
1601 2367 2
3894 1761 2
3452 4356 2
4154 1703 2
4221 4667 2
4495 3296 2
1979 1420 2
1883 163 2
4839 43 2
4859 971 2
1725 1559 2
1051 905 2
665 2820 2
4594 74 2
1523 4201 2
4279 850 2
4441 1650 2
2438 3205 2
2083 585 2
3463 454 2
2523 1767 2
1629 4274 2
2169 4344 2
3999 3816 2
55 3336 2
2089 217 2
4156 3570 2
4846 3967 2
2228 2277 2
3742 4114 2
3788 1102 2
1848 3682 2
170 1700 2
4177 339 2
833 2146 2
4360 4631 2
2370 481 2
1092 542 2
3017 57 2
3202 4734 2
599 2649 2
3385 3318 2
403 1910 2
713 3647 2
838 2516 2
17 1855 2
284 350 2
2189 3255 2
3771 1661 2
2167 4448 2
833 4000 2
4001 3442 2
1333 2028 2
2631 1733 2
3530 3967 2
2017 362 2
3404 2166 2
562 4884 2
2976 2997 2
3711 4836 2
4344 753 2
3797 4351 2
119 2488 2
1076 2005 2
3191 299 2
2098 1456 2
1705 986 2
556 1789 2
3868 347 2
60 3191 2
1511 2087 2
595 2805 2
763 544 2
1858 409 2
3109 4992 2
4387 102 2
1566 2864 2
3352 3123 2
3512 1799 2
4921 675 2
784 2929 2
486 1101 2
180 2757 2
2945 1322 2
3899 4209 2
100 3254 2
1395 185 2
672 2695 2
4590 1772 2
2379 1614 2
1112 2117 2
4323 4585 2
4420 731 2
2128 2677 2
694 4692 2
1608 2743 2
304 569 2
1187 4730 2
1846 399 2
3161 4170 2
2956 2818 2
2481 4046 2
281 2524 2
3404 3130 2
252 1168 2
3877 832 2
4630 1036 2
3572 107 2
1402 2437 2
4629 2232 2
2030 2658 2
3608 3603 2
2188 1001 2
2151 4282 2
4772 2992 2
2806 3730 2
1210 4449 2
134 1190 2
2359 1064 2
4775 3055 2
4134 4749 2
4877 714 2
3934 4231 2
2736 194 2
750 3080 2
785 3361 2
776 3149 2
3809 3266 2
1974 3410 2
2172 4378 2
4890 1188 2
2583 162 2
2548 4520 2
2504 1061 2
1624 56 2
981 4039 2
3990 1177 2
451 2120 2
638 2834 2
2586 4218 2
4333 1518 2
1045 4242 2
3017 3412 2
1860 4794 2
4114 3774 2
3888 1994 2
829 3982 2
3772 1848 2
805 90 2
2912 2161 2
1970 407 2
1528 2190 2
3702 4362 2
2973 4665 2
4977 3292 2
1374 4789 2
653 1518 2
2568 4286 2
591 2605 2
1277 621 2
208 4407 2
3718 3729 2
4339 1616 2
682 456 2
4344 3116 2
2189 965 2
1949 1209 2
4748 805 2
2329 803 2
1902 4154 2
671 698 2
3013 2628 2
1697 3071 2
1728 4981 2
4943 2854 2
3222 1200 2
694 4967 2
803 3520 2
4346 3987 2
263 1459 2
3190 1198 2
540 2723 2
4538 3617 2
1072 1514 2
4143 1530 2
2799 522 2
2588 685 2
1644 1119 2
4313 123 2
4954 1594 2
1745 2978 2
4692 3532 2
4990 2107 2
1005 1078 2
2828 361 2
3237 4080 2
1654 1908 2
4266 2943 2
1664 2822 2
4637 4239 2
3930 2725 2
2892 722 2
3922 2566 2
3266 1328 2
2762 3815 2
4199 2231 2
3740 601 2
4423 4661 2
4802 79 2
3575 3436 2
4527 1592 2
3182 2462 2
463 3413 2
2971 4709 2
4340 1723 2
2866 1347 2
4614 3918 2
1839 189 2
2955 3672 2
2269 2634 2
38 4214 2
592 3207 2
227 2920 2
65 3199 2
2755 1429 2
234 1439 2
4205 110 2
3938 2869 2
3639 135 2
3750 219 2
4 4360 2
1374 3178 2
2197 2429 2
4144 300 2
3586 3115 2
1546 758 2
3924 4666 2
3200 2468 2
2030 1563 2
4933 1961 2
3080 1947 2
3006 1132 2
3977 1710 2
4842 3275 2
1951 3141 2
1312 1606 2
165 3133 2
2319 1032 2
4748 2545 2
1348 3246 2
1100 4183 2
1047 990 2
1058 4075 2
2935 3049 2
4740 591 2
352 3133 2
2215 3239 2
2191 75 2
4396 1005 2
3922 194 2
2262 2488 2
1013 1474 2
4068 44 2
2773 3754 2
3938 2191 2
4474 4173 2
363 1008 2
2803 1378 2
3053 1668 2
2814 3869 2
277 3161 2
2188 4713 2
2370 3052 2
1947 4127 2
596 1952 2
4234 4541 2
636 2801 2
2634 850 2
1857 2775 2
3963 1220 2
2998 1426 2
4103 4633 2
1914 4798 2
2611 3266 2
4134 2421 2
3589 2647 2
2965 4301 2
3748 2008 2
1482 1879 2
4986 2871 2
2044 2400 2
729 4138 2
3103 2630 2
3178 2764 2
2646 769 2
3617 4644 2
4433 4538 2
753 758 2
3938 3250 2
983 2796 2
3528 485 2
3311 2468 2
2592 3106 2
1886 3121 2
4246 236 2
2683 3898 2
1699 2425 2
131 772 2
188 1493 2
442 4865 2
391 892 2
3443 1419 2
1697 2606 2
430 4170 2
2075 2784 2
3580 4385 2
1600 4468 2
2898 1713 2
1849 2867 2
2892 2731 2
4714 3041 2
34 3086 2
3615 2758 2
1434 4406 2
3802 4390 2
2419 2377 2
4356 2556 2
666 235 2
2117 1945 2
3055 2104 2
4150 2231 2
1271 4136 2
2679 3003 2
424 1226 2
1433 1371 2
4228 286 2
435 4672 2
4439 1563 2
3589 4289 2
308 3420 2
1092 3472 2
1081 3120 2
2651 2425 2
4576 501 2
9 493 2
3860 3482 2
2233 1100 2
321 3697 2
2062 2169 2
4484 4990 2
2207 3624 2
3097 654 2
3644 4792 2
3334 80 2
1704 4698 2
616 1579 2
3043 4207 2
2798 4368 2
4566 495 2
2364 1235 2
1986 3029 2
836 3971 2
4660 1685 2
2276 2431 2
466 966 2
1727 3905 2
2310 371 2
2049 723 2
2308 4303 2
4229 3274 2
647 3428 2
375 4368 2
87 171 2
4501 1204 2
1403 555 2
449 2263 2
1074 1892 2
34 4707 2
3812 3024 2
4881 2495 2
4286 1039 2
1269 3662 2
1272 2115 2
4573 2466 2
591 4534 2
3756 1727 2
615 4231 2
3815 4551 2
4480 4973 2
893 2124 2
2689 1263 2
1985 4951 2
3545 535 2
1545 1992 2
1907 1910 2
4138 3210 2
1728 4648 2
2645 1044 2
3191 747 2
134 446 2
1721 3216 2
4923 1148 2
1301 2658 2
1197 1942 2
4232 2068 2
3018 2701 2
1971 1218 2
4685 4760 2
4681 1728 2
790 2468 2
567 794 2
2420 3615 2
1044 4036 2
280 1073 2
4085 2017 2
69 2440 2
4675 1528 2
2573 2278 2
278 1781 2
4392 3707 2
4621 4623 2
2602 3920 2
1439 2264 2
4273 2206 2
273 2732 2
2449 4591 2
3409 1130 2
1029 3545 2
3085 1896 2
2742 3041 2
995 47 2
1888 2462 2
595 1343 2
4102 1400 2
3530 1991 2
468 4427 2
653 3975 2
2441 4322 2
4514 1756 2
3819 4739 2
941 3587 2
2057 2746 2
2090 722 2
2888 194 2
3449 1277 2
3612 964 2
1297 846 2
4535 3789 2
3279 662 2
3198 2508 2
3106 386 2
3203 1656 2
4705 3584 2
274 4910 2
2941 1374 2
4310 4730 2
1092 896 2
4630 594 2
2319 2552 2
3000 4908 2
13 4424 2
2418 4345 2
1886 8 2
699 3715 2
77 1963 2
243 950 2
4122 1590 2
1217 96 2
2190 466 2
3852 3233 2
784 3709 2
583 1710 2
702 297 2
2675 4706 2
1405 976 2
1796 827 2
2528 1202 2
4233 4296 2
3581 3966 2
4757 2184 2
3870 1438 2
742 4680 2
1347 649 2
3239 663 2
81 3030 2
3154 853 2
108 4584 2
4059 1833 2
1953 1643 2
4002 4562 2
1647 1465 2
4273 4633 2
788 712 2
648 3080 2
2940 514 2
3722 2231 2
2644 3652 2
1739 400 2
4012 4226 2
2805 2259 2
4652 2999 2
2513 4293 2
2360 3559 2
4273 1189 2
4428 1854 2
1518 1619 2
4633 590 2
547 1240 2
1774 3588 2
2022 2791 2
4337 3254 2
662 440 2
250 1194 2
532 1648 2
2279 4533 2
2240 4308 2
335 4189 2
4414 1771 2
157 2387 2
3495 4168 2
3150 4381 2
3043 4457 2
4549 4146 2
3846 3324 2
2852 2730 2
810 4414 2
1467 2298 2
3696 2011 2
2283 4102 2
2296 2172 2
1520 4154 2
4764 3651 2
861 1313 2
1054 4576 2
3639 4768 2
1913 1517 2
3646 1946 2
202 1535 2
2724 296 2
163 630 2
2720 2515 2
3261 743 2
3129 1276 2
4629 503 2
2342 3056 2
4689 3234 2
3413 702 2
634 1210 2
3593 3960 2
4327 1974 2
1145 3997 2
1371 1497 2
3736 966 2
4290 3072 2
2146 2967 2
833 4019 2
701 4765 2
2122 2990 2
722 224 2
2256 469 2
4666 4704 2
2376 2005 2
3611 4718 2
4603 892 2
464 3912 2
3233 3437 2
4801 2068 2
1885 3737 2
3306 116 2
3983 4157 2
2899 2476 2
684 736 2
84 3406 2
1445 263 2
3884 120 2
4139 1609 2
4431 3953 2
3756 4292 2
3440 1333 2
563 2408 2
936 3172 2
2233 864 2
2009 3647 2
3842 3910 2
1632 4102 2
2699 3924 2
4657 4862 2
4482 4574 2
960 1808 2
4391 3639 2
4189 2113 2
3273 3565 2
17 1740 2
1473 2480 2
4220 2571 2
2224 1767 2
2738 4100 2
1939 2019 2
820 4352 2
3897 2843 2
3781 2925 2
2236 1042 2
4283 3021 2
2058 1617 2
2118 3150 2
2306 2125 2
2545 76 2
2153 4198 2
673 2017 2
1867 1481 2
1657 94 2
1849 3160 2
4825 4797 2
1639 3538 2
2300 2058 2
1580 4724 2
2798 2288 2
1508 4057 2
2316 1799 2
2029 1230 2
575 1619 2
4184 1074 2
93 3729 2
4004 1927 2
4631 3841 2
2123 3035 2
3671 4385 2
140 1749 2
4728 940 2
3577 4154 2
2879 1212 2
1558 3920 2
549 3235 2
1097 2098 2
3043 1138 2
1577 1209 2
1004 151 2
1188 1262 2
163 4529 2
1389 148 2
3586 3680 2
4838 2187 2
3338 1352 2
4810 3697 2
2944 4143 2
2512 2705 2
688 2700 2
1553 3067 2
3766 4822 2
3040 4613 2
2144 4577 2
4448 1048 2
2257 259 2
1960 3759 2
2254 3656 2
1114 4389 2
221 2128 2
4653 2936 2
443 3070 2
2652 2516 2
1765 512 2
4483 2090 2
58 1900 2
2543 1515 2
1200 2063 2
2489 2601 2
3524 2374 2
4909 2239 2
3875 1838 2
2535 3220 2
502 1642 2
1959 2855 2
2840 2365 2
2958 1069 2
2818 2594 2
2976 283 2
770 4187 2
3087 1062 2
1999 4024 2
3115 2299 2
2744 2854 2
4110 412 2
3636 3946 2
4182 1822 2
4715 4616 2
3072 999 2
990 2557 2
3065 1244 2
626 2249 2
4815 4309 2
3740 1515 2
3423 2347 2
2592 3727 2
394 1201 2
1701 4724 2
2538 444 2
3078 2301 2
3540 4196 2
292 4516 2
1325 202 2
270 1981 2
1053 784 2
3714 1803 2
3401 3746 2
2841 231 2
1391 633 2
2178 4864 2
686 1633 2
980 1399 2
4967 3071 2
4149 3899 2
329 4571 2
3739 2278 2
3080 1247 2
640 1533 2
1733 881 2
4558 3764 2
1223 653 2
4971 4718 2
1537 4011 2
3102 1996 2
2514 3006 2
3912 4319 2
1965 4098 2
473 4976 2
507 2677 2
1378 2229 2
1099 18 2
2172 4596 2
2440 2421 2
4902 3408 2
22 376 2
2507 1340 2
778 4992 2
628 3049 2
1568 4611 2
4878 628 2
2786 644 2
4166 3424 2
3916 3279 2
3453 4748 2
1580 3687 2
1264 2375 2
2974 1064 2
2326 2636 2
1265 1853 2
4175 1501 2
2283 891 2
1651 129 2
1734 2843 2
3139 2973 2
1948 2759 2
1230 1766 2
4926 2163 2
429 3261 2
1712 1676 2
159 3757 2
281 554 2
3175 2348 2
1769 2006 2
1108 3423 2
1133 4364 2
857 3566 2
2550 1186 2
928 1017 2
3859 100 2
326 1454 2
3239 3482 2
4471 4216 2
317 3091 2
1303 4770 2
9 2997 2
3231 2929 2
1537 3938 2
1395 1036 2
4404 233 2
106 1363 2
1724 3941 2
141 1154 2
4989 1784 2
1108 1984 2
2595 1596 2
2355 1693 2
4342 2277 2
4961 4243 2
1348 2447 2
2025 4456 2
447 2131 2
918 1941 2
4517 3207 2
220 4402 2
1671 2461 2
3870 103 2
4711 4686 2
4053 3752 2
2455 472 2
4887 3878 2
1957 4894 2
939 3193 2
1527 2625 2
2359 1849 2
4832 1456 2
2061 4263 2
1150 2541 2
1130 127 2
3406 4558 2
349 935 2
1471 400 2
295 2847 2
2456 3337 2
586 496 2
2189 3538 2
4705 4057 2
1810 766 2
590 4352 2
3795 3160 2
3215 3116 2
2211 4751 2
1663 4745 2
3674 2108 2
2420 4176 2
2553 4343 2
2051 2559 2
880 4344 2
828 4527 2
3933 1884 2
766 3901 2
196 2841 2
3684 3775 2
371 3217 2
1841 1447 2
4716 2265 2
2328 3326 2
1785 2429 2
1577 2892 2
1303 3228 2
3574 2256 2
384 4005 2
4542 65 2
4746 3889 2
3372 866 2
1316 655 2
1899 2494 2
1622 1821 2
919 4701 2
4098 4958 2
2478 1085 2
3361 2674 2
3173 1237 2
569 3561 2
4279 3067 2
2904 2786 2
2334 1984 2
2581 2053 2
505 139 2
2906 3634 2
4804 3240 2
3079 4289 2
256 4699 2
3259 1849 2
1468 3230 2
4376 4195 2
2660 2742 2
1411 2901 2
3691 263 2
40 1982 2
3472 1481 2
3565 3907 2
4386 4952 2
2315 2257 2
385 3771 2
570 2057 2
3996 165 2
3415 452 2
1123 3838 2
3618 164 2
4526 1806 2
1967 882 2
22 3277 2
484 536 2
4144 2272 2
2063 1573 2
1685 3881 2
3164 4984 2
2 1271 2
2106 1584 2
3930 3254 2
2716 2122 2
4520 4577 2
2807 3680 2
1785 4599 2
2448 3054 2
3873 2355 2
251 761 2
3015 621 2
528 206 2
4745 2602 2
2583 338 2
909 1416 2
1619 1282 2
4016 3543 2
3575 4917 2
2559 139 2
3592 1905 2
3400 3996 2
3965 2379 2
3320 2396 2
2265 203 2
1675 2812 2
456 728 2
3811 77 2
3965 2665 2
912 4701 2
3998 1511 2
3329 3547 2
3485 1127 2
4853 2435 2
3922 2769 2
4062 2699 2
2378 3108 2
694 3404 2
2268 3713 2
4600 3230 2
2780 463 2
1212 1497 2
847 2010 2
3478 4848 2
3909 3747 2
4726 4843 2
873 3371 2
3722 4460 2
667 2400 2
1817 138 2
4808 2687 2
4417 4434 2
4937 3525 2
4213 1931 2
2083 4775 2
4093 2406 2
2464 3899 2
3890 327 2
2292 1049 2
284 2571 2
1747 348 2
1712 3442 2
2022 320 2
3597 2384 2
1060 3248 2
1948 2989 2
2787 3900 2
4416 635 2
740 1982 2
374 1057 2
814 3705 2
2517 1161 2
3773 68 2
4211 3253 2
4683 3564 2
2586 1205 2
3361 3484 2
4709 713 2
2805 2774 2
2241 2976 2
1340 3404 2
2492 522 2
1245 1784 2
3673 680 2
3709 1492 2
4681 4766 2
4376 4714 2
4836 4884 2
2394 4425 2
4532 2945 2
3149 4526 2
4888 2717 2
2552 1731 2
408 574 2
4286 416 2
4930 2180 2
4227 1370 2
1597 3402 2
1320 1192 2
1856 2562 2
3585 3098 2
4756 2940 2
91 145 2
3043 1287 2
737 4764 2
3524 3951 2
1026 4624 2
4263 4005 2
4440 4196 2
1852 2000 2
4640 977 2
4663 3148 2
1384 1943 2
2780 3513 2
4287 1541 2
2926 2382 2
1934 61 2
2463 1486 2
3549 139 2
2394 515 2
3541 4192 2
428 4318 2
3239 2927 2
2865 1544 2
3510 2490 2
4217 2289 2
422 2505 2
624 2389 2
4605 2404 2
3164 3105 2
4268 4399 2
249 4703 2
535 3819 2
2126 669 2
2544 4419 2
1768 2674 2
499 131 2
2115 4626 2
4852 3903 2
1449 1194 2
4632 1036 2
194 642 2
1703 3761 2
2269 4776 2
3276 2702 2
979 103 2
341 2971 2
4887 3446 2
17 3441 2
2522 4167 2
1640 2093 2
1775 3488 2
124 2846 2
444 1215 2
1356 2116 2
794 3326 2
2408 4151 2
2477 3890 2
3411 1387 2
1534 468 2
4191 3621 2
144 1593 2
2728 119 2
2806 1106 2
2917 2171 2
1619 1715 2
1058 1456 2
2815 1077 2
2603 4660 2
2408 378 2
3027 310 2
642 3249 2
3219 3966 2
3620 47 2
3980 1390 2
3934 3694 2
3233 2949 2
3073 2536 2
2421 2428 2
1200 4831 2
2274 1619 2
3230 2817 2
842 216 2
2397 1181 2
2602 4283 2
4463 3984 2
720 2558 2
2545 3200 2
798 543 2
784 2600 2
989 3904 2
358 713 2
898 3484 2
221 464 2
632 3563 2
1616 3003 2
2991 3126 2
3143 2831 2
1888 3856 2
2353 63 2
1522 956 2
4235 897 2
3255 4970 2
2467 4727 2
765 2080 2
3868 3483 2
1230 2740 2
957 154 2
2851 301 2
2687 2230 2
3225 1114 2
3902 4511 2
1174 288 2
1276 3623 2
3655 382 2
759 4403 2
3077 1755 2
1246 3392 2
1909 2646 2
1174 2623 2
2610 744 2
1903 384 2
2453 77 2
4484 3227 2
1464 16 2
2475 1980 2
1914 4889 2
2960 3033 2
1614 1401 2
1340 4180 2
2417 4894 2
3336 1317 2
4644 3583 2
3415 3639 2
2883 3325 2
3181 4565 2
467 1009 2
3657 164 2
1065 2869 2
4283 3213 2
348 4760 2
2383 2555 2
4599 2608 2
4896 2568 2
1689 1734 2
658 273 2
2193 2254 2
948 3181 2
4957 2290 2
4070 2732 2
1713 579 2
1333 3732 2
1880 2825 2
85 3377 2
2667 3883 2
3307 4113 2
3853 1498 2
3782 3810 2
3162 3580 2
936 3423 2
3970 200 2
2654 59 2
686 4741 2
252 2784 2
2285 3106 2
150 3870 2
2872 2825 2
2857 796 2
3002 917 2
46 2571 2
3250 1595 2
1539 3457 2
1343 71 2
3505 1000 2
2100 4548 2
2348 4182 2
3558 2984 2
4412 4422 2
1129 3708 2
2974 3427 2
2586 3668 2
1597 3443 2
4848 3095 2
1585 2077 2
3562 731 2
4175 4378 2
1524 217 2
4803 2260 2
4634 3077 2
797 3618 2
2439 2957 2
4632 4666 2
4389 4386 2
2027 1959 2
4151 1583 2
4157 768 2
4650 4771 2
3694 3763 2
3489 3713 2
623 1756 2
3772 3761 2
3621 4115 2
1253 1819 2
2907 1695 2
1359 2657 2
1052 4103 2
1868 2518 2
460 209 2
4186 1922 2
1133 2077 2
186 1117 2
850 3514 2
2979 3803 2
607 1748 2
2493 3231 2
1918 2920 2
4099 2117 2
902 2278 2
3816 4238 2
3367 2476 2
528 556 2
2592 811 2
689 262 2
396 1868 2
4170 4471 2
1279 3439 2
289 4796 2
3363 1047 2
4500 3769 2
1958 28 2
1315 140 2
764 2754 2
1719 1245 2
2944 1129 2
4180 2678 2
461 3149 2
20 583 2
2715 804 2
1897 1033 2
4172 1540 2
4421 790 2
3038 3717 2
812 1121 2
1483 2466 2
1082 1464 2
3596 3072 2
2945 2081 2
1881 856 2
3154 4651 2
4342 687 2
2859 2520 2
103 3842 2
349 4246 2
1372 3819 2
1782 4518 2
1519 4942 2
2500 3908 2
950 394 2
1452 3742 2
2428 1012 2
3215 886 2
4510 3533 2
2278 3583 2
1003 1840 2
3240 1470 2
243 1546 2
4010 280 2
821 3912 2
2075 4429 2
3635 4372 2
4501 568 2
2297 4797 2
277 881 2
1198 158 2
2143 3622 2
322 1405 2
91 3265 2
4873 4286 2
3119 1601 2
3859 3990 2
1177 1434 2
3194 1009 2
4993 2610 2
4877 4517 2
4018 1304 2
4044 4618 2
891 4573 2
316 4552 2
1750 822 2
3019 3332 2
239 290 2
3184 4095 2
4263 4870 2
2311 79 2
3347 3825 2
881 2407 2
4924 3152 2
3697 2152 2
2414 15 2
3665 4350 2
1160 1435 2
1550 2349 2
2179 1473 2
4047 2162 2
4597 579 2
628 2282 2
241 3382 2
4642 2118 2
166 508 2
3575 2907 2
558 1866 2
3029 3933 2
584 4572 2
4054 2536 2
4058 1341 2
593 3778 2
2870 4099 2
670 1408 2
1395 4610 2
2165 4683 2
1084 481 2
750 460 2
3834 4872 2
4043 3071 2
1512 633 2
4711 3606 2
2444 4155 2
548 1203 2
2337 3535 2
4333 2002 2
2502 3530 2
1489 4071 2
3744 1706 2
2124 3393 2
3732 2475 2
551 2859 2
4383 1484 2
1827 4563 2
4187 4751 2
1791 1781 2
3384 1518 2
3204 1355 2
180 2043 2
2014 3296 2
3609 1631 2
4910 2745 2
4261 1881 2
3239 4354 2
2688 659 2
3037 3437 2
4854 1041 2
2464 2491 2
724 370 2
2414 19 2
1827 459 2
2843 3260 2
4948 1212 2
476 404 2
3772 183 2
3788 2297 2
4938 4477 2
1835 3667 2
1347 1093 2
1452 2834 2
2533 4835 2
829 3683 2
1220 1340 2
4048 4200 2
2716 2723 2
355 2818 2
4062 3880 2
2693 521 2
4627 2874 2
2207 3584 2
4645 2093 2
1751 2389 2
4604 282 2
923 120 2
2228 3171 2
1066 1392 2
4454 2858 2
4787 3385 2
4089 3601 2
1957 4895 2
2431 2188 2
2885 4018 2
3131 2704 2
4371 4167 2
2754 1799 2
3246 4335 2
3469 2216 2
3641 714 2
4036 530 2
3199 4629 2
1020 4963 2
1798 2709 2
3477 3715 2
3303 3776 2
2352 4133 2
2125 2857 2
3086 156 2
791 2462 2
1247 4857 2
2701 3898 2
2025 3099 2
4623 3400 2
3936 4199 2
2066 945 2
3501 2709 2
4155 4981 2
222 1379 2
4755 4851 2
2381 2077 2
4296 2245 2
4108 1017 2
3763 1365 2
368 1488 2
1096 1115 2
750 1761 2
53 3321 2
1645 2102 2
1162 798 2
3999 215 2
1868 3975 2
1903 1535 2
3862 35 2
4955 4803 2
2447 2066 2
1797 1719 2
1518 786 2
4730 3304 2
37 1363 2
2812 912 2
2305 1530 2
4779 4904 2
4202 473 2
4275 1126 2
1023 1839 2
688 1086 2
2406 442 2
3322 791 2
485 499 2
1583 81 2
3611 4201 2
3157 4016 2
1503 1501 2
2671 3122 2
1573 4512 2
4933 1138 2
1041 3008 2
2361 2757 2
1740 2811 2
801 1040 2
995 2440 2
960 1392 2
566 3084 2
4456 123 2
554 2756 2
2674 4544 2
1793 848 2
2854 717 2
1160 3993 2
4562 2118 2
1552 2505 2
2133 3633 2
1192 4294 2
27 4749 2
4486 1203 2
4404 1749 2
3416 3749 2
734 3293 2
2618 1576 2
3529 4291 2
268 1125 2
4830 1781 2
1904 2037 2
636 542 2
2728 1311 2
1261 1922 2
171 3780 2
3852 4890 2
4753 3051 2
1019 816 2
2354 1031 2
517 3755 2
275 1964 2
4516 2739 2
4733 3709 2
2648 1767 2
1122 4092 2
1195 867 2
4000 2138 2
2431 4887 2
3041 2870 2
1005 3201 2
757 3935 2
3313 3541 2
3756 4311 2
4218 3438 2
491 1211 2
918 3292 2
2930 2510 2
1023 544 2
2991 2866 2
404 2228 2
3547 4635 2
1761 4159 2
3650 2688 2
2994 1917 2
1125 1881 2
1159 3951 2
1465 1646 2
3377 3673 2
489 1674 2
2220 4274 2
3267 4633 2
4354 3467 2
4355 3926 2
1849 1510 2
3364 1533 2
1697 2749 2
4473 4752 2
1190 4880 2
3836 3414 2
2482 4359 2
3005 4853 2
1971 3893 2
4874 1245 2
2000 4133 2
1190 4188 2
4786 3304 2
1351 4527 2
3820 2659 2
1870 2108 2
617 383 2
3677 796 2
766 573 2
2930 2241 2
1418 1050 2
4977 4978 2
4153 2524 2
2054 436 2
4964 670 2
3184 3461 2
801 3339 2
4522 2079 2
818 3700 2
3517 2114 2
868 4371 2
1378 2343 2
3972 896 2
1593 1556 2
2535 1749 2
3094 139 2
4290 864 2
4882 4558 2
634 4889 2
3365 3714 2
1957 2010 2
3186 1562 2
461 1474 2
4507 605 2
4565 2222 2
4234 2375 2
3453 3248 2
2983 465 2
3614 3306 2
3162 392 2
4057 1675 2
1370 4946 2
376 148 2
4304 2091 2
3603 4966 2
3047 4388 2
2381 2907 2
1348 1897 2
1659 4678 2
958 726 2
3456 3232 2
773 152 2
4917 4789 2
1742 2378 2
4395 4587 2
1897 3575 2
1816 4478 2
4416 860 2
417 272 2
1657 3519 2
1106 696 2
2420 878 2
3748 1344 2
183 4218 2
2727 2843 2
3611 458 2
2762 3546 2
4429 4122 2
3499 3181 2
3610 2368 2
4572 2489 2
1271 539 2
3783 2439 2
1027 1737 2
760 3071 2
747 258 2
3486 2599 2
4556 109 2
217 1309 2
3556 2498 2
3903 3420 2
2336 4889 2
2720 4632 2
1221 3027 2
3286 1350 2
2070 2801 2
972 4892 2
1022 3671 2
2010 1817 2
1329 3958 2
4791 3274 2
907 3230 2
4894 3444 2
2522 4501 2
1293 3576 2
2582 3444 2
2361 398 2
1789 2019 2
2773 1497 2
4780 3354 2
2539 1500 2
3423 617 2
4468 4093 2
252 4257 2
3352 333 2
2992 3699 2
4838 4945 2
906 4054 2
4221 4365 2
3025 4895 2
3804 488 2
3814 2810 2
1842 697 2
3161 2916 2
384 1554 2
2764 2883 2
2510 1239 2
208 2035 2
408 3074 2
4427 859 2
1559 4851 2
1296 298 2
663 3924 2
4480 954 2
311 2552 2
4664 60 2
2088 1941 2
4378 634 2
177 238 2
3086 1192 2
2695 640 2
4801 354 2
3685 2056 2
4224 1967 2
1365 3797 2
2318 1633 2
3846 2051 2
4142 4597 2
2943 2427 2
91 131 2
3868 2810 2
3531 171 2
655 2996 2
1197 4983 2
406 2046 2
3038 2729 2
3815 3029 2
2574 67 2
2877 4127 2
338 4248 2
1180 319 2
2860 3253 2
2977 461 2
4318 2806 2
3482 2037 2
3217 4179 2
76 4743 2
2829 4074 2
4750 1006 2
2069 7 2
3985 3620 2
3785 1928 2
1345 4481 2
2499 1906 2
1744 1593 2
2427 2314 2
2732 4644 2
2814 3840 2
2852 54 2
573 4448 2
2356 1806 2
4438 3268 2
3382 601 2
4139 3407 2
2504 4263 2
2924 3143 2
2522 183 2
2274 1869 2
1614 3712 2
4068 3456 2
3749 1092 2
3397 42 2
1220 1366 2
1236 3280 2
4542 2072 2
107 4724 2
2 1471 2
2684 1906 2
3726 2430 2
2338 2257 2
72 1478 2
1840 855 2
1046 3217 2
4067 4214 2
2607 3356 2
2807 974 2
190 1698 2
3528 3959 2
2269 1907 2
3615 4259 2
2745 2454 2
2360 481 2
1132 2894 2
1643 3063 2
4060 4649 2
915 4410 2
4778 969 2
1225 4869 2
1476 3211 2
322 580 2
2539 138 2
71 1246 2
4168 595 2
2385 4001 2
4814 74 2
1333 952 2
4523 1735 2
3970 3478 2
2088 2318 2
4708 4818 2
2738 2024 2
146 552 2
846 508 2
3566 4511 2
340 2627 2
4544 1336 2
1007 4995 2
1529 655 2
2830 4820 2
3732 1318 2
1334 4235 2
2940 526 2
715 2869 2
3850 2966 2
2541 3381 2
1541 4908 2
4063 1286 2
2829 3504 2
4223 3863 2
1248 3602 2
2431 156 2
4112 3945 2
2262 4317 2
2341 3533 2
1406 510 2
3060 1607 2
1322 4398 2
4658 1880 2
3194 2171 2
1173 557 2
4511 3699 2
3664 4754 2
2391 1174 2
2683 190 2
3924 781 2
1244 4078 2
3793 2714 2
3184 3709 2
2163 4287 2
4636 2313 2
552 2192 2
3826 3261 2
117 2409 2
2459 3180 2
706 506 2
903 4555 2
4726 3188 2
3673 2187 2
4192 2564 2
496 3803 2
3136 998 2
726 4765 2
3550 3924 2
577 4983 2
3992 721 2
3509 3899 2
4578 2718 2
2717 4894 2
695 368 2
3199 1204 2
2636 4657 2
2463 3988 2
1889 505 2
3559 1555 2
3486 3626 2
3994 232 2
3134 4472 2
4293 213 2
1191 3972 2
1402 4620 2
4583 2946 2
165 1846 2
3136 1529 2
1594 2313 2
4813 1936 2
45 3932 2
2237 1167 2
1159 4023 2
1661 1384 2
1091 3671 2
4347 3461 2
2501 3618 2
2696 2402 2
2803 1965 2
4783 888 2
4765 937 2
4083 2511 2
4422 2839 2
3145 292 2
1093 4440 2
3893 1486 2
4579 1917 2
1660 2077 2
4292 4872 2
4125 4382 2
2440 1351 2
2873 155 2
349 129 2
3673 3152 2
1661 2383 2
3251 2162 2
230 3255 2
1046 4377 2
2208 442 2
1723 3327 2
3148 701 2
1702 2068 2
3737 2863 2
1897 252 2
1025 2223 2
4409 2268 2
3507 1785 2
910 1648 2
4113 3542 2
2366 3704 2
2616 1370 2
3203 2219 2
3656 4390 2
3463 822 2
769 2559 2
3697 1944 2
3537 805 2
3882 3309 2
2461 4227 2
320 904 2
337 2020 2
1788 3390 2
4598 4184 2
2203 298 2
472 2440 2
4098 3067 2
3963 2849 2
4715 4560 2
1991 4384 2
4815 4470 2
4223 177 2
2989 2024 2
3580 2637 2
2924 4919 2
3303 2878 2
737 481 2
3368 910 2
566 469 2
1185 431 2
3150 1700 2
4579 4743 2
3925 2170 2
2559 436 2
2518 4842 2
2184 4949 2
2954 3440 2
1896 2960 2
1013 1286 2
3870 3115 2
4546 22 2
2183 4367 2
4713 4324 2
4058 1273 2
4281 1351 2
4035 3785 2
4717 4614 2
4511 412 2
4798 1740 2
1113 855 2
2083 2176 2
3075 4706 2
1418 1284 2
3382 3636 2
4390 4612 2
1464 1001 2
3533 91 2
2820 1578 2
1036 531 2
3379 167 2
3395 3007 2
1581 1520 2
3007 1674 2
1232 625 2
4012 2952 2
1854 4799 2
3536 2544 2
3905 4446 2
3918 2837 2
3090 467 2
3289 658 2
2998 2684 2
3360 134 2
4080 3352 2
918 3112 2
3569 171 2
3661 1476 2
1803 4889 2
3085 2849 2
3964 3677 2
2395 1277 2
2235 784 2
1200 936 2
1853 1113 2
1448 1801 2
4279 1041 2
485 3178 2
4829 2958 2
1217 361 2
3092 1221 2
3830 137 2
3517 1093 2
3392 170 2
664 1581 2
3316 881 2
1515 3237 2
814 192 2
4415 2059 2
3966 530 2
4560 4498 2
2788 1774 2
3875 4551 2
1432 1857 2
4136 901 2
3450 4430 2
2164 27 2
891 1213 2
2229 575 2
3091 2825 2
2071 4847 2
511 2404 2
1830 2092 2
3976 4695 2
2807 341 2
4650 2898 2
4058 2214 2
3883 2966 2
1295 2290 2
65 2646 2
2071 4058 2
4063 765 2
932 4378 2
370 811 2
740 2912 2
4748 2523 2
3946 1183 2
1807 3356 2
3855 3656 2
133 3832 2
3684 1654 2
663 60 2
492 2124 2
4469 4959 2
350 1222 2
632 3895 2
2229 3590 2
625 90 2
569 2839 2
407 3965 2
3453 295 2
3037 3775 2
1384 3452 2
3642 1549 2
2921 4496 2
379 3898 2
1356 2819 2
2069 3974 2
2341 3523 2
3210 2378 2
839 2867 2
1650 2359 2
2322 3036 2
3817 4872 2
508 631 2
524 2504 2
3003 2887 2
1810 1612 2
1368 897 2
4602 1016 2
951 4135 2
1092 715 2
4653 1131 2
1275 1645 2
3573 2624 2
1648 4988 2
2716 3716 2
1697 1527 2
1576 515 2
3527 4002 2
393 2551 2
2729 3285 2
3441 2059 2
2828 1979 2
689 2769 2
321 418 2
4692 601 2
969 3244 2
3314 3892 2
4230 2066 2
2093 4279 2
3386 2088 2
1348 2607 2
2214 2763 2
806 2997 2
1994 4383 2
1146 3723 2
4210 2244 2
3488 2882 2
2605 1791 2
3520 2707 2
4101 3519 2
3692 1791 2
3426 774 2
2623 2161 2
3964 2080 2
1462 2759 2
2691 1011 2
4754 1040 2
3120 3535 2
1159 3395 2
654 1181 2
1576 3898 2
4848 130 2
4701 2290 2
4357 3319 2
53 1514 2
356 1470 2
2072 4332 2
413 3953 2
1233 676 2
1338 2926 2
406 2721 2
173 996 2
656 30 2
2927 448 2
1918 1607 2
2120 4393 2
4010 3603 2
1342 2258 2
176 1540 2
1160 3660 2
2020 243 2
1411 2266 2
4562 4131 2
854 2906 2
4940 593 2
754 3537 2
2361 3343 2
3213 298 2
4545 3594 2
4905 3172 2
929 2906 2
1770 4483 2
273 937 2
1571 4558 2
3500 4552 2
2280 4199 2
4707 2580 2
3543 1035 2
2661 489 2
1746 547 2
4965 715 2
4098 1938 2
3418 1132 2
1468 2776 2
2223 3227 2
4217 1377 2
4294 3914 2
3108 1886 2
2251 473 2
4648 4802 2
4388 3773 2
2914 2908 2
4964 3871 2
4098 365 2
2138 1503 2
2926 770 2
2058 1175 2
3449 4641 2
45 2816 2
2347 1502 2
4458 4761 2
3674 3157 2
1823 4138 2
2040 1254 2
4929 498 2
2095 4692 2
724 4020 2
4605 2265 2
3270 3894 2
1797 223 2
843 4919 2
3343 4957 2
1374 4928 2
4080 439 2
4548 3248 2
2677 1428 2
4147 2391 2
2430 4663 2
1810 567 2
2933 1592 2
1509 284 2
2791 4358 2
586 324 2
2715 3388 2
4089 3460 2
1166 2786 2
2675 2181 2
663 3851 2
2613 3633 2
3947 1418 2
3635 1699 2
3853 1930 2
3528 4387 2
3108 4199 2
2931 3569 2
591 2597 2
1096 2997 2
2771 1817 2
3128 4270 2
73 1475 2
4863 1342 2
1071 3669 2
1103 285 2
2123 1827 2
1961 4311 2
2400 1781 2
2579 892 2
4945 4882 2
3239 4371 2
434 420 2
4177 444 2
2156 4913 2
2610 3316 2
1838 2578 2
2547 338 2
2038 2698 2
4512 4029 2
4640 648 2
3037 2305 2
2635 503 2
776 4358 2
2609 3474 2
4917 3695 2
4814 4844 2
4506 4473 2
858 2156 2
2798 353 2
2180 4787 2
1537 1418 2
2528 870 2
2041 377 2
723 3391 2
29 3168 2
3394 4778 2
3310 2824 2
656 1936 2
3099 20 2
2634 3738 2
3188 1774 2
4828 2203 2
450 1346 2
2367 1968 2
2181 4073 2
4779 472 2
2758 2048 2
2373 4178 2
2426 1580 2
4210 2442 2
252 1869 2
73 3267 2
1698 4338 2
1416 1671 2
85 3075 2
367 680 2
2888 3420 2
1721 2703 2
63 4789 2
1244 20 2
1239 4895 2
443 2948 2
4660 429 2
3969 3199 2
4193 3129 2
1160 315 2
1538 3840 2
3454 1059 2
3632 3433 2
764 3077 2
1618 1723 2
2851 832 2
472 1293 2
1552 2438 2
1050 209 2
3564 2055 2
2821 642 2
2944 4175 2
3295 738 2
1927 2445 2
2597 2218 2
3966 1577 2
2073 3077 2
3712 962 2
4307 4872 2
4055 129 2
4171 2215 2
3049 3498 2
3831 3902 2
3597 4412 2
2534 3198 2
2744 106 2
750 3596 2
1680 182 2
2785 2472 2
2286 1473 2
2400 1516 2
3870 1832 2
4507 1387 2
2948 2093 2
3480 469 2
2593 2464 2
2117 4456 2
4758 3310 2
3197 4544 2
4415 4633 2
115 1765 2
3220 4263 2
4158 403 2
3569 1905 2
1210 112 2
1621 1637 2
2547 4991 2
4289 4014 2
1822 3088 2
2626 846 2
4328 2194 2
1565 4419 2
4256 2606 2
4408 4332 2
2720 4909 2
4249 4970 2
4150 2514 2
2862 4318 2
1770 2244 2
1042 2050 2
3411 3430 2
188 2492 2
1946 1002 2
4513 272 2
4926 3628 2
4335 3204 2
3337 4753 2
3703 4120 2
4401 1307 2
4424 2022 2
2565 2217 2
2920 4333 2
2659 2735 2
1517 473 2
2574 3134 2
890 938 2
830 958 2
3973 3331 2
2331 3978 2
772 1365 2
2952 2954 2
1306 811 2
2473 1076 2
4129 1468 2
3941 2287 2
2163 3205 2
510 4295 2
2615 2759 2
2070 533 2
4414 4588 2
3893 1448 2
1086 1008 2
2000 3890 2
3242 2243 2
3867 4303 2
1649 4320 2
4869 3945 2
3930 4485 2
3158 2732 2
547 4800 2
4641 1697 2
956 4421 2
1366 2591 2
4970 4389 2
4508 1088 2
3854 4720 2
1187 4773 2
1350 784 2
2788 3076 2
2758 4675 2
2482 3372 2
4333 1362 2
389 2260 2
4379 4244 2
1865 1578 2
349 252 2
4302 4260 2
1867 1050 2
3095 1611 2
1797 2075 2
187 3879 2
1067 1526 2
3632 345 2
1263 4250 2
2029 163 2
1591 1355 2
52 3181 2
362 1216 2
2527 21 2
3101 1105 2
2150 4649 2
3206 4865 2
1429 3391 2
2108 4169 2
1225 669 2
3824 3198 2
4065 3897 2
2120 2240 2
4177 3709 2
2242 569 2
4602 2060 2
886 2197 2
2355 3195 2
1602 1061 2
1751 1718 2
1229 3455 2
1026 4792 2
1844 3608 2
3155 3389 2
308 979 2
2292 4007 2
4000 816 2
3939 1545 2
1590 4972 2
79 96 2
1955 1550 2
1596 3462 2
4441 663 2
319 429 2
3937 246 2
675 3030 2
643 4401 2
3417 2836 2
3444 3790 2
3372 2722 2
632 3497 2
2739 3339 2
1335 587 2
3993 4501 2
2651 4019 2
4680 1982 2
3714 2359 2
49 1299 2
3072 4349 2
896 2278 2
4711 630 2
330 13 2
1228 688 2
3123 3172 2
3833 3063 2
2410 3046 2
1283 1210 2
3384 1103 2
2426 3910 2
1956 207 2
4438 2183 2
2833 602 2
4364 2243 2
3166 4440 2
405 2618 2
17 3350 2
1498 3017 2
1983 1670 2
4884 1451 2
3226 126 2
3368 3933 2
429 470 2
1109 532 2
2839 2210 2
3613 4373 2
1355 2853 2
3094 3461 2
1458 3823 2
2519 4375 2
1804 2467 2
1452 2255 2
1701 1592 2
381 1194 2
2567 3012 2
3558 4455 2
2819 2177 2
1779 3360 2
4463 4074 2
933 2868 2
4460 2473 2
4450 3893 2
21 3908 2
4282 699 2
3295 2628 2
4210 1143 2
109 63 2
4333 2502 2
1966 4018 2
2612 3650 2
1003 3071 2
790 4478 2
3961 803 2
1116 4678 2
4321 338 2
4029 942 2
1507 3592 2
3414 4746 2
2998 1040 2
4347 1223 2
770 1533 2
776 2047 2
1720 1584 2
2068 314 2
4927 3193 2
3349 659 2
778 1875 2
3938 2698 2
1822 187 2
1188 2044 2
427 2394 2
1158 447 2
1983 4928 2
4725 4122 2
1275 3246 2
3563 390 2
450 2763 2
1337 2859 2
3044 740 2
770 434 2
4924 1645 2
2922 3402 2
10 4303 2
1255 1609 2
3568 4478 2
2140 4957 2
1270 23 2
583 4834 2
1604 3831 2
3887 2707 2
2255 2920 2
1751 25 2
4903 2800 2
4507 988 2
4623 2014 2
4929 3708 2
4249 1868 2
2596 4344 2
1836 77 2
2786 1214 2
2766 1654 2
4304 2104 2
4612 356 2
867 963 2
60 4003 2
2146 4162 2
2602 570 2
3368 770 2
3247 4114 2
4602 3821 2
1033 1449 2
4095 1977 2
3130 972 2
3995 1394 2
1202 709 2
1305 349 2
1104 1293 2
1239 1339 2
2638 87 2
2167 3774 2
3740 901 2
1909 3707 2
2434 1836 2
184 4201 2
2021 4831 2
1432 1357 2
4040 1302 2
3776 4058 2
3902 1296 2
4544 4121 2
747 3994 2
4053 4785 2
376 2329 2
3467 2265 2
2739 2340 2
3103 4379 2
89 993 2
4252 2899 2
3929 2773 2
3309 982 2
4281 1395 2
2694 4381 2
4378 2646 2
2281 2413 2
2949 2428 2
1245 903 2
2563 601 2
1053 2404 2
1870 2614 2
1945 3308 2
2673 2142 2
2174 4017 2
4362 1992 2
1755 4868 2
1267 1039 2
2283 1674 2
3073 1347 2
1174 4478 2
2534 2538 2
1045 2659 2
3894 3802 2
1200 2856 2
3166 4830 2
2070 774 2
710 511 2
4257 3710 2
1855 2152 2
322 3428 2
2041 3188 2
3585 450 2
2272 3197 2
150 4233 2
3499 4677 2
2033 778 2
4281 4969 2
800 2181 2
2929 2101 2
2608 724 2
2369 2539 2
4382 1531 2
4999 4606 2
533 200 2
3961 4677 2
1675 684 2
4194 4334 2
318 1443 2
1468 976 2
2008 2033 2
4794 2971 2
3042 3947 2
2614 1818 2
3821 364 2
270 2782 2
2147 1079 2
1798 4033 2
3576 2203 2
289 1862 2
4685 2315 2
3108 1513 2
695 4356 2
1796 4517 2
4904 1313 2
1342 967 2
3977 2675 2
2364 2168 2
3291 3601 2
3077 3433 2
1924 4763 2
3288 2179 2
1655 1822 2
2222 4052 2
1174 2388 2
4003 1738 2
3882 4572 2
2860 868 2
4329 3328 2
304 3092 2
634 1928 2
3247 4519 2
4933 2574 2
1023 3600 2
3838 4801 2
564 4583 2
795 3090 2
1668 3423 2
569 1713 2
3448 4483 2
1195 1246 2
2265 2011 2
2391 1133 2
2016 3253 2
704 1251 2
479 2965 2
4024 3421 2
4592 2690 2
3313 4644 2
53 1826 2
594 2929 2
3739 609 2
2982 3387 2
3586 3108 2
2234 1462 2
3123 1453 2
2484 1464 2
875 457 2
4963 2351 2
3133 802 2
1404 4395 2
271 1119 2
246 3185 2
1514 3932 2
3785 2138 2
2746 1541 2
2810 2394 2
4256 923 2
1013 3571 2
1544 2508 2
4609 3687 2
508 4338 2
1729 4605 2
2027 3760 2
1046 681 2
356 2480 2
4976 1847 2
510 4588 2
1328 2053 2
1303 2060 2
2940 101 2
4485 2522 2
1606 1263 2
277 269 2
297 4364 2
2830 3152 2
4237 2324 2
4956 295 2
4075 2155 2
4094 1602 2
2959 4519 2
4950 2808 2
1357 1889 2
3932 4701 2
4176 1906 2
3275 1803 2
708 2760 2
4976 988 2
2574 1037 2
1047 575 2
3429 4486 2
3527 4619 2
550 3315 2
3157 1481 2
1028 186 2
4284 631 2
2674 2819 2
1136 3240 2
2282 2889 2
175 1830 2
4352 3761 2
539 4930 2
4764 3187 2
3394 140 2
2526 355 2
159 1557 2
4282 1349 2
4078 3042 2
886 1246 2
4542 3768 2
320 4052 2
1937 4029 2
41 3502 2
3223 1785 2
1833 772 2
3428 3926 2
292 1418 2
2544 118 2
4722 4319 2
4466 3747 2
869 2551 2
2766 658 2
3501 2229 2
4414 168 2
2933 2478 2
4158 2887 2
2499 4940 2
4392 681 2
3891 4814 2
3678 199 2
1842 3456 2
1975 3837 2
2280 3571 2
4191 404 2
2175 2649 2
450 629 2
1211 3229 2
4128 2307 2
3056 1516 2
872 1536 2
2719 1978 2
271 4611 2
949 503 2
1741 2088 2
2641 4314 2
676 3106 2
4733 1020 2
288 2035 2
852 4877 2
721 3182 2
2168 2708 2
4995 2852 2
120 797 2
2345 3023 2
4515 1999 2
121 1226 2
2455 484 2
1315 3003 2
668 676 2
222 2677 2
4735 631 2
3835 4044 2
2843 4665 2
3469 1283 2
906 1519 2
2194 2067 2
4557 3686 2
3686 726 2
900 2441 2
2028 1158 2
302 199 2
564 1694 2
3216 2857 2
3841 4792 2
4379 1260 2
3570 4289 2
222 3544 2
1208 2969 2
3551 4904 2
3461 4768 2
4060 1426 2
3451 4479 2
1209 2427 2
4091 3717 2
2576 3172 2
555 2458 2
522 1604 2
4780 2549 2
4340 805 2
4708 1391 2
981 1678 2
2934 2911 2
3756 4943 2
1430 3684 2
3256 310 2
3193 4537 2
626 4057 2
4536 717 2
1423 2154 2
495 427 2
2007 3489 2
658 4264 2
1941 2926 2
3249 3285 2
651 2471 2
2420 4194 2
1100 4118 2
1294 4094 2
1227 2112 2
3591 943 2
2281 1462 2
1609 4193 2
3243 4868 2
4698 3375 2
2068 480 2
4168 3572 2
4770 3330 2
2482 2946 2
3994 4211 2
2629 883 2
2352 3345 2
2506 3737 2
2556 4475 2
149 2220 2
3665 1041 2
2767 4741 2
2056 4005 2
616 2464 2
4580 2445 2
59 524 2
2977 3319 2
2277 4536 2
1994 1048 2
933 1459 2
2530 2594 2
1705 2447 2
4870 2610 2
2177 81 2
4351 644 2
3830 9 2
2865 854 2
4357 1432 2
3965 2728 2
1036 4814 2
4237 3845 2
3778 2807 2
1556 1090 2
739 1201 2
2100 2 2
2633 2643 2
3185 4394 2
759 2231 2
1767 4727 2
1359 2974 2
169 1436 2
4863 1795 2
2182 373 2
3238 85 2
2109 175 2
666 2492 2
2659 3789 2
504 2988 2
1223 4721 2
4980 1612 2
4440 1424 2
4491 2595 2
1012 3900 2
2830 2794 2
4308 998 2
42 1384 2
3100 4933 2
634 1794 2
663 122 2
3246 915 2
3368 4747 2
668 2479 2
4091 4570 2
4779 4964 2
3272 4615 2
2068 4569 2
1908 1539 2
2731 4602 2
3497 821 2
961 2699 2
923 2956 2
1213 2377 2
2273 70 2
2188 123 2
4796 922 2
1594 2509 2
3283 1432 2
1131 446 2
2229 1589 2
3420 2233 2
229 2484 2
2374 1761 2
4984 3712 2
4262 4078 2
4998 2789 2
4154 4113 2
1547 929 2
486 4541 2
4792 183 2
40 4650 2
2983 4821 2
4503 2869 2
4960 3862 2
3952 1589 2
643 2317 2
422 1407 2
4885 3238 2
975 1100 2
1949 4329 2
4811 1860 2
2597 3310 2
40 888 2
2522 2276 2
1575 817 2
4964 596 2
2825 1437 2
3853 1430 2
1130 2970 2
863 2354 2
3588 1726 2
426 2226 2
1359 4206 2
3074 4454 2
4114 173 2
2529 3817 2
3781 985 2
3721 3023 2
4406 2098 2
3362 3115 2
1146 1602 2
982 2140 2
4979 3980 2
1074 3707 2
1334 2473 2
3691 245 2
3954 2545 2
1346 706 2
4765 933 2
1841 679 2
3822 1011 2
2819 4825 2
3282 4626 2
1823 815 2
1433 1462 2
4272 1956 2
709 4229 2
1506 2225 2
1441 3116 2
3865 995 2
4740 4545 2
2266 1012 2
595 2860 2
2553 3216 2
4110 863 2
790 1550 2
4838 1200 2
2598 3746 2
3678 1419 2
3424 2249 2
4318 1915 2
3400 4117 2
1707 590 2
2151 356 2
701 2721 2
203 3431 2
1513 1801 2
3505 2915 2
1604 3320 2
2401 3087 2
1246 3330 2
4679 2017 2
1062 1785 2
2361 2928 2
2371 2175 2
3555 4416 2
1143 187 2
3688 3802 2
2668 596 2
2910 4250 2
1247 839 2
3289 1286 2
1866 2262 2
1932 4465 2
2368 2526 2
4700 908 2
1135 1544 2
3780 2786 2
2546 2835 2
4471 1233 2
1579 3585 2
2316 4025 2
47 589 2
3561 3092 2
4521 2510 2
4669 2975 2
1979 3098 2
298 4658 2
2353 4646 2
3777 3496 2
3512 2855 2
191 1951 2
59 3748 2
37 608 2
2549 4606 2
1875 4947 2
4905 3243 2
4346 2563 2
1244 453 2
2442 2342 2
3613 1069 2
3125 3200 2
3466 4447 2
2995 1293 2
4485 1716 2
2798 3037 2
94 4514 2
2226 4734 2
3967 3351 2
4083 3633 2
4282 176 2
1693 97 2
1296 417 2
457 4109 2
2512 2720 2
4737 2850 2
2402 4321 2
603 4614 2
866 3565 2
3256 4794 2
4613 4558 2
2197 988 2
398 4855 2
1348 238 2
4647 1112 2
3544 1004 2
2944 3511 2
906 735 2
37 1121 2
2331 4068 2
624 430 2
1847 3963 2
460 1738 2
2149 364 2
2066 3056 2
1934 917 2
1251 3534 2
2017 1249 2
3909 4717 2
3627 1539 2
3628 4966 2
117 4627 2
2116 1037 2
1308 2960 2
4406 532 2
3868 2521 2
865 2732 2
1274 2672 2
4943 3087 2
3192 3796 2
3789 4964 2
1356 205 2
1019 89 2
2663 1992 2
777 2247 2
4152 233 2
4359 272 2
2379 825 2
333 1006 2
937 4916 2
3052 976 2
4575 4937 2
1003 2589 2
1515 2569 2
4491 3746 2
3765 434 2
4046 4687 2
4239 4497 2
1505 3608 2
2414 2190 2
4332 3381 2
3481 561 2
2571 2028 2
2635 3605 2
2212 2526 2
964 4762 2
1618 2416 2
3253 1454 2
4206 1966 2
4351 4669 2
967 1481 2
75 4969 2
4375 4195 2
4592 3737 2
582 565 2
770 4886 2
4018 4932 2
1830 3596 2
4502 3019 2
3598 4894 2
3474 1577 2
4330 3604 2
2700 4024 2
3339 1481 2
3850 1728 2
2905 811 2
659 4826 2
1891 2699 2
3916 4068 2
4569 3261 2
1469 2002 2
2700 720 2
3655 1898 2
694 791 2
4037 2010 2
4474 2921 2
3168 4018 2
1551 3404 2
1395 2261 2
263 1981 2
64 2715 2
4681 3935 2
1358 313 2
464 2600 2
2837 1695 2
3195 4387 2
2396 372 2
3526 794 2
3981 1794 2
4374 4196 2
2481 3307 2
2835 2964 2
3190 4283 2
1309 4550 2
4679 1280 2
272 1570 2
2767 3384 2
1852 626 2
4682 2092 2
1513 2128 2
118 4066 2
1483 1937 2
2209 3113 2
2436 447 2
4103 4111 2
252 1033 2
1510 3383 2
453 2982 2
1506 1847 2
2047 3501 2
4126 1521 2
4089 844 2
91 3138 2
2135 2438 2
1856 2973 2
3846 1375 2
1825 833 2
3156 481 2
1421 262 2
900 1736 2
1376 1175 2
241 291 2
1068 2942 2
2971 3682 2
1854 4511 2
4791 494 2
1401 3133 2
114 3758 2
3220 4990 2
4671 366 2
1180 194 2
4109 3828 2
3874 2667 2
3535 3397 2
1896 464 2
4096 4427 2
1876 1137 2
409 3964 2
3174 2380 2
1423 1854 2
2504 3405 2
3304 3253 2
3701 2614 2
3634 4324 2
848 1604 2
2470 1608 2
4334 4569 2
3023 4400 2
200 4467 2
4014 631 2
914 142 2
3971 1719 2
1676 4726 2
2821 2818 2
885 2948 2
744 2863 2
3172 1194 2
4037 187 2
972 1830 2
232 2538 2
3016 1290 2
283 3056 2
446 4449 2
3297 4632 2
1180 4007 2
3683 3919 2
1487 295 2
2668 3849 2
701 3381 2
2498 496 2
2915 3281 2
1112 3234 2
3634 3421 2
4802 232 2
2871 1112 2
4223 3090 2
1945 4928 2
2001 2323 2
2117 4329 2
3546 718 2
2175 3784 2
785 1287 2
3344 2846 2
2497 3193 2
4495 1195 2
4137 2647 2
3725 3446 2
3842 1843 2
1193 2837 2
1607 3026 2
2777 876 2
1181 3989 2
1956 1577 2
4533 3796 2
2555 1504 2
1496 4594 2
191 1174 2
2955 1781 2
380 3784 2
1776 1353 2
2300 2054 2
3232 1635 2
2440 1614 2
258 3248 2
3047 2524 2
570 567 2
1432 1647 2
150 1519 2
3776 3291 2
334 4204 2
3212 4669 2
1149 2279 2
1063 2481 2
4478 4177 2
1481 3415 2
1920 1489 2
1035 2085 2
1674 1152 2
3174 4073 2
1611 121 2
196 4563 2
1364 4079 2
2678 4277 2
2778 2201 2
3744 208 2
4277 2979 2
331 1 2
928 4653 2
2771 4508 2
844 1318 2
40 3123 2
1562 2414 2
4584 4969 2
4801 4105 2
1576 2699 2
4166 2953 2
3304 4145 2
4298 1041 2
656 4895 2
4492 3793 2
544 716 2
394 2734 2
1166 2114 2
2117 1872 2
4396 2555 2
1386 4997 2
4275 4152 2
542 2729 2
4940 1828 2
1068 2561 2
3637 395 2
4813 1177 2
3151 3916 2
1045 2766 2
188 3297 2
2373 3252 2
147 951 2
4683 2567 2
2743 1860 2
3457 1255 2
3642 2628 2
809 2309 2
952 660 2
1345 1897 2
4807 4049 2
3127 1712 2
4883 199 2
478 4663 2
2786 2364 2
2846 3850 2
2495 3148 2
4404 3132 2
4653 4930 2
811 1230 2
4367 3776 2
2007 3231 2
4009 3995 2
4426 1806 2
4028 450 2
1896 214 2
3912 2214 2
1497 454 2
1699 3239 2
3998 257 2
3342 1197 2
704 1101 2
1245 605 2
4430 4478 2
2918 3965 2
4871 4907 2
4595 2999 2
4386 1733 2
3095 3951 2
765 393 2
3662 957 2
2481 2819 2
4191 1687 2
1088 3863 2
2173 558 2
2517 1638 2
3744 920 2
1389 2872 2
3650 3572 2
202 4539 2
1149 4780 2
2874 4149 2
2637 4035 2
4488 1666 2
1868 4861 2
3282 2683 2
3963 1245 2
900 3899 2
3664 4483 2
4883 931 2
2680 227 2
3749 404 2
4917 2818 2
2610 2053 2
1197 1874 2
3411 2776 2
3447 933 2
2711 1091 2
3209 3572 2
1570 288 2
3589 412 2
3811 1587 2
4959 3414 2
2208 2538 2
3257 4792 2
149 4491 2
2908 1867 2
825 4282 2
1683 3492 2
7 2660 2
729 4731 2
2469 1781 2
2850 834 2
4486 672 2
2626 4304 2
4615 1041 2
4480 535 2
3174 1553 2
381 3019 2
4399 804 2
2804 3446 2
3658 914 2
1005 1858 2
4042 2297 2
2135 688 2
320 1472 2
2501 1548 2
3265 3939 2
2326 4381 2
2077 2610 2
4203 3362 2
4077 4099 2
2409 2991 2
2241 3258 2
2495 2520 2
4328 998 2
3647 1488 2
2211 2570 2
1533 1875 2
3160 2558 2
1052 1094 2
4148 3639 2
1718 4758 2
1066 661 2
4547 963 2
62 744 2
1833 2786 2
170 841 2
903 2248 2
301 4791 2
4022 3600 2
292 1900 2
153 145 2
4181 3676 2
21 11 2
3339 2669 2
1872 2846 2
2300 467 2
1650 1811 2
1124 740 2
2433 4555 2
587 2208 2
389 519 2
566 2877 2
664 3190 2
3454 3741 2
4141 1007 2
4888 3572 2
1718 3172 2
4988 584 2
2913 3177 2
2142 2507 2
3074 4669 2
132 351 2
3218 1472 2
2559 162 2
4610 3935 2
3381 549 2
394 4934 2
995 646 2
4129 2813 2
2487 4192 2
4951 3103 2
249 3614 2
1285 2682 2
2711 2319 2
1650 3942 2
2888 2098 2
1954 1336 2
2701 4264 2
4587 690 2
3364 351 2
2054 1011 2
4731 1520 2
3318 1811 2
4424 3354 2
1782 765 2
1298 4885 2
1184 4729 2
3013 3488 2
2356 1516 2
885 2969 2
1260 2181 2
2398 4238 2
1654 3761 2
3832 3948 2
4981 4882 2
3286 1497 2
3854 3546 2
705 2281 2
3325 3876 2
2873 3456 2
641 4250 2
4079 4960 2
4365 771 2
1278 669 2
1069 2746 2
4917 4616 2
434 3671 2
157 4579 2
972 4933 2
1532 836 2
3492 763 2
2798 211 2
4848 2847 2
450 2671 2
3591 775 2
4751 1858 2
2033 4943 2
4823 2669 2
1202 1436 2
2547 3858 2
1123 325 2
3637 2375 2
3926 2280 2
4370 936 2
1247 1123 2
233 1607 2
683 352 2
4994 314 2
3521 2464 2
3549 2300 2
891 3419 2
4810 2055 2
349 1826 2
2234 2082 2
2632 3785 2
4855 2994 2
1058 3791 2
1786 4168 2
4644 1521 2
3075 4028 2
2293 4960 2
1140 1091 2
2180 376 2
2704 78 2
3784 1515 2
4637 4473 2
1008 143 2
91 4685 2
2674 3356 2
2564 4975 2
3335 2333 2
2588 2742 2
4643 3247 2
1207 336 2
4642 1862 2
4488 4125 2
4080 4900 2
1086 3450 2
64 2711 2
674 2294 2
743 4144 2
450 2307 2
3053 3318 2
3239 2276 2
656 1178 2
4954 2842 2
2308 2064 2
3773 3149 2
2803 1565 2
4643 1567 2
875 1750 2
3135 2728 2
3923 2625 2
4797 379 2
2052 1656 2
1317 903 2
144 905 2
2621 3825 2
4454 2734 2
4538 4365 2
2779 832 2
1367 2252 2
548 1341 2
2587 611 2
3900 2206 2
2731 1986 2
767 1027 2
2304 2386 2
4591 1887 2
2830 1282 2
2299 1047 2
2002 2117 2
3393 235 2
4041 1416 2
1038 1758 2
4769 868 2
4194 1296 2
1579 1895 2
3808 2478 2
4434 2216 2
3516 2012 2
4665 1376 2
4232 3857 2
6 2855 2
1270 1700 2
534 3341 2
1299 1869 2
3960 4812 2
2440 4424 2
4042 4415 2
4069 1444 2
1391 4396 2
2898 1777 2
2588 2164 2
1002 1495 2
3234 1307 2
4693 1969 2
2058 2032 2
1492 2353 2
668 3672 2
2149 2551 2
430 1598 2
2053 1440 2
4078 2606 2
244 3684 2
3722 2242 2
1106 2645 2
646 1206 2
2098 401 2
4155 2653 2
4219 908 2
1303 2981 2
4960 4354 2
933 4783 2
4903 3496 2
3500 1196 2
3873 775 2
2202 2304 2
1855 4170 2
36 2998 2
415 3246 2
1811 4501 2
2242 1604 2
718 3973 2
2348 3393 2
807 1213 2
4728 3528 2
1588 69 2
3191 1183 2
38 2331 2
3533 2219 2
3475 1536 2
1304 1346 2
1623 4040 2
1184 2868 2
4215 2641 2
463 3977 2
1206 4667 2
3614 3053 2
99 3690 2
3607 480 2
3587 2845 2
3859 3080 2
2250 1162 2
3984 2146 2
4613 952 2
4659 3892 2
4289 4307 2
2226 4265 2
2613 3964 2
2945 2255 2
1154 502 2
2456 1687 2
113 4650 2
1236 1345 2
4888 3755 2
3742 2957 2
4741 1248 2
2639 3482 2
2474 1823 2
76 1734 2
1308 854 2
1917 3678 2
1019 2625 2
2141 1677 2
4058 87 2
3747 2120 2
1019 751 2
3174 1540 2
4071 3865 2
2331 1787 2
541 4678 2
1536 2867 2
3777 2226 2
4072 1511 2
2451 1676 2
1902 1475 2
4534 4396 2
842 2271 2
3309 1395 2
4813 3240 2
2241 3891 2
663 2788 2
4107 4344 2
1025 2979 2
857 2670 2
4470 3518 2
4826 4726 2
3878 1458 2
3896 137 2
2792 3800 2
3820 2522 2
419 2476 2
2565 2287 2
3280 4619 2
829 3893 2
4544 2914 2
3759 3881 2
2773 3923 2
1440 2496 2
3447 407 2
3676 776 2
2523 3650 2
3112 572 2
236 160 2
3549 2399 2
2119 1596 2
80 355 2
3634 2605 2
4959 3873 2
2191 956 2
2586 4242 2
3050 3301 2
2913 2317 2
3464 2014 2
3529 4316 2
3713 3142 2
3814 3205 2
1901 112 2
186 4428 2
4524 4770 2
3052 817 2
3509 2642 2
563 2006 2
2978 1563 2
4491 609 2
3708 917 2
4513 2361 2
4261 4694 2
3200 4940 2
778 1111 2
2016 5000 2
4324 2103 2
1314 814 2
3741 3855 2
4824 67 2
3093 1815 2
3107 902 2
3782 2072 2
2573 2442 2
1523 2115 2
3493 2280 2
3327 4853 2
3130 4435 2
2766 4652 2
1520 499 2
1639 609 2
2543 3403 2
4864 3521 2
4252 784 2
2730 465 2
4381 2979 2
766 2975 2
1769 4359 2
295 3950 2
1292 1221 2
1602 3109 2
4621 1477 2
4777 2863 2
894 3660 2
3425 4150 2
4246 2377 2
270 4358 2
4449 985 2
184 2917 2
3423 3323 2
153 1942 2
3221 1039 2
3303 2890 2
4510 3910 2
4568 4176 2
2517 2755 2
1913 538 2
421 4922 2
4483 789 2
2959 4939 2
424 527 2
4024 517 2
226 1956 2
3181 1358 2
3836 307 2
1438 4898 2
2110 718 2
1934 2000 2
1309 3792 2
3450 4033 2
2619 2011 2
1470 3531 2
2124 4064 2
3916 215 2
2721 451 2
1059 1263 2
1076 523 2
4581 3011 2
229 3896 2
1294 1142 2
4603 1538 2
675 3493 2
2326 1540 2
3170 170 2
2673 540 2
3654 4736 2
4817 4315 2
3330 3313 2
1836 367 2
3293 3829 2
1146 3084 2
1157 4914 2
3623 4262 2
187 3161 2
1373 3715 2
4318 245 2
4421 3613 2
2385 3612 2
3228 4367 2
2776 4158 2
2804 1921 2
4301 794 2
880 2870 2
2554 495 2
3733 4796 2
4159 330 2
2519 4900 2
3070 1882 2
1987 3754 2
1420 2923 2
1112 3211 2
362 1848 2
2137 3726 2
473 3693 2
2973 2338 2
4538 3495 2
4325 1924 2
2318 1282 2
4453 722 2
744 4982 2
3480 1069 2
3828 870 2
1093 453 2
3725 752 2
1092 4226 2
1236 2189 2
1653 1463 2
4964 3377 2
45 37 2
4983 1449 2
2718 1321 2
2496 2768 2
4506 4631 2
477 4730 2
3996 3501 2
2919 3121 2
2657 4795 2
1986 2891 2
4565 1693 2
3970 4156 2
4407 816 2
4296 4473 2
126 1052 2
1309 3364 2
455 615 2
2860 3860 2
3714 4535 2
4140 3165 2
2930 2256 2
1127 955 2
412 2857 2
3 1816 2
4231 1697 2
1296 4143 2
762 1892 2
3225 1386 2
2915 3523 2
148 3500 2
2143 3363 2
3214 4951 2
4154 4291 2
2014 1351 2
4854 580 2
2416 3295 2
4910 4568 2
3017 3445 2
3319 2259 2
3210 4675 2
896 3131 2
142 2607 2
1521 4400 2
4885 4040 2
2545 2585 2
853 850 2
1696 1261 2
1948 4984 2
3363 2844 2
3894 2510 2
3365 3771 2
1930 646 2
3562 1058 2
2263 3220 2
3666 3995 2
2888 1829 2
4680 3587 2
1783 2226 2
55 3548 2
3691 4686 2
3217 949 2
1051 2435 2
3344 2056 2
2243 1195 2
1630 2016 2
4458 832 2
2248 4769 2
2320 2007 2
1594 1263 2
4536 1788 2
2601 4491 2
101 3814 2
2987 1932 2
2263 656 2
2769 2649 2
4048 4447 2
2759 736 2
4482 430 2
689 199 2
3361 2663 2
3624 1947 2
1846 1773 2
471 3858 2
956 1453 2
806 3085 2
3042 2484 2
2455 4464 2
3930 3477 2
3930 3 2
4263 4198 2
1886 3058 2
117 2394 2
4758 558 2
1671 4770 2
2982 2806 2
583 839 2
2709 3688 2
924 295 2
923 3629 2
2306 1926 2
3785 3353 2
1108 309 2
2144 1566 2
2629 1591 2
2172 3129 2
2851 4257 2
3725 1961 2
2811 3347 2
3182 3470 2
2971 4589 2
3628 2035 2
1739 1201 2
4318 2882 2
3934 2799 2
593 2783 2
2529 1710 2
164 642 2
482 3546 2
460 96 2
268 4594 2
4042 1108 2
2638 2659 2
975 3314 2
2570 3377 2
3742 2672 2
2105 1734 2
3170 1991 2
739 1684 2
3729 1172 2
969 1178 2
1306 4077 2
4921 19 2
4360 2482 2
1348 98 2
4405 3462 2
3657 4503 2
2842 4928 2
2501 1804 2
660 3558 2
1436 1158 2
2721 430 2
3499 3831 2
680 3187 2
2305 3330 2
3635 4552 2
4600 3064 2
3018 402 2
2802 3137 2
1500 116 2
1522 2547 2
2851 1413 2
4015 553 2
2061 2733 2
2582 1868 2
452 833 2
566 3260 2
4507 1481 2
3958 2736 2
2168 2872 2
4744 4994 2
919 2924 2
730 586 2
819 1342 2
3673 4076 2
3701 3662 2
1201 3041 2
2065 2048 2
3830 3218 2
1377 3524 2
3336 3208 2
938 4455 2
2474 2616 2
518 4972 2
673 3408 2
2794 4492 2
650 3880 2
1583 1399 2
3500 4436 2
2681 3835 2
2551 4748 2
3171 1257 2
124 3496 2
1345 4718 2
2096 2561 2
405 3593 2
4105 158 2
2308 2723 2
4464 4636 2
4790 2058 2
3388 2857 2
4254 4308 2
2603 3401 2
2910 2591 2
4680 726 2
2015 942 2
4600 2484 2
3910 1595 2
91 4373 2
3407 1203 2
4721 2411 2
4762 2562 2
2934 2966 2
2088 588 2
4113 2242 2
3521 996 2
582 2079 2
2086 1192 2
3338 2829 2
4125 1075 2
3496 2134 2
2475 3345 2
4547 3770 2
4573 3832 2
3905 1586 2
2828 540 2
2273 4074 2
1897 3501 2
107 787 2
3704 4886 2
1912 2675 2
4303 1583 2
2248 1812 2
2893 953 2
1317 178 2
2568 3086 2
4212 4584 2
1553 336 2
1767 2594 2
1081 430 2
4811 1396 2
405 3038 2
155 7 2
2570 97 2
957 1945 2
3808 3590 2
2348 1743 2
2508 117 2
930 67 2
2422 3975 2
1949 4027 2
209 913 2
3087 1793 2
2902 3431 2
4983 699 2
115 759 2
3787 676 2
1398 1491 2
4724 2308 2
3587 3511 2
492 1592 2
315 2179 2
2261 902 2
3165 3513 2
4903 4615 2
2229 2549 2
858 1488 2
3659 4932 2
911 1085 2
3977 374 2
3716 4058 2
950 2970 2
2042 2952 2
1426 1089 2
3944 355 2
2599 4798 2
2579 3586 2
1379 1596 2
5 1259 2
2981 4997 2
2949 3707 2
81 2950 2
4863 1819 2
2247 3201 2
2364 1479 2
714 4114 2
3891 4264 2
602 1485 2
3899 3968 2
3340 2576 2
1986 2655 2
1088 928 2
3621 388 2
1848 3883 2
3222 2445 2
4058 4358 2
4856 2059 2
2536 2567 2
1929 2459 2
3251 1405 2
4037 2850 2
4932 3896 2
1706 3139 2
1750 3593 2
3815 4205 2
87 178 2
4601 4481 2
429 1579 2
4427 3750 2
1135 4591 2
3291 2294 2
1625 1278 2
4520 2380 2
1396 4548 2
4994 4147 2
4023 2523 2
1510 952 2
1369 3772 2
1273 3137 2
670 1974 2
3503 2252 2
2841 3808 2
1793 3518 2
3348 18 2
378 3618 2
4902 2549 2
2051 4021 2
1454 4417 2
802 1169 2
739 223 2
12 1027 2
1121 1645 2
3167 828 2
1077 1680 2
3334 4308 2
3357 952 2
792 3615 2
4277 2089 2
2497 544 2
100 4810 2
1185 3194 2
3648 4604 2
2788 3709 2
1382 4283 2
4619 522 2
4001 1985 2
3339 1985 2
1486 2596 2
3966 1242 2
261 2726 2
2225 3826 2
3979 1159 2
2368 2103 2
1737 344 2
11 2929 2
644 4881 2
3944 2678 2
966 1282 2
2926 3902 2
3577 1114 2
1824 4742 2
4321 853 2
1665 1913 2
1828 3186 2
276 2273 2
3338 23 2
4280 4767 2
1403 2742 2
1389 1906 2
4387 1655 2
1197 3521 2
1975 2898 2
3527 1652 2
4747 473 2
1973 3389 2
878 2666 2
2160 1548 2
3186 4372 2
2518 2008 2
4914 4160 2
3894 728 2
3427 2647 2
2458 1751 2
1811 715 2
4581 4823 2
4671 4429 2
2417 4112 2
2791 4751 2
954 1567 2
99 2468 2
773 3638 2
3813 4687 2
739 1908 2
2414 64 2
4740 1449 2
2046 2449 2
650 1414 2
101 2402 2
1281 1673 2
1898 122 2
4888 1675 2
780 684 2
3136 3281 2
3693 861 2
3060 784 2
4128 4991 2
1338 1352 2
4401 3152 2
1376 3646 2
728 3061 2
4414 2285 2
2009 1699 2
3937 3366 2
205 518 2
2314 2167 2
4305 2819 2
2759 2164 2
2421 928 2
30 687 2
2261 2524 2
4811 1445 2
3355 814 2
1253 44 2
4900 2400 2
2624 1973 2
1607 2679 2
3954 2892 2
4646 3859 2
3021 1558 2
1905 4116 2
3893 3799 2
4301 1770 2
4573 4346 2
4012 4351 2
3773 3943 2
3389 544 2
1876 416 2
2141 2785 2
675 3378 2
456 3805 2
4661 3984 2
3480 400 2
3141 2680 2
3374 1962 2
236 1943 2
3374 2624 2
1440 1889 2
4433 515 2
572 2146 2
3338 1820 2
3148 4145 2
1154 1644 2
1277 2234 2
3991 93 2
2601 3804 2
4126 846 2
3175 2735 2
2859 3671 2
2909 1103 2
2956 4884 2
706 2045 2
3876 522 2
640 242 2
899 2765 2
1000 4415 2
2272 3356 2
530 2093 2
2310 4133 2
1299 3554 2
846 1567 2
4132 4310 2
1001 2269 2
1080 3824 2
2487 2022 2
997 3237 2
1369 733 2
4292 3275 2
394 4121 2
905 1167 2
4471 1357 2
3664 3203 2
1068 2278 2
2635 1197 2
3803 1641 2
1502 495 2
1223 4078 2
3981 3485 2
1296 2161 2
2057 1953 2
904 559 2
167 3632 2
1801 4905 2
4775 1696 2
2548 634 2
2827 1777 2
3828 4605 2
2686 1466 2
2146 2607 2
822 3006 2
3595 377 2
712 3525 2
4381 3582 2
4931 1846 2
1858 1212 2
4908 430 2
666 2212 2
2257 2002 2
4956 1306 2
452 3942 2
3013 1527 2
3916 2049 2
3602 1841 2
1102 1334 2
3057 2444 2
560 3072 2
1598 2437 2
2644 184 2
2103 687 2
2987 4412 2
665 334 2
2278 301 2
1377 1624 2
1892 866 2
145 1674 2
3872 3253 2
4684 4367 2
2928 3909 2
2557 4029 2
3028 2524 2
3889 4027 2
3626 1757 2
2615 1924 2
4851 1137 2
1086 1299 2
2198 4624 2
3900 4058 2
1549 3599 2
2006 506 2
4887 4789 2
4834 575 2
2508 4700 2
4506 2607 2
1193 2444 2
1290 4450 2
2372 3687 2
4840 1799 2
3091 1750 2
1508 2352 2
4318 882 2
3533 876 2
2579 4732 2
1492 1427 2
1494 4188 2
1854 789 2
2716 3647 2
1493 2259 2
2215 2268 2
4198 3166 2
3570 4549 2
4041 3470 2
3016 2350 2
1976 3735 2
342 2900 2
3765 3773 2
131 2452 2
4810 728 2
3892 117 2
2662 1676 2
3921 3968 2
1198 813 2
3466 3685 2
4969 3306 2
1825 1485 2
90 3353 2
2920 4832 2
3322 4483 2
860 1101 2
188 4330 2
418 3626 2
2536 639 2
1196 574 2
887 4233 2
2133 2380 2
1456 2186 2
2422 3978 2
1466 2302 2
777 2491 2
4577 3830 2
1333 438 2
739 2197 2
800 2552 2
4710 1043 2
3053 3177 2
992 438 2
1621 4389 2
4299 4224 2
3066 2801 2
2439 2766 2
2937 1326 2
3294 4023 2
7 70 2
2116 1492 2
2119 3903 2
962 2697 2
4656 2398 2
3317 2041 2
1167 2963 2
4875 2418 2
898 1565 2
2353 2647 2
383 4555 2
1862 2206 2
4207 407 2
3213 1656 2
1398 3562 2
4133 2072 2
449 182 2
3793 4054 2
4515 613 2
3775 1439 2
721 1343 2
755 4075 2
4749 3454 2
1631 973 2
922 3529 2
4548 4862 2
4070 3471 2
770 1868 2
1799 3402 2
1955 4 2
4771 2637 2
3414 1696 2
4040 4189 2
1154 2652 2
3647 4322 2
2350 4416 2
401 1965 2
2658 2401 2
2193 4039 2
228 468 2
3058 2973 2
3430 58 2
3084 4170 2
3925 877 2
4196 1090 2
1647 1099 2
1731 3301 2
4952 2709 2
3422 1472 2
2395 559 2
2713 2614 2
3826 1789 2
3334 1366 2
4195 554 2
2379 991 2
4173 3609 2
3390 1408 2
1448 375 2
2626 121 2
4889 1260 2
4816 1234 2
1007 3495 2
68 4316 2
1191 364 2
3485 1147 2
3098 4280 2
1397 4466 2
1021 4053 2
4682 1951 2
1315 4253 2
4816 4699 2
50 1138 2
3750 2109 2
1872 4787 2
4905 71 2
2999 3784 2
2069 1225 2
1257 3682 2
1343 4528 2
590 3863 2
1678 3101 2
317 1130 2
2644 2317 2
3394 2335 2
2182 2852 2
1167 54 2
1377 3688 2
1562 1731 2
3982 2121 2
4932 2869 2
1131 2404 2
4773 4957 2
4997 2826 2
1618 424 2
2441 4405 2
4678 1583 2
4328 1888 2
2764 226 2
3915 1515 2
4633 4977 2
537 2014 2
2514 1133 2
2631 2220 2
201 2853 2
1372 3196 2
4836 2552 2
65 897 2
4307 3342 2
2518 461 2
1894 407 2
3383 4530 2
3259 2513 2
683 1279 2
3827 2431 2
2024 1721 2
3772 1154 2
4145 4253 2
4614 151 2
1255 4128 2
2165 2560 2
4954 2895 2
588 3802 2
2681 3727 2
2865 1250 2
1603 1258 2
708 4028 2
4310 3605 2
513 4568 2
1510 3429 2
3300 321 2
4044 4372 2
4729 1998 2
2129 1369 2
1685 24 2
613 3180 2
1306 2855 2
970 785 2
3335 93 2
4483 4169 2
3754 2770 2
4805 868 2
1629 1159 2
395 4141 2
3463 1901 2
2921 3424 2
3534 4386 2
4808 1723 2
2938 1877 2
3231 4444 2
2457 2252 2
2165 1480 2
3502 3654 2
352 680 2
1186 2450 2
1632 3290 2
3424 3 2
4995 2097 2
2971 3516 2
3984 3780 2
3987 3875 2
1758 4805 2
1747 1573 2
2153 876 2
4411 4805 2
3785 3560 2
250 2886 2
168 3811 2
3818 2069 2
137 2099 2
4175 2206 2
3719 3851 2
4472 4363 2
4523 4299 2
1604 2261 2
1253 1713 2
356 4972 2
3556 704 2
2836 2368 2
1054 3764 2
732 2119 2
3695 2786 2
846 1601 2
2075 152 2
1406 1347 2
1537 2345 2
3383 1384 2
3288 2148 2
4847 1462 2
2588 4152 2
2570 4828 2
2439 2453 2
2195 2623 2
1613 4010 2
3784 3852 2
203 3655 2
4505 1952 2
3471 740 2
795 2318 2
3893 2121 2
19 1202 2
2644 3388 2
14 4292 2
2916 964 2
2819 838 2
1166 1528 2
3046 4967 2
4245 781 2
4903 2192 2
4747 2980 2
4114 4243 2
1356 2768 2
3108 1090 2
1775 777 2
4685 2621 2
2250 2148 2
1063 2041 2
3348 3030 2
676 729 2
3782 3626 2
1939 220 2
3085 2194 2
1883 4008 2
3436 3582 2
3975 3922 2
4311 2792 2
2760 2342 2
2882 725 2
1792 2138 2
3572 2441 2
4866 2878 2
832 789 2
253 4604 2
1623 4164 2
4208 19 2
1728 4936 2
1557 2976 2
1137 1547 2
2001 2830 2
1915 1990 2
2412 2846 2
3947 2991 2
2830 507 2
2596 4253 2
4004 1041 2
1739 463 2
314 4849 2
555 4554 2
2234 615 2
450 32 2
1161 2420 2
1264 888 2
515 3121 2
1053 870 2
4913 560 2
2365 4174 2
4339 2555 2
3941 4042 2
2159 3219 2
2420 2751 2
4613 3746 2
3445 3298 2
2440 3634 2
1908 4240 2
3074 2130 2
3007 4303 2
3702 3113 2
1094 2479 2
1410 262 2
828 1066 2
600 3225 2
754 4011 2
4423 1664 2
4094 2836 2
3382 3893 2
1104 2049 2
316 2792 2
4808 95 2
2893 2819 2
2828 1119 2
4072 2693 2
3448 1250 2
2808 94 2
1904 4227 2
4286 3078 2
475 1036 2
403 2749 2
194 3954 2
4330 3499 2
566 2086 2
160 1904 2
3339 2501 2
1393 694 2
4080 1064 2
4935 4435 2
2518 597 2
4932 195 2
1023 918 2
2848 1405 2
464 2104 2
119 4987 2
4866 312 2
2743 3183 2
1065 3507 2
325 43 2
4320 4368 2
1680 3326 2
4381 2835 2
4721 387 2
1927 2603 2
747 1191 2
1639 160 2
4180 3872 2
2491 889 2
1454 3294 2
1660 527 2
1163 842 2
4668 630 2
1741 1945 2
3174 589 2
443 2934 2
3234 662 2
3004 1449 2
841 2224 2
2162 4847 2
1053 4705 2
3192 1167 2
22 4686 2
3437 772 2
4379 656 2
1183 1879 2
849 1486 2
4698 934 2
1009 2527 2
4791 3661 2
195 3067 2
807 4726 2
1922 2719 2
2575 1409 2
2298 2372 2
3188 4458 2
1571 2251 2
2863 2655 2
1810 1055 2
3184 4177 2
926 2755 2
4376 1662 2
4446 1784 2
1690 4775 2
3280 1144 2
2416 3341 2
2614 3995 2
1986 726 2
1462 278 2
1092 4725 2
1485 4907 2
744 3855 2
2565 1844 2
4534 3010 2
3665 566 2
4686 655 2
4493 652 2
1820 4978 2
3542 3574 2
3915 399 2
433 4051 2
1402 55 2
3684 1860 2
708 1221 2
4229 3226 2
2136 493 2
88 2275 2
4161 284 2
3045 245 2
3557 3745 2
4383 2191 2
1896 333 2
1656 3055 2
115 1931 2
679 454 2
2438 431 2
1985 1922 2
3363 3370 2
3039 327 2
244 1565 2
3211 3983 2
1346 1273 2
3159 389 2
3455 726 2
4925 1685 2
2483 3137 2
3636 4490 2
2626 3144 2
644 4684 2
2470 3450 2
2394 4502 2
3667 3271 2
923 1380 2
1317 3356 2
327 4458 2
3920 4826 2
1284 3786 2
2257 3952 2
164 1059 2
3305 1145 2
1186 4994 2
4745 2836 2
4652 3862 2
4425 3450 2
1109 2755 2
1224 2109 2
3897 2648 2
1764 4843 2
1464 811 2
4025 4860 2
4131 893 2
2520 4304 2
4257 3266 2
556 1469 2
1806 4449 2
4455 4201 2
3700 3210 2
3247 586 2
2625 4856 2
233 460 2
485 4862 2
3093 1506 2
2508 1363 2
2772 439 2
560 4175 2
3981 4379 2
225 151 2
3335 4757 2
1814 791 2
3721 110 2
2731 2426 2
3538 2228 2
723 2839 2
3675 2050 2
587 1328 2
4458 4135 2
3136 4925 2
3661 1414 2
3976 4445 2
1033 3101 2
2899 3560 2
1548 1452 2
2794 1222 2
4506 2841 2
2915 3989 2
2203 153 2
1370 1394 2
1451 878 2
3019 2911 2
1309 329 2
3224 4740 2
4787 1339 2
2811 445 2
209 4699 2
916 4256 2
3562 3542 2
643 2099 2
2401 879 2
495 2846 2
905 295 2
2686 2645 2
948 2036 2
2947 2215 2
4039 1975 2
1043 850 2
2472 4838 2
1670 4118 2
4401 1750 2
1752 187 2
1651 4452 2
1424 37 2
3296 1507 2
1988 2820 2
1927 3988 2
4240 2183 2
4976 4057 2
1867 4375 2
2078 4274 2
3378 3708 2
3054 532 2
3835 3033 2
600 57 2
1307 1717 2
1637 2506 2
2551 3284 2
4204 1243 2
2224 3617 2
4718 923 2
2412 3080 2
4406 2202 2
3417 2239 2
3796 4634 2
4463 1442 2
3284 3794 2
1216 4239 2
190 3850 2
3319 3143 2
1465 1339 2
2365 1993 2
4689 2386 2
4114 3816 2
2794 358 2
2128 3680 2
1487 3771 2
2377 3442 2
597 2840 2
3809 337 2
3830 4524 2
3210 2961 2
407 4482 2
307 1369 2
841 4428 2
1533 4390 2
3398 1056 2
4578 4303 2
3601 4844 2
1871 140 2
279 4470 2
1260 1106 2
1516 3885 2
4661 372 2
3754 4073 2
885 527 2
1758 139 2
4032 982 2
1769 1535 2
3375 1102 2
4185 2086 2
1271 1940 2
2917 343 2
2379 3701 2
2525 1273 2
4286 457 2
2033 4066 2
452 4761 2
1951 4266 2
2003 1741 2
3389 4279 2
563 1726 2
4625 4617 2
817 3310 2
3478 921 2
3513 430 2
62 2998 2
626 3496 2
1578 795 2
2870 1557 2
2108 3779 2
1813 4173 2
2733 3856 2
3793 3582 2
2307 2664 2
4613 85 2
4933 2104 2
578 4500 2
1570 222 2
155 1621 2
99 2893 2
3431 1344 2
1082 3999 2
4928 3312 2
665 4802 2
537 2115 2
48 1227 2
3412 528 2
1022 3870 2
2052 697 2
177 571 2
1017 918 2
4406 720 2
2387 3252 2
3387 671 2
5 801 2
1148 1354 2
4409 1185 2
3871 2430 2
2944 2598 2
2322 418 2
4306 1604 2
3686 4367 2
4330 982 2
3261 1192 2
3564 4598 2
3345 3534 2
3843 883 2
3079 2161 2
4671 764 2
655 1368 2
937 364 2
3917 2034 2
3893 1056 2
4144 4350 2
1016 721 2
1564 1218 2
2958 1416 2
11 3203 2
2044 4948 2
3386 2087 2
3487 1069 2
3409 2984 2
3567 1540 2
4148 1332 2
1926 1357 2
710 4952 2
3096 1194 2
933 2697 2
4535 634 2
362 502 2
3124 963 2
1037 616 2
4069 435 2
3886 651 2
2386 3744 2
4582 3903 2
3111 2230 2
1770 1609 2
2110 873 2
1110 1415 2
4070 3102 2
905 717 2
160 2751 2
3959 4326 2
3318 3482 2
1528 479 2
1414 3047 2
284 327 2
4463 936 2
22 4256 2
4146 4227 2
4492 4874 2
809 268 2
4087 2416 2
4326 4881 2
3414 283 2
1676 599 2
2960 4219 2
539 447 2
329 1427 2
1437 199 2
1732 4768 2
2694 3479 2
3747 3799 2
656 2998 2
3003 1741 2
142 2102 2
2277 3134 2
1767 2745 2
4295 2140 2
2212 4753 2
4546 228 2
958 3225 2
2227 2231 2
131 50 2
3788 1796 2
758 4584 2
4578 2681 2
4885 2810 2
3792 4768 2
2386 4528 2
1205 2039 2
3209 3944 2
1921 75 2
3421 3013 2
4227 2247 2
3440 770 2
964 2907 2
2273 4847 2
2262 3653 2
4134 1173 2
4605 126 2
4378 2687 2
4135 4185 2
475 2483 2
3441 109 2
1639 1992 2
1474 3805 2
4029 4405 2
1395 1016 2
2938 2796 2
687 3379 2
2589 2540 2
4901 715 2
1238 3376 2
2408 4149 2
1826 4691 2
4812 717 2
2839 2793 2
942 412 2
1845 3234 2
140 1240 2
809 983 2
1010 1778 2
3286 4713 2
4649 3184 2
728 4371 2
900 409 2
1997 4454 2
3586 3354 2
4421 3775 2
3334 2608 2
313 3674 2
248 1684 2
2475 473 2
3419 1417 2
1900 1756 2
1948 1480 2
3077 979 2
2721 979 2
2166 4898 2
3653 519 2
1236 192 2
613 3150 2
924 1841 2
993 4039 2
242 2568 2
1275 3466 2
2935 2401 2
113 3941 2
2418 1039 2
2079 2202 2
2565 4668 2
1698 4111 2
1168 271 2
1359 1316 2
2559 3569 2
3719 269 2
1282 3867 2
4876 1987 2
3942 1696 2
1762 3230 2
3131 1759 2
2247 3147 2
881 4825 2
2860 2211 2
1348 3527 2
1614 3391 2
826 4793 2
3928 1335 2
4659 3557 2
822 189 2
2327 4032 2
1281 4426 2
2170 4654 2
1532 2619 2
2478 2127 2
2483 3523 2
3296 1500 2
2867 3299 2
889 1701 2
2032 2158 2
887 2460 2
2772 2920 2
1529 970 2
1651 1416 2
548 3857 2
1847 4726 2
3972 56 2
456 4693 2
343 677 2
2516 369 2
1953 4560 2
788 1421 2
3651 3916 2
2813 57 2
2432 3865 2
4763 2674 2
4604 2049 2
4118 1183 2
2775 3516 2
2929 2355 2
3951 3925 2
4532 1454 2
3182 686 2
1114 312 2
4837 4468 2
4415 429 2
704 2306 2
3721 207 2
2563 3670 2
3653 2843 2
3949 1479 2
1600 4142 2
4712 1058 2
1237 339 2
4430 804 2
3817 3572 2
2647 4371 2
489 900 2
881 4851 2
462 1823 2
3577 1320 2
1090 4918 2
597 2966 2
1573 3869 2
3193 212 2
661 247 2
4335 1968 2
1800 1719 2
4988 1668 2
3008 4780 2
236 1966 2
4322 4288 2
2273 2251 2
4957 4901 2
2813 638 2
3295 3700 2
2230 3834 2
1719 3020 2
2000 3045 2
1995 4989 2
1423 1508 2
833 678 2
1711 2371 2
4891 1747 2
4146 2523 2
962 1430 2
4033 4840 2
4864 305 2
4031 4548 2
708 2859 2
1162 3523 2
4282 1792 2
745 1389 2
4383 3193 2
3910 2135 2
2739 3367 2
890 944 2
1984 3700 2
2141 1412 2
2728 4688 2
2419 3641 2
810 4757 2
1241 844 2
673 2413 2
4399 478 2
4113 800 2
2203 1779 2
4815 1002 2
3850 15 2
4312 3392 2
678 726 2
610 3059 2
967 1222 2
1542 3041 2
254 1787 2
1899 2690 2
1266 3100 2
1850 3610 2
2600 2720 2
922 981 2
4723 4088 2
2436 550 2
4825 4010 2
1102 1803 2
569 79 2
456 2068 2
1269 4765 2
881 4266 2
47 1410 2
4619 3506 2
2383 1179 2
3345 368 2
2733 685 2
4064 2276 2
2267 269 2
1538 603 2
3199 1510 2
1828 4287 2
4176 1523 2
1907 1482 2
3006 3156 2
1724 1998 2
725 3840 2
3843 4032 2
1081 2155 2
475 2712 2
4232 2770 2
3369 4462 2
3283 2267 2
1766 3724 2
3893 1362 2
3803 2422 2
1379 1795 2
3609 1747 2
2880 4627 2
2706 4630 2
2712 3616 2
1112 1278 2
4081 3090 2
3867 3350 2
3593 3293 2
1619 1663 2
586 4228 2
699 3753 2
2441 1116 2
3753 615 2
2827 883 2
4881 1956 2
3308 2509 2
2573 3208 2
2167 2385 2
4548 2169 2
3100 198 2
778 1710 2
215 4521 2
41 238 2
4318 213 2
1293 4389 2
2706 1177 2
1952 516 2
3671 159 2
58 2476 2
267 1436 2
1309 2423 2
2494 762 2
3040 1412 2
4006 4138 2
3836 1332 2
204 4051 2
4605 4524 2
1627 106 2
4665 4078 2
173 2514 2
4715 2008 2
4454 1243 2
1817 2454 2
2481 752 2
3291 3219 2
4046 3009 2
1657 660 2
4280 3446 2
4762 987 2
323 2181 2
4997 4903 2
2034 3224 2
602 3053 2
51 642 2
4130 2756 2
3698 1817 2
4736 2321 2
3805 4763 2
955 982 2
3884 473 2
1830 2807 2
3767 2515 2
4346 4603 2
4353 2617 2
4096 2641 2
4691 2126 2
1874 4148 2
2384 4101 2
4318 2264 2
3618 266 2
640 2754 2
2164 337 2
4852 3032 2
3833 2971 2
386 3703 2
4201 4532 2
1240 3653 2
1351 1709 2
4021 1142 2
3523 2898 2
396 3654 2
2651 4874 2
3030 1734 2
1273 3940 2
584 1665 2
4373 1711 2
4065 206 2
3402 2252 2
4991 1266 2
2981 63 2
5000 1465 2
3102 1154 2
2891 479 2
1977 4733 2
111 1808 2
1620 3853 2
1002 278 2
1274 3073 2
2347 4538 2
2949 2931 2
3574 1427 2
680 696 2
1911 942 2
2485 4190 2
4567 2926 2
3155 4205 2
2658 3529 2
23 3613 2
3471 3977 2
4687 2986 2
4576 2275 2
573 1861 2
1938 3626 2
3986 4542 2
3411 1926 2
3073 202 2
2758 4955 2
2243 2847 2
2819 2991 2
3379 3742 2
2777 356 2
1289 2315 2
3982 1967 2
3849 300 2
4106 86 2
2794 4721 2
4225 2791 2
4120 3385 2
239 1807 2
978 243 2
3090 2603 2
3972 848 2
769 4446 2
664 163 2
194 1989 2
3597 3379 2
3488 4459 2
1440 2739 2
2933 1998 2
3109 1378 2
3981 1929 2
2003 2732 2
4629 3596 2
3773 1617 2
4547 3465 2
4271 3284 2
2300 3645 2
3251 1122 2
4739 1704 2
3445 4537 2
617 3221 2
3703 254 2
3398 4238 2
2386 1425 2
2028 844 2
3225 1933 2
617 260 2
263 591 2
2367 486 2
1230 3889 2
1783 3646 2
3297 4575 2
4771 4810 2
2255 809 2
3876 1626 2
3383 4662 2
375 111 2
1634 2777 2
3660 1330 2
2275 1377 2
3930 1425 2
455 2621 2
405 2831 2
672 2061 2
2765 3739 2
4333 4311 2
1184 1750 2
236 364 2
2954 4153 2
4322 1490 2
4727 769 2
4022 4894 2
4444 4905 2
4399 2318 2
1736 2392 2
3501 247 2
965 3794 2
2593 1353 2
2061 4484 2
4956 1302 2
2533 225 2
4515 2338 2
3387 2785 2
297 3618 2
4076 516 2
4688 2868 2
4378 140 2
4973 4223 2
1929 3622 2
3217 1126 2
4720 2589 2
4331 1793 2
3365 3069 2
2818 4802 2
4265 1153 2
2192 2362 2
3804 3757 2
1525 1935 2
2802 3658 2
3145 433 2
2752 1752 2
3685 4979 2
4406 432 2
1312 377 2
1682 1369 2
3771 2870 2
1105 4228 2
698 548 2
4462 3909 2
4153 4555 2
18 3306 2
4156 2873 2
4961 1807 2
1271 404 2
4256 3613 2
4083 2615 2
125 2785 2
3639 1631 2
4315 4937 2
4168 4479 2
1646 2063 2
3143 4958 2
2299 1130 2
2744 1640 2
2813 2371 2
389 2562 2
538 2529 2
1813 3131 2
4386 1141 2
1371 1521 2
1912 2701 2
1874 2790 2
2802 3474 2
4496 4565 2
4713 4158 2
4937 166 2
2151 920 2
1169 1660 2
838 529 2
2530 605 2
3295 1224 2
4429 716 2
1507 1556 2
4975 4727 2
2958 16 2
3006 2462 2
66 3801 2
4277 4643 2
4937 1444 2
1860 2086 2
2112 565 2
4891 2619 2
4792 804 2
3935 1748 2
2774 1486 2
3927 4192 2
4167 333 2
4277 4154 2
2234 1357 2
4806 2047 2
3931 1648 2
788 4633 2
3711 1271 2
2578 2054 2
921 1090 2
2788 3454 2
4456 435 2
4523 461 2
2090 3006 2
1616 1890 2
15 195 2
1630 4771 2
804 41 2
1865 4934 2
3340 260 2
583 3233 2
4297 223 2
116 4939 2
2044 4164 2
2752 1934 2
729 3415 2
822 1550 2
2155 6 2
4581 2421 2
365 2946 2
4547 3958 2
1132 4831 2
1076 2443 2
2773 2492 2
3836 2297 2
1176 2510 2
2135 138 2
3690 133 2
1692 2429 2
563 2637 2
4925 4239 2
2830 2755 2
974 2458 2
187 2403 2
3457 3781 2
1959 4252 2
2575 3141 2
199 410 2
1812 1823 2
893 3162 2
3135 2040 2
4403 4546 2
4299 2789 2
3544 4554 2
4696 3940 2
4812 1426 2
610 3866 2
3659 2044 2
2097 546 2
106 3509 2
1026 4901 2
2986 3077 2
274 1600 2
4506 1137 2
3580 1663 2
962 4983 2
238 947 2
456 2268 2
1982 2897 2
714 4384 2
11 25 2
1877 575 2
1023 558 2
822 3304 2
1662 3277 2
4123 265 2
4425 4286 2
1149 1437 2
3910 1509 2
3770 2952 2
3413 4806 2
4343 1641 2
3833 1505 2
767 2672 2
1982 118 2
3407 184 2
3408 2645 2
214 4132 2
831 4492 2
1216 3594 2
2593 3753 2
4870 1422 2
1251 642 2
1086 3623 2
2341 2406 2
433 914 2
3502 2181 2
1798 1064 2
2127 4536 2
4030 745 2
2079 3286 2
321 2994 2
4096 4402 2
4270 4962 2
3224 3785 2
3449 3877 2
4458 4179 2
212 2025 2
1886 4530 2
3466 1650 2
4247 3749 2
3659 4082 2
3314 4444 2
477 1271 2
1767 1004 2
4853 3990 2
418 2695 2
2675 384 2
3353 3885 2
359 3057 2
4799 1094 2
520 1172 2
2033 2494 2
4995 123 2
3936 1460 2
1304 1792 2
2334 1881 2
428 685 2
2238 3983 2
2091 3967 2
3707 4191 2
3963 3363 2
199 3742 2
2953 2302 2
4819 1839 2
2068 2695 2
1285 2565 2
4257 725 2
2275 2464 2
3210 4247 2
1306 939 2
2926 955 2
533 1207 2
735 1669 2
1634 4793 2
3561 4728 2
1578 3647 2
25 1347 2
578 1251 2
73 441 2
3716 4547 2
3844 4095 2
1291 3495 2
140 4805 2
3772 2286 2
2882 4097 2
1377 3474 2
4183 4606 2
2772 679 2
4744 596 2
4141 4647 2
4727 1115 2
1350 1027 2
244 3540 2
4195 1067 2
4300 880 2
1321 1899 2
2393 2866 2
4920 1624 2
4920 3633 2
2552 2990 2
1300 4184 2
2027 4104 2
4344 125 2
4175 165 2
3299 784 2
2686 3269 2
1528 2343 2
895 1851 2
2929 1284 2
2122 2527 2
3573 662 2
2068 4365 2
4705 3924 2
1518 152 2
1364 2751 2
805 1935 2
1617 740 2
1 873 2
1441 1652 2
2410 4283 2
3012 1589 2
3298 426 2
2672 892 2
1368 1316 2
4166 3765 2
1076 2609 2
4055 4855 2
3442 4766 2
1662 4523 2
2564 4297 2
2763 1699 2
4976 1185 2
16 3400 2
1084 3120 2
4181 999 2
1125 4868 2
4158 564 2
192 2579 2
3721 830 2
830 1378 2
4568 3732 2
1833 760 2
2191 4393 2
4582 1284 2
4203 3267 2
2315 512 2
2026 1992 2
971 2056 2
3036 2682 2
3514 3321 2
4885 7 2
3347 996 2
941 966 2
4218 670 2
491 828 2
698 4960 2
3053 2439 2
3473 2605 2
778 3902 2
595 2728 2
397 4044 2
1646 1499 2
1014 455 2
3987 1064 2
4931 2611 2
3301 370 2
59 4264 2
2548 4109 2
3425 2407 2
310 4272 2
4363 614 2
1234 1939 2
2390 2174 2
1394 4118 2
2996 748 2
3295 2511 2
3329 2523 2
3773 3182 2
1833 4735 2
1072 133 2
2541 2499 2
3960 4291 2
2793 3613 2
1098 4433 2
4709 4645 2
2794 1317 2
3546 4925 2
1096 3314 2
140 4473 2
4057 2269 2
1973 4670 2
1317 1758 2
932 216 2
3824 2592 2
4007 2321 2
2709 2082 2
3759 4588 2
2106 1453 2
1320 1083 2
4044 31 2
1250 3458 2
1988 1565 2
4842 4851 2
2141 2875 2
2692 4004 2
3763 2881 2
796 4788 2
2385 1277 2
3500 3617 2
2976 534 2
899 2614 2
3385 3121 2
1906 2106 2
1581 1252 2
4114 464 2
3253 4978 2
1922 4748 2
2545 2857 2
2614 4448 2
1698 2487 2
4961 539 2
1574 4249 2
2530 835 2
990 252 2
255 448 2
333 1611 2
4511 2384 2
537 140 2
901 2578 2
1122 4873 2
1737 4944 2
177 2093 2
3493 2368 2
1543 147 2
1365 240 2
4052 3486 2
2607 4273 2
1226 4551 2
1762 610 2
683 1114 2
2531 742 2
1192 2891 2
1137 1118 2
1981 774 2
3669 2413 2
1902 1105 2
1808 1158 2
3761 3629 2
3748 4117 2
1804 713 2
515 2507 2
978 3436 2
2973 1568 2
23 2984 2
1480 3884 2
3288 1963 2
1196 245 2
2724 2412 2
2834 4173 2
109 4076 2
470 4074 2
495 1069 2
304 1242 2
3824 1604 2
3373 1303 2
3539 178 2
1590 1188 2
4377 1663 2
1104 1439 2
1064 4979 2
900 3063 2
1821 3644 2
282 4863 2
4563 437 2
4665 755 2
3493 4723 2
4365 691 2
2681 1194 2
3510 4516 2
4545 2260 2
181 3836 2
285 1548 2
3061 3286 2
2359 1320 2
3819 867 2
896 320 2
2301 2864 2
2744 4325 2
2217 1504 2
222 1420 2
1821 3105 2
1346 1431 2
3598 3071 2
803 2892 2
670 605 2
1924 4288 2
1775 32 2
1076 2721 2
2938 1865 2
79 3938 2
4294 3013 2
4490 910 2
2976 1766 2
4048 1111 2
236 4480 2
1182 3203 2
4159 2547 2
1110 2534 2
2845 484 2
705 4430 2
4465 1098 2
635 3445 2
3691 1365 2
2738 4855 2
3389 361 2
996 1549 2
3881 2397 2
2143 3310 2
2157 143 2
4590 3439 2
4621 4970 2
4057 4916 2
304 241 2
2472 3675 2
350 1972 2
3871 3372 2
4145 2167 2
2321 1640 2
2203 1717 2
3801 4300 2
4575 1971 2
1632 549 2
1420 979 2
579 2448 2
4301 585 2
355 3052 2
3980 2385 2
2513 4845 2
3086 3140 2
2815 3015 2
3406 313 2
1722 3956 2
1176 4576 2
684 2272 2
2267 2169 2
3608 2817 2
1656 1751 2
930 4535 2
194 381 2
3148 2718 2
1317 573 2
910 3881 2
1801 722 2
1403 3755 2
1514 3327 2
1452 1316 2
24 2757 2
367 2985 2
4516 1744 2
1853 3084 2
835 651 2
3626 330 2
2593 3550 2
536 2578 2
1875 3099 2
437 636 2
1492 1315 2
1758 1355 2
3307 3688 2
1515 2656 2
3323 1380 2
3119 4886 2
3424 4566 2
4870 3661 2
794 2002 2
4955 4004 2
4337 1870 2
2674 3754 2
3075 4513 2
3074 2896 2
4741 1677 2
1971 4106 2
919 3093 2
4725 4247 2
1304 2889 2
360 81 2
3524 4527 2
2518 769 2
1886 1899 2
4276 4392 2
642 4287 2
292 4745 2
2521 1777 2
2850 378 2
1941 2220 2
2182 1644 2
2296 724 2
968 2523 2
471 97 2
4483 1348 2
2455 3643 2
31 4194 2
4650 713 2
4506 2629 2
2638 4652 2
3154 545 2
1524 4170 2
2484 2770 2
4811 3011 2
3542 1440 2
471 76 2
3708 4026 2
4821 4851 2
2303 346 2
788 1373 2
4820 550 2
173 2443 2
2376 2980 2
3318 694 2
4839 3215 2
4920 3150 2
3364 4122 2
3745 4695 2
4315 900 2
4821 4849 2
2230 3820 2
464 3314 2
1869 4777 2
1541 4047 2
3178 2492 2
1143 1391 2
2119 1219 2
4628 3896 2
4407 4970 2
284 14 2
3921 3046 2
4810 2263 2
634 4448 2
3655 4516 2
572 2998 2
669 810 2
2415 772 2
3158 3782 2
583 1362 2
3215 1673 2
2961 2431 2
4253 3409 2
311 226 2
4926 375 2
2914 43 2
2620 4807 2
4837 3027 2
2949 1769 2
1129 670 2
2508 2718 2
1635 1364 2
4872 3921 2
130 1592 2
4530 162 2
2254 4926 2
1683 3167 2
3588 3924 2
3313 3170 2
4040 2072 2
3152 2556 2
4582 3038 2
4791 4055 2
1847 688 2
4316 3266 2
578 4930 2
2309 445 2
3592 1723 2
2729 67 2
3977 3784 2
1907 45 2
207 2471 2
593 1330 2
4747 1397 2
572 3120 2
3805 2050 2
4517 3312 2
3021 374 2
2357 493 2
4539 1023 2
109 1250 2
2960 4549 2
187 3336 2
3224 3332 2
2650 4629 2
2288 1594 2
3057 3414 2
4564 352 2
1431 3723 2
123 2164 2
4567 2122 2
378 2816 2
3099 936 2
1218 1117 2
410 2005 2
1365 2637 2
1005 1946 2
3492 4281 2
2374 1516 2
511 1316 2
2543 2326 2
4700 3339 2
1714 3351 2
2492 409 2
2443 4271 2
4913 619 2
4795 2698 2
3422 2614 2
3428 1734 2
4525 3429 2
879 1393 2
4692 4187 2
1389 2601 2
1146 3163 2
1797 3225 2
3101 463 2
4433 3066 2
1811 4308 2
1046 3274 2
1273 147 2
783 3849 2
2611 817 2
2598 1389 2
613 2163 2
4133 4138 2
2217 4733 2
585 1878 2
4268 943 2
1593 3129 2
4696 1376 2
4679 2259 2
991 4864 2
3956 3381 2
1457 658 2
4717 2700 2
2005 4505 2
1229 2836 2
1418 4493 2
1160 4389 2
2622 2718 2
1193 861 2
824 2198 2
3754 4841 2
2613 624 2
1679 3310 2
3048 1197 2
3548 3807 2
840 2068 2
3755 3464 2
2187 964 2
2402 2462 2
2728 1821 2
4193 65 2
3983 1932 2
2360 1172 2
410 1779 2
1050 4786 2
4857 3806 2
3688 4696 2
1255 283 2
3044 1733 2
360 1245 2
1406 4443 2
1508 3058 2
777 4007 2
587 3744 2
4205 4518 2
3450 2622 2
2816 764 2
976 4181 2
2076 2974 2
2789 3598 2
4948 1531 2
3939 4219 2
1800 3126 2
1161 3107 2
3061 2065 2
4002 4766 2
2954 1731 2
1437 4235 2
3159 171 2
1667 2472 2
4081 1286 2
4007 1576 2
3151 4436 2
2144 717 2
793 3603 2
4106 3875 2
2804 899 2
4828 951 2
786 64 2
1935 2088 2
1342 1883 2
723 169 2
3546 4074 2
4265 4134 2
4248 1117 2
3766 1619 2
1342 3918 2
2684 1010 2
1969 4324 2
3622 4675 2
2007 3223 2
466 1373 2
3986 4074 2
516 775 2
1440 1727 2
2437 3328 2
1805 3647 2
4019 1343 2
3107 4098 2
2971 4908 2
3033 2510 2
1406 2106 2
2310 1054 2
288 3048 2
4060 2898 2
1915 4357 2
4042 688 2
3045 2624 2
1471 3404 2
591 3426 2
3884 624 2
3982 561 2
4160 4122 2
1607 3441 2
3499 4067 2
4909 3805 2
1221 1129 2
3183 4743 2
1148 2587 2
629 1855 2
197 739 2
2827 649 2
252 4216 2
2630 4604 2
3324 4985 2
4268 696 2
4506 2757 2
4306 3235 2
4605 931 2
4259 1039 2
3914 1118 2
3916 2160 2
2798 75 2
1209 3735 2
4194 493 2
2836 1200 2
990 4562 2
2593 528 2
1105 4526 2
2629 4 2
3106 670 2
2749 4020 2
1553 1169 2
3136 4429 2
3640 429 2
1851 2505 2
856 2835 2
4570 4593 2
3793 1379 2
3164 2651 2
145 3075 2
3387 2692 2
799 3531 2
3647 1812 2
4163 4608 2
277 303 2
3417 1966 2
3478 751 2
1123 3523 2
1160 1013 2
2460 2453 2
4088 2662 2
1328 4920 2
4915 2530 2
3776 518 2
101 351 2
3340 1085 2
4475 665 2
1936 3420 2
2182 4256 2
4784 908 2
4791 2727 2
3312 4930 2
3236 3103 2
2980 1736 2
4697 1650 2
709 4487 2
1464 1736 2
2421 314 2
2754 4984 2
1228 814 2
4828 4009 2
3386 3826 2
2069 1635 2
649 385 2
2955 1374 2
2370 1484 2
2637 1864 2
1266 4049 2
200 4110 2
4610 352 2
1200 1992 2
682 3197 2
3860 3460 2
1315 4868 2
2163 3126 2
1674 4764 2
701 4120 2
4160 4465 2
3706 3288 2
2864 3818 2
3280 4359 2
1590 3616 2
3106 193 2
731 2211 2
1912 4106 2
4844 1252 2
1514 4043 2
4231 1158 2
4220 4616 2
4339 3612 2
4511 2079 2
3267 1534 2
2470 1650 2
2455 174 2
766 2859 2
1294 3783 2
3761 3848 2
2477 4949 2
4697 836 2
2111 2198 2
2031 4600 2
2258 48 2
4264 1943 2
3521 2007 2
3264 1797 2
169 4787 2
2759 3870 2
4688 376 2
1817 826 2
4010 3326 2
4352 2374 2
304 4259 2
149 2401 2
2564 408 2
3555 796 2
1768 767 2
3634 4693 2
3494 1270 2
2912 4802 2
648 241 2
3908 4739 2
1359 4961 2
3557 1844 2
2722 134 2
3809 807 2
1230 2273 2
4873 954 2
2713 2439 2
1696 989 2
2087 1089 2
4102 4642 2
3584 1365 2
1780 3481 2
993 4401 2
4734 2370 2
4101 4878 2
3977 1200 2
2081 3683 2
4634 1407 2
282 2926 2
1400 3741 2
540 4747 2
978 1143 2
1936 2213 2
4795 2343 2
772 3247 2
4404 1543 2
945 3592 2
1470 4766 2
4673 903 2
1737 2883 2
2946 1711 2
2767 1592 2
1996 3852 2
3355 3319 2
616 3117 2
31 2003 2
4488 2078 2
1631 1780 2
2241 4758 2
4556 4045 2
178 3448 2
4563 4401 2
4809 3446 2
578 3114 2
630 883 2
605 5 2
2923 1650 2
2152 4455 2
1537 3478 2
1114 511 2
2136 1366 2
2419 551 2
212 1848 2
2936 4638 2
1569 3714 2
1159 1295 2
3417 1045 2
1080 134 2
4412 3065 2
633 1888 2
3213 4210 2
723 4220 2
4949 4018 2
396 4503 2
2756 2809 2
409 4512 2
679 3066 2
4181 1765 2
2585 2334 2
2172 549 2
4477 2323 2
85 4099 2
2921 1743 2
2521 1074 2
4410 2351 2
1995 2457 2
4073 2231 2
104 4128 2
1295 3297 2
1912 4057 2
2854 2752 2
4729 1771 2
4389 4276 2
294 4349 2
1492 1113 2
2071 2553 2
806 4172 2
4831 2341 2
116 2014 2
1632 4755 2
70 3983 2
4467 4525 2
4384 3508 2
2701 1559 2
2467 3867 2
3023 4521 2
1657 610 2
4852 4261 2
112 3605 2
2881 4569 2
1323 2560 2
1329 3281 2
90 3469 2
782 2577 2
4310 4410 2
2957 271 2
3496 2985 2
1560 4607 2
4083 1014 2
2292 1637 2
1745 4137 2
3727 2797 2
2553 3737 2
1899 4368 2
246 1361 2
1284 4089 2
2333 444 2
1943 1757 2
1313 2128 2
694 217 2
1181 2578 2
3956 3346 2
4278 4120 2
369 3962 2
4350 2705 2
4829 1332 2
2734 3089 2
458 1986 2
903 1121 2
3447 2322 2
2899 4061 2
2911 2197 2
2998 3140 2
4537 1032 2
4306 2190 2
2110 759 2
3970 1324 2
3389 561 2
1250 3425 2
1886 2627 2
3319 3716 2
1347 2582 2
2270 804 2
1921 3704 2
3939 2012 2
3241 4492 2
4699 354 2
3858 3260 2
3409 3255 2
3887 4714 2
3606 1434 2
1109 4160 2
3459 1740 2
1193 3517 2
4673 1373 2
4728 3128 2
1332 2985 2
3027 903 2
1477 1576 2
1675 1016 2
672 1545 2
1484 516 2
3143 1819 2
1062 2417 2
1174 763 2
2628 3337 2
1319 4779 2
4450 1314 2
2014 2246 2
598 694 2
4637 4492 2
4412 847 2
414 731 2
3365 899 2
2230 4194 2
467 3308 2
3410 4887 2
636 1184 2
819 2525 2
1242 3005 2
4646 2277 2
2600 417 2
2856 615 2
2874 1706 2
4167 3635 2
2549 1515 2
4187 2908 2
521 833 2
146 2933 2
2469 4176 2
4729 4406 2
3016 1168 2
3496 3922 2
2000 2374 2
863 1198 2
1229 1285 2
3686 1684 2
962 2269 2
720 1673 2
3223 3047 2
3141 1176 2
526 4373 2
2696 3718 2
3352 3523 2
4505 4884 2
417 2132 2
3652 1777 2
1100 3356 2
2254 59 2
3069 4047 2
4609 1371 2
2689 954 2
696 1912 2
901 3300 2
996 2471 2
1678 3697 2
4237 1709 2
2499 2534 2
4907 1443 2
1218 2166 2
4175 171 2
1314 910 2
1480 4936 2
1523 3019 2
350 384 2
4881 3214 2
526 2328 2
3496 1030 2
3058 536 2
1130 2646 2
3290 4918 2
2847 3855 2
4791 2116 2
3389 810 2
2604 610 2
4959 1799 2
3122 854 2
1169 1630 2
2505 4687 2
1916 1642 2
2959 48 2
3862 1622 2
3033 1679 2
4801 1331 2
943 3173 2
4377 3463 2
908 337 2
3487 3765 2
3351 2050 2
1049 3684 2
3915 1466 2
381 2178 2
633 1905 2
1535 1591 2
2209 4447 2
3824 1681 2
2008 2703 2
1290 3092 2
4599 4907 2
4216 1561 2
1402 1825 2
917 3062 2
3132 752 2
1820 74 2
2792 1846 2
2135 1124 2
3473 31 2
3391 1051 2
3017 4756 2
3216 4434 2
2512 4496 2
1639 3621 2
1035 4706 2
1690 4604 2
4200 63 2
1552 4376 2
1685 3062 2
4136 1409 2
2949 1131 2
2908 326 2
2764 4457 2
3493 2971 2
3216 527 2
2165 788 2
4335 2991 2
448 993 2
4948 2540 2
2412 2024 2
3151 341 2
862 4077 2
2420 4361 2
734 1003 2
2154 252 2
4989 4046 2
1436 3162 2
2436 2288 2
2668 3912 2
4180 4736 2
4130 2395 2
3531 2969 2
1925 4161 2
534 4488 2
885 400 2
2243 273 2
2112 2230 2
3878 1523 2
4875 1192 2
2846 3410 2
1758 4825 2
4633 4155 2
1083 655 2
1007 4242 2
2836 4070 2
3324 1348 2
2712 4443 2
3268 3170 2
2430 3984 2
4813 961 2
3430 4082 2
2784 727 2
3681 2204 2
4425 972 2
3270 3455 2
1813 3185 2
2977 1206 2
3171 2483 2
4926 1942 2
3263 3808 2
2264 2818 2
1458 1210 2
394 2383 2
1935 18 2
3403 352 2
884 2046 2
1027 1338 2
4657 3236 2
489 3688 2
1790 4773 2
4228 1396 2
4712 3577 2
2235 2344 2
4858 2836 2
4370 2318 2
3584 38 2
4371 371 2
3356 3382 2
3224 2374 2
1433 2129 2
1442 3730 2
2633 710 2
1517 611 2
2308 286 2
1293 1076 2
3797 4375 2
3731 254 2
2132 1184 2
871 3661 2
600 58 2
4898 1470 2
1899 3079 2
263 838 2
3173 200 2
3095 3155 2
2290 4510 2
560 4710 2
701 2591 2
1756 876 2
1331 4736 2
1116 2004 2
4045 4609 2
654 142 2
103 4875 2
3271 2256 2
4477 3942 2
1785 359 2
3441 703 2
4323 1169 2
4759 3865 2
2182 3045 2
4845 3089 2
1550 3387 2
4406 3001 2
3517 271 2
4815 2959 2
1860 3728 2
2335 2998 2
4401 1257 2
3869 515 2
468 2560 2
1988 1620 2
3762 2580 2
4662 4880 2
4896 3769 2
3837 2261 2
4947 2037 2
1880 2454 2
2030 3756 2
579 2833 2
4865 684 2
1547 3514 2
870 3905 2
4462 1952 2
457 999 2
2772 1151 2
2019 120 2
3303 2099 2
42 2825 2
756 2551 2
4887 3287 2
1292 2429 2
4073 2689 2
2846 4608 2
1603 1435 2
2599 3674 2
4802 4321 2
855 1950 2
3422 1054 2
371 3626 2
2257 699 2
967 3257 2
2888 4600 2
4681 340 2
715 383 2
4838 2505 2
4901 543 2
2617 430 2
1517 4679 2
3596 2522 2
4245 2749 2
4212 2230 2
1519 3088 2
3631 4935 2
518 2261 2
661 1002 2
4154 3706 2
332 3811 2
4897 2063 2
3970 1815 2
1457 2956 2
753 3651 2
1203 2245 2
3372 57 2
4378 4015 2
4529 2045 2
4649 2442 2
434 2878 2
503 1451 2
2411 3905 2
3219 2377 2
4129 2640 2
230 706 2
3782 2023 2
3011 1688 2
2517 3751 2
3117 1117 2
1271 2250 2
4383 2212 2
3940 3136 2
875 3370 2
3201 3066 2
4790 608 2
4090 729 2
2069 2759 2
2146 2438 2
903 166 2
4974 2868 2
1666 3973 2
2 1119 2
1690 736 2
3329 1422 2
1256 2792 2
2373 2633 2
2993 2510 2
138 3655 2
417 692 2
70 2685 2
4360 4036 2
2033 4063 2
1378 1259 2
4545 1076 2
4791 310 2
2111 4942 2
3827 2541 2
2824 4445 2
1943 4034 2
3002 3759 2
1965 4804 2
2412 841 2
1381 2596 2
2858 197 2
4892 4259 2
3096 4883 2
1320 4041 2
3570 2582 2
1905 1349 2
3252 2297 2
1074 3360 2
1182 3091 2
4039 2785 2
3094 61 2
4934 2600 2
2229 517 2
3609 3186 2
2196 2929 2
3819 3425 2
4827 1823 2
4877 92 2
1539 1822 2
365 4840 2
3870 3737 2
4389 3082 2
4434 3870 2
219 2931 2
1674 2362 2
491 1785 2
2248 3579 2
596 1825 2
237 2828 2
2500 2792 2
3203 889 2
3894 1034 2
4071 4291 2
4059 2692 2
1687 3837 2
3372 1732 2
3026 1202 2
3614 3065 2
1944 3681 2
314 417 2
4655 2051 2
4874 2855 2
117 4832 2
830 2201 2
889 2542 2
4672 483 2
4991 771 2
1516 2438 2
4110 1680 2
3034 1901 2
3473 3029 2
1168 4498 2
2837 1973 2
459 1070 2
4385 3395 2
3933 2648 2
4992 3272 2
3940 586 2
1502 2939 2
2993 745 2
3856 4298 2
4054 734 2
2214 1689 2
4059 4318 2
583 4261 2
910 3917 2
453 4601 2
3227 4388 2
2769 487 2
4660 4454 2
2791 3948 2
4621 2259 2
611 2128 2
2794 1115 2
866 2230 2
4732 1594 2
3264 2417 2
3312 2651 2
4350 3726 2
3720 4226 2
31 3447 2
3074 2628 2
3530 3340 2
4798 2451 2
318 3415 2
4975 4458 2
2834 3963 2
4055 178 2
3787 3486 2
1314 3831 2
2582 1743 2
4662 1347 2
4064 3143 2
1753 4005 2
1691 2 2
2751 1965 2
79 4295 2
3832 299 2
2598 2662 2
1483 4466 2
3747 1551 2
2826 3076 2
152 2949 2
4845 1263 2
4407 3180 2
654 864 2
2605 143 2
3280 268 2
143 3948 2
4998 4624 2
3042 618 2
12 4948 2
2783 1387 2
2080 1289 2
3656 3533 2
2124 886 2
1215 3559 2
781 1076 2
1022 518 2
82 1915 2
3978 3788 2
4669 1815 2
2646 851 2
4363 1931 2
4303 1546 2
464 3391 2
1722 2397 2
4658 1273 2
4382 36 2
3467 177 2
2173 3474 2
4450 1361 2
3812 2920 2
1525 967 2
72 1734 2
1201 2755 2
171 4223 2
3115 2394 2
307 2816 2
656 2017 2
1286 793 2
4706 1338 2
1790 4145 2
3395 2442 2
3161 3043 2
4635 836 2
1746 1989 2
1782 4473 2
2296 2951 2
2857 4646 2
3688 2838 2
3886 80 2
3222 1556 2
298 1015 2
2015 2365 2
506 3572 2
2131 2421 2
2390 4238 2
2925 3148 2
3584 2612 2
1533 2244 2
447 4347 2
3169 807 2
2063 867 2
277 1050 2
3109 3262 2
2600 3776 2
130 3817 2
3146 4857 2
4163 3565 2
379 3539 2
2250 4077 2
3510 4319 2
2496 4068 2
4163 4290 2
1425 1455 2
3982 1203 2
4140 839 2
1591 607 2
3266 3940 2
2210 478 2
1567 850 2
3091 2048 2
4071 2953 2
1362 4064 2
196 57 2
955 2229 2
3725 173 2
2410 2258 2
162 4357 2
39 1262 2
653 3087 2
4097 3384 2
190 159 2
3824 491 2
2977 567 2
717 1386 2
455 4019 2
1052 2088 2
2775 3204 2
454 4633 2
3544 2133 2
2306 4565 2
4280 4664 2
1442 2349 2
3733 125 2
3346 4174 2
1402 2747 2
639 834 2
1820 4021 2
3593 4111 2
2003 2120 2
1494 2601 2
4516 3957 2
3346 1109 2
2375 3214 2
1997 4215 2
1775 961 2
3590 1855 2
1917 2343 2
2190 452 2
2249 576 2
1496 534 2
4395 4652 2
4092 4333 2
389 4065 2
4906 1761 2
2258 4471 2
3451 2572 2
3408 885 2
4032 4940 2
2970 2357 2
2451 1760 2
3880 4303 2
3465 852 2
4112 1703 2
2626 3084 2
3399 747 2
4041 2625 2
1495 2308 2
712 3393 2
327 1182 2
3732 1165 2
1775 732 2
2970 2062 2
1313 1053 2
720 354 2
929 3563 2
2743 1467 2
3942 3355 2
197 1285 2
2687 4782 2
3631 1341 2
2395 1326 2
4094 374 2
1381 4716 2
4624 2341 2
3831 112 2
3452 2701 2
4297 1356 2
3153 3502 2
1996 4897 2
4309 2927 2
4725 3401 2
3171 3644 2
1303 380 2
3564 2816 2
3457 514 2
1403 870 2
4630 3379 2
100 1485 2
177 2871 2
4092 2191 2
3848 3881 2
2526 4917 2
4568 59 2
3233 4770 2
848 1455 2
3457 3835 2
2968 4362 2
3399 3626 2
2790 3845 2
1410 629 2
1798 4768 2
3214 3840 2
2871 2064 2
22 373 2
51 2962 2
1111 863 2
1157 2694 2
4654 812 2
2453 2578 2
447 2118 2
4720 1167 2
2945 4612 2
3740 2646 2
1637 3807 2
93 315 2
3539 4064 2
1518 2678 2
3919 2534 2
3710 4681 2
2450 1055 2
4425 1498 2
1487 4658 2
2140 4181 2
886 2170 2
4082 1510 2
3956 1994 2
2905 4471 2
4706 4739 2
2599 3088 2
1259 3210 2
1502 2764 2
4351 1571 2
642 2137 2
3810 973 2
464 1685 2
2669 3177 2
690 19 2
1715 4744 2
4638 3097 2
2065 1773 2
1783 2135 2
1997 4984 2
2914 2872 2
751 1016 2
4067 4569 2
2279 1434 2
1351 3284 2
4651 950 2
3138 2030 2
4775 67 2
3972 4678 2
4815 3408 2
963 3776 2
3899 390 2
2858 4052 2
3498 957 2
2414 746 2
1249 4706 2
3851 4682 2
1183 3840 2
1087 4584 2
3064 1809 2
2560 3562 2
4061 3080 2
1856 4721 2
2953 1911 2
117 2742 2
1212 1903 2
4156 4153 2
4234 4571 2
3993 2801 2
620 3808 2
963 3510 2
1580 1963 2
2718 3309 2
2372 366 2
1132 2607 2
4872 1031 2
4682 1981 2
2861 1434 2
1625 2228 2
90 2363 2
1297 2074 2
3424 4018 2
3431 55 2
1950 1577 2
2848 2109 2
1485 1779 2
2542 1389 2
2965 488 2
1292 4339 2
472 2858 2
437 4786 2
3442 2440 2
3002 660 2
4946 4563 2
1814 1870 2
4258 3393 2
555 2283 2
3726 4898 2
4145 1746 2
167 3307 2
2757 2288 2
4557 1559 2
1768 4063 2
1582 1162 2
3455 4816 2
3768 4977 2
1802 2225 2
2519 3204 2
2298 3649 2
3026 4005 2
4753 472 2
1929 3424 2
4692 385 2
258 4534 2
1666 544 2
185 2728 2
4145 2026 2
4263 843 2
3003 4814 2
1099 2016 2
1958 4942 2
586 3760 2
674 1663 2
576 3576 2
1958 1115 2
4354 4382 2
3899 1390 2
2647 2794 2
1320 922 2
1036 3296 2
1919 1872 2
2806 4607 2
2646 2387 2
3792 1846 2
2037 3923 2
1470 101 2
346 1306 2
1986 1238 2
3497 968 2
186 1212 2
1845 3048 2
1511 94 2
3591 41 2
1331 4836 2
3443 328 2
3722 332 2
2639 1798 2
4564 652 2
388 2543 2
194 4272 2
4588 579 2
4062 2285 2
1129 4406 2
4355 120 2
4551 4968 2
3773 911 2
612 2107 2
654 10 2
3504 991 2
3470 4976 2
2165 1864 2
859 3102 2
4977 2887 2
1033 3879 2
3831 4789 2
295 2911 2
2608 710 2
4149 244 2
1619 2736 2
1643 4003 2
4025 1663 2
1803 4919 2
228 1098 2
3639 3895 2
1955 1840 2
3473 3618 2
614 338 2
2537 1457 2
4342 4469 2
1104 3525 2
3269 1645 2
130 4713 2
3868 3719 2
4790 845 2
2190 384 2
2237 1935 2
4059 4371 2
2817 1343 2
1322 2636 2
4870 4393 2
2145 4919 2
99 4095 2
4496 3443 2
2780 1283 2
2552 3393 2
2241 3440 2
4044 4865 2
167 604 2
3423 3829 2
1963 4551 2
4484 3564 2
4623 2222 2
3503 202 2
1392 4672 2
1031 4440 2
2891 2300 2
2816 4610 2
1435 598 2
3791 4284 2
2688 4950 2
4266 1585 2
1281 1498 2
2362 2752 2
523 1421 2
2091 784 2
1418 2241 2
3309 4186 2
3436 4577 2
3453 845 2
1930 203 2
1334 4776 2
2254 1890 2
627 45 2
2368 1248 2
4782 258 2
916 653 2
3728 1219 2
103 2972 2
4606 2711 2
2233 2663 2
1560 3952 2
3313 1324 2
510 3221 2
1919 339 2
733 2701 2
492 896 2
5 1999 2
2721 3337 2
3250 1678 2
2214 2854 2
3133 1338 2
889 3006 2
795 2777 2
4169 4545 2
2344 2169 2
4147 1727 2
184 762 2
82 2678 2
3398 3758 2
3089 1470 2
4912 2847 2
636 3544 2
4881 4506 2
3189 2492 2
4571 4599 2
1270 4124 2
2881 607 2
430 3228 2
3135 69 2
576 3003 2
413 4262 2
1132 754 2
2320 2925 2
3179 4633 2
2123 2003 2
3461 130 2
3735 283 2
4596 24 2
704 4365 2
1797 1519 2
322 3615 2
2061 4541 2
4710 2764 2
3976 4533 2
1560 2829 2
2927 1797 2
2242 2057 2
3456 479 2
3594 97 2
838 2333 2
2773 4287 2
3345 4658 2
557 1848 2
4902 1438 2
1865 1679 2
3167 4089 2
4631 7 2
3829 2643 2
4264 932 2
1976 3231 2
112 2136 2
4490 581 2
666 4695 2
2245 2330 2
1668 354 2
412 3599 2
4916 4841 2
110 2687 2
3860 3943 2
2432 606 2
736 2100 2
3177 1966 2
2723 4018 2
3878 3299 2
988 2437 2
990 4932 2
3402 4374 2
2794 4446 2
3464 3083 2
1112 531 2
1419 4907 2
2690 1910 2
11 1440 2
2274 241 2
3415 3632 2
1847 4644 2
919 1318 2
4572 2689 2
4334 881 2
2597 765 2
2592 2776 2
1944 3734 2
601 4435 2
1499 93 2
872 2548 2
4915 4412 2
1985 4388 2
3457 1629 2
2780 3993 2
1624 656 2
2034 2517 2
4720 3820 2
2556 1976 2
2667 4259 2
3047 4571 2
3884 1962 2
3472 4877 2
4477 240 2
2871 3987 2
1445 4395 2
2534 845 2
583 1760 2
4221 3834 2
3124 1694 2
3013 1823 2
372 4715 2
1137 3916 2
2874 383 2
3755 104 2
1330 3430 2
1598 4858 2
1698 3937 2
836 2396 2
4895 3383 2
3715 1948 2
4575 3448 2
931 3282 2
2129 3333 2
1188 4096 2
3039 2521 2
2570 64 2
1417 1690 2
1314 597 2
2467 891 2
4839 1873 2
2404 1373 2
1391 4479 2
3895 3587 2
110 3056 2
649 1713 2
3650 157 2
2141 966 2
1627 926 2
946 1183 2
3399 4333 2
3965 1017 2
892 1073 2
1045 46 2
4120 1189 2
4320 3815 2
3287 3668 2
1147 3779 2
1621 4497 2
4491 4378 2
2602 1809 2
988 3808 2
439 4774 2
1986 2608 2
3224 852 2
844 2691 2
3977 3459 2
1049 1860 2
1343 1688 2
2657 742 2
924 1882 2
2465 718 2
3336 254 2
2633 1694 2
3514 2342 2
1325 4961 2
1909 1328 2
2752 1851 2
149 92 2
2622 465 2
3698 469 2
44 3328 2
3834 220 2
271 630 2
4189 2481 2
3822 2743 2
365 3862 2
1411 4677 2
1337 4397 2
264 4474 2
4103 1740 2
165 125 2
2430 563 2
240 417 2
1747 1766 2
3777 4200 2
4893 4827 2
4302 1913 2
23 537 2
4355 728 2
1672 4390 2
4536 1473 2
3963 705 2
2782 433 2
4065 994 2
3728 4657 2
2743 1418 2
646 4588 2
645 1835 2
1775 170 2
793 2221 2
1414 1893 2
3196 4544 2
3431 593 2
471 4460 2
4381 114 2
1216 3741 2
3490 4621 2
3160 4635 2
1292 4913 2
4384 1436 2
633 2146 2
2406 825 2
1348 4203 2
3830 2873 2
4481 141 2
832 946 2
1612 3127 2
2578 1152 2
769 2166 2
996 700 2
2448 1446 2
880 370 2
4132 120 2
1185 2147 2
971 682 2
568 2226 2
2096 4739 2
752 4919 2
4304 4537 2
1393 42 2
4824 2868 2
2934 3508 2
436 3174 2
267 1689 2
3613 718 2
3244 402 2
1814 81 2
725 4679 2
1940 3431 2
2227 875 2
3094 379 2
3806 63 2
3944 4903 2
4538 3306 2
2015 343 2
3108 4227 2
211 2779 2
1633 125 2
1170 2516 2
4985 2504 2
2344 2502 2
4512 3927 2
1146 669 2
82 2393 2
3259 3108 2
1996 145 2
192 4378 2
4851 4225 2
966 650 2
10 4745 2
1059 1964 2
4039 1949 2
2903 2209 2
4259 3095 2
987 4898 2
644 4932 2
4505 3195 2
3077 3731 2
1380 1602 2
3946 2201 2
534 4519 2
3799 4481 2
4579 3982 2
3937 3872 2
4191 252 2
3933 2616 2
608 4529 2
1296 1929 2
2676 4869 2
2519 498 2
3605 4803 2
3020 4351 2
2114 3282 2
2572 1652 2
1199 2394 2
1537 4302 2
342 3690 2
908 3900 2
2564 2589 2
3036 4132 2
4555 1015 2
316 4982 2
1706 1048 2
3254 4080 2
4587 4039 2
3423 1813 2
4179 119 2
49 2997 2
2509 3017 2
2796 2381 2
2534 4245 2
2898 3869 2
266 4736 2
1660 1090 2
1088 4779 2
3714 636 2
3691 1189 2
4959 4608 2
4223 1028 2
3380 2345 2
1117 182 2
2827 4738 2
3855 1583 2
294 2545 2
1757 3708 2
2989 1746 2
1448 235 2
964 3963 2
126 2231 2
378 1055 2
2536 1347 2
4597 783 2
2468 1878 2
32 3903 2
850 3630 2
816 196 2
4551 2148 2
1936 3500 2
2341 3990 2
275 4939 2
1646 4752 2
1645 1344 2
1164 1076 2
433 2437 2
4174 2686 2
2753 2568 2
4283 3763 2
716 3760 2
1785 4825 2
1102 2503 2
1774 4890 2
1441 1236 2
4532 2671 2
3286 1960 2
4146 2826 2
3277 3726 2
1036 1974 2
1496 4981 2
4248 2358 2
92 118 2
827 2313 2
3682 4077 2
4381 4825 2
1659 4201 2
3724 3535 2
4575 573 2
2698 3837 2
2192 11 2
1635 364 2
1021 2088 2
761 129 2
1563 1292 2
3602 942 2
969 3327 2
285 2408 2
4936 3300 2
3793 1158 2
549 4568 2
3141 2552 2
3778 3217 2
2420 2624 2
2273 381 2
3810 1321 2
1983 3210 2
638 938 2
195 3619 2
552 3748 2
4845 2579 2
1563 1966 2
3651 3810 2
2702 210 2
981 1195 2
1757 4758 2
2498 1252 2
1299 3844 2
4806 2711 2
367 647 2
1263 1006 2
62 3629 2
3193 3400 2
1575 4216 2
3509 2940 2
1657 1076 2
438 4648 2
4885 4857 2
4570 3456 2
2831 1632 2
3512 3664 2
673 2401 2
2941 3398 2
3523 2807 2
4398 1291 2
1048 2263 2
3915 2419 2
4996 3906 2
806 28 2
1055 1025 2
272 4071 2
1898 2787 2
2015 255 2
3595 3078 2
1098 935 2
950 4063 2
1800 596 2
2333 4792 2
2172 3750 2
4103 1994 2
1527 988 2
2381 4881 2
4999 4011 2
1635 4901 2
1250 1270 2
699 1673 2
4912 663 2
3957 3177 2
4496 1192 2
1676 3068 2
705 2973 2
4799 3767 2
4634 1839 2
769 1230 2
3714 463 2
3458 2121 2
3511 4396 2
912 1199 2
1394 3238 2
2754 4476 2
4699 1141 2
4830 862 2
766 2748 2
3905 1515 2
4792 3767 2
3118 2147 2
4933 960 2
4817 4261 2
1816 1201 2
2481 3336 2
1509 4483 2
3145 870 2
2051 268 2
1760 115 2
2793 4811 2
1999 2502 2
1738 3536 2
4714 3770 2
658 1422 2
2461 3267 2
1644 2265 2
507 787 2
254 2700 2
747 999 2
1646 4467 2
14 372 2
1233 59 2
959 3249 2
3003 2443 2
1353 3772 2
4958 4833 2
3864 360 2
4295 1185 2
458 3649 2
1498 2015 2
4470 4535 2
711 4521 2
2257 4000 2
2167 366 2
2349 2416 2
1658 3979 2
399 1543 2
4170 1042 2
2134 2402 2
1252 2030 2
727 1515 2
2074 1813 2
4732 2596 2
2129 2325 2
3671 393 2
4566 3732 2
4994 1165 2
681 4832 2
3100 2406 2
2363 4986 2
4524 4776 2
4279 2536 2
4034 297 2
648 3384 2
693 4071 2
4021 3999 2
894 3214 2
3985 3715 2
142 222 2
324 1061 2
3642 1185 2
2486 2936 2
904 956 2
4474 3426 2
2068 3631 2
588 4556 2
1387 1358 2
3325 3175 2
1553 787 2
1833 700 2
657 1501 2
2326 4338 2
3572 260 2
321 2795 2
4782 4774 2
950 1328 2
345 4535 2
3407 993 2
2659 259 2
2781 1772 2
4988 4609 2
205 2453 2
2101 3993 2
1952 396 2
2391 3082 2
867 898 2
470 4126 2
4913 2352 2
4053 3975 2
2436 4128 2
4108 4174 2
1329 1080 2
3088 672 2
1300 74 2
3677 1415 2
3611 3677 2
76 3260 2
4746 2662 2
3028 2214 2
2215 3913 2
2111 2259 2
1033 2419 2
4642 4530 2
540 97 2
109 4604 2
1918 2517 2
2191 406 2
2777 2572 2
1872 1880 2
2843 2248 2
4138 1182 2
591 1205 2
4692 2678 2
4108 4804 2
3295 1018 2
208 1987 2
3322 2297 2
349 3016 2
4729 1395 2
3836 4716 2
1201 3408 2
3687 3195 2
2200 3225 2
4087 1024 2
2687 4735 2
705 2228 2
1206 1283 2
1981 93 2
1969 2962 2
979 3890 2
4519 522 2
893 2966 2
3917 3945 2
3597 4066 2
1773 3163 2
4557 1200 2
3844 4208 2
2018 4442 2
3207 3257 2
4228 1034 2
2354 1725 2
1138 4236 2
3004 379 2
736 1586 2
3952 2538 2
1589 4899 2
321 4524 2
3535 179 2
1634 4725 2
3597 3662 2
2859 3741 2
1034 1232 2
628 3841 2
546 2989 2
2486 4845 2
1866 714 2
2298 3770 2
4773 1344 2
41 4235 2
2650 105 2
1917 977 2
4590 2118 2
1438 2630 2
3746 831 2
281 880 2
477 3888 2
1369 2673 2
1278 4214 2
2417 2057 2
4480 3237 2
312 4191 2
3867 2613 2
2199 2272 2
2259 1503 2
4932 2281 2
2814 3484 2
1241 2504 2
4979 2312 2
1715 2910 2
4073 398 2
2809 811 2
1844 2869 2
1810 4734 2
215 1470 2
1753 1942 2
2489 1149 2
2639 1248 2
4365 480 2
4735 1791 2
1957 1391 2
2985 3466 2
3094 4550 2
36 2656 2
855 4307 2
2987 1783 2
4234 43 2
3044 2894 2
2667 4346 2
4341 3944 2
4939 4515 2
868 2306 2
1682 1167 2
1282 1204 2
3033 4512 2
361 3681 2
3960 1770 2
324 3880 2
4884 3529 2
2777 27 2
2406 4877 2
1209 611 2
2938 2390 2
4084 2272 2
1513 1216 2
3192 2083 2
3494 1418 2
4884 4353 2
2463 2973 2
4415 4765 2
3523 3820 2
4234 4457 2
978 3449 2
2822 4932 2
4935 2351 2
3428 4681 2
4410 4990 2
157 2755 2
4095 4936 2
2090 2261 2
1613 2552 2
3487 2950 2
3632 2548 2
4543 3407 2
2577 4862 2
4071 1551 2
1106 4022 2
3108 2860 2
1670 899 2
3660 2660 2
4443 3812 2
503 3650 2
389 2839 2
4560 3182 2
2436 2051 2
1856 2133 2
3182 3303 2
880 2859 2
4182 2590 2
1447 2558 2
3663 984 2
4576 729 2
1572 1224 2
3400 4761 2
1073 658 2
425 4348 2
1073 3272 2
169 2020 2
2930 2285 2
3001 733 2
304 956 2
1258 1523 2
4941 4196 2
876 3492 2
4953 1375 2
4065 1366 2
2511 1126 2
3096 2187 2
4994 2625 2
1185 1010 2
2559 4142 2
2755 4493 2
4588 339 2
3672 1564 2
2334 3528 2
3271 2430 2
1040 3420 2
1333 1570 2
501 2850 2
4073 3912 2
671 1547 2
4811 3014 2
1890 2956 2
2188 1872 2
582 2839 2
1277 1718 2
3004 4009 2
3916 3774 2
1726 2715 2
3247 412 2
1633 1812 2
4852 3125 2
2071 1822 2
438 4479 2
4385 4075 2
3790 3043 2
4628 2603 2
31 4390 2
4714 1376 2
2758 641 2
4405 4692 2
4636 2961 2
2784 4977 2
2442 3875 2
624 4598 2
268 1303 2
4245 4355 2
1147 1813 2
3125 328 2
4738 1022 2
3413 2085 2
3546 1006 2
3118 1606 2
1985 2591 2
3687 4751 2
3466 2575 2
1028 4253 2
2391 3580 2
1878 870 2
3321 3686 2
2226 678 2
1950 727 2
926 2297 2
3407 2892 2
2869 1249 2
3366 2154 2
1506 3560 2
1832 2295 2
453 1182 2
3367 2956 2
3660 443 2
1032 945 2
1596 2865 2
2441 630 2
1717 4216 2
4554 4897 2
4346 773 2
3089 348 2
4448 4015 2
1579 3285 2
2364 4214 2
579 2462 2
2594 3309 2
3368 3502 2
3673 3741 2
2709 4918 2
3542 2183 2
3272 3853 2
646 608 2
597 4787 2
393 730 2
1033 666 2
483 2447 2
1811 1809 2
2833 2448 2
23 4841 2
3813 1649 2
3403 2975 2
2893 2774 2
4716 895 2
1277 4834 2
4248 2986 2
961 4947 2
531 4930 2
69 2650 2
2211 3949 2
2638 3175 2
2150 906 2
3828 2169 2
2799 3454 2
925 2859 2
1035 2149 2
1230 2184 2
4290 21 2
1911 4428 2
3808 1701 2
4417 4268 2
160 3998 2
791 3223 2
154 1629 2
3627 2295 2
4014 190 2
496 4447 2
1006 248 2
1861 3896 2
4915 330 2
2762 1969 2
2900 1409 2
1191 324 2
4517 3783 2
3043 1354 2
3484 4897 2
2450 2803 2
2878 4631 2
3141 4473 2
4631 417 2
2940 2655 2
1096 2814 2
1955 1544 2
1396 2304 2
3445 1942 2
4243 1966 2
1544 2584 2
1533 625 2
2461 4504 2
3210 588 2
3433 383 2
2434 1693 2
133 4199 2
4521 4989 2
1519 3013 2
360 2430 2
4189 4460 2
1697 4264 2
3536 1002 2
2407 1652 2
3933 2720 2
726 1311 2
2929 4509 2
1887 775 2
3092 3353 2
3975 883 2
2520 293 2
2394 3879 2
990 4739 2
3320 4242 2
2736 330 2
3358 2169 2
2836 2592 2
3826 1096 2
212 218 2
3089 4003 2
80 1012 2
3841 191 2
334 4614 2
717 4414 2
2581 2709 2
1089 667 2
1202 3151 2
949 4892 2
1513 930 2
1225 3857 2
254 3636 2
274 3443 2
4602 2006 2
4269 2712 2
2835 4603 2
3027 1009 2
1471 4674 2
1308 2422 2
3549 1021 2
829 643 2
4771 2858 2
2464 3978 2
2920 2997 2
917 701 2
2358 2169 2
3850 2939 2
1027 4438 2
4787 548 2
316 4705 2
3663 4214 2
4189 3265 2
3415 924 2
2830 1030 2
558 461 2
4761 3836 2
4218 3934 2
2476 4015 2
2409 247 2
1712 1155 2
2205 737 2
1578 314 2
1412 3571 2
808 2941 2
2068 4702 2
245 3049 2
256 1463 2
3545 3794 2
942 2158 2
2125 1350 2
3400 271 2
4661 468 2
678 1263 2
3526 1116 2
789 4744 2
1350 2552 2
1075 244 2
2308 3416 2
1494 4559 2
1501 3286 2
1576 394 2
4568 1646 2
653 1156 2
3244 1835 2
858 3723 2
3386 2882 2
4994 4834 2
79 3052 2
211 44 2
1037 1504 2
2988 2456 2
3206 2512 2
3102 3305 2
2889 2666 2
3499 1313 2
4215 225 2
1824 1511 2
2475 1254 2
4087 927 2
3165 1540 2
1032 4695 2
2769 3455 2
1743 2253 2
4143 2806 2
4700 3564 2
4362 944 2
2834 4569 2
1273 1565 2
4077 4955 2
690 1089 2
4061 387 2
3804 4890 2
165 3552 2
3964 4578 2
3137 2640 2
1236 316 2
1961 656 2
890 4561 2
1294 4474 2
3822 2926 2
3464 2220 2
1899 3510 2
599 2393 2
4965 4740 2
1258 1058 2
1986 4548 2
3754 4932 2
2949 3003 2
4602 616 2
934 3259 2
4029 2680 2
2189 3448 2
3449 3622 2
3853 566 2
2827 3058 2
2697 3586 2
3242 2522 2
1175 2075 2
1040 365 2
817 647 2
4842 2978 2
161 3046 2
3922 2929 2
218 3071 2
1701 4099 2
1241 791 2
250 1789 2
3067 2201 2
1534 177 2
1103 3778 2
579 925 2
1232 2706 2
1600 976 2
2671 1444 2
2421 205 2
331 1459 2
2585 2203 2
2142 1760 2
1007 4693 2
3930 96 2
4434 825 2
4605 3601 2
4091 2115 2
76 2763 2
636 3437 2
2126 3900 2
488 1951 2
2441 2845 2
256 708 2
2988 3253 2
827 3110 2
984 4701 2
2622 4997 2
368 1335 2
3759 4819 2
4497 711 2
4620 4738 2
2983 2124 2
1222 1152 2
4405 3251 2
4456 43 2
1647 1585 2
2659 4070 2
1403 4400 2
1103 2715 2
1690 677 2
880 4690 2
323 2912 2
1680 3454 2
3299 1279 2
1619 2896 2
2570 3798 2
2514 1406 2
2772 2183 2
141 4172 2
4900 1313 2
3661 2642 2
3433 2933 2
4762 3012 2
2023 1929 2
1719 255 2
2602 1243 2
2917 1279 2
4829 1693 2
214 2122 2
2440 3204 2
329 1935 2
2122 4723 2
380 391 2
3926 3860 2
3289 4657 2
3102 1036 2
3067 349 2
1542 3526 2
2909 3394 2
3490 1769 2
2404 1200 2
4321 915 2
4873 3919 2
2135 2626 2
725 3606 2
4663 4593 2
2374 3192 2
967 1836 2
2176 934 2
2555 4951 2
146 4206 2
2600 2204 2
2137 3853 2
2503 3671 2
1438 1002 2
408 526 2
3644 3017 2
4607 1502 2
1692 3011 2
4021 2809 2
173 1786 2
2233 4476 2
2599 4885 2
1744 351 2
3632 4456 2
4430 269 2
351 4231 2
3912 4228 2
2418 3830 2
1705 4807 2
4759 2898 2
124 3240 2
972 2482 2
1454 1619 2
2336 1933 2
3167 1167 2
2349 1531 2
2868 254 2
4558 4258 2
675 4529 2
3282 1085 2
3672 1365 2
4 4576 2
4187 765 2
3267 1956 2
3646 1567 2
29 1496 2
371 1163 2
2884 533 2
3038 3303 2
3881 2882 2
1464 945 2
912 1119 2
3301 4516 2
4613 2773 2
2979 4427 2
3131 3144 2
2066 1507 2
4971 563 2
205 3517 2
271 4859 2
2975 2859 2
27 4873 2
4186 4164 2
3566 645 2
2109 3088 2
2621 4187 2
2940 2052 2
1147 3236 2
3240 2010 2
2176 3824 2
1332 4218 2
1195 3175 2
3982 1270 2
2844 1040 2
4394 232 2
3706 1817 2
1873 8 2
4882 1448 2
1350 2711 2
3458 4487 2
1045 57 2
1014 4327 2
4002 4620 2
2180 253 2
1530 3767 2
2142 2307 2
2622 652 2
1184 3978 2
173 1048 2
2660 2395 2
737 3660 2
869 1884 2
842 2743 2
1596 4367 2
1195 1901 2
4094 2178 2
1674 677 2
2153 4286 2
3694 869 2
2614 1506 2
548 1656 2
3216 139 2
3976 3167 2
3349 2049 2
1997 1801 2
3048 1146 2
4162 4461 2
997 2126 2
292 3323 2
1657 2502 2
712 3938 2
4730 1073 2
3175 3141 2
555 2714 2
4206 4390 2
448 4090 2
1079 3890 2
4101 1251 2
3212 4634 2
539 4063 2
3785 3979 2
2191 2951 2
1899 2436 2
3055 4593 2
4948 3388 2
1626 1201 2
4659 4497 2
4312 4106 2
2825 560 2
1394 2756 2
1706 3676 2
2785 3538 2
1804 3861 2
1147 1193 2
773 3767 2
1984 3705 2
3643 4016 2
410 3019 2
2110 4543 2
2329 131 2
1668 3171 2
952 4772 2
2803 3837 2
712 452 2
2065 573 2
1409 3416 2
2393 4716 2
2383 3708 2
2269 2345 2
3450 1926 2
1419 4318 2
128 3690 2
1488 699 2
1913 116 2
859 592 2
4839 1411 2
4052 2786 2
4560 1118 2
4671 4343 2
2709 286 2
769 4282 2
1020 1533 2
799 4297 2
300 501 2
3435 3234 2
3188 3756 2
2228 3256 2
2614 2498 2
1929 4591 2
1241 538 2
2514 4088 2
4472 828 2
2870 3486 2
2622 3175 2
2938 1167 2
1909 720 2
2610 404 2
4961 3486 2
4454 4798 2
4447 4516 2
590 4611 2
1940 4992 2
1449 4438 2
751 4508 2
4597 216 2
4517 3674 2
3384 2654 2
583 2811 2
1920 1441 2
75 2188 2
2204 673 2
2714 4601 2
840 2413 2
3446 2433 2
1874 99 2
3901 3755 2
3970 2193 2
851 1920 2
1911 309 2
4375 1527 2
2157 4538 2
89 1957 2
4765 1101 2
2241 4471 2
2053 52 2
2291 3435 2
3012 1754 2
75 3394 2
2547 2226 2
2787 187 2
4889 1273 2
1611 1918 2
3121 3295 2
664 3832 2
2690 2608 2
1442 954 2
825 2599 2
1942 3601 2
2933 3863 2
1413 1632 2
1972 682 2
4706 2555 2
3783 1004 2
3399 414 2
4493 1847 2
4049 3303 2
2187 1368 2
3269 4476 2
232 1245 2
2567 4100 2
264 2579 2
3796 1881 2
3011 3470 2
173 3064 2
1081 1039 2
2350 2071 2
777 3259 2
195 2909 2
3422 1789 2
242 4677 2
2633 1536 2
1271 823 2
799 3473 2
564 3500 2
319 1744 2
836 3282 2
558 2837 2
4856 3266 2
623 654 2
386 3517 2
2655 4977 2
3393 3668 2
1439 1623 2
4686 3234 2
1021 2513 2
4259 1330 2
139 1920 2
317 3058 2
1327 3542 2
143 362 2
1117 899 2
2766 3232 2
1112 2029 2
4608 2036 2
4017 1944 2
4621 2501 2
882 3353 2
2105 4151 2
2324 1273 2
2862 2545 2
3146 199 2
3493 3370 2
4169 2541 2
4350 4714 2
1877 1070 2
1430 3693 2
2694 1931 2
2242 4701 2
1817 390 2
4517 1879 2
1566 2451 2
3632 1573 2
4420 2677 2
2532 1267 2
2194 3034 2
2056 4068 2
422 4230 2
36 2424 2
2414 4052 2
1056 2941 2
1877 682 2
2932 2539 2
1048 2572 2
137 432 2
2376 2401 2
4345 1638 2
75 2027 2
1768 1859 2
2773 3147 2
348 4054 2
145 299 2
1994 4552 2
3646 61 2
3718 3694 2
3294 1235 2
3802 3044 2
4637 2890 2
3449 2369 2
1362 2857 2
1475 2552 2
4208 3984 2
4278 1558 2
833 589 2
2668 4764 2
4986 4444 2
4727 4944 2
1836 4030 2
3488 321 2
4924 915 2
977 2712 2
1023 3552 2
4141 4856 2
722 2590 2
3032 4336 2
4809 4467 2
3847 4386 2
522 4750 2
871 4267 2
191 4920 2
3546 2614 2
4520 2575 2
2094 1823 2
4982 1712 2
1268 247 2
102 2023 2
4929 3774 2
4009 4261 2
612 4944 2
3271 1066 2
2858 4185 2
3810 3953 2
3807 485 2
1955 4915 2
1095 4601 2
3687 846 2
4030 1403 2
3629 1098 2
1487 1768 2
2190 3427 2
1865 2900 2
2133 4631 2
1984 176 2
2172 1753 2
2819 1566 2
3279 1602 2
1437 402 2
4083 4987 2
3890 4634 2
2018 1851 2
275 805 2
2849 1221 2
4776 1637 2
4043 3510 2
692 651 2
2710 2849 2
580 2209 2
3469 2918 2
2852 1961 2
2893 558 2
1420 3489 2
3778 4799 2
4133 2646 2
425 3564 2
1660 1521 2
1406 1685 2
1432 1305 2
794 2314 2
2797 3590 2
3295 484 2
612 2640 2
102 639 2
62 621 2
1648 173 2
2452 2506 2
1055 4131 2
2282 3670 2
877 1028 2
398 1301 2
4164 4833 2
2811 570 2
2795 940 2
3660 4960 2
4338 673 2
4726 2806 2
3736 4261 2
4206 4535 2
2801 2266 2
3616 903 2
2934 3101 2
840 4422 2
2747 2927 2
525 1139 2
660 4321 2
2808 781 2
1007 326 2
646 512 2
3344 3490 2
4930 2091 2
1026 2916 2
1110 1401 2
3125 3199 2
4586 3359 2
2708 2991 2
3835 1907 2
2494 3802 2
1709 4983 2
2620 988 2
983 2895 2
3075 3839 2
235 3404 2
2732 857 2
4000 4968 2
976 2062 2
4803 679 2
2157 2966 2
2862 3071 2
2193 1036 2
3792 3679 2
1613 1425 2
2723 3640 2
532 696 2
456 2790 2
1809 821 2
3669 2123 2
2054 1836 2
3104 1135 2
2775 3364 2
1893 1755 2
2848 319 2
4266 311 2
211 4763 2
783 4556 2
4623 4059 2
3125 1605 2
868 2786 2
3114 886 2
2957 2497 2
301 4372 2
1475 3564 2
1981 3502 2
1293 3554 2
1493 4041 2
818 1586 2
2139 56 2
3954 2474 2
3435 2939 2
3073 2474 2
291 3865 2
3843 595 2
1745 2833 2
3459 320 2
4750 3364 2
4591 4583 2
4106 1757 2
1450 3825 2
1333 2582 2
4741 2267 2
4594 965 2
2570 4461 2
1723 3413 2
2254 2219 2
2774 506 2
3255 2115 2
2908 3016 2
3963 3005 2
190 3186 2
4303 1746 2
4706 3592 2
657 3623 2
1415 2568 2
3147 4050 2
1433 4713 2
1814 3906 2
4256 4063 2
684 657 2
4961 2445 2
2692 4510 2
791 3719 2
2357 847 2
4152 3877 2
3969 4681 2
3365 2125 2
3154 2238 2
4515 516 2
2237 206 2
3629 3455 2
4990 4340 2
1167 2565 2
651 4081 2
2158 517 2
2827 3464 2
1651 3843 2
1313 1142 2
694 3985 2
3279 4611 2
2862 4760 2
1239 2298 2
1377 446 2
17 3705 2
3710 2612 2
3372 2981 2
2839 2505 2
4223 4065 2
4006 2799 2
1068 3861 2
387 1014 2
846 2173 2
3623 1109 2
4552 2689 2
238 3941 2
1284 316 2
2863 2461 2
472 4168 2
40 3581 2
3805 1277 2
3445 3454 2
1039 4133 2
3100 3317 2
3970 3617 2
3015 272 2
1856 3377 2
3393 129 2
1091 4502 2
3649 2420 2
982 1725 2
2569 1117 2
4498 3187 2
3942 3413 2
2635 2352 2
2147 1508 2
4090 2152 2
340 4550 2
2939 4392 2
3923 3594 2
4582 2141 2
2746 1898 2
2473 3624 2
2210 4967 2
1601 1832 2
346 2395 2
1747 271 2
3606 2362 2
2829 396 2
4 4571 2
2770 3187 2
1070 893 2
2794 416 2
1077 4408 2
3585 2021 2
2398 4998 2
3176 453 2
4055 2535 2
637 721 2
793 15 2
2192 4273 2
3907 1909 2
2810 4437 2
3586 449 2
151 724 2
3705 94 2
2379 3500 2
281 4472 2
1133 1438 2
336 100 2
4749 832 2
4407 4826 2
2610 1679 2
720 3913 2
4942 3833 2
2619 2590 2
333 69 2
2901 824 2
3146 1020 2
2473 4994 2
2885 803 2
980 661 2
2311 53 2
999 863 2
2240 1173 2
1729 72 2
906 2655 2
3452 3693 2
447 3762 2
1073 3666 2
15 3556 2
208 2738 2
2538 2575 2
4360 1700 2
487 3188 2
2337 990 2
3174 172 2
4023 2454 2
2088 1059 2
3906 1341 2
3679 258 2
229 48 2
2938 1014 2
3948 1819 2
4841 2985 2
563 3385 2
466 1151 2
2578 1969 2
3654 4618 2
204 3809 2
643 507 2
1074 4816 2
258 2198 2
1322 847 2
803 193 2
4150 245 2
3806 1713 2
2252 1304 2
3709 2440 2
4246 374 2
3322 840 2
4823 3503 2
2064 3259 2
2450 98 2
216 4907 2
2698 2960 2
433 4349 2
1064 4121 2
2510 1412 2
2277 575 2
1903 2934 2
3239 4516 2
1929 60 2
4230 1465 2
3991 3238 2
3225 17 2
510 4597 2
3592 3831 2
150 3185 2
930 601 2
3230 4331 2
4454 1133 2
2628 2391 2
40 714 2
4212 131 2
1509 4753 2
2589 2493 2
1165 1261 2
388 3197 2
75 1228 2
795 1553 2
2439 2344 2
1579 2337 2
2070 3854 2
746 783 2
4975 2617 2
882 1981 2
1964 3871 2
2283 349 2
3079 6 2
4965 2487 2
4861 3135 2
3802 282 2
4158 4500 2
1826 1293 2
2700 1045 2
1264 3783 2
2739 1565 2
2651 4224 2
2672 984 2
551 3508 2
1603 2780 2
3598 3289 2
279 3411 2
567 4701 2
1117 4845 2
2719 2651 2
4928 3716 2
175 1310 2
4555 3531 2
439 3073 2
1981 4272 2
2310 2519 2
2309 2239 2
3914 2931 2
2049 1130 2
2284 1452 2
3546 1422 2
788 1871 2
340 2290 2
4395 4542 2
1100 3463 2
2595 2335 2
4904 2037 2
3774 3108 2
428 2817 2
2207 1040 2
883 3770 2
4720 1716 2
3477 549 2
4153 844 2
2367 2856 2
653 4099 2
3210 1597 2
2778 1132 2
4345 1054 2
3197 3669 2
119 3722 2
3333 3735 2
103 4108 2
1188 2886 2
4953 4409 2
19 3972 2
885 2450 2
2625 2267 2
4464 3657 2
1240 1718 2
4696 1278 2
3725 2967 2
389 3727 2
1706 2161 2
265 3102 2
1781 1555 2
4064 599 2
4363 4970 2
124 1334 2
4542 237 2
2302 3015 2
1048 208 2
4373 3830 2
1577 3938 2
4977 3371 2
2579 2092 2
680 3297 2
4393 4002 2
2438 1687 2
4871 194 2
3680 4099 2
3259 3358 2
4170 2378 2
2796 3042 2
422 4245 2
1079 2474 2
470 762 2
4924 2705 2
4548 372 2
4883 4726 2
205 4000 2
1160 2908 2
4766 4967 2
702 3979 2
1008 390 2
1520 4827 2
2799 3189 2
839 1956 2
172 4582 2
825 4969 2
1186 3805 2
4267 122 2
712 2516 2
3449 354 2
2074 390 2
310 4462 2
913 1875 2
2120 3985 2
2938 435 2
3992 2507 2
1945 2999 2
4946 3904 2
1973 528 2
943 4644 2
3537 4092 2
2237 2745 2
951 3786 2
3514 4997 2
1393 3142 2
4857 2775 2
1124 1138 2
1078 4531 2
4397 3773 2
832 2922 2
4321 3993 2
1709 3483 2
2563 1384 2
1234 4940 2
2149 1068 2
2555 142 2
94 933 2
3356 2520 2
223 200 2
4141 4724 2
4222 1695 2
3199 4609 2
2372 3140 2
4323 1968 2
2627 294 2
1834 3237 2
1202 2687 2
1881 1381 2
1726 4499 2
4912 3086 2
4543 4665 2
4877 2256 2
4257 89 2
610 1257 2
762 4868 2
3413 1222 2
4025 1912 2
85 908 2
510 1311 2
3916 2042 2
4617 4099 2
4078 144 2
244 2446 2
1264 3138 2
3969 870 2
2069 840 2
4419 3099 2
2689 2505 2
2243 1687 2
2280 2145 2
1237 3321 2
3539 1859 2
708 4366 2
4556 1531 2
2893 4519 2
688 608 2
4423 4882 2
726 120 2
3277 376 2
3997 443 2
4992 1902 2
1755 1899 2
1149 3616 2
4994 1820 2
472 2046 2
809 1271 2
757 460 2
3455 2025 2
2148 4192 2
2051 1241 2
186 2138 2
4498 3294 2
3122 1485 2
4860 4918 2
181 593 2
1140 1777 2
730 3100 2
3910 932 2
2377 1192 2
1718 1463 2
3049 2568 2
1308 2796 2
3583 3483 2
450 4539 2
4796 3431 2
2887 848 2
1353 387 2
323 1729 2
2891 472 2
706 1338 2
3767 4881 2
4919 3525 2
2005 2871 2
4904 4976 2
3136 4779 2
1645 4365 2
1981 3611 2
2092 229 2
1714 3407 2
2747 570 2
3783 4481 2
4567 4543 2
324 2023 2
805 1817 2
1325 903 2
723 2877 2
3293 113 2
736 4810 2
3389 268 2
647 316 2
3912 1374 2
1872 427 2
4794 3070 2
605 2525 2
1580 677 2
2254 561 2
2697 700 2
4638 831 2
805 1140 2
3623 4494 2
2539 3741 2
2706 669 2
4466 3176 2
1965 239 2
554 4711 2
3569 4694 2
1465 4951 2
2258 2947 2
3856 1426 2
2586 1623 2
3251 3151 2
345 3237 2
1156 213 2
1792 1246 2
4522 3631 2
1343 3264 2
2440 1513 2
4923 4931 2
2839 1570 2
2813 3561 2
1921 1159 2
2528 1515 2
3676 3547 2
733 3323 2
3655 710 2
1250 3052 2
3774 4666 2
4433 3711 2
693 2690 2
662 4266 2
4950 4190 2
159 4470 2
3992 3198 2
1027 1812 2
3665 1087 2
4518 652 2
2727 3333 2
4807 1803 2
3049 2188 2
3388 294 2
4447 4653 2
1024 3718 2
3866 3459 2
583 3091 2
2241 1732 2
3493 1960 2
4098 2764 2
4398 3734 2
632 4814 2
1018 3029 2
4619 4454 2
1818 1093 2
3874 851 2
3146 2933 2
38 3570 2
4164 3039 2
4028 3476 2
4337 937 2
2974 496 2
4524 1274 2
2553 4323 2
1024 3206 2
4690 2464 2
1154 4851 2
4971 67 2
1427 1702 2
1866 3481 2
557 2124 2
3148 4928 2
1772 3874 2
191 2539 2
1717 4510 2
1702 2634 2
662 3415 2
1395 1664 2
2889 1070 2
3534 1928 2
693 3619 2
534 4937 2
2020 1502 2
3797 3133 2
2894 3520 2
3841 1581 2
162 397 2
255 145 2
64 565 2
1377 4191 2
4706 3398 2
953 4867 2
4253 2217 2
864 2497 2
3392 800 2
4711 4628 2
1478 906 2
2170 2892 2
2173 4902 2
4223 2347 2
543 1167 2
2334 2953 2
1308 2385 2
1930 771 2
4491 2201 2
3564 3570 2
797 1979 2
3766 2230 2
3983 515 2
1365 1086 2
3383 67 2
3566 4322 2
34 1762 2
983 4711 2
3460 839 2
2507 3853 2
1962 104 2
4661 1347 2
4981 1839 2
4786 3484 2
2658 3847 2
2353 2268 2
1635 1758 2
3629 1643 2
1270 1032 2
1272 4902 2
4623 4635 2
3898 1135 2
2637 936 2
3692 512 2
2864 648 2
4704 4426 2
326 4450 2
942 2874 2
3429 2773 2
1557 1735 2
4233 4645 2
706 262 2
269 2238 2
2749 2472 2
41 4416 2
855 945 2
2363 3120 2
2317 1393 2
3533 4854 2
830 2066 2
1346 464 2
5000 1378 2
2374 1806 2
1916 3227 2
437 4286 2
3921 1917 2
4967 3551 2
18 3841 2
4585 4447 2
2464 847 2
2440 4328 2
2580 989 2
1962 1573 2
3760 248 2
1762 1755 2
3033 3328 2
3616 1545 2
3594 653 2
4749 3025 2
1332 2374 2
285 3893 2
3695 2453 2
4070 1749 2
1272 885 2
187 648 2
3458 4199 2
1746 508 2
4158 4239 2
1733 1344 2
4901 4950 2
2751 1949 2
3588 2440 2
811 1483 2
1337 704 2
4619 2684 2
189 3310 2
4326 791 2
1748 2515 2
369 809 2
998 455 2
4559 4724 2
3359 3050 2
963 856 2
4682 4917 2
4922 835 2
3854 3892 2
4526 3727 2
3585 4024 2
1074 1920 2
1877 1374 2
3767 806 2
2654 2991 2
4821 2164 2
4636 4088 2
2815 2131 2
2246 231 2
4069 1996 2
3230 3242 2
2698 1693 2
219 3857 2
873 2552 2
4029 4181 2
3422 2638 2
3303 3222 2
3480 3791 2
60 4401 2
3554 4995 2
477 3464 2
863 451 2
2363 617 2
3193 4428 2
1268 1912 2
166 3498 2
4933 381 2
4082 2433 2
3251 2790 2
3916 4170 2
2333 4838 2
949 3862 2
24 2115 2
3396 4322 2
3934 2454 2
2770 3316 2
1600 2614 2
3010 4307 2
283 885 2
3449 3252 2
3142 3790 2
4325 4498 2
1640 4244 2
1155 447 2
1054 473 2
2424 1659 2
2631 3390 2
544 4174 2
3423 1106 2
3992 727 2
3622 4077 2
3040 4316 2
3682 640 2
2741 3139 2
3118 2933 2
3093 1870 2
2108 2719 2
1005 3863 2
4064 3878 2
2664 2674 2
4215 4771 2
1362 927 2
4878 4989 2
2674 978 2
4362 4419 2
3073 1521 2
4375 3840 2
3581 4729 2
2775 383 2
3405 2884 2
3211 2513 2
2793 1837 2
4217 817 2
1154 706 2
4 840 2
4825 1041 2
2545 999 2
3155 3613 2
4316 134 2
2675 4309 2
1977 1942 2
4276 4851 2
1931 4190 2
4620 3570 2
4384 3657 2
3845 1607 2
2607 3976 2
2431 422 2
4616 2412 2
2252 4856 2
4395 1760 2
864 2113 2
2077 1861 2
2206 327 2
349 2683 2
3673 4048 2
1033 3478 2
3768 4093 2
1616 1804 2
3344 2409 2
197 3732 2
2575 2648 2
3966 982 2
1620 324 2
1723 4387 2
4832 2856 2
3912 3993 2
791 3797 2
2940 4646 2
2042 168 2
4784 4348 2
4383 1230 2
4740 3884 2
1026 4691 2
1725 1874 2
1778 606 2
79 2169 2
877 3833 2
3667 21 2
4591 4608 2
4557 4880 2
4387 1594 2
2196 1523 2
3796 2672 2
823 4400 2
783 4674 2
3917 1274 2
2237 3503 2
3078 3835 2
822 2239 2
4470 4618 2
4902 70 2
3983 137 2
4242 3129 2
1981 4507 2
1423 2001 2
4125 1696 2
3762 2895 2
4872 4837 2
4690 228 2
2623 39 2
2816 2052 2
4277 1767 2
4946 2489 2
3489 1884 2
2303 3637 2
4398 3676 2
3244 70 2
1837 1939 2
2039 1200 2
2279 1413 2
4309 4446 2
1568 3760 2
1187 4265 2
4475 1348 2
4483 90 2
4307 4649 2
4765 174 2
4929 2769 2
356 3779 2
69 2857 2
4654 1778 2
573 814 2
2948 2709 2
2432 4163 2
4168 1535 2
861 3938 2
945 3965 2
4356 1553 2
1627 4394 2
3112 1348 2
540 2854 2
2670 2486 2
1300 3691 2
3200 1031 2
3035 4783 2
2849 1684 2
216 827 2
247 1620 2
4326 1352 2
1295 3807 2
4488 996 2
590 4757 2
4837 3048 2
1867 2009 2
1990 2190 2
4056 1316 2
497 3282 2
1441 4581 2
2204 3249 2
119 3516 2
2478 4487 2
2152 969 2
2949 277 2
3134 2960 2
4744 477 2
976 3732 2
579 4957 2
1878 4255 2
3803 1235 2
3035 4201 2
2451 3258 2
3133 3920 2
4400 2209 2
2946 1087 2
2665 4111 2
1923 3029 2
2281 2467 2
1315 3723 2
324 2748 2
4643 2596 2
140 2053 2
2585 3434 2
867 4825 2
4021 2115 2
2101 683 2
818 2315 2
145 2726 2
3944 886 2
2227 2984 2
2169 557 2
4841 3372 2
410 3085 2
3471 4811 2
502 614 2
1384 4071 2
1190 4828 2
4578 743 2
730 3750 2
2554 2896 2
380 3408 2
810 3638 2
2790 2975 2
2580 4294 2
2488 395 2
2712 3256 2
1928 4404 2
130 3650 2
437 4617 2
2868 3094 2
1439 3788 2
765 4745 2
1472 4190 2
2462 4927 2
4583 4448 2
1302 2209 2
1994 279 2
330 3586 2
591 3902 2
354 3383 2
1750 2767 2
345 289 2
4052 1574 2
4776 2956 2
3967 3068 2
396 841 2
4171 3349 2
3540 1906 2
2158 1925 2
4888 1616 2
2563 1666 2
1389 1972 2
950 189 2
1094 1376 2
2969 765 2
3756 2061 2
4643 3417 2
964 1343 2
700 3170 2
2200 1819 2
4926 925 2
4811 57 2
2952 1967 2
2893 982 2
1417 1182 2
984 2142 2
2079 2039 2
3144 1532 2
2181 4424 2
4012 3877 2
4239 3284 2
4467 3458 2
3504 1466 2
985 3358 2
547 43 2
3430 425 2
2394 3983 2
1181 3984 2
4781 1169 2
2065 1489 2
292 988 2
1192 562 2
334 17 2
3384 2233 2
2911 2315 2
1907 1292 2
1893 3554 2
3517 4182 2
766 3365 2
4400 465 2
3911 1035 2
3389 2093 2
875 3311 2
3707 3956 2
3265 4917 2
1311 3940 2
920 2364 2
3716 3666 2
3693 3141 2
1822 1106 2
3605 1088 2
2084 245 2
1888 1867 2
3418 4162 2
2521 2034 2
3970 4505 2
2615 3294 2
572 1516 2
4837 958 2
359 1740 2
4192 2479 2
170 2513 2
2461 2971 2
1391 1229 2
3380 2535 2
2039 1511 2
2948 2456 2
4244 3657 2
1158 102 2
4803 3827 2
1538 4048 2
1405 2562 2
1015 622 2
1081 2989 2
3123 3136 2
2554 1972 2
1701 818 2
1983 3373 2
1118 180 2
2418 163 2
2825 60 2
2217 2016 2
4989 3999 2
3542 3630 2
3048 2251 2
4735 3363 2
1552 2126 2
4017 3075 2
3701 4250 2
1983 664 2
1619 5 2
2565 965 2
2272 1376 2
797 4119 2
4001 925 2
2929 2470 2
3560 2457 2
3811 2529 2
2061 4613 2
1625 4309 2
2651 982 2
3517 4143 2
3322 4819 2
422 2803 2
1266 2995 2
1629 2678 2
1405 4474 2
534 4887 2
1783 261 2
523 3888 2
3938 3566 2
390 2666 2
3459 696 2
3252 529 2
4821 1246 2
1064 2362 2
1135 1733 2
136 2812 2
3722 2757 2
1769 951 2
2310 3001 2
1265 1716 2
2290 4921 2
1638 3385 2
3237 478 2
1375 51 2
982 3293 2
1421 4074 2
935 4699 2
4763 3149 2
4475 3605 2
2355 2821 2
3307 590 2
803 2987 2
2459 1673 2
934 1787 2
4738 4791 2
3711 3133 2
2948 1559 2
1960 4039 2
113 3285 2
3101 1782 2
3156 3158 2
740 4088 2
3717 2607 2
4876 4439 2
4933 162 2
1800 1666 2
2614 4980 2
4505 2620 2
3321 3589 2
2690 4919 2
2353 4949 2
2057 2533 2
4613 2200 2
2072 1568 2
352 414 2
1587 4340 2
4081 4078 2
997 70 2
4840 2054 2
1139 4191 2
3455 4492 2
2307 3479 2
4010 2200 2
3228 4598 2
4825 2484 2
3145 200 2
2050 2479 2
4420 2913 2
1948 1272 2
608 2092 2
4536 4907 2
1085 2682 2
359 569 2
1239 2852 2
1722 1503 2
1896 3297 2
729 1375 2
747 1127 2
2216 3398 2
3025 1540 2
4111 4751 2
1882 2486 2
627 813 2
4232 848 2
4629 3958 2
3955 4417 2
2940 2842 2
2965 3042 2
1585 1015 2
268 3404 2
236 3158 2
2786 4805 2
4179 4890 2
4606 2837 2
3247 3649 2
2085 1279 2
1590 1288 2
4859 1026 2
4030 986 2
4888 2408 2
2634 724 2
4862 1320 2
1621 3018 2
4006 190 2
879 1143 2
2327 2341 2
4594 252 2
1086 3460 2
4012 2779 2
2386 4588 2
1797 4278 2
4533 2905 2
3792 4868 2
1578 1343 2
3787 134 2
1248 3654 2
276 2324 2
175 143 2
1705 3413 2
4866 3701 2
4380 3277 2
3399 2933 2
1955 4827 2
2423 4492 2
2647 2033 2
1854 4723 2
3795 1134 2
2620 4973 2
45 4468 2
4406 88 2
3702 4885 2
1760 4081 2
2092 4661 2
1861 4400 2
2977 741 2
2236 1280 2
726 2750 2
3692 180 2
4419 649 2
694 2816 2
3981 1525 2
3208 1788 2
4239 146 2
241 1218 2
3732 143 2
580 1675 2
4698 2682 2
3245 1734 2
2830 3946 2
2400 3029 2
4779 3084 2
436 3502 2
2592 3199 2
4977 1507 2
3246 3207 2
2707 1923 2
4644 3954 2
2631 87 2
3716 786 2
793 990 2
438 4148 2
2543 2757 2
4683 4819 2
4878 402 2
3188 182 2
724 4468 2
1350 483 2
681 165 2
166 4475 2
1706 4495 2
3983 4713 2
220 4571 2
4694 1203 2
2404 1522 2
3347 671 2
1946 4118 2
2421 745 2
4545 4619 2
171 2694 2
2821 3281 2
2235 2548 2
4714 3533 2
4499 3630 2
2050 4635 2
4437 352 2
1382 1324 2
3684 4929 2
3409 4335 2
1252 4895 2
4048 4308 2
3206 1873 2
1259 138 2
990 3313 2
2539 3176 2
4864 4334 2
4382 2091 2
3773 1601 2
2756 3270 2
3577 560 2
2997 3577 2
1782 2110 2
4214 4413 2
89 4415 2
3405 4931 2
250 2181 2
2909 4694 2
100 2951 2
106 4523 2
2121 2741 2
3254 3995 2
2376 1398 2
274 4768 2
1047 1536 2
1832 941 2
183 2256 2
4548 1149 2
260 3345 2
4279 3757 2
910 4397 2
3824 2531 2
4046 3489 2
920 1453 2
942 3790 2
1343 2879 2
4183 410 2
1054 2560 2
2757 752 2
938 1770 2
4908 4124 2
247 4031 2
620 3227 2
1035 64 2
858 990 2
2581 4828 2
2757 4086 2
1439 681 2
3609 2604 2
577 2985 2
1131 996 2
1892 3923 2
2691 4537 2
3875 405 2
4456 2807 2
4564 2192 2
2164 1138 2
153 924 2
4682 67 2
449 4784 2
4727 4509 2
4977 3383 2
4257 2942 2
2897 1743 2
1762 4377 2
3438 285 2
3735 4483 2
1412 2990 2
2291 4725 2
418 2756 2
2576 1350 2
4659 3381 2
1829 2916 2
3411 2542 2
4464 4621 2
3227 4265 2
2217 1897 2
3777 2816 2
2001 3330 2
1563 2368 2
4761 1234 2
737 2649 2
2494 2554 2
2619 4207 2
236 1558 2
1558 2534 2
174 227 2
2178 194 2
510 4674 2
1412 504 2
2437 2322 2
2752 4857 2
716 4854 2
892 4666 2
4637 4703 2
2277 2770 2
1220 4118 2
1777 942 2
865 2263 2
2036 1551 2
1657 2322 2
2534 4170 2
4694 3127 2
1353 2864 2
945 36 2
4623 1681 2
876 149 2
3875 4927 2
1062 3959 2
2878 4847 2
1789 131 2
1494 1558 2
4067 707 2
2074 659 2
1849 1902 2
4097 2523 2
4007 1422 2
1267 359 2
2038 3398 2
255 223 2
3700 135 2
3572 1777 2
2661 319 2
3995 1853 2
3504 1814 2
1266 2874 2
4858 726 2
2392 962 2
4022 1116 2
40 4143 2
2560 796 2
1652 3181 2
3360 1957 2
140 2098 2
4685 1197 2
4704 4885 2
4840 382 2
2090 2800 2
696 1666 2
1670 4927 2
632 4797 2
605 2588 2
1920 2459 2
3788 1171 2
4915 238 2
2975 4354 2
4838 2258 2
3424 776 2
196 2397 2
846 802 2
2572 3915 2
2307 3847 2
771 3958 2
2438 4455 2
4928 2571 2
4867 593 2
1685 2081 2
4451 2863 2
1253 1055 2
3145 920 2
1465 1081 2
3252 3683 2
2254 1932 2
121 2804 2
4638 4682 2
713 1365 2
908 1634 2
2402 211 2
662 1923 2
1962 2759 2
1142 3524 2
310 656 2
1730 1859 2
244 1362 2
3655 1025 2
1758 1790 2
4726 4765 2
981 4860 2
1588 1874 2
677 3952 2
2349 4512 2
1577 412 2
3994 1970 2
1264 422 2
3781 3318 2
173 3106 2
4837 4015 2
1233 4984 2
1988 1305 2
4118 91 2
3373 1606 2
1273 2243 2
2032 1770 2
1497 978 2
3448 1715 2
1162 1130 2
1660 3658 2
2270 1664 2
4317 1196 2
4437 1465 2
4665 4326 2
3462 181 2
2122 4256 2
3829 3371 2
2113 1049 2
3649 1340 2
934 517 2
555 1105 2
3129 4219 2
3787 3094 2
992 1419 2
730 3965 2
1020 3242 2
957 2180 2
1151 3472 2
1044 26 2
2351 1040 2
201 583 2
4889 678 2
2938 2419 2
2376 4958 2
3365 672 2
3240 1556 2
1349 4026 2
3337 4953 2
3543 2766 2
1999 692 2
2187 4376 2
3080 4120 2
662 3000 2
4512 3456 2
1946 3463 2
3080 45 2
2834 1647 2
4487 845 2
1614 2098 2
2526 3669 2
4336 3219 2
3385 651 2
4607 2311 2
3421 4864 2
501 1271 2
2951 3591 2
2985 4358 2
3016 4919 2
56 3413 2
2874 2326 2
1450 2206 2
567 1887 2
2889 2276 2
2254 818 2
2181 2287 2
4625 4032 2
94 2127 2
4715 2129 2
3608 2591 2
2761 2592 2
4932 4588 2
3136 1430 2
2388 4730 2
3746 3640 2
1886 2281 2
1020 4835 2
3256 817 2
3290 2782 2
990 3055 2
4643 4149 2
3552 495 2
2930 1062 2
1063 3352 2
921 464 2
3904 1749 2
4395 1907 2
4680 3310 2
931 3543 2
3938 1604 2
1322 372 2
4703 906 2
3900 1153 2
4579 872 2
4173 1196 2
1445 4032 2
2904 957 2
4677 1140 2
3512 4221 2
4553 3856 2
3945 3327 2
905 418 2
4229 4542 2
2782 1188 2
4131 2614 2
1141 3600 2
2713 2410 2
3841 1690 2
4577 2845 2
2334 146 2
1504 1099 2
3093 770 2
1390 3913 2
1348 4240 2
703 4400 2
3815 1627 2
802 1269 2
450 4262 2
526 724 2
4349 1585 2
4645 1834 2
3354 2376 2
2512 1347 2
4400 2527 2
2581 1828 2
525 4446 2
568 2021 2
792 2018 2
4621 815 2
166 3929 2
2771 1365 2
856 1468 2
2200 1915 2
2649 218 2
2910 2199 2
2263 116 2
4590 2659 2
1024 803 2
513 4868 2
3919 3414 2
3449 1436 2
2205 996 2
4443 1286 2
1726 4382 2
1510 2489 2
2344 3552 2
1963 4735 2
45 2907 2
615 4658 2
4539 1372 2
1291 4916 2
2397 1347 2
1476 3256 2
4179 2475 2
1012 2270 2
3311 1892 2
847 322 2
327 4162 2
4258 509 2
4791 2069 2
3924 3739 2
4125 4497 2
1958 3185 2
4520 1310 2
4123 4928 2
1765 3229 2
3716 58 2
1609 83 2
1012 863 2
3044 3662 2
1469 3550 2
36 3043 2
1542 2185 2
2302 1003 2
4625 1810 2
3799 2736 2
1149 449 2
2707 2359 2
1212 1375 2
4426 3245 2
4567 4196 2
1266 1234 2
1165 2040 2
1770 2336 2
3463 134 2
1025 580 2
639 1032 2
191 3235 2
4371 3680 2
2750 2841 2
944 4905 2
1988 3356 2
2971 908 2
4360 3166 2
4319 3090 2
172 443 2
149 2843 2
2121 2210 2
2643 4330 2
1066 4852 2
2308 378 2
1198 2715 2
2263 4030 2
1755 382 2
4799 2576 2
44 2848 2
2934 1211 2
3851 2422 2
3972 2241 2
2522 1325 2
857 53 2
4084 3011 2
3870 4194 2
4726 4193 2
2484 3508 2
1194 576 2
3912 72 2
575 2535 2
3847 4938 2
1181 4188 2
1844 4023 2
3569 4812 2
858 1289 2
1384 2526 2
1960 3519 2
1049 3035 2
3333 3452 2
1770 3305 2
3203 2235 2
656 3564 2
2310 673 2
1097 4128 2
3511 3633 2
2683 1675 2
3790 3006 2
2577 587 2
2157 867 2
3542 4697 2
2607 2521 2
2583 4179 2
3499 2239 2
4408 1732 2
4024 2554 2
2264 1845 2
148 1473 2
2728 1492 2
154 462 2
3036 4935 2
3767 864 2
4356 2420 2
1835 1099 2
1587 2099 2
1623 2704 2
3434 3592 2
4104 924 2
405 113 2
418 3561 2
4823 1433 2
2657 2552 2
2320 4001 2
1938 4910 2
2236 1155 2
4359 4967 2
4080 4778 2
568 3677 2
3649 4977 2
4728 2763 2
4935 2118 2
4554 1482 2
367 1488 2
4543 2352 2
1357 600 2
4704 2024 2
3988 3947 2
1043 3537 2
3226 1244 2
3308 4246 2
241 3546 2
2727 1271 2
3541 871 2
3680 86 2
1931 1200 2
310 1033 2
4581 4715 2
1758 1921 2
1575 3613 2
2495 4783 2
3694 3321 2
3140 2921 2
1919 1187 2
3756 696 2
2687 4675 2
3880 2533 2
1672 3353 2
588 3995 2
4917 2569 2
2195 142 2
160 4703 2
2242 3261 2
742 3386 2
4864 2732 2
2294 875 2
679 37 2
2384 573 2
1861 3710 2
3221 925 2
498 76 2
3227 1135 2
2498 2166 2
1610 4874 2
1082 3152 2
1421 1888 2
845 2215 2
4442 4768 2
3810 4452 2
2652 669 2
102 829 2
362 2364 2
509 3799 2
4972 1577 2
901 1388 2
1165 4355 2
1954 905 2
3789 3590 2
359 416 2
2038 1970 2
5 1290 2
4564 823 2
2394 1133 2
2668 2778 2
840 2678 2
1310 314 2
418 1909 2
2207 3814 2
1733 3483 2
1947 1932 2
4323 2726 2
4218 4298 2
1281 3523 2
1623 921 2
2056 202 2
3353 268 2
2706 1423 2
2135 4932 2
247 1300 2
3354 3823 2
1562 4603 2
1223 2468 2
1126 4373 2
2907 84 2
4668 2880 2
1843 1269 2
4204 18 2
4886 1454 2
3590 3986 2
3710 4565 2
2732 4712 2
1673 4778 2
4604 1485 2
2386 3332 2
2421 3264 2
4119 999 2
1019 2320 2
1397 1840 2
3254 4706 2
3510 3615 2
2376 360 2
2664 3972 2
447 2275 2
4802 2593 2
3827 3791 2
904 4034 2
1460 418 2
4905 1345 2
3054 4875 2
1715 2630 2
3675 1094 2
250 2401 2
4193 2311 2
1326 2298 2
805 1242 2
748 3769 2
2435 3823 2
2661 4305 2
3814 1498 2
1932 3486 2
1946 3227 2
3248 3870 2
1772 2013 2
3647 4779 2
1184 4656 2
2797 2681 2
2257 3150 2
2178 4115 2
665 3699 2
1006 1430 2
841 1485 2
3543 1523 2
1459 1474 2
466 3439 2
2068 4125 2
622 3298 2
4637 1748 2
2488 3613 2
30 1696 2
4794 3981 2
2588 3853 2
2474 220 2
4764 1212 2
472 3900 2
1922 4272 2
2649 445 2
4125 542 2
2759 328 2
3414 2176 2
4383 1919 2
4118 2207 2
493 1961 2
511 4726 2
470 2636 2
4808 3726 2
1256 2291 2
2395 3968 2
1870 3445 2
848 728 2
2204 1866 2
420 2433 2
4368 589 2
3575 910 2
2940 2922 2
742 1574 2
3784 240 2
2526 4607 2
3525 4861 2
797 3401 2
411 4092 2
4725 3924 2
1827 3567 2
2114 799 2
872 906 2
570 1750 2
4101 3360 2
3622 4113 2
3286 3584 2
3451 3687 2
2422 4277 2
3779 3219 2
332 1707 2
324 1927 2
2386 2195 2
792 1654 2
1779 2200 2
4828 3605 2
1245 964 2
4132 3869 2
3831 4633 2
667 1993 2
2040 4974 2
4765 3056 2
3706 3034 2
2295 3052 2
3661 957 2
3480 286 2
1544 2363 2
831 424 2
2347 1562 2
632 2630 2
1354 3571 2
4312 1299 2
707 4811 2
2475 3160 2
4823 2731 2
344 2369 2
2683 4247 2
4289 450 2
3883 1780 2
2079 2771 2
1656 570 2
2085 3933 2
4724 3284 2
4298 3624 2
630 2590 2
3340 2908 2
426 111 2
2310 1179 2
1529 623 2
250 3469 2
4059 4370 2
4666 2956 2
2456 1785 2
3072 3306 2
1318 2702 2
2159 272 2
3300 1002 2
1510 2661 2
3565 1511 2
1515 4340 2
617 2290 2
3713 1215 2
900 705 2
3212 1395 2
3593 269 2
3476 2344 2
4024 1997 2
1179 4521 2
2377 1472 2
4081 1134 2
1150 3880 2
3923 2454 2
2942 331 2
668 1137 2
4204 4371 2
607 3356 2
2867 2444 2
4225 3279 2
644 4679 2
4496 1424 2
1066 2144 2
2682 3588 2
2505 900 2
1169 1492 2
2478 1063 2
1501 74 2
3908 2724 2
1626 4958 2
149 2314 2
2169 395 2
2702 1428 2
3150 194 2
2822 503 2
2734 2602 2
2626 3164 2
4455 3093 2
3812 585 2
518 4390 2
2583 2338 2
411 2011 2
534 1634 2
1124 2609 2
1706 3415 2
872 656 2
3112 2610 2
2390 3101 2
787 4297 2
1495 1203 2
3334 2196 2
185 2996 2
1665 4537 2
200 2879 2
2075 4097 2
2584 3368 2
3758 3359 2
4477 782 2
184 330 2
2555 944 2
3871 2612 2
3630 1543 2
2475 2310 2
4029 4754 2
4724 4276 2
3831 3 2
3956 1292 2
21 516 2
2323 726 2
3337 4593 2
4921 246 2
1727 467 2
1553 2329 2
4995 649 2
4367 912 2
2948 3134 2
3562 4693 2
3005 883 2
1136 2369 2
4304 425 2
891 2051 2
150 1171 2
784 3259 2
1864 3122 2
2618 1083 2
489 480 2
3756 4906 2
2972 4573 2
2618 4891 2
3760 4154 2
2426 2697 2
4685 3617 2
3987 3312 2
2730 271 2
2221 2801 2
4475 3235 2
2517 644 2
396 1032 2
252 1158 2
3395 3183 2
242 881 2
779 1671 2
874 1364 2
4774 1770 2
2383 3623 2
1421 3520 2
1499 1521 2
521 2612 2
3405 2656 2
4000 3763 2
1418 4265 2
1795 945 2
1650 4213 2
1586 168 2
3908 4167 2
1081 34 2
1678 3178 2
3521 4301 2
3087 3050 2
1315 579 2
2603 3220 2
2507 2804 2
2355 3483 2
3329 277 2
1096 946 2
2599 4733 2
4970 3410 2
1254 218 2
2146 2513 2
1958 3340 2
1216 1301 2
3907 75 2
3592 3377 2
2166 4281 2
996 2587 2
1516 3596 2
341 319 2
158 1291 2
3949 4152 2
1346 1179 2
2603 3171 2
554 2014 2
2829 4310 2
2705 2487 2
1711 782 2
226 4896 2
4786 371 2
3332 3378 2
2734 2682 2
55 1123 2
4096 1835 2
2081 4754 2
1653 3580 2
263 3855 2
4318 13 2
1435 3491 2
1015 2293 2
2089 2275 2
1790 741 2
518 1628 2
2960 4474 2
4372 121 2
2186 2660 2
2151 3728 2
4009 3935 2
2591 3653 2
4542 2992 2
67 1197 2
2738 216 2
1173 4713 2
1583 2004 2
519 3442 2
3631 710 2
1054 2277 2
2069 2087 2
3374 1359 2
3245 2134 2
1476 4216 2
86 3933 2
132 1571 2
1897 3208 2
3467 2352 2
1099 3743 2
1789 1400 2
1542 905 2
2314 3094 2
2574 2689 2
1288 262 2
3417 3291 2
4431 4519 2
1027 696 2
1780 2023 2
3998 4672 2
2432 1709 2
4273 1975 2
1560 2847 2
1003 92 2
2690 3089 2
2418 69 2
1116 1335 2
3074 1798 2
1076 46 2
3597 114 2
804 1649 2
4953 4244 2
3716 2400 2
2292 4648 2
2227 913 2
2471 695 2
3848 3145 2
122 1276 2
4489 4134 2
3302 2537 2
4662 3932 2
1278 4238 2
1274 3313 2
1174 3313 2
3313 936 2
3177 3296 2
350 936 2
2725 1168 2
3580 2810 2
324 2022 2
4896 3530 2
4266 471 2
844 2947 2
979 2901 2
4699 3203 2
1216 968 2
1311 1422 2
4093 4977 2
3710 4185 2
187 1456 2
1402 1190 2
3042 2088 2
2881 1192 2
4419 2214 2
2676 806 2
3898 3150 2
403 3262 2
246 4261 2
3128 3556 2
4757 3988 2
2680 2106 2
4389 4467 2
4065 1870 2
2331 4269 2
2727 2097 2
1464 3506 2
3471 2068 2
3332 2560 2
55 615 2
1511 4260 2
4161 446 2
3850 2054 2
363 3106 2
3585 3677 2
609 2300 2
3514 2201 2
705 3176 2
1115 1287 2
4416 3129 2
204 259 2
1816 4239 2
3125 1769 2
3552 2060 2
4034 192 2
1276 2041 2
630 4117 2
4584 113 2
3515 1564 2
737 2016 2
1151 1889 2
3233 1201 2
2676 3964 2
3584 1218 2
3841 3925 2
1584 3561 2
3018 4777 2
809 4096 2
2734 2588 2
1464 4802 2
3616 2238 2
1174 3066 2
1968 1746 2
3691 2549 2
3841 2652 2
577 1204 2
3177 3920 2
273 694 2
3562 4186 2
4288 4163 2
4639 3826 2
2747 3196 2
892 2416 2
1341 4665 2
259 2685 2
4762 823 2
566 411 2
1163 637 2
3662 1868 2
4966 1099 2
1879 771 2
1849 327 2
2849 1176 2
1523 986 2
865 2961 2
3673 1636 2
2261 1859 2
500 2024 2
2302 4877 2
2914 3529 2
898 3496 2
3808 2741 2
2449 4727 2
3989 4839 2
3514 3072 2
3190 3657 2
1406 3635 2
4732 1618 2
4876 3970 2
4597 2957 2
2229 311 2
1259 2834 2
4065 3062 2
241 3959 2
4012 147 2
410 2386 2
1576 2910 2
2714 2455 2
3822 1662 2
4059 917 2
3442 1332 2
3541 1598 2
1950 3537 2
4425 2502 2
4194 4387 2
1452 563 2
779 3167 2
1808 855 2
1366 4226 2
741 2145 2
978 4937 2
1379 2464 2
2723 4322 2
2788 1292 2
4287 4828 2
19 3315 2
632 1223 2
2923 4237 2
1007 2707 2
2535 1298 2
3018 1776 2
2070 3420 2
2169 4224 2
3942 1506 2
4475 4893 2
2508 2223 2
4577 4444 2
2670 4531 2
507 536 2
1742 829 2
4240 3781 2
308 3230 2
1902 3984 2
741 2696 2
4999 3615 2
2313 4179 2
2660 2085 2
806 3484 2
1843 2987 2
1707 2558 2
4026 2178 2
197 2187 2
2477 4322 2
4118 495 2
4166 467 2
663 3120 2
1535 2477 2
1548 2116 2
2569 329 2
3057 3819 2
850 1610 2
4939 1254 2
3495 1800 2
264 1843 2
4215 3094 2
3796 3552 2
3775 1897 2
461 611 2
4230 4466 2
2429 2549 2
249 1139 2
3251 3056 2
2570 3649 2
3974 1397 2
2436 4991 2
1404 1448 2
1846 51 2
99 3593 2
4365 2394 2
1365 3473 2
3042 1934 2
691 1090 2
1044 4328 2
1641 651 2
4937 265 2
2911 756 2
2465 4943 2
2167 4466 2
4345 2850 2
2486 1646 2
3224 2826 2
3667 1538 2
311 1646 2
4320 3425 2
864 4274 2
598 2168 2
878 1894 2
2994 103 2
2936 2741 2
719 1982 2
3168 1530 2
2199 2563 2
2053 622 2
3802 3208 2
730 4514 2
1773 538 2
1625 3087 2
3566 55 2
3803 4255 2
2020 2814 2
3257 1140 2
3018 3269 2
4597 3619 2
1091 4059 2
3071 4829 2
228 779 2
4204 3484 2
4301 3348 2
2124 3909 2
3809 155 2
1879 2663 2
2037 4217 2
1734 2710 2
1890 3880 2
636 4587 2
3314 71 2
1418 27 2
2764 4445 2
142 2377 2
3138 1075 2
2875 1152 2
773 2242 2
3379 570 2
2706 4313 2
3186 112 2
812 162 2
1190 166 2
727 3878 2
3181 662 2
3534 198 2
514 3490 2
289 3221 2
3024 2814 2
4979 2149 2
1740 3038 2
114 4807 2
1082 2944 2
1252 2664 2
2867 4250 2
4855 2587 2
4863 33 2
3351 1534 2
4525 3425 2
4970 95 2
4018 1178 2
4361 4655 2
3056 3697 2
2459 1170 2
4435 3412 2
3121 368 2
3764 2801 2
3054 607 2
2169 1868 2
986 1344 2
3923 4589 2
829 3624 2
208 3456 2
2541 3084 2
359 1240 2
2870 4494 2
683 840 2
78 4968 2
4528 3675 2
1199 391 2
922 1138 2
704 4389 2
4826 3016 2
909 2599 2
266 4733 2
1409 2670 2
3677 3581 2
148 291 2
1426 4086 2
3936 4460 2
938 4585 2
1750 2216 2
5 3126 2
3443 2585 2
3579 195 2
4594 1699 2
1849 1043 2
2134 4268 2
200 67 2
4221 4663 2
2079 761 2
3565 1320 2
3648 1367 2
4746 462 2
4276 4150 2
3856 3784 2
4926 4873 2
447 13 2
3847 2558 2
4439 2007 2
1307 2293 2
3362 3310 2
777 977 2
4903 1767 2
633 1867 2
4435 3709 2
3937 4196 2
587 1290 2
4449 1654 2
3312 4768 2
4285 342 2
600 3295 2
929 4410 2
3837 399 2
3364 2769 2
1801 1329 2
2437 2850 2
4912 4603 2
4174 2803 2
2312 3244 2
1042 4773 2
951 2357 2
2163 2089 2
733 4256 2
4579 1514 2
3715 4161 2
258 863 2
795 2677 2
3684 2553 2
3108 1916 2
2193 4736 2
4416 4517 2
2099 4231 2
1609 4752 2
1312 2668 2
4978 815 2
2136 3663 2
515 1244 2
4494 3630 2
4688 2984 2
2374 446 2
2997 3468 2
2538 1905 2
3024 3637 2
1476 1776 2
2258 1380 2
2804 1994 2
4346 269 2
2392 2314 2
875 1826 2
2295 723 2
1240 390 2
3377 3963 2
3636 3626 2
4463 4912 2
67 1311 2
861 3342 2
3083 1543 2
1572 2012 2
3698 3308 2
2832 3905 2
228 958 2
4362 4591 2
2384 3722 2
4243 1784 2
2921 2645 2
3338 415 2
1912 1906 2
2342 2232 2
4334 2262 2
3191 1640 2
2800 4586 2
3035 1380 2
1933 2715 2
2459 2846 2
4878 3252 2
4804 3976 2
3947 4264 2
1617 2015 2
2602 3457 2
3004 745 2
1789 4862 2
3756 753 2
4315 243 2
4250 853 2
3422 2724 2
2950 315 2
1459 730 2
594 3858 2
389 224 2
1291 3244 2
4888 4438 2
1882 4291 2
451 3770 2
1764 4769 2
570 2047 2
694 1920 2
2139 3486 2
258 4060 2
4434 352 2
4417 1120 2
2863 2624 2
2143 1590 2
4423 2813 2
597 2056 2
2527 143 2
3272 1577 2
1359 4464 2
4007 1745 2
4182 4835 2
3104 277 2
1387 620 2
2953 630 2
184 2874 2
2822 3659 2
4046 3058 2
1379 440 2
2925 54 2
4143 344 2
510 2088 2
3414 4803 2
3200 4277 2
2290 4210 2
1976 1979 2
1297 2537 2
1005 1621 2
1233 754 2
154 2754 2
2827 1548 2
2169 1129 2
2264 4694 2
1537 4522 2
1790 4335 2
1058 944 2
550 454 2
4079 1777 2
3349 336 2
3027 3061 2
851 1222 2
2875 2775 2
2116 2687 2
3630 4584 2
2004 1440 2
840 1321 2
1604 1525 2
2331 4835 2
466 1258 2
944 1461 2
691 959 2
648 149 2
2028 299 2
2583 3055 2
359 4612 2
1048 4875 2
4705 817 2
3502 2393 2
3070 398 2
4192 3143 2
3611 1096 2
1554 589 2
4185 3720 2
1230 4917 2
3393 1237 2
1941 167 2
3197 61 2
2379 4691 2
3684 2832 2
812 4690 2
571 640 2
463 1833 2
1791 3490 2
1609 1794 2
2374 2602 2
103 839 2
722 1090 2
391 3015 2
1383 3923 2
3785 4668 2
2787 3558 2
139 3838 2
1111 3479 2
4941 4297 2
736 3849 2
3468 4309 2
2033 2509 2
1427 1587 2
4591 4405 2
4011 1634 2
1458 1673 2
1983 2889 2
4823 4691 2
167 275 2
2031 3505 2
2291 4846 2
3279 4708 2
4730 2742 2
4445 4316 2
4179 1925 2
3635 4586 2
3752 1678 2
810 840 2
3485 351 2
2360 1733 2
3879 943 2
1101 4155 2
3730 2691 2
1104 3619 2
4638 2046 2
2094 1854 2
2000 1542 2
3293 1832 2
283 1490 2
4091 1218 2
1803 236 2
4461 1148 2
4842 619 2
2414 3475 2
515 4285 2
1284 1466 2
3093 3385 2
1558 4460 2
3482 2041 2
3695 3966 2
582 1027 2
1577 4039 2
2288 2479 2
2133 3443 2
4355 2380 2
2359 4925 2
1581 4733 2
4120 4221 2
3367 2437 2
4715 1727 2
4629 2834 2
3174 3578 2
4756 2256 2
1181 3020 2
2496 1561 2
3107 3829 2
2370 1033 2
3666 2921 2
3200 347 2
2685 3652 2
264 3791 2
2018 2930 2
618 2232 2
466 3034 2
4861 4069 2
352 1190 2
4338 4051 2
799 229 2
2663 2836 2
4361 935 2
2283 634 2
4632 308 2
759 2800 2
3811 3721 2
2871 1964 2
1328 4660 2
3014 906 2
1174 2252 2
3246 3832 2
1307 4549 2
4251 3314 2
3294 726 2
2688 166 2
1354 145 2
3512 2169 2
1188 2980 2
1960 3038 2
3008 2342 2
87 330 2
3733 2136 2
784 415 2
3606 4242 2
1883 1569 2
4166 1444 2
2867 2494 2
2918 854 2
1882 1936 2
1173 2496 2
952 1167 2
3937 2028 2
1565 2719 2
3821 3659 2
538 1328 2
4018 230 2
1152 3754 2
740 2215 2
2932 2911 2
498 2591 2
2250 328 2
1745 3843 2
389 3403 2
2653 2861 2
21 1582 2
2990 2149 2
4618 1825 2
2699 4812 2
4588 1930 2
2683 1112 2
2595 471 2
4787 1857 2
3017 706 2
2433 3901 2
1155 3887 2
12 2061 2
1188 2341 2
2566 4525 2
4342 2939 2
4852 3242 2
4529 1651 2
2931 1349 2
1450 2948 2
534 3775 2
3114 3671 2
4721 4806 2
4090 3782 2
4572 457 2
3776 4039 2
27 2205 2
4731 3234 2
2685 4537 2
4410 2275 2
1259 355 2
4511 3748 2
2216 4622 2
627 2557 2
4868 1350 2
4973 2560 2
4600 1306 2
2542 4819 2
2134 1276 2
4980 3000 2
4935 2108 2
162 1544 2
1545 830 2
853 2925 2
3306 3230 2
2933 1670 2
334 3878 2
4804 1187 2
2536 3279 2
2281 2895 2
3737 1181 2
353 903 2
652 946 2
145 3081 2
4931 4397 2
909 3837 2
3475 864 2
1623 1707 2
4379 208 2
2627 973 2
3951 1592 2
54 734 2
4533 4352 2
4758 2280 2
2260 4323 2
2616 1936 2
57 3857 2
3641 2361 2
949 2072 2
3705 2170 2
1164 4639 2
2459 3051 2
483 3995 2
3558 794 2
2410 271 2
3178 3 2
3783 4759 2
2566 1561 2
2074 3327 2
2178 182 2
656 3546 2
2464 4908 2
2838 143 2
520 2233 2
3038 2518 2
3395 3721 2
203 4205 2
2745 651 2
4689 4559 2
811 3742 2
828 4821 2
3607 3784 2
1837 1651 2
307 796 2
4264 2144 2
2688 3849 2
1435 4286 2
2155 2107 2
635 2579 2
4327 4213 2
148 1033 2
826 852 2
1924 413 2
2437 2047 2
3396 4061 2
2208 2614 2
614 757 2
2704 1956 2
4989 2269 2
4203 246 2
4311 582 2
321 4047 2
344 2693 2
413 481 2
3114 484 2
4937 400 2
2542 2369 2
4632 3890 2
1 897 2
3052 2409 2
372 2331 2
1769 2359 2
4650 2063 2
2328 2561 2
4001 4776 2
2328 2460 2
1220 2397 2
3640 2071 2
2133 332 2
3491 2315 2
4951 4615 2
4357 2715 2
3348 2996 2
1774 3234 2
2707 265 2
2883 2931 2
3875 2989 2
301 2500 2
4905 3145 2
3249 1499 2
772 3319 2
2927 3153 2
4094 4208 2
662 3180 2
2727 3859 2
308 4908 2
1253 3221 2
1792 3533 2
2575 1303 2
72 3505 2
4173 494 2
314 850 2
3194 1384 2
1595 4833 2
560 2464 2
2853 4269 2
3385 4016 2
4339 2262 2
3501 2062 2
3796 761 2
3409 4259 2
433 778 2
467 3339 2
531 321 2
3097 2610 2
1476 774 2
1421 138 2
3242 3227 2
2403 4392 2
2095 3918 2
3393 2261 2
3344 3664 2
1210 509 2
1669 4043 2
3836 302 2
304 1588 2
1722 2864 2
4606 4431 2
1284 2408 2
2415 4966 2
878 3967 2
3692 1311 2
1999 2411 2
3124 802 2
281 2998 2
1009 3030 2
3281 4045 2
3259 2194 2
4051 4680 2
391 1224 2
489 2602 2
2120 4229 2
4763 232 2
4676 4309 2
3845 2180 2
2631 2454 2
4884 4514 2
1798 2171 2
1018 4394 2
1778 3419 2
2634 237 2
3200 3387 2
2893 4290 2
2027 1774 2
757 2125 2
3291 2221 2
2072 1580 2
4279 2633 2
1893 1760 2
400 4598 2
2629 4843 2
3044 1414 2
600 2476 2
580 8 2
1143 2757 2
284 1554 2
1783 1815 2
1545 2918 2
3768 2789 2
2313 4414 2
2467 4470 2
1880 1044 2
3883 1287 2
1535 1507 2
3088 3214 2
4971 885 2
735 2716 2
4866 544 2
4493 4629 2
4067 4613 2
1761 674 2
2554 1373 2
1336 2191 2
3655 3493 2
48 4637 2
2056 1792 2
1681 1832 2
3461 1850 2
482 2198 2
1925 680 2
4672 5 2
2200 937 2
2460 607 2
2439 555 2
1989 74 2
1276 490 2
1742 3206 2
750 2735 2
3951 1316 2
3763 1470 2
4874 2715 2
691 1985 2
4127 3964 2
3865 922 2
4852 3314 2
3498 287 2
3843 1802 2
1334 3034 2
3401 435 2
4239 1029 2
3246 4650 2
4612 1612 2
629 2345 2
2769 3715 2
2657 2260 2
2706 3027 2
2745 3007 2
214 920 2
2372 648 2
25 1254 2
3042 1727 2
1142 85 2
3307 3862 2
4565 4782 2
2100 4300 2
4802 1939 2
2631 2125 2
1573 2879 2
3618 2848 2
1699 1240 2
272 2217 2
708 4524 2
1441 1379 2
2836 1054 2
3519 2382 2
4504 3344 2
3874 268 2
3522 1693 2
4031 3715 2
1864 3139 2
2101 1548 2
439 2065 2
669 4929 2
2768 4473 2
931 2516 2
948 901 2
844 786 2
1730 482 2
102 4244 2
4428 4412 2
290 3231 2
2013 958 2
1091 3079 2
2983 1231 2
694 549 2
2817 953 2
4640 2032 2
469 1413 2
4345 1479 2
3967 4187 2
4557 3541 2
2915 3286 2
2977 775 2
494 75 2
1743 2534 2
875 84 2
1682 2258 2
1461 44 2
1321 3446 2
4388 1847 2
2454 4758 2
2177 4608 2
4539 1433 2
4282 1108 2
863 746 2
1520 626 2
3057 1605 2
4402 4142 2
1121 3118 2
952 3493 2
1082 1363 2
1890 3912 2
4628 514 2
2775 425 2
3923 893 2
3612 2064 2
3988 326 2
709 2646 2
619 240 2
994 412 2
4823 2204 2
3552 3062 2
661 519 2
2992 1195 2
3736 4803 2
4825 4369 2
2353 628 2
378 4683 2
4497 2023 2
3305 3360 2
1270 3491 2
1072 1596 2
1709 1398 2
2643 3973 2
2461 2120 2
2310 2783 2
3720 3378 2
1686 2919 2
2785 489 2
4354 3637 2
1021 3951 2
3054 1991 2
3194 4261 2
1829 4450 2
1817 2582 2
819 2060 2
4266 3834 2
4628 4117 2
1976 648 2
359 2091 2
4198 4551 2
3985 1211 2
2531 4973 2
218 1388 2
1925 4062 2
289 2406 2
3139 500 2
425 2550 2
2714 3587 2
1278 1144 2
213 3613 2
1064 552 2
1287 2341 2
518 4220 2
2998 2868 2
4370 1332 2
1680 618 2
420 4136 2
1433 1452 2
1635 1119 2
1961 2939 2
3899 2881 2
4567 22 2
2751 4251 2
650 250 2
2592 3630 2
2380 515 2
1285 801 2
191 4052 2
1657 1672 2
3260 4576 2
3988 3733 2
4364 4289 2
270 3591 2
2456 4323 2
1457 718 2
2538 4377 2
3703 3153 2
3579 3145 2
60 361 2
2979 2921 2
3220 2460 2
4500 3499 2
4897 3977 2
3131 1460 2
68 101 2
470 3459 2
4527 1795 2
2726 3100 2
4824 1166 2
736 4933 2
1987 4109 2
2840 4073 2
1052 348 2
3351 4755 2
2902 739 2
1887 2433 2
3606 4614 2
609 3518 2
2164 795 2
4580 1099 2
294 3089 2
4934 810 2
924 146 2
1532 492 2
407 1331 2
3321 4247 2
2190 1886 2
2017 4078 2
407 1342 2
1442 3270 2
1075 2037 2
2473 1517 2
1004 4641 2
798 4497 2
4439 2445 2
332 4872 2
4289 3275 2
2742 4000 2
2543 3036 2
267 3062 2
742 3631 2
1436 1286 2
802 682 2
4125 1726 2
4342 3533 2
1372 3841 2
2189 2132 2
4530 4322 2
2082 4464 2
1317 2959 2
204 2485 2
1017 2194 2
1082 4799 2
1715 3684 2
1310 82 2
2112 2666 2
4594 1764 2
698 3385 2
476 2250 2
4292 1184 2
3579 2896 2
3999 3078 2
373 2581 2
3420 3285 2
4403 1922 2
756 4196 2
960 4370 2
3070 612 2
1291 1938 2
4315 4143 2
4949 4578 2
3563 1654 2
1256 890 2
4218 3168 2
2383 1263 2
816 2387 2
4701 694 2
1280 1525 2
3442 2654 2
3335 782 2
3396 2767 2
2232 1317 2
802 4297 2
1909 3921 2
2002 4573 2
2916 366 2
4391 1750 2
1771 2086 2
1993 3801 2
1140 4742 2
1486 1798 2
1891 3855 2
858 1879 2
1727 3541 2
1713 2435 2
2877 2979 2
4298 1558 2
1438 1647 2
3333 4964 2
3649 400 2
459 715 2
4834 986 2
4690 3008 2
193 4062 2
1670 465 2
177 3195 2
4664 2512 2
2645 2014 2
2448 877 2
4090 2125 2
2061 3580 2
3468 551 2
3875 3803 2
553 2986 2
3711 2684 2
589 572 2
2065 834 2
4490 4932 2
1921 2912 2
2849 3671 2
1365 3711 2
3193 3128 2
1274 3569 2
125 1970 2
2999 4800 2
4214 313 2
1950 311 2
3043 4381 2
1588 3597 2
259 4827 2
4733 3485 2
4459 3178 2
4170 3979 2
1411 4163 2
4159 65 2
2808 982 2
1135 4790 2
1124 3023 2
278 4336 2
3969 3196 2
4056 410 2
4761 4911 2
2811 625 2
1927 2975 2
2547 1823 2
1943 510 2
2380 2193 2
2804 4361 2
816 4577 2
2550 1760 2
4270 769 2
240 4552 2
1550 3031 2
4121 4202 2
3465 3463 2
2861 2261 2
1515 3506 2
3723 1465 2
925 4613 2
3025 3645 2
1811 4622 2
4588 4601 2
943 4445 2
158 1263 2
1007 2699 2
4563 3996 2
4839 1521 2
1955 4156 2
641 2446 2
139 2191 2
3931 4843 2
4384 109 2
3294 2367 2
1952 1141 2
1195 2145 2
1378 526 2
2177 345 2
861 3022 2
1896 327 2
391 981 2
4951 331 2
1570 4388 2
2418 3300 2
4982 3818 2
3378 4104 2
1294 686 2
3730 2457 2
1470 383 2
589 4021 2
4787 568 2
2553 4847 2
4784 430 2
3743 3828 2
2115 4999 2
910 933 2
776 4064 2
4643 1537 2
475 3144 2
3638 1930 2
4248 1849 2
4963 4059 2
2584 1774 2
2078 2978 2
3476 2414 2
2638 2344 2
3413 975 2
2328 3606 2
3497 3095 2
1119 3371 2
3479 4826 2
4691 3014 2
1156 1813 2
1402 1457 2
1573 875 2
3459 2583 2
474 4120 2
4884 3210 2
332 819 2
4786 4629 2
1178 3454 2
2989 4597 2
3156 2105 2
659 790 2
4937 4166 2
4953 1841 2
1609 296 2
4773 2925 2
544 1228 2
742 3477 2
3131 3026 2
1095 1722 2
166 3447 2
3049 899 2
2574 4525 2
2583 7 2
1911 2286 2
1006 3672 2
4563 2828 2
4847 1920 2
3777 1105 2
474 4740 2
3770 3960 2
4201 145 2
528 3603 2
4917 1734 2
3428 1857 2
3488 2791 2
4911 1817 2
263 4898 2
3986 901 2
3439 865 2
3867 3759 2
4260 3990 2
4975 2285 2
426 844 2
693 4826 2
4006 4446 2
4819 2119 2
816 4414 2
3612 3589 2
98 2991 2
1599 4262 2
269 940 2
618 659 2
1810 1713 2
3741 3913 2
2112 2070 2
3173 2869 2
4899 3193 2
1877 1402 2
805 1616 2
2100 3642 2
3461 2428 2
474 2529 2
3314 1394 2
548 1184 2
3068 3015 2
1985 173 2
4665 634 2
4499 3765 2
3380 1530 2
3758 4748 2
2340 41 2
2520 4369 2
2609 1843 2
4430 2915 2
1214 1852 2
2451 4497 2
1437 1297 2
2162 2891 2
1509 4225 2
3596 3877 2
1236 4998 2
1751 2682 2
435 2361 2
972 3896 2
1486 202 2
3908 4552 2
779 4548 2
4394 377 2
2511 1946 2
2695 4841 2
462 3762 2
1579 2983 2
2290 4965 2
4457 3052 2
2358 1559 2
1630 2862 2
670 2196 2
4600 2076 2
2397 2363 2
3470 355 2
1572 2968 2
2451 801 2
4748 1476 2
3461 2755 2
4068 505 2
4025 2626 2
2418 458 2
2473 762 2
4290 4149 2
1250 1650 2
4361 2281 2
4013 1559 2
1833 4867 2
2503 4966 2
2164 2500 2
3238 3748 2
495 2535 2
4919 3383 2
1710 4930 2
1088 1031 2
857 2387 2
1650 2943 2
1560 929 2
4044 4792 2
2654 1532 2
3325 934 2
4437 1653 2
4096 3713 2
2535 366 2
3272 757 2
2573 2290 2
3631 4186 2
3302 2981 2
1967 4085 2
3552 1879 2
793 956 2
3342 2249 2
1812 2221 2
2158 840 2
1575 1096 2
1584 4660 2
2103 4914 2
4525 1253 2
4395 4144 2
2758 2202 2
291 2243 2
1536 757 2
3359 1996 2
1856 3631 2
3248 2308 2
2455 1252 2
1097 4320 2
2179 4138 2
1045 3862 2
1658 3806 2
1550 2559 2
4118 2403 2
2141 3810 2
1533 828 2
620 1201 2
1505 4859 2
2796 2236 2
930 495 2
4683 3685 2
1290 3706 2
696 4895 2
4216 2253 2
1927 4542 2
1791 2872 2
2858 656 2
2142 1073 2
988 3236 2
2009 2909 2
2096 2699 2
4484 4957 2
2767 2594 2
209 4685 2
2176 425 2
4480 189 2
3867 4739 2
4854 3982 2
4027 3939 2
3948 2480 2
409 2125 2
4069 2466 2
2442 1208 2
2039 1278 2
4261 856 2
2581 3200 2
4650 2326 2
718 1060 2
1994 3584 2
4934 2874 2
4994 781 2
2277 33 2
2123 1564 2
2904 2834 2
870 98 2
74 246 2
4553 2450 2
3674 1887 2
3999 2093 2
4603 4673 2
1653 4487 2
4452 4293 2
1613 3035 2
706 3213 2
2104 407 2
1409 2492 2
217 1634 2
946 4316 2
4856 4952 2
2848 2524 2
3166 3661 2
4856 641 2
2169 4831 2
941 4372 2
139 4423 2
1984 2663 2
1094 3811 2
2116 4586 2
2961 2907 2
3515 3985 2
784 4091 2
2048 327 2
565 2354 2
4174 2531 2
2244 4551 2
1034 3224 2
4806 4217 2
3819 4729 2
1334 518 2
228 2358 2
352 2144 2
2105 108 2
4191 4428 2
2125 974 2
2631 1031 2
2464 1491 2
1441 3945 2
1933 1666 2
3600 4048 2
3157 2132 2
4817 389 2
4614 1579 2
560 3738 2
4730 2232 2
4416 1464 2
548 2382 2
3823 4898 2
803 4798 2
1624 3296 2
2775 135 2
4489 3667 2
1978 1234 2
4481 1808 2
1043 358 2
833 2959 2
4804 4501 2
1592 371 2
918 3374 2
1996 2882 2
2820 920 2
4140 2616 2
1685 867 2
4460 2855 2
4494 3848 2
521 1214 2
1142 1264 2
281 892 2
3615 939 2
2748 2166 2
4297 3911 2
1936 2461 2
3140 4378 2
2187 3732 2
1481 4844 2
2433 3060 2
4601 1790 2
1384 2582 2
4837 1915 2
4103 3592 2
2526 4145 2
3329 272 2
2125 2348 2
4255 923 2
248 465 2
4662 4076 2
2567 2034 2
3365 1166 2
75 1355 2
4805 3744 2
1110 1032 2
1200 1989 2
252 2561 2
3380 760 2
287 3951 2
3752 814 2
1750 2824 2
2471 4827 2
2986 1190 2
154 647 2
3451 1434 2
3197 3514 2
697 4038 2
3998 1818 2
102 452 2
1803 488 2
1816 3256 2
4438 1768 2
4870 4891 2
3969 3277 2
672 1001 2
1256 527 2
4377 4050 2
3779 2086 2
3882 2238 2
4410 4282 2
4110 2745 2
3825 705 2
438 4064 2
4007 2108 2
121 2947 2
1332 4242 2
449 524 2
4482 3151 2
4848 3891 2
2371 2888 2
2928 1675 2
3503 4828 2
1055 4008 2
621 1448 2
2929 2105 2
2725 3121 2
1392 24 2
4403 4195 2
4962 62 2
3898 1357 2
1958 354 2
1667 3231 2
4718 550 2
3225 2894 2
2326 2434 2
4401 154 2
2846 416 2
4631 4364 2
4486 3981 2
4146 3937 2
4732 2402 2
1202 3942 2
1979 4124 2
3688 2707 2
324 3987 2
4440 1533 2
2980 1408 2
4082 797 2
3918 3107 2
2541 4752 2
512 575 2
331 424 2
2671 1128 2
3349 4281 2
67 3978 2
3676 2872 2
3323 2689 2
1073 4579 2
725 2976 2
1750 1498 2
468 2243 2
4819 4668 2
3341 904 2
3618 1785 2
3571 44 2
4017 2908 2
2805 1631 2
3155 4188 2
2494 4647 2
1815 3777 2
2936 4287 2
2499 1697 2
534 4544 2
1719 1773 2
4507 4711 2
319 4169 2
4399 3665 2
2089 872 2
3269 4743 2
2423 3142 2
3105 2427 2
4570 463 2
2567 4139 2
2159 3916 2
2119 183 2
2756 2873 2
1625 2414 2
2486 4590 2
4747 430 2
3341 1190 2
3651 2307 2
206 3504 2
4423 4451 2
2759 807 2
3098 2877 2
519 550 2
508 189 2
4406 453 2
761 4739 2
3747 3025 2
221 4005 2
2396 338 2
2513 3999 2
3768 1365 2
1138 882 2
2445 2651 2
1028 2781 2
3179 4844 2
3007 4323 2
1031 3186 2
2180 1174 2
3674 2759 2
1777 1930 2
4021 2957 2
2812 4923 2
3345 3911 2
2900 2567 2
4708 1889 2
1743 417 2
3758 1001 2
2141 827 2
2648 4182 2
2181 1025 2
1113 4105 2
2900 1992 2
2576 3723 2
1969 454 2
1345 3745 2
3416 987 2
3973 2608 2
1316 3675 2
767 24 2
1063 1655 2
855 4083 2
562 1127 2
2489 696 2
2650 4237 2
4255 534 2
4837 2727 2
4905 408 2
657 3278 2
2564 2239 2
2752 734 2
2435 281 2
3211 673 2
1944 3292 2
1055 1540 2
3613 4067 2
3648 4105 2
1041 2228 2
3043 4406 2
1165 4802 2
877 2642 2
4100 1043 2
45 406 2
4345 1186 2
2644 2525 2
4449 1946 2
2833 3843 2
4317 4291 2
1275 3147 2
3861 772 2
224 4718 2
4534 3507 2
1584 4512 2
2186 1021 2
1812 4882 2
4478 2860 2
2407 2068 2
110 4751 2
1282 1400 2
2672 1824 2
1331 3478 2
2517 4026 2
1978 1665 2
3672 1916 2
2572 2987 2
995 429 2
4508 2480 2
1412 1182 2
4922 2476 2
819 4239 2
4908 3191 2
1549 2698 2
659 31 2
3410 2274 2
867 3639 2
4858 3048 2
3545 2751 2
3398 803 2
3776 381 2
3793 2834 2
2652 2144 2
1920 1684 2
3236 1857 2
4240 4213 2
2472 3206 2
3994 4639 2
2687 3043 2
108 449 2
255 3909 2
4382 3153 2
237 1916 2
4644 1498 2
2852 712 2
406 1384 2
4820 2658 2
2264 3798 2
3416 2712 2
3824 4909 2
1410 42 2
3294 3167 2
1364 1760 2
2108 3613 2
3170 4199 2
1126 531 2
4879 4701 2
1491 3211 2
3460 3876 2
1540 237 2
3055 3591 2
430 3152 2
4685 1573 2
3697 1143 2
4615 4259 2
863 1165 2
3617 3054 2
4963 1438 2
1858 408 2
4668 1927 2
701 3851 2
4899 1430 2
415 1206 2
1518 325 2
3167 1966 2
1480 498 2
1886 4858 2
3855 4249 2
3493 3134 2
4844 2052 2
4723 3623 2
1633 1034 2
4462 1852 2
651 1155 2
2645 4398 2
4139 2775 2
1469 26 2
3493 3963 2
1528 591 2
968 1757 2
817 2005 2
2966 3044 2
202 427 2
3719 3217 2
614 2894 2
1554 1258 2
4474 4202 2
4754 3591 2
4149 807 2
1785 406 2
856 3343 2
4822 3291 2
246 1372 2
396 2096 2
2202 4656 2
1139 944 2
662 1691 2
4536 2444 2
4740 575 2
3984 3147 2
3549 3558 2
3883 4914 2
4396 3347 2
3314 4871 2
1817 2608 2
1917 3816 2
1909 3098 2
1798 1305 2
3981 2645 2
2574 2703 2
2564 3474 2
4261 2209 2
688 478 2
3832 8 2
4867 4107 2
2814 1374 2
869 1308 2
3701 1177 2
1497 806 2
1415 3096 2
1012 997 2
2067 70 2
4933 825 2
2687 699 2
3679 375 2
88 4916 2
4305 3373 2
3884 1756 2
2195 3159 2
1591 3142 2
513 2808 2
54 405 2
2378 126 2
1406 1085 2
2736 970 2
3817 1697 2
3025 4226 2
1822 1193 2
1063 2615 2
4095 1671 2
1189 1389 2
2796 3551 2
4891 2598 2
3455 3844 2
3410 2327 2
672 1375 2
201 709 2
1092 2848 2
1479 1343 2
662 663 2
2084 846 2
2307 3822 2
2327 2830 2
3942 2095 2
710 2222 2
1368 159 2
4716 3645 2
1994 3205 2
4958 1880 2
4510 1410 2
1169 1439 2
2596 823 2
4922 4807 2
2400 3699 2
1732 814 2
1967 4184 2
1932 324 2
1281 4335 2
4007 1290 2
2648 2960 2
4739 2968 2
189 4610 2
4274 1699 2
1117 1223 2
2734 3161 2
3017 611 2
2316 3503 2
189 4066 2
470 1355 2
2744 4488 2
3846 2237 2
4667 1921 2
2959 92 2
836 85 2
3332 1761 2
452 4810 2
4164 490 2
3969 613 2
3080 2199 2
1412 1627 2
2806 719 2
1147 1988 2
3357 3330 2
2414 2952 2
3586 3919 2
2021 1357 2
4970 3461 2
1298 34 2
2322 737 2
456 3251 2
459 2630 2
2434 2112 2
2777 578 2
303 334 2
4129 2947 2
2077 3305 2
4984 3245 2
1156 4196 2
4425 1107 2
113 2082 2
1189 1077 2
3941 4811 2
4250 4065 2
4771 2764 2
3663 1646 2
3468 2115 2
3008 4769 2
3671 174 2
568 3908 2
395 2373 2
1377 1198 2
3248 3151 2
2441 1382 2
297 39 2
4977 2421 2
3861 2121 2
1994 3438 2
3152 261 2
2651 2987 2
524 3119 2
3090 4595 2
3801 4850 2
3161 1764 2
3245 1917 2
3753 4273 2
3379 2349 2
1850 2258 2
369 607 2
280 3700 2
3727 4184 2
1823 677 2
2198 3497 2
4297 4724 2
964 4054 2
809 136 2
2524 2680 2
3417 4217 2
811 597 2
3998 582 2
4648 3346 2
2937 4300 2
2990 2802 2
2032 823 2
4534 873 2
3396 1457 2
4410 384 2
4478 4392 2
2333 541 2
3264 3002 2
310 3059 2
717 4493 2
1263 1151 2
752 138 2
4044 4368 2
4060 4173 2
3726 4517 2
4903 1685 2
3362 2210 2
2459 961 2
203 1163 2
2630 3288 2
3459 4571 2
4424 1424 2
1745 2139 2
2524 1132 2
3487 689 2
4915 3233 2
4856 860 2
4636 2522 2
4389 3714 2
837 999 2
4761 4049 2
46 4115 2
4264 2275 2
4763 4576 2
4516 2887 2
3027 401 2
264 598 2
2736 3248 2
431 3958 2
2702 2568 2
4709 1065 2
4831 3372 2
3795 4361 2
1724 3751 2
3336 1793 2
4913 622 2
1055 4508 2
213 1633 2
1688 3045 2
3834 285 2
1575 3188 2
1261 390 2
2442 603 2
3553 4125 2
4961 1204 2
3955 3207 2
3455 682 2
573 1417 2
3970 3993 2
4723 3284 2
3239 4204 2
1181 1523 2
1840 404 2
2744 957 2
1709 4903 2
2600 3258 2
3128 2006 2
3320 1088 2
17 451 2
2004 2084 2
797 451 2
31 2828 2
3481 1381 2
4731 581 2
1296 3517 2
4856 20 2
902 4661 2
483 1490 2
3314 4030 2
2448 1987 2
156 3681 2
2567 1962 2
84 2011 2
2461 548 2
3324 2693 2
2521 3124 2
1426 1444 2
4582 4918 2
722 581 2
824 4924 2
2407 1447 2
2732 3984 2
2171 2677 2
1225 2666 2
4572 2661 2
4919 760 2
3935 4502 2
2641 452 2
4601 1836 2
1142 4678 2
545 4058 2
2397 4266 2
492 4094 2
141 4973 2
2402 265 2
2205 1359 2
173 1445 2
673 3130 2
3229 2259 2
3449 353 2
353 3878 2
4943 2950 2
4451 1338 2
1118 4667 2
1222 2369 2
1165 3572 2
1223 546 2
1877 4688 2
1046 4155 2
2719 1086 2
559 1886 2
1523 4103 2
3899 1621 2
2334 515 2
3717 2290 2
1000 3918 2
3391 2059 2
4099 4416 2
1116 4180 2
373 1244 2
1078 2660 2
3046 1113 2
3691 2885 2
3927 4504 2
2472 3026 2
2912 1057 2
355 3130 2
3392 1792 2
4218 2016 2
2341 4609 2
1475 547 2
2011 1963 2
3416 3074 2
190 1275 2
4869 2495 2
686 3644 2
4670 4681 2
549 399 2
3167 4823 2
1103 1304 2
196 952 2
291 3784 2
4998 3062 2
4433 637 2
2201 3930 2
3655 3487 2
647 2739 2
4278 3152 2
1691 4843 2
1976 4344 2
406 1611 2
3660 2133 2
808 4071 2
585 3469 2
2848 3197 2
4951 3388 2
4179 3252 2
3389 2503 2
1494 601 2
3749 3527 2
4890 3797 2
2917 535 2
304 2276 2
2633 1190 2
2604 430 2
1393 1113 2
2452 1757 2
2254 4124 2
857 976 2
3536 2957 2
3016 1046 2
2094 4898 2
3432 2590 2
1067 4104 2
4988 3067 2
2281 606 2
4605 3411 2
1529 4916 2
354 3693 2
2791 2987 2
701 1476 2
3373 4942 2
4393 2277 2
2438 4097 2
3310 390 2
544 1850 2
2589 1432 2
1504 2338 2
325 3042 2
3073 1605 2
2301 3864 2
3501 1858 2
2956 1907 2
1640 4102 2
2571 14 2
2096 3004 2
4685 3508 2
4535 3552 2
1162 2448 2
660 535 2
366 4039 2
770 1951 2
2145 4645 2
3209 33 2
4590 3159 2
4860 939 2
4245 1887 2
4155 3824 2
1749 2973 2
2551 401 2
2575 51 2
4311 1119 2
1863 168 2
3957 2203 2
2328 4608 2
2062 4382 2
308 298 2
539 3455 2
3231 1181 2
538 2950 2
4714 2702 2
3035 2350 2
4607 3809 2
702 4727 2
1334 4016 2
1730 3387 2
4581 3586 2
2525 4677 2
3768 1113 2
3829 395 2
3704 4427 2
1976 4048 2
1443 4013 2
4093 1883 2
2985 3936 2
3807 783 2
4894 986 2
3871 4977 2
1355 2948 2
1626 998 2
3604 679 2
546 3024 2
4483 1523 2
3030 502 2
4323 1375 2
4780 4391 2
3252 4056 2
2303 3118 2
1495 2117 2
2756 3287 2
893 899 2
4154 2303 2
875 3008 2
2916 4447 2
2486 3694 2
2051 3800 2
205 4457 2
3863 4388 2
1689 1250 2
394 2705 2
2982 3741 2
3644 1748 2
2101 4230 2
1952 4036 2
4951 1956 2
726 3644 2
4425 4347 2
3264 3381 2
65 3436 2
3678 2346 2
1282 4544 2
3336 1069 2
23 3290 2
3 3819 2
4161 4730 2
950 2268 2
4850 4561 2
2262 2379 2
2150 41 2
47 4387 2
545 2954 2
3747 815 2
4534 123 2
1635 2791 2
3093 4122 2
4814 479 2
2253 2301 2
4406 521 2
4069 4862 2
3670 4802 2
2768 448 2
2815 4896 2
1092 2858 2
759 3643 2
4201 2562 2
1949 4482 2
2629 452 2
2936 2144 2
3241 2507 2
1450 3615 2
4405 2124 2
1774 719 2
821 925 2
4477 3448 2
397 2486 2
3963 1125 2
929 4786 2
2522 4399 2
4771 1623 2
2705 3417 2
3728 1370 2
3877 1838 2
3895 3949 2
3734 3002 2
358 2524 2
1216 3427 2
2959 1315 2
2849 2852 2
2117 4104 2
3049 3591 2
1910 1944 2
1711 385 2
4003 3567 2
4299 1562 2
4933 3535 2
4627 1643 2
782 3773 2
545 551 2
3091 787 2
3677 2024 2
1041 1176 2
573 978 2
1610 1855 2
484 3817 2
15 729 2
851 4823 2
4495 4654 2
4146 4331 2
3501 2469 2
4559 581 2
3388 1120 2
1847 1976 2
2092 2266 2
2618 741 2
106 3686 2
4272 4241 2
361 1268 2
2443 615 2
1638 3893 2
1724 714 2
525 2432 2
4994 1016 2
2920 954 2
872 4974 2
2545 27 2
1632 1694 2
3407 2615 2
2697 2109 2
4118 3319 2
2035 3616 2
895 452 2
4294 564 2
199 1110 2
3947 2020 2
2080 4570 2
706 1190 2
4570 32 2
1158 3929 2
3955 3491 2
4956 841 2
2606 248 2
3820 759 2
2467 1003 2
951 4303 2
2868 1221 2
4727 4051 2
3072 669 2
3116 3115 2
1748 422 2
931 490 2
572 1689 2
4973 4565 2
4402 2636 2
1056 66 2
3982 112 2
3121 1223 2
3078 2720 2
3921 1928 2
1689 4657 2
844 768 2
3561 2219 2
950 3083 2
3147 841 2
514 501 2
3127 4277 2
3697 244 2
1677 1034 2
2571 3669 2
2247 1775 2
3253 393 2
3249 63 2
640 1446 2
2492 768 2
1451 2341 2
2379 380 2
3296 4800 2
3757 4026 2
2638 4394 2
1098 2622 2
4280 3124 2
150 4587 2
2950 2609 2
1046 4520 2
997 4866 2
2465 3650 2
1310 1063 2
21 4686 2
568 3345 2
2741 4780 2
1662 4201 2
877 1633 2
2381 1999 2
4158 2128 2
238 3860 2
3153 3118 2
97 2959 2
4161 4917 2
3821 3961 2
4591 3745 2
435 3862 2
1291 1876 2
3665 2923 2
292 1444 2
2914 793 2
4791 1623 2
2760 861 2
2095 1902 2
4407 585 2
2494 4217 2
2756 929 2
3324 926 2
3797 2943 2
3839 4912 2
1818 4048 2
2451 2907 2
678 369 2
2444 1336 2
4365 1927 2
2107 2741 2
1906 1270 2
423 3522 2
1301 431 2
4845 4106 2
1016 271 2
4429 837 2
4183 1894 2
1683 1916 2
3420 1363 2
3083 3236 2
854 1724 2
3207 2262 2
3853 1246 2
4680 1786 2
1855 1210 2
4838 2171 2
2771 4563 2
2020 4100 2
929 2019 2
1673 1490 2
451 1944 2
2904 2402 2
969 1883 2
480 1499 2
2422 2965 2
2025 1821 2
3912 3562 2
1492 4612 2
3898 4315 2
825 948 2
2661 4602 2
4433 3116 2
274 2254 2
3913 4411 2
3541 3394 2
1204 2521 2
2277 2087 2
2016 4116 2
4648 4295 2
4905 4646 2
3845 4009 2
3082 1715 2
4785 41 2
3687 719 2
1709 3190 2
3032 2874 2
3248 2160 2
1781 4925 2
2921 4147 2
1702 3456 2
3812 3758 2
3357 377 2
2048 302 2
1013 2270 2
2246 4239 2
2014 1023 2
3979 1410 2
2119 3665 2
1863 2622 2
1067 3922 2
3249 1919 2
4288 1664 2
2450 97 2
4654 628 2
3324 3167 2
2639 1671 2
1749 3739 2
4787 4834 2
4608 358 2
2605 2751 2
1729 2611 2
2633 332 2
1120 713 2
3069 443 2
460 4128 2
3474 3816 2
525 4275 2
2809 3664 2
386 4038 2
2505 3730 2
432 4741 2
3417 4442 2
3517 567 2
3341 2808 2
1492 2535 2
758 1395 2
4406 4723 2
2803 3399 2
3548 4564 2
1179 1024 2
1025 3237 2
4397 364 2
1514 3016 2
2516 2432 2
1756 3979 2
4430 3196 2
2009 4436 2
2914 672 2
4021 1192 2
2826 3278 2
2421 4083 2
1571 3016 2
2007 1434 2
153 1298 2
3066 2383 2
1668 4069 2
1006 257 2
2308 449 2
1440 3291 2
3444 2714 2
3405 4283 2
4527 696 2
3674 2934 2
4450 4130 2
2577 3548 2
754 1098 2
418 3875 2
1082 3232 2
2158 4108 2
1064 371 2
3660 875 2
4480 1340 2
1620 1215 2
4856 4954 2
3326 4529 2
3630 1202 2
3957 1060 2
3960 1338 2
1882 2523 2
3295 2538 2
4943 2225 2
3981 2641 2
3449 2865 2
1807 4756 2
99 2715 2
1167 2757 2
2978 776 2
4631 4899 2
4707 673 2
329 806 2
4213 256 2
232 3719 2
2495 3484 2
2814 3122 2
4387 3915 2
3130 3772 2
431 155 2
1360 3278 2
839 2476 2
1386 4612 2
31 4316 2
552 2882 2
176 2873 2
173 2251 2
1498 1926 2
4909 118 2
2112 2035 2
3723 1406 2
567 1471 2
193 4970 2
4679 4069 2
4236 547 2
444 232 2
3101 4155 2
1185 983 2
4080 2786 2
1440 1882 2
2174 1187 2
2619 243 2
1339 2840 2
2335 734 2
4172 3475 2
845 2619 2
3826 4757 2
1843 2124 2
4126 3143 2
918 2505 2
368 775 2
3899 3030 2
2859 2142 2
1927 2361 2
59 565 2
2884 1049 2
3267 3868 2
3994 3563 2
571 4183 2
2175 4709 2
3486 4932 2
2025 4475 2
3269 4938 2
3923 2629 2
2261 1233 2
2396 131 2
3696 3790 2
135 3909 2
3545 127 2
185 3472 2
1099 356 2
3562 2328 2
3947 2940 2
1278 4950 2
2343 4859 2
3059 433 2
324 2220 2
1893 1445 2
2355 3234 2
765 3276 2
4590 1543 2
372 2135 2
2565 399 2
4414 2744 2
930 2298 2
711 3397 2
4793 788 2
1990 3364 2
4307 4068 2
2619 628 2
3808 4783 2
649 4802 2
4280 4233 2
1228 2489 2
1158 4356 2
1673 2116 2
1127 4199 2
4408 3801 2
266 745 2
3755 1906 2
2582 4799 2
4583 813 2
15 1041 2
4569 247 2
4402 590 2
2648 924 2
54 1675 2
3174 2707 2
219 3120 2
77 1498 2
1273 501 2
3330 988 2
1721 1402 2
706 1201 2
373 4840 2
302 2488 2
4202 4574 2
854 2662 2
1157 3554 2
580 4658 2
1683 4093 2
4221 1562 2
1253 2583 2
3653 4001 2
973 964 2
1628 3391 2
1580 494 2
3654 109 2
412 280 2
500 304 2
1940 4958 2
3517 4998 2
1249 4657 2
2258 1709 2
4015 4553 2
2689 4212 2
1185 3844 2
1783 3034 2
2083 959 2
449 1457 2
3766 675 2
975 272 2
705 530 2
1442 2370 2
689 713 2
974 2225 2
322 1788 2
648 432 2
4222 4424 2
1220 2044 2
3197 2270 2
3598 1803 2
3181 3663 2
4924 490 2
2289 315 2
1894 1846 2
2683 85 2
1131 2329 2
4606 1839 2
4887 1926 2
4896 2761 2
4608 2725 2
3718 2554 2
2399 4435 2
1665 863 2
1919 227 2
2632 2146 2
1187 363 2
3656 3821 2
3663 2322 2
1621 4918 2
1087 4741 2
3977 858 2
4765 1063 2
4564 1785 2
2469 2662 2
3856 3843 2
3543 276 2
952 1095 2
2905 3573 2
1382 4011 2
4327 2766 2
1183 3435 2
750 982 2
2273 685 2
1694 3935 2
147 312 2
990 2404 2
4920 2392 2
1865 4523 2
3169 711 2
2462 1883 2
2124 3058 2
2714 54 2
3603 4037 2
2897 802 2
2613 1191 2
4294 323 2
2180 4637 2
1509 2923 2
2312 3869 2
4956 313 2
1789 2479 2
1668 10 2
1408 3340 2
1973 3853 2
312 4095 2
662 1117 2
2876 3921 2
1604 357 2
4907 1932 2
487 1433 2
614 2244 2
2165 3411 2
2827 4045 2
3245 4548 2
519 2534 2
687 4775 2
3962 4080 2
3604 278 2
3631 1423 2
583 445 2
2191 1483 2
68 3806 2
63 2176 2
509 3356 2
3859 3796 2
2048 3415 2
494 1990 2
1268 3557 2
4810 2049 2
3349 1726 2
25 4293 2
3038 3273 2
1776 1884 2
2140 4862 2
4584 2046 2
898 2224 2
4824 2594 2
478 3327 2
4041 1054 2
2188 3463 2
4566 635 2
924 850 2
2883 1692 2
436 201 2
4016 2186 2
4895 3103 2
1358 945 2
522 127 2
1737 4508 2
4203 3308 2
3421 4113 2
3507 954 2
4266 4449 2
1553 2847 2
4308 2819 2
386 590 2
1678 1249 2
1607 4392 2
417 2254 2
3268 3894 2
4157 4095 2
2606 3669 2
4548 719 2
3326 2067 2
1681 1940 2
1623 3384 2
2144 947 2
3596 2372 2
2306 1992 2
2001 345 2
3303 3692 2
1369 1241 2
3106 1061 2
817 2862 2
2651 4843 2
208 1723 2
3808 3761 2
465 1960 2
3912 4776 2
4701 4479 2
3505 138 2
4314 760 2
1991 1098 2
2674 2654 2
2837 3035 2
1524 3848 2
539 651 2
219 3909 2
1797 4273 2
593 3054 2
208 599 2
4506 3273 2
27 1930 2
2999 4077 2
4004 3706 2
883 1454 2
3949 3044 2
1121 1930 2
865 4940 2
1948 93 2
2824 1489 2
1379 2059 2
4444 304 2
91 1722 2
526 521 2
2372 2793 2
1562 2165 2
4905 4950 2
929 83 2
1359 1455 2
4975 2935 2
4001 3376 2
231 2762 2
2431 662 2
4278 4137 2
158 1487 2
1134 3895 2
1980 2850 2
3006 4640 2
1697 3212 2
504 3340 2
4587 380 2
1046 1996 2
1594 1262 2
3719 4925 2
2884 3393 2
232 4420 2
297 893 2
1662 2428 2
1110 342 2
4046 2681 2
1719 634 2
753 829 2
1917 3972 2
425 3569 2
1429 4602 2
2114 4012 2
3779 1984 2
1790 3477 2
3521 3950 2
4467 1440 2
3049 4027 2
1795 4632 2
4607 3705 2
2030 1186 2
693 2497 2
1357 233 2
622 1640 2
3084 3200 2
2440 2368 2
2890 3389 2
3384 218 2
3784 290 2
809 3753 2
4669 848 2
3216 4578 2
2885 1039 2
3575 4362 2
3448 3171 2
1864 309 2
871 4493 2
942 3661 2
1058 4569 2
88 3097 2
4704 3641 2
2791 45 2
2574 3070 2
4281 2843 2
4399 358 2
2946 1693 2
2897 4732 2
3585 4090 2
4237 4961 2
1733 2565 2
3286 5 2
696 255 2
2332 2880 2
514 3866 2
3583 3263 2
1552 4575 2
2372 3534 2
3786 3276 2
3744 4050 2
4954 1977 2
2602 756 2
4707 8 2
3824 4200 2
2354 3136 2
3751 11 2
355 2092 2
580 2169 2
1082 3631 2
3329 1244 2
3696 3806 2
3125 969 2
1452 3062 2
4122 2158 2
4392 1806 2
3736 483 2
965 1362 2
3006 1104 2
4902 2128 2
2948 3872 2
841 815 2
3304 922 2
3290 1155 2
3005 1884 2
3378 3597 2
1357 1160 2
2209 3065 2
1716 3257 2
2275 3771 2
4725 1646 2
2804 310 2
1123 1953 2
3898 3381 2
988 2099 2
442 1789 2
596 566 2
894 2653 2
1433 512 2
559 2935 2
1016 2810 2
3340 979 2
2747 4981 2
3582 3046 2
4205 381 2
3035 554 2
2034 3810 2
1342 1036 2
56 2042 2
2355 2990 2
2571 4832 2
373 4124 2
1152 1444 2
3408 1093 2
1181 194 2
3167 1734 2
2585 2638 2
2374 2319 2
2950 4335 2
4039 4002 2
4182 1149 2
916 3060 2
3242 2292 2
3171 4352 2
1232 1782 2
2374 727 2
2643 627 2
3789 3903 2
2240 9 2
3129 3538 2
2529 3761 2
1373 854 2
1553 1688 2
2760 1700 2
2412 113 2
3544 1681 2
2788 1586 2
4026 1332 2
4081 2574 2
2978 214 2
4761 1484 2
1675 3076 2
4939 4518 2
153 2745 2
3323 636 2
2352 1460 2
4515 788 2
3923 3316 2
33 3314 2
4932 1801 2
1946 4616 2
4884 3719 2
4951 1482 2
3642 4323 2
911 4639 2
1408 4221 2
418 34 2
1995 2043 2
3867 633 2
2728 2302 2
412 398 2
3710 525 2
3843 716 2
4600 342 2
1835 1058 2
3305 4381 2
3365 694 2
3555 4863 2
3078 259 2
4259 323 2
2017 4379 2
4452 689 2
1088 3581 2
3160 665 2
2890 1331 2
1284 1967 2
1579 153 2
1557 280 2
3949 4895 2
246 2326 2
1614 2607 2
2818 4589 2
2894 1126 2
1083 4646 2
2537 3594 2
2448 320 2
4635 782 2
3597 1257 2
1124 772 2
2640 3574 2
1911 1473 2
713 3788 2
1011 3128 2
664 1829 2
1483 4891 2
2430 21 2
3220 1153 2
457 2473 2
3070 2109 2
1163 2972 2
2792 1708 2
554 4372 2
3157 4359 2
4156 4503 2
3355 550 2
1313 42 2
595 4422 2
1030 3798 2
4682 1430 2
402 2416 2
2602 150 2
1195 4300 2
878 3707 2
4908 4358 2
2105 507 2
3050 4852 2
4566 3230 2
3005 4116 2
1916 1906 2
3130 1239 2
3588 174 2
2102 1614 2
1065 4528 2
2307 2053 2
337 2645 2
3612 4233 2
680 2278 2
4225 1868 2
2757 2332 2
1699 2879 2
3846 2802 2
2557 1742 2
342 4241 2
3920 3308 2
2936 434 2
1811 1385 2
4750 3009 2
379 3124 2
623 748 2
2487 2840 2
3350 1000 2
2862 320 2
3655 532 2
2225 4295 2
4981 4913 2
135 4734 2
3488 869 2
3604 1124 2
3871 3512 2
2234 1052 2
4354 4582 2
4980 1376 2
2264 87 2
2962 387 2
1575 1526 2
1679 4788 2
4741 3287 2
2062 735 2
1071 2228 2
103 4562 2
3349 1867 2
4583 4559 2
3584 1796 2
4708 1622 2
4562 2103 2
613 2144 2
1839 2034 2
4672 828 2
4049 2364 2
3910 2000 2
189 2738 2
2824 2553 2
905 416 2
1923 1272 2
1749 3150 2
4525 1218 2
2857 576 2
1635 3350 2
4139 194 2
3844 862 2
1693 2241 2
363 2602 2
2079 2478 2
1240 3696 2
568 864 2
1208 4324 2
4584 3756 2
3582 1768 2
727 3200 2
603 341 2
2583 420 2
2501 3599 2
3886 42 2
4334 936 2
4259 1660 2
3015 2208 2
3756 2249 2
1550 613 2
4747 794 2
39 3713 2
628 1135 2
4110 3404 2
2324 40 2
685 3118 2
2562 1963 2
1666 2376 2
764 3537 2
1461 2313 2
1462 2005 2
3116 1226 2
2933 2432 2
2542 4380 2
3218 866 2
3521 2341 2
358 2305 2
2247 1344 2
286 3705 2
4307 2069 2
474 3072 2
3330 3362 2
2926 2669 2
4653 511 2
2881 2904 2
2188 4468 2
2891 1944 2
3881 4419 2
1790 3968 2
3804 2909 2
2571 2433 2
1260 1639 2
2802 2191 2
4403 1424 2
4327 4962 2
3217 1999 2
3085 103 2
48 2543 2
46 561 2
3523 4021 2
2051 93 2
3864 3803 2
4023 1487 2
472 4242 2
3245 2458 2
4884 4985 2
2232 198 2
3623 991 2
232 4488 2
3532 683 2
1347 286 2
853 2004 2
1056 3983 2
1494 4029 2
4341 4570 2
468 3689 2
3384 2781 2
682 3155 2
668 4645 2
199 189 2
4535 513 2
663 2038 2
2235 3207 2
1952 506 2
1670 4592 2
1475 2175 2
4151 4359 2
3019 4851 2
3675 364 2
4610 3018 2
3676 3067 2
3031 1797 2
1232 3917 2
1977 1630 2
1436 3800 2
3473 4059 2
1422 426 2
3883 3334 2
1522 2618 2
4401 3777 2
4435 1036 2
2189 2187 2
4673 4564 2
2799 2563 2
4890 3977 2
2994 644 2
3052 14 2
4678 3163 2
628 3763 2
955 4372 2
3284 4800 2
1551 4840 2
1383 2719 2
2166 3820 2
187 1702 2
2109 511 2
4473 3526 2
2330 655 2
2301 2211 2
2791 3484 2
3189 319 2
4919 1673 2
2131 1035 2
1445 36 2
2419 1280 2
4173 388 2
599 4645 2
181 3773 2
3172 3936 2
2529 4771 2
2126 2946 2
2819 1290 2
4539 67 2
2855 3876 2
3575 641 2
2174 1763 2
3235 2630 2
2568 4112 2
3417 1287 2
2275 4984 2
4304 2309 2
993 926 2
1120 4387 2
1779 4906 2
2328 4368 2
2612 649 2
4712 2404 2
4162 4443 2
1077 2874 2
4993 3109 2
2294 435 2
3549 1371 2
1926 4335 2
2860 1747 2
3837 3656 2
1674 58 2
4559 1035 2
4647 1070 2
3731 272 2
2242 1320 2
424 413 2
2814 3994 2
1208 753 2
2394 360 2
3936 1794 2
449 463 2
4513 4885 2
1191 2725 2
2808 3055 2
1215 1897 2
3909 2327 2
2970 4906 2
4020 2072 2
4693 2747 2
4934 3279 2
2528 3027 2
1938 2003 2
3184 3185 2
4976 2159 2
2283 4381 2
3002 1686 2
4344 1099 2
4947 2953 2
3033 1264 2
3068 4614 2
3974 1466 2
1057 2635 2
3252 2633 2
2252 4481 2
1255 1827 2
430 4446 2
3922 451 2
1927 2166 2
2799 1660 2
843 3893 2
4095 817 2
2265 3837 2
4011 2272 2
1951 4138 2
1139 3056 2
603 3054 2
3844 1020 2
4499 2397 2
4786 2649 2
1735 2178 2
3776 330 2
302 280 2
2439 4574 2
1400 1170 2
3977 2 2
1317 2139 2
4581 1510 2
684 4394 2
4763 2922 2
3212 4664 2
2891 3458 2
1334 3172 2
2904 299 2
4059 1166 2
1656 4541 2
2459 576 2
517 4819 2
209 1335 2
4916 4216 2
3040 3502 2
2435 2321 2
4680 3373 2
3603 2947 2
1669 191 2
1689 3375 2
282 4304 2
266 4088 2
4268 3803 2
2426 2126 2
3985 3274 2
4419 58 2
2718 993 2
3435 4137 2
2042 837 2
3987 2598 2
4919 1922 2
1797 1831 2
1920 1768 2
1355 1992 2
539 4215 2
4033 3101 2
4630 2045 2
8 2837 2
886 3325 2
1729 2912 2
435 674 2
1277 2278 2
2709 4354 2
3828 2592 2
4316 4542 2
3779 2192 2
3528 4349 2
2005 956 2
1791 1296 2
1165 1040 2
4683 1462 2
2546 4800 2
4275 193 2
880 3804 2
2758 640 2
983 3303 2
1602 4905 2
2454 1469 2
893 3816 2
3178 122 2
1019 991 2
1122 3150 2
886 2867 2
3404 4704 2
3028 1462 2
4103 239 2
2523 4651 2
470 3681 2
2936 3945 2
446 913 2
545 4929 2
1143 1809 2
2908 4917 2
2145 1869 2
2043 1165 2
4942 989 2
3222 4676 2
4515 4152 2
1058 1034 2
2172 1052 2
3185 4146 2
1701 1869 2
1849 3549 2
1108 1137 2
2486 3215 2
4514 1467 2
2959 4004 2
2620 3702 2
2000 1019 2
2503 4008 2
2100 1372 2
670 538 2
3492 386 2
4535 4764 2
1279 3711 2
842 4219 2
3192 2968 2
2429 485 2
1020 2828 2
4995 4812 2
2800 815 2
681 3783 2
4917 2050 2
206 2511 2
4772 77 2
2220 3848 2
2815 484 2
3438 4449 2
4160 2794 2
3309 946 2
2406 1427 2
4244 2733 2
3145 534 2
1831 1193 2
4093 1114 2
4587 4596 2
3422 4757 2
3845 1709 2
2392 169 2
3116 4161 2
1329 4364 2
1380 4738 2
4614 2252 2
4910 1477 2
3353 2869 2
3337 3933 2
3669 4928 2
37 1655 2
1303 646 2
1009 2721 2
2443 3681 2
1870 4762 2
1691 4886 2
212 2520 2
4844 1528 2
2597 1997 2
2748 239 2
4969 1279 2
1063 4448 2
481 2695 2
482 213 2
1387 176 2
1084 4860 2
2650 2906 2
3884 1457 2
1277 3149 2
2583 4164 2
4877 155 2
1755 3962 2
2095 840 2
4289 3675 2
116 3384 2
1811 3175 2
702 3786 2
1502 2755 2
2339 3835 2
1716 4839 2
3678 605 2
3834 2104 2
1325 4312 2
4623 4597 2
2132 2375 2
3267 2348 2
4382 4286 2
3503 2821 2
2147 4269 2
4474 377 2
1865 2495 2
1145 4386 2
1362 3570 2
1223 1570 2
4085 2782 2
3698 4069 2
43 793 2
3409 3971 2
4204 4361 2
2386 1362 2
213 2228 2
2724 2324 2
3852 3501 2
4011 4071 2
1439 3277 2
1324 1833 2
2889 1689 2
503 3021 2
1764 147 2
538 4544 2
4543 2134 2
2262 2210 2
1852 1400 2
1541 175 2
2944 3945 2
1074 2697 2
3578 2475 2
4865 1985 2
4275 3338 2
3872 3797 2
4954 3232 2
225 482 2
859 2198 2
1365 3935 2
2148 2841 2
1922 4774 2
2397 655 2
3315 3766 2
3484 2295 2
4135 755 2
3911 3489 2
1432 641 2
4232 4073 2
3230 2472 2
3884 2270 2
4756 1610 2
1901 2471 2
1422 3330 2
2804 1648 2
730 2970 2
4975 4010 2
19 1223 2
3131 3497 2
4050 136 2
837 3193 2
4094 2491 2
2009 628 2
4870 136 2
1599 2 2
2578 3788 2
1492 2515 2
2384 1516 2
1580 1052 2
2224 4007 2
826 4559 2
2016 4585 2
4632 616 2
4614 1323 2
2560 2206 2
1138 4474 2
1153 3377 2
4999 1852 2
1031 507 2
2836 2728 2
4026 3833 2
2123 2390 2
3060 1952 2
4513 4356 2
3326 4183 2
422 2588 2
3958 3597 2
2090 3493 2
702 3100 2
4524 2248 2
1104 3289 2
1320 2670 2
472 3381 2
35 1869 2
2882 2618 2
3577 4272 2
1466 2973 2
1570 4336 2
2869 2396 2
3993 4712 2
4379 1623 2
654 2345 2
4807 2317 2
3812 4613 2
1373 1878 2
3451 4938 2
1286 1149 2
2541 1164 2
1022 178 2
2886 2891 2
3378 17 2
4395 3122 2
4574 170 2
3007 2968 2
4988 4677 2
2999 2581 2
2463 4854 2
630 3372 2
1778 3065 2
3237 2996 2
114 2976 2
3917 109 2
1161 4424 2
2441 3842 2
115 4527 2
1084 315 2
792 2228 2
2417 979 2
2044 1513 2
1078 4266 2
2046 3069 2
4139 1883 2
561 3652 2
3873 3624 2
3979 2200 2
1490 1577 2
4800 1100 2
3453 1142 2
4528 2812 2
33 2081 2
2400 1705 2
1486 1639 2
1502 3869 2
3053 2041 2
1660 4302 2
1353 3677 2
4314 901 2
3823 4806 2
3132 4440 2
1254 2919 2
4358 703 2
4273 865 2
2348 4435 2
174 2164 2
4781 2883 2
4273 3870 2
1325 2664 2
2071 4380 2
2858 1099 2
4053 4638 2
1353 4048 2
2176 2781 2
460 780 2
1697 4291 2
1678 3420 2
4777 1470 2
1065 4587 2
2267 342 2
3974 3341 2
1839 1569 2
1375 2079 2
4497 2821 2
3953 3948 2
1352 1787 2
39 3063 2
1352 3961 2
3762 616 2
4520 386 2
2817 2409 2
782 4550 2
3069 730 2
3546 1098 2
620 3719 2
3966 1993 2
1015 2015 2
2625 4420 2
1995 4815 2
1606 1096 2
1647 888 2
592 1287 2
2908 2369 2
4249 3884 2
4559 908 2
3397 3487 2
1071 446 2
4443 2227 2
1869 1846 2
4745 1098 2
3377 4142 2
2576 2854 2
573 3797 2
3110 848 2
2045 110 2
1599 1342 2
3019 3864 2
4211 3409 2
568 1338 2
859 3615 2
3683 2119 2
778 893 2
3845 53 2
466 395 2
2541 3763 2
1127 2616 2
43 2168 2
4027 4793 2
2570 404 2
4390 2691 2
4677 3224 2
251 4185 2
2074 3035 2
2206 3787 2
2764 4811 2
2867 2602 2
2376 3069 2
4449 4454 2
987 2075 2
2401 2576 2
4723 3090 2
570 2119 2
3453 3668 2
1503 2106 2
1338 3673 2
1455 265 2
770 3202 2
3529 2168 2
3527 4686 2
2958 582 2
241 2955 2
3415 95 2
3978 3821 2
514 768 2
497 2710 2
1921 3044 2
1605 4583 2
106 1733 2
3086 696 2
3656 4441 2
3205 4428 2
386 4085 2
2226 4810 2
2200 572 2
3760 3591 2
4386 914 2
4495 1396 2
685 2089 2
190 2570 2
4193 809 2
4070 3169 2
3219 1028 2
1763 990 2
2910 1360 2
2161 4526 2
4127 3091 2
3850 2243 2
3978 3049 2
3593 70 2
2846 3261 2
2237 4772 2
4765 4154 2
1945 1602 2
1268 3742 2
2657 4776 2
3857 3457 2
3687 3341 2
3073 4253 2
501 837 2
3282 4577 2
2798 160 2
3309 4015 2
4214 2493 2
4689 4034 2
4050 2257 2
286 75 2
2567 176 2
4686 1965 2
4287 1721 2
3118 4820 2
452 1354 2
2220 1113 2
225 82 2
4974 2221 2
2961 572 2
399 3923 2
4210 2008 2
628 4780 2
2679 1984 2
2356 649 2
3977 699 2
2619 1032 2
4925 1740 2
4090 2500 2
2533 4463 2
362 3317 2
3536 2732 2
2212 4159 2
3124 4729 2
3671 1276 2
1693 3648 2
3020 2145 2
3601 1772 2
2274 3801 2
786 1938 2
4883 4421 2
670 276 2
1283 4351 2
1679 4835 2
1074 1741 2
3809 3390 2
2764 2164 2
3124 4530 2
4482 174 2
4708 3744 2
2178 3315 2
1791 3303 2
4941 4904 2
2289 1623 2
421 759 2
765 2433 2
1154 4438 2
4015 4179 2
1048 187 2
2525 3728 2
983 2723 2
141 1633 2
1423 4460 2
4123 1364 2
203 549 2
4994 340 2
4374 3242 2
1485 1177 2
3267 335 2
499 3862 2
2777 560 2
600 4854 2
2737 4506 2
2709 4022 2
3548 2330 2
347 2142 2
4990 4469 2
4963 1247 2
1020 4798 2
607 1822 2
446 1630 2
1460 3981 2
3726 650 2
231 1474 2
433 2466 2
1899 1103 2
4489 4857 2
4409 1434 2
1418 3899 2
2217 975 2
4226 4003 2
3236 1602 2
1388 865 2
3821 3043 2
4156 4065 2
3106 3137 2
2344 4813 2
2238 714 2
3033 987 2
3945 1706 2
4539 273 2
3024 403 2
2286 4787 2
1707 4111 2
1319 3888 2
2097 2413 2
2893 1091 2
4109 1727 2
1546 3852 2
3385 2669 2
1185 3185 2
1582 2339 2
1695 1305 2
78 1867 2
2872 954 2
1276 3788 2
296 1595 2
4833 3166 2
3361 3830 2
4345 674 2
3535 4728 2
4683 4544 2
572 1127 2
990 236 2
3174 4972 2
2161 102 2
4459 2424 2
3940 3661 2
3717 3133 2
3118 4942 2
3402 4815 2
1943 2563 2
4641 3284 2
1743 4474 2
3102 3562 2
2845 2389 2
3423 4169 2
4302 1528 2
690 287 2
3439 2013 2
1026 4090 2
3605 4482 2
4783 2320 2
590 239 2
4979 4438 2
888 2324 2
3909 2237 2
3499 305 2
2778 1223 2
4911 2449 2
1547 4213 2
3055 4714 2
2869 3699 2
1091 3826 2
197 101 2
473 4527 2
1723 4739 2
4051 2876 2
2843 3980 2
790 731 2
3620 2716 2
1016 2617 2
3267 1710 2
261 3978 2
1197 3080 2
2231 3425 2
168 3534 2
212 2775 2
968 3229 2
2230 4083 2
4847 1072 2
4170 4874 2
1367 4956 2
1949 2367 2
3469 1694 2
64 2900 2
4474 1576 2
3053 486 2
2729 4476 2
3336 2688 2
869 3480 2
1327 1601 2
2118 464 2
163 4962 2
2750 1733 2
4611 3617 2
602 769 2
4662 1543 2
2462 2159 2
1855 2766 2
1953 4032 2
1686 3068 2
1190 3809 2
986 385 2
2046 3756 2
4988 4441 2
67 2742 2
2585 514 2
592 2879 2
2948 4734 2
108 4513 2
2763 154 2
3875 3954 2
4673 4075 2
3594 730 2
79 2303 2
1709 3351 2
4720 2637 2
2788 3653 2
1526 1956 2
4747 1198 2
3072 1849 2
685 1428 2
3930 4481 2
333 3950 2
1217 1523 2
4417 1912 2
2948 4902 2
4493 727 2
4540 2 2
1746 284 2
3542 3810 2
2611 2737 2
2250 90 2
3378 4929 2
2352 2293 2
2514 1453 2
1777 4396 2
2780 2945 2
4388 3181 2
3189 2091 2
685 628 2
4991 3876 2
1080 1196 2
2720 57 2
2136 2386 2
3751 4449 2
4563 4777 2
3520 3329 2
2063 2980 2
974 60 2
2457 4496 2
3666 627 2
14 48 2
2055 871 2
3095 3203 2
4127 4391 2
4670 201 2
1190 68 2
3179 1724 2
4896 3734 2
3394 3668 2
4562 2954 2
2211 4525 2
1342 2224 2
149 1149 2
4260 3570 2
1217 4042 2
2822 1813 2
2835 1944 2
2517 898 2
1784 1942 2
3670 1647 2
941 2419 2
2726 4834 2
1262 3645 2
4706 1138 2
2703 1647 2
4794 4362 2
1775 490 2
154 4514 2
4463 1371 2
284 2351 2
1535 4320 2
1996 4368 2
2953 4509 2
3411 1176 2
640 574 2
2873 2623 2
1259 4526 2
4076 1285 2
979 4453 2
3651 1767 2
39 3853 2
2659 1235 2
2518 471 2
1682 1887 2
405 4030 2
770 1449 2
3651 1485 2
3693 1368 2
4943 4231 2
2482 1046 2
4993 442 2
3522 1919 2
130 1888 2
3789 1353 2
863 740 2
1713 4374 2
2626 3352 2
802 2097 2
2169 452 2
3020 3340 2
302 3044 2
4965 344 2
594 4884 2
2831 1555 2
4703 1722 2
2511 4935 2
4030 3530 2
1263 4828 2
4064 1368 2
2134 2268 2
4076 2176 2
3724 344 2
686 4424 2
94 4171 2
232 2996 2
2525 3979 2
4563 3413 2
712 1891 2
4968 2728 2
4772 2504 2
736 4812 2
415 2249 2
366 2198 2
3410 2386 2
3949 4959 2
3160 1790 2
892 2467 2
4447 3806 2
717 664 2
2959 2709 2
3562 4672 2
2637 4539 2
3355 2721 2
4064 1731 2
3664 1993 2
2520 3844 2
2229 2847 2
4454 4712 2
1065 4728 2
761 3924 2
4614 939 2
4760 244 2
4515 704 2
99 3488 2
4959 4325 2
113 1649 2
2211 635 2
2134 167 2
604 1794 2
2147 1748 2
4892 453 2
4295 1134 2
4232 480 2
2962 525 2
1701 3545 2
1475 4108 2
1792 1671 2
4444 1743 2
4527 3575 2
2397 1312 2
3408 434 2
443 237 2
3996 2722 2
520 4282 2
1643 3668 2
3905 2179 2
4795 699 2
4764 3445 2
2067 169 2
2571 3570 2
2266 1325 2
4125 1588 2
2634 3640 2
562 1087 2
3701 2002 2
3948 1270 2
3578 3066 2
567 1518 2
1308 588 2
3841 4846 2
2876 4542 2
4265 456 2
701 2558 2
4480 4872 2
934 4663 2
94 2939 2
2824 2384 2
2637 1787 2
243 474 2
1592 4892 2
671 2751 2
2499 626 2
4300 2705 2
1726 3468 2
217 4096 2
2904 535 2
2121 1542 2
2753 3118 2
2990 1248 2
2940 2057 2
4382 330 2
2814 366 2
2780 2935 2
900 1120 2
1888 3100 2
2243 1260 2
637 2971 2
3877 4783 2
2080 4954 2
1838 1211 2
2625 170 2
1301 3118 2
1563 2803 2
2598 4271 2
3652 3286 2
1759 3770 2
3318 3149 2
3451 986 2
4453 4614 2
3542 1094 2
3002 836 2
1281 2324 2
3267 2358 2
28 593 2
370 2830 2
1750 3039 2
4036 3025 2
4501 3051 2
3189 3581 2
3826 4770 2
3211 64 2
4251 2651 2
4586 3020 2
4031 878 2
4794 1213 2
3754 760 2
1402 4968 2
830 1669 2
477 1029 2
4635 1392 2
1308 4433 2
2001 656 2
1695 789 2
610 2355 2
4430 3029 2
4065 2617 2
1062 4461 2
903 427 2
3586 2 2
3152 465 2
1892 1329 2
863 4818 2
97 605 2
4046 3647 2
3972 3986 2
992 4175 2
3149 4830 2
310 2835 2
3156 164 2
305 2978 2
3868 1364 2
3928 3577 2
3325 1568 2
1926 3074 2
1000 952 2
2543 4306 2
3491 3527 2
1462 2930 2
991 3386 2
2376 1241 2
3654 453 2
2810 2126 2
4513 2942 2
2903 2962 2
2136 3511 2
3717 3276 2
4268 3759 2
3966 3543 2
3088 721 2
4053 3163 2
861 2043 2
3606 4737 2
741 3082 2
2210 4333 2
1891 3047 2
1159 66 2
3167 3123 2
1259 2877 2
1429 876 2
48 1542 2
1945 4134 2
246 2663 2
556 776 2
2131 3281 2
1480 2894 2
4312 2765 2
1776 2354 2
3556 3974 2
2949 984 2
294 1620 2
3921 2754 2
3543 1466 2
3107 940 2
1941 4564 2
265 4617 2
807 1724 2
291 26 2
4519 4037 2
3083 3660 2
727 4038 2
1353 1530 2
1712 2836 2
3604 4011 2
365 1660 2
1150 4680 2
4414 4209 2
876 3129 2
798 4282 2
1672 4674 2
3898 4904 2
2662 4424 2
89 1284 2
4003 3684 2
3024 1802 2
4131 2739 2
573 764 2
49 2638 2
1653 3466 2
345 4081 2
63 1307 2
4387 2562 2
1803 658 2
2633 3005 2
1704 3215 2
301 2786 2
433 3408 2
4195 1482 2
3603 1481 2
1671 3100 2
946 2542 2
4224 309 2
3632 1342 2
2438 1991 2
3776 1632 2
4674 1284 2
87 556 2
2658 2335 2
540 3473 2
160 4552 2
1690 27 2
3975 3058 2
244 1517 2
260 2425 2
2503 3134 2
1099 3970 2
3588 725 2
4152 1718 2
3832 3212 2
1679 1603 2
3417 4798 2
4008 1937 2
4789 3315 2
4334 169 2
4967 4540 2
465 4616 2
1595 3950 2
4713 2613 2
4562 2189 2
748 2039 2
3896 4124 2
3331 1911 2
927 2470 2
3567 2202 2
4397 4135 2
4740 229 2
2294 1392 2
1091 4865 2
2018 4219 2
4587 1165 2
4456 2075 2
1160 408 2
673 411 2
2514 4534 2
1013 2945 2
643 4877 2
3480 3890 2
4331 3700 2
4849 3458 2
2538 4619 2
287 771 2
2043 2254 2
1610 3833 2
60 404 2
2789 2342 2
3426 66 2
3498 3001 2
2763 303 2
2774 4802 2
1336 2818 2
3627 1014 2
1916 2554 2
4352 3092 2
2967 4158 2
3316 430 2
4838 1426 2
1245 2547 2
3425 3366 2
3837 31 2
3469 1178 2
1573 4960 2
1172 3525 2
4312 2980 2
684 733 2
592 3143 2
4692 1648 2
2293 3217 2
2564 2840 2
3354 3725 2
1614 3120 2
2039 2898 2
1721 4768 2
3400 4552 2
603 3652 2
272 4829 2
343 1535 2
232 3290 2
925 2628 2
682 2648 2
2181 4340 2
3182 3921 2
3447 436 2
4389 2519 2
3488 4893 2
1833 196 2
922 2797 2
283 3267 2
979 4721 2
778 2818 2
2202 1444 2
4644 4887 2
2576 4066 2
4699 1162 2
274 774 2
4400 517 2
4278 522 2
3078 1542 2
1569 3265 2
4406 319 2
867 2419 2
1092 1978 2
4338 3322 2
154 4382 2
2609 794 2
1796 3369 2
3245 1579 2
1461 2187 2
1248 3978 2
3458 1110 2
1975 3717 2
2757 4253 2
881 4030 2
2111 3307 2
2337 1427 2
3938 4358 2
957 2127 2
851 1794 2
2374 4468 2
2610 4987 2
2218 3162 2
2826 1782 2
608 3287 2
2805 4723 2
2347 3109 2
1850 602 2
4184 7 2
247 3491 2
1194 3502 2
2888 544 2
4175 4227 2
2807 4784 2
1312 2090 2
858 3717 2
3884 3827 2
4339 3014 2
3022 280 2
46 510 2
3491 3957 2
1304 812 2
3625 4310 2
502 200 2
1996 4828 2
3307 4682 2
2367 638 2
4476 4151 2
4281 3607 2
1413 4413 2
3614 140 2
396 3599 2
2995 3418 2
101 1090 2
1143 2316 2
3895 1364 2
3063 132 2
2213 3192 2
4153 2461 2
4166 1177 2
344 852 2
3112 31 2
1675 1681 2
3379 3676 2
3898 544 2
2189 4376 2
1380 4009 2
1919 3775 2
723 103 2
1864 3891 2
3570 848 2
3958 3100 2
1523 86 2
4848 2828 2
2395 2619 2
2864 1476 2
1418 2322 2
391 1397 2
2035 1319 2
1174 3332 2
2273 1990 2
1251 2670 2
2642 926 2
3760 279 2
3143 1332 2
4843 324 2
3941 2035 2
1484 956 2
4574 16 2
1012 1198 2
819 1288 2
2018 506 2
3397 98 2
2496 2828 2
2307 2573 2
640 2715 2
108 4102 2
1317 1771 2
2031 2706 2
370 914 2
2235 3653 2
4526 4324 2
4834 4151 2
1502 4849 2
3634 3959 2
2063 4658 2
2859 1192 2
272 2697 2
4596 1355 2
3828 2542 2
434 286 2
2969 3711 2
4630 3890 2
3003 3360 2
780 396 2
424 1363 2
4977 2615 2
4051 4836 2
2613 2957 2
420 1356 2
372 3656 2
1277 2737 2
1738 1394 2
1561 1941 2
143 3151 2
1740 1781 2
1595 144 2
4142 255 2
3631 1218 2
1515 2552 2
1442 1506 2
2743 3406 2
3567 2172 2
4810 1454 2
445 1838 2
4073 4085 2
2971 4224 2
274 2648 2
2249 1310 2
2144 4441 2
1394 3140 2
702 4979 2
4878 752 2
2972 1176 2
2856 4950 2
345 1809 2
2753 4225 2
1685 4245 2
4046 1739 2
2669 4018 2
2590 4316 2
2623 673 2
3165 3413 2
141 3434 2
102 3572 2
4827 1144 2
4594 2555 2
459 4633 2
210 1741 2
3089 1668 2
160 4679 2
4417 4002 2
2381 1759 2
1238 2754 2
3207 4739 2
2883 3961 2
3484 1667 2
1049 3150 2
4279 1645 2
3587 4903 2
1053 939 2
4182 4841 2
4127 4005 2
4244 4036 2
2895 4462 2
2407 2141 2
3762 235 2
492 2505 2
402 3493 2
2184 2445 2
2391 4690 2
4988 4507 2
4778 2784 2
1450 2957 2
1462 4689 2
2089 4057 2
1742 2376 2
2857 999 2
2607 4960 2
1525 793 2
3748 4682 2
2298 4752 2
738 3915 2
705 2504 2
2504 4803 2
3032 4866 2
887 4288 2
3135 1492 2
2125 3419 2
1230 4468 2
2823 639 2
3736 279 2
2132 3063 2
2954 1232 2
3200 3519 2
3775 786 2
2341 232 2
4090 3710 2
1450 4031 2
1071 2291 2
3867 3081 2
2678 1125 2
2794 3483 2
658 4735 2
3122 42 2
2106 2831 2
90 4973 2
736 1782 2
4277 297 2
4754 3940 2
4579 719 2
1484 3004 2
1711 1935 2
2774 2695 2
773 1197 2
1539 1501 2
2763 4826 2
3960 4693 2
1057 3242 2
3878 3390 2
46 3195 2
2518 4599 2
1225 3061 2
4830 1300 2
1370 4641 2
4893 4407 2
3551 4868 2
1080 4388 2
227 427 2
3779 546 2
1788 1589 2
162 3416 2
3844 1333 2
1331 956 2
4706 4117 2
2486 3622 2
1416 1955 2
4302 2653 2
1168 4215 2
4462 493 2
4578 1869 2
3973 2740 2
2522 4996 2
2904 3732 2
2792 1927 2
4585 4441 2
1493 3272 2
1321 2044 2
975 468 2
3564 3782 2
15 4244 2
1147 3685 2
3441 3988 2
1321 4878 2
2642 3501 2
4984 1687 2
378 4896 2
1448 1992 2
620 824 2
2439 776 2
2818 1391 2
4731 3027 2
587 4537 2
1781 2539 2
4323 2572 2
2273 4242 2
706 526 2
4981 1809 2
4181 916 2
113 4219 2
3152 616 2
1843 4671 2
2099 4563 2
208 3872 2
3821 1233 2
642 568 2
2968 3235 2
4727 2771 2
4884 2609 2
3995 2241 2
3960 2734 2
2909 1481 2
497 3437 2
3460 4489 2
3421 1706 2
1364 3948 2
300 4320 2
1278 2544 2
2570 3494 2
3495 689 2
57 2347 2
1307 95 2
775 1229 2
42 1087 2
4674 3622 2
3069 1777 2
1741 320 2
3530 3315 2
132 1017 2
4820 4604 2
1445 3843 2
3889 295 2
472 939 2
706 993 2
1159 4409 2
2470 3118 2
1633 1957 2
4647 2385 2
4425 556 2
4474 4039 2
607 3740 2
4598 1852 2
2005 966 2
3380 1847 2
1958 4609 2
1003 3807 2
867 2734 2
731 2773 2
2753 3256 2
874 4349 2
1464 3882 2
138 2745 2
380 2653 2
2040 3305 2
1982 824 2
2200 3405 2
4732 2153 2
1443 2726 2
3861 1028 2
4853 3734 2
2186 2006 2
2219 608 2
550 2930 2
4612 94 2
2379 722 2
3333 91 2
3768 4758 2
2574 1265 2
710 3840 2
1919 191 2
3836 4970 2
811 3045 2
4334 3133 2
4406 119 2
1518 3379 2
1054 2052 2
4732 544 2
2280 1181 2
1795 2484 2
2609 1767 2
4523 4843 2
4728 3887 2
3569 2024 2
4806 3711 2
1364 4354 2
3912 2292 2
3863 574 2
157 1860 2
393 1454 2
198 1774 2
1388 941 2
3511 516 2
2867 4939 2
1775 110 2
4868 3409 2
3718 303 2
2718 3044 2
1069 350 2
1404 1063 2
1594 943 2
987 3162 2
1319 2967 2
3179 2742 2
2357 4883 2
640 2433 2
1755 3388 2
4304 1845 2
4407 2759 2
47 3261 2
3944 493 2
4724 2947 2
3948 1541 2
3017 2929 2
1704 2036 2
3966 2209 2
1301 3925 2
3303 4982 2
1818 2226 2
1370 4293 2
1356 2474 2
30 2350 2
3996 4587 2
196 4954 2
3178 42 2
2029 4044 2
2209 2089 2
4197 3395 2
3443 2906 2
861 3949 2
4793 2558 2
860 4283 2
705 1708 2
3173 827 2
2140 1368 2
3772 491 2
789 2229 2
3536 3211 2
3543 4965 2
2570 2365 2
4466 3672 2
910 3204 2
3761 1516 2
1432 4338 2
2865 3743 2
1241 444 2
1761 1031 2
2525 3925 2
4257 2555 2
368 974 2
789 1144 2
1788 4159 2
3346 3053 2
614 4880 2
2842 1080 2
4356 2687 2
3466 4169 2
4437 3851 2
1678 3983 2
366 2934 2
2666 1313 2
920 4823 2
2973 3966 2
636 741 2
1054 521 2
3088 1150 2
2484 4339 2
2666 3115 2
4097 2786 2
4269 2329 2
3489 4265 2
2666 3817 2
3829 4330 2
4049 615 2
1208 3804 2
3568 3621 2
101 3145 2
2502 1975 2
208 3319 2
958 4052 2
2021 982 2
2215 214 2
3379 3329 2
1746 4308 2
1318 4830 2
1857 3365 2
3567 1300 2
1889 4710 2
2852 3227 2
63 3832 2
2040 3374 2
2326 4218 2
4191 3576 2
1477 613 2
358 1531 2
4721 1595 2
970 145 2
4789 3935 2
2046 2136 2
544 1031 2
3145 2093 2
530 2215 2
3157 2296 2
4260 2453 2
275 240 2
349 4091 2
4656 4045 2
2290 4323 2
3517 4345 2
286 346 2
3735 2643 2
835 779 2
1194 2712 2
4280 573 2
4345 809 2
1319 538 2
2985 3667 2
363 4711 2
2365 2171 2
1973 3530 2
3883 1516 2
875 2400 2
4404 3099 2
3985 1088 2
4630 747 2
3769 1633 2
2446 1307 2
299 984 2
2317 1165 2
2720 2568 2
4539 2678 2
315 161 2
1431 1401 2
4365 2216 2
2893 3781 2
4584 4077 2
38 2473 2
2651 2736 2
4787 2950 2
2970 235 2
355 273 2
2091 2307 2
4540 3597 2
2276 444 2
3623 580 2
3601 4166 2
4810 565 2
1126 3703 2
2535 4516 2
2040 355 2
85 1530 2
3890 1897 2
4889 1828 2
1473 2366 2
4325 4627 2
3261 4654 2
3158 1300 2
4298 1319 2
1387 3425 2
3841 287 2
4975 4739 2
4919 4716 2
4172 3137 2
808 540 2
370 4031 2
51 3136 2
939 4254 2
338 3076 2
2199 3824 2
2179 4782 2
4182 1978 2
4098 3792 2
4388 4859 2
2156 2379 2
1813 419 2
4287 3184 2
4184 2145 2
3377 1371 2
4911 2643 2
2127 4602 2
188 1105 2
1788 4529 2
4756 4991 2
1259 1901 2
4228 3106 2
2516 2278 2
1607 268 2
2387 4025 2
3439 1277 2
567 1541 2
1486 1046 2
4439 4962 2
2138 3820 2
1957 2317 2
2563 2612 2
168 3745 2
801 134 2
4319 4538 2
219 25 2
4767 4467 2
4049 1859 2
3018 2161 2
2119 3681 2
2461 1423 2
3314 3158 2
1346 2853 2
3468 2629 2
3670 2894 2
3508 3612 2
905 3666 2
3386 3537 2
908 3210 2
4913 4639 2
2945 3281 2
4471 2028 2
2950 3855 2
3194 1061 2
4891 4931 2
1882 3064 2
1404 1270 2
4176 1274 2
1200 3664 2
3217 757 2
284 2740 2
1497 3181 2
236 1507 2
960 3685 2
2145 2012 2
3715 2971 2
535 859 2
4441 1616 2
3987 3129 2
1226 2089 2
1132 4247 2
276 1910 2
51 87 2
4155 602 2
676 876 2
4642 5 2
3285 2517 2
3088 2352 2
885 3326 2
1783 3357 2
459 2015 2
243 4220 2
2731 2729 2
4322 4508 2
1787 1351 2
3053 2828 2
2490 1092 2
3469 2452 2
3152 4987 2
4655 4055 2
4219 3224 2
4615 2441 2
875 1362 2
1224 4323 2
3635 943 2
4351 4998 2
1568 4065 2
1392 4047 2
647 4191 2
324 1008 2
1345 1163 2
1786 3942 2
390 1399 2
2749 3496 2
580 4557 2
3765 2826 2
4941 3036 2
3595 742 2
1553 764 2
1848 2635 2
3255 150 2
4567 4187 2
4985 4392 2
1786 2108 2
4529 1624 2
3555 3530 2
1213 3030 2
4852 4976 2
1617 3202 2
1961 641 2
4866 1257 2
2247 1394 2
4174 571 2
618 1763 2
3447 964 2
245 4580 2
2579 1558 2
4250 63 2
1989 3372 2
4286 3875 2
152 2045 2
1060 3819 2
1122 3807 2
3355 2666 2
3818 3346 2
575 4560 2
2422 3508 2
3931 2239 2
4986 1028 2
3396 4908 2
2515 738 2
1339 3374 2
4766 2959 2
966 1549 2
4465 1594 2
973 1081 2
205 3113 2
421 3559 2
734 4320 2
3949 3613 2
2564 4971 2
1521 4745 2
3423 4471 2
4917 961 2
3990 2202 2
1979 4690 2
4492 658 2
1005 888 2
1974 4596 2
1749 1443 2
4449 512 2
2990 1511 2
1072 723 2
67 4981 2
3085 1793 2
4604 4735 2
235 4767 2
4124 4989 2
3684 4425 2
132 2933 2
4785 2038 2
2795 4666 2
3833 1473 2
1134 4952 2
3974 3009 2
2332 2851 2
1483 3092 2
1457 6 2
4918 3321 2
2308 2670 2
3047 2126 2
2779 426 2
4816 2856 2
1918 1136 2
2990 1599 2
4065 2653 2
2108 1948 2
3251 721 2
2716 1871 2
4993 2987 2
4211 4893 2
251 1130 2
4131 1638 2
1316 3544 2
130 1092 2
2607 4385 2
3604 3065 2
4742 994 2
4186 1748 2
1385 3011 2
610 2826 2
2416 2992 2
3897 1169 2
2334 3143 2
4615 3217 2
3933 2676 2
2516 3804 2
4599 1920 2
2897 3818 2
1996 4448 2
1944 4713 2
3144 2151 2
908 3562 2
1207 718 2
3448 4457 2
803 4029 2
131 2600 2
3274 4192 2
4847 2090 2
3394 3274 2
2410 4851 2
2930 2013 2
4594 3530 2
2735 923 2
1353 4236 2
3231 3660 2
1608 2325 2
4270 1745 2
1437 3400 2
706 1601 2
3792 1773 2
3357 3191 2
790 3161 2
3348 2506 2
2005 2818 2
2703 4680 2
4510 4579 2
4967 945 2
1879 1435 2
4145 4655 2
3053 2 2
2158 1251 2
3989 2842 2
4985 3016 2
1224 794 2
2171 4140 2
1273 177 2
1918 4704 2
1718 471 2
2949 1048 2
4323 3132 2
2929 2377 2
2847 1556 2
1317 1460 2
1960 2574 2
4055 244 2
4000 1001 2
4538 4021 2
4168 4591 2
963 1166 2
604 1293 2
2699 3823 2
3879 3907 2
2249 3840 2
4346 1514 2
3413 3775 2
2146 2340 2
3245 696 2
2364 2354 2
100 4757 2
530 2920 2
1911 622 2
3846 681 2
2648 383 2
4645 1555 2
1244 3111 2
424 4692 2
1314 4584 2
949 794 2
1644 4100 2
4585 4628 2
602 2702 2
2582 3497 2
4599 3778 2
3374 4753 2
1400 2974 2
1285 4754 2
270 556 2
3700 296 2
1476 595 2
1961 1413 2
358 2162 2
4039 3565 2
1706 4052 2
2206 3436 2
1378 3670 2
699 4479 2
2071 2385 2
4322 2116 2
2078 3603 2
2773 512 2
2107 2973 2
4226 4934 2
446 4447 2
3772 3784 2
2571 1512 2
2064 3560 2
1101 1140 2
4608 3160 2
3640 685 2
4386 643 2
1260 2805 2
1043 1033 2
1989 4679 2
1402 1656 2
809 4189 2
821 1945 2
2613 2065 2
2225 3340 2
119 2989 2
1980 1785 2
625 1744 2
4198 3272 2
1866 2059 2
3079 3115 2
646 4139 2
563 1273 2
3425 2187 2
2470 869 2
3084 2930 2
790 2202 2
4757 4295 2
977 4055 2
355 1376 2
4671 1313 2
2375 206 2
4331 4513 2
4515 1658 2
1348 1866 2
999 137 2
2015 2641 2
383 2673 2
1403 4230 2
3663 1368 2
1720 1533 2
1531 1420 2
4751 474 2
2085 3578 2
2280 4759 2
2108 3467 2
1098 3183 2
123 1489 2
2734 64 2
1504 4356 2
3170 1923 2
1359 4296 2
3329 1581 2
4718 4631 2
3944 4416 2
2743 2226 2
3537 2901 2
4952 4907 2
3617 2334 2
482 4604 2
807 3418 2
3536 1067 2
3231 1124 2
1075 2694 2
526 2983 2
230 1731 2
3877 1427 2
3411 468 2
2211 4678 2
4689 3577 2
1086 680 2
3706 2526 2
3710 2604 2
1686 4387 2
791 2981 2
3657 4206 2
211 1833 2
1581 856 2
1195 4506 2
4376 56 2
4438 1893 2
835 1285 2
1124 2874 2
4127 4298 2
110 4664 2
2439 3087 2
928 2645 2
3040 2253 2
4127 3411 2
3477 4615 2
136 3844 2
1745 1291 2
637 4845 2
973 3444 2
4513 1740 2
4297 44 2
4488 848 2
2922 3951 2
909 937 2
761 3786 2
4247 2624 2
616 1729 2
3450 3688 2
3622 4792 2
2751 3354 2
2717 1509 2
4180 4067 2
991 3827 2
4708 1516 2
4612 1115 2
820 3309 2
504 1732 2
3503 4915 2
4467 2685 2
4280 4215 2
3030 3657 2
3239 2704 2
4241 3805 2
686 4892 2
3062 3354 2
4733 4214 2
1110 826 2
4357 2818 2
768 4792 2
3252 1093 2
4306 2184 2
126 3350 2
2158 1961 2
2232 2278 2
532 2187 2
595 2473 2
3693 3813 2
3131 4757 2
2659 1749 2
4605 3868 2
2353 4027 2
4348 4687 2
1687 1082 2
1567 3098 2
1459 767 2
1548 1158 2
2219 2737 2
2749 2741 2
458 1772 2
25 4160 2
150 509 2
3579 1593 2
2338 3502 2
2058 2978 2
3614 4139 2
4690 2209 2
877 2662 2
3952 3781 2
211 3450 2
2944 4666 2
4449 4424 2
1346 4737 2
675 1383 2
595 4823 2
1327 4840 2
268 3272 2
3601 2806 2
1324 812 2
4999 45 2
3568 3921 2
708 487 2
3800 2939 2
954 1001 2
3711 1177 2
2048 4971 2
2866 1485 2
424 1159 2
3283 599 2
4508 1141 2
4211 1089 2
4871 3802 2
2805 1183 2
412 3457 2
2230 1535 2
930 2208 2
4263 2788 2
1560 3394 2
2265 4730 2
526 1386 2
1159 1796 2
2616 736 2
1503 1869 2
1394 3716 2
1930 3134 2
2309 3340 2
4883 663 2
3213 4523 2
4811 4579 2
3577 2116 2
4680 2687 2
4838 593 2
1468 488 2
812 2510 2
695 4359 2
2302 2425 2
85 2912 2
1021 3814 2
997 4200 2
1340 2555 2
405 2925 2
3416 543 2
1210 575 2
2937 3219 2
96 2948 2
4843 1125 2
1381 301 2
1367 2782 2
1875 780 2
1866 236 2
3178 2676 2
358 3916 2
3434 4074 2
4678 4821 2
2084 3663 2
1500 3467 2
4019 3898 2
401 2130 2
1524 4991 2
4161 3147 2
533 3676 2
351 4331 2
4876 3960 2
4902 3591 2
2257 3281 2
3891 2887 2
2017 1227 2
1954 3235 2
4458 2143 2
289 394 2
3514 2351 2
4433 1800 2
2836 441 2
675 747 2
3154 2907 2
627 1537 2
3851 3525 2
3944 484 2
477 491 2
2964 2495 2
2695 359 2
1320 4063 2
4351 1403 2
3618 2819 2
126 526 2
1537 24 2
1034 2227 2
2795 4966 2
1577 542 2
946 4951 2
4418 3348 2
3431 1729 2
1984 815 2
1570 3657 2
909 935 2
3284 4374 2
2726 3310 2
81 3221 2
335 3281 2
2560 2540 2
2391 257 2
3071 2875 2
3175 2589 2
2104 4313 2
1546 397 2
3729 3904 2
4124 1056 2
147 3828 2
4038 1974 2
2153 4898 2
134 2470 2
1221 3395 2
3849 4291 2
1936 1628 2
3679 4866 2
1253 1944 2
3932 830 2
2128 564 2
1741 4175 2
2518 134 2
4102 694 2
4762 1684 2
4451 2074 2
429 2410 2
2074 3853 2
1302 1157 2
1524 99 2
485 2115 2
2277 2525 2
2917 2199 2
2224 559 2
24 2892 2
917 1763 2
4130 4813 2
4884 4560 2
994 2308 2
4508 2654 2
4998 1447 2
3061 1504 2
2004 4869 2
1800 1136 2
4127 3768 2
1769 4037 2
1884 589 2
2498 131 2
4682 4839 2
1845 236 2
1227 4695 2
1913 3682 2
192 1163 2
4049 2316 2
1527 3189 2
799 503 2
1502 4061 2
696 3532 2
1073 1999 2
4782 2644 2
1030 3397 2
2406 2749 2
820 2413 2
1106 711 2
4001 4854 2
227 3152 2
4475 1718 2
1917 4512 2
2075 2052 2
994 1577 2
4869 4089 2
2415 1954 2
576 3207 2
639 275 2
4890 601 2
3570 3548 2
505 4860 2
4926 2914 2
3652 4849 2
4998 4589 2
3466 2507 2
396 4592 2
3289 2194 2
1792 4611 2
427 1342 2
2676 2030 2
4753 2116 2
3125 4857 2
3869 4264 2
4671 756 2
4814 3098 2
596 1795 2
198 4628 2
993 4197 2
2700 4975 2
3362 4370 2
174 4426 2
4729 561 2
473 4359 2
746 1345 2
4997 4319 2
3941 1892 2
2621 3780 2
4305 948 2
2303 623 2
3880 2768 2
4889 2955 2
4686 4298 2
237 4579 2
4922 2841 2
4202 3354 2
80 4612 2
225 1116 2
926 988 2
1738 4862 2
4407 577 2
887 2706 2
2435 4359 2
118 740 2
2825 2673 2
2293 2625 2
3797 2919 2
721 1663 2
1324 4069 2
1376 2555 2
3038 550 2
1104 4767 2
261 828 2
2271 3514 2
1317 3395 2
4005 3611 2
2468 430 2
3219 1275 2
4606 822 2
1834 4345 2
3743 4039 2
1651 751 2
71 230 2
2151 4332 2
2868 1750 2
3208 3042 2
1663 1762 2
3873 4759 2
1153 297 2
3145 784 2
2537 4386 2
4377 2420 2
689 1115 2
1589 4117 2
1922 3659 2
1651 3732 2
3806 3968 2
548 1237 2
2452 616 2
4717 2470 2
2644 1060 2
4910 970 2
2924 761 2
123 3501 2
582 941 2
126 1517 2
575 4424 2
4702 2531 2
1029 3941 2
4297 1219 2
3137 592 2
4829 3999 2
1243 1149 2
3777 2014 2
4436 2361 2
4929 4491 2
4335 1855 2
4241 1832 2
3219 2463 2
4998 116 2
3952 817 2
1023 329 2
618 2355 2
1948 1296 2
3313 4394 2
4566 4849 2
4135 4571 2
2189 3002 2
1286 2578 2
60 65 2
2175 52 2
953 2386 2
2798 1365 2
1266 4031 2
1207 118 2
299 1806 2
2614 2302 2
4744 1322 2
532 4498 2
4595 1681 2
3854 138 2
4287 4773 2
2541 3382 2
1230 3098 2
622 1711 2
2463 4977 2
820 4940 2
1611 4939 2
4920 3336 2
3279 2096 2
901 704 2
4995 329 2
3893 2164 2
1384 1629 2
3700 2142 2
1878 934 2
4983 1984 2
1361 4186 2
4102 3475 2
3888 2949 2
1376 836 2
1177 131 2
2893 1696 2
2417 4829 2
854 3552 2
1147 2689 2
4364 4376 2
352 1366 2
771 4040 2
2381 4387 2
2927 3460 2
2559 3827 2
2888 2099 2
1666 2778 2
3019 3475 2
2223 4017 2
4264 4154 2
792 1870 2
3171 3486 2
1693 4512 2
2456 969 2
4134 1870 2
4598 394 2
4070 3919 2
1462 3067 2
2149 4065 2
1098 3304 2
1670 69 2
2858 2946 2
3425 1466 2
2876 4385 2
3782 4826 2
1265 4162 2
4002 1671 2
801 1809 2
809 1012 2
1744 3946 2
1112 771 2
4413 2064 2
4191 1189 2
4865 877 2
1326 4952 2
3529 404 2
1255 3904 2
4445 831 2
2126 1103 2
385 1673 2
2821 1298 2
4992 1626 2
2944 2258 2
2516 1139 2
447 632 2
2172 3334 2
4407 4029 2
1313 4278 2
328 3727 2
1140 3767 2
134 4344 2
4380 1509 2
2252 960 2
4836 2530 2
1955 1897 2
2477 2792 2
3257 2638 2
419 1116 2
3029 823 2
3893 2284 2
4922 2998 2
3010 4062 2
4015 3519 2
402 3487 2
2252 4349 2
4268 1521 2
1352 1428 2
1707 208 2
4877 96 2
966 2578 2
1056 4812 2
2757 4937 2
147 2607 2
1375 527 2
1122 1551 2
3852 1313 2
3616 63 2
872 4224 2
3501 29 2
855 759 2
3732 4054 2
1771 4274 2
1017 3843 2
225 2411 2
733 2305 2
3522 4895 2
367 2119 2
4719 1175 2
4362 4304 2
2237 3533 2
1367 1613 2
2390 462 2
1275 1401 2
603 458 2
1491 2430 2
279 3069 2
971 1958 2
2 4339 2
2843 68 2
555 4379 2
69 693 2
3053 4806 2
4048 3810 2
572 1073 2
2221 4243 2
4042 372 2
1751 1972 2
2665 2150 2
2309 2838 2
641 439 2
2156 982 2
1600 4818 2
2813 4879 2
3603 1640 2
2936 3743 2
3636 911 2
1991 329 2
1068 2570 2
127 867 2
2289 2072 2
4827 4516 2
4617 3799 2
272 2343 2
2842 1894 2
3793 4495 2
1267 3693 2
830 4259 2
106 4293 2
4854 4754 2
2036 1305 2
4301 1111 2
2534 121 2
1881 112 2
3476 2780 2
4175 4988 2
3254 1334 2
2926 4861 2
4639 2367 2
1369 2300 2
687 950 2
1799 4605 2
520 2512 2
3264 3422 2
3880 4636 2
4862 922 2
2284 1401 2
2452 880 2
1918 4410 2
4771 1008 2
372 448 2
3507 4159 2
1168 1249 2
1853 4911 2
2448 3350 2
1448 556 2
3543 3230 2
4904 4596 2
549 2126 2
2693 4010 2
595 274 2
1825 2404 2
4933 863 2
3702 3419 2
1412 3353 2
2179 1847 2
1309 4475 2
735 1343 2
3070 920 2
240 3922 2
1367 936 2
1272 264 2
3358 1690 2
1476 3921 2
1410 2642 2
435 1285 2
783 2956 2
2041 2765 2
396 237 2
3124 1480 2
2364 1396 2
1237 2243 2
2497 533 2
4564 3801 2
2804 1316 2
2177 3713 2
2777 3561 2
397 1176 2
1700 209 2
407 2553 2
4962 695 2
4662 37 2
2476 3241 2
805 1367 2
1407 2257 2
35 743 2
1680 2151 2
4737 137 2
2498 65 2
85 4108 2
634 1675 2
1855 38 2
3077 1829 2
325 2310 2
3861 1302 2
4846 4708 2
2739 3114 2
2776 4577 2
2522 924 2
1683 3897 2
4587 1035 2
3527 2838 2
704 2453 2
1319 1999 2
467 844 2
369 3229 2
1430 4746 2
1306 4907 2
4476 212 2
2029 2132 2
4937 838 2
3898 4808 2
2748 4303 2
4037 950 2
861 4023 2
1614 2494 2
3398 2723 2
4469 3443 2
3697 2743 2
23 2260 2
1399 1968 2
3397 2705 2
1351 1335 2
255 2140 2
4415 4344 2
2451 4515 2
1165 1571 2
1095 4810 2
4705 4651 2
4215 1016 2
3118 1888 2
1322 3585 2
2791 4893 2
3252 1360 2
3789 3849 2
3708 4486 2
273 3740 2
3548 1249 2
90 545 2
4576 4132 2
1084 2545 2
939 3856 2
1186 1334 2
3601 2562 2
2413 1327 2
4598 1040 2
1191 3135 2
1923 3353 2
1217 1905 2
4174 3069 2
1201 2207 2
1258 1750 2
1509 2961 2
3633 3376 2
3842 158 2
4013 2314 2
3239 3487 2
3576 2472 2
4219 1978 2
475 2980 2
1002 4352 2
2030 4949 2
4585 4964 2
1910 1995 2
267 3508 2
4253 3798 2
2957 3687 2
492 3351 2
539 2680 2
2666 506 2
2953 1967 2
2781 1241 2
2963 892 2
2194 2307 2
4081 3277 2
435 203 2
4688 1032 2
1547 3519 2
391 2353 2
4896 1931 2
2590 1602 2
660 4341 2
606 1917 2
3606 2225 2
3716 1441 2
1335 4620 2
3927 1072 2
501 1644 2
4551 2432 2
4533 2028 2
537 3776 2
1728 2877 2
1026 2003 2
4762 1037 2
1880 2177 2
1227 3628 2
356 3789 2
4822 264 2
1243 4379 2
1954 4694 2
2058 1508 2
3441 3379 2
4916 4464 2
4447 4004 2
4349 4351 2
4675 152 2
888 2732 2
2558 545 2
2370 631 2
4067 1921 2
1459 1470 2
3196 2654 2
2860 386 2
210 4741 2
3588 2012 2
112 1668 2
3196 4093 2
1474 4921 2
2157 923 2
2184 3173 2
2059 2519 2
4573 3640 2
4399 1528 2
4443 2353 2
3112 4559 2
4359 3942 2
2650 4954 2
758 2041 2
1287 4002 2
4742 4668 2
1922 3669 2
1071 4218 2
2744 286 2
4297 2526 2
2621 1323 2
3723 2135 2
4532 8 2
3820 1309 2
4640 415 2
3672 3286 2
368 4933 2
3214 3966 2
4770 2824 2
3097 717 2
1073 2956 2
813 262 2
1398 3476 2
2440 756 2
4049 16 2
2741 2715 2
573 1165 2
1238 4711 2
4571 1831 2
3195 4250 2
1101 979 2
2779 4589 2
4804 1455 2
968 4826 2
4182 1071 2
4934 2982 2
812 3129 2
91 1246 2
124 386 2
1119 2788 2
765 1010 2
2003 698 2
3470 60 2
4445 1724 2
2403 609 2
1624 4643 2
2761 2352 2
163 4953 2
327 4974 2
864 2461 2
3156 1167 2
861 3948 2
1525 3098 2
4230 1685 2
4319 2147 2
3155 1734 2
3973 1094 2
4738 2154 2
552 2696 2
103 1198 2
4127 1422 2
716 2327 2
4160 2680 2
342 3803 2
3110 1991 2
1112 3105 2
2883 659 2
3668 2296 2
1991 3955 2
1516 461 2
2074 71 2
1199 4278 2
1106 118 2
2629 2873 2
1074 1635 2
2393 4742 2
435 4482 2
4177 1520 2
3741 2968 2
4420 570 2
3920 60 2
799 3537 2
4831 3870 2
475 1687 2
4380 3979 2
2695 2512 2
2158 1075 2
392 3683 2
3907 3381 2
4513 1509 2
3006 2174 2
4121 2144 2
3156 4028 2
2184 4837 2
955 483 2
1734 889 2
2682 535 2
2087 2055 2
343 3371 2
4421 3931 2
2677 3628 2
1685 167 2
2462 581 2
3904 4652 2
1778 3984 2
3359 2905 2
4955 328 2
1383 114 2
2641 4672 2
4031 2338 2
1510 2695 2
2117 914 2
4711 1903 2
3311 2942 2
1556 1752 2
2277 4603 2
4323 3281 2
2937 120 2
1184 34 2
3043 27 2
462 236 2
4079 368 2
479 2827 2
1524 1040 2
2628 2645 2
2065 1359 2
1485 2815 2
4602 1914 2
2394 570 2
3573 1680 2
1583 3507 2
1655 4370 2
3224 666 2
2666 1255 2
3871 1464 2
1191 1553 2
4714 3366 2
2816 4419 2
4017 846 2
4875 2878 2
4324 726 2
1382 1012 2
3666 3991 2
591 1969 2
1076 621 2
2713 1887 2
727 1728 2
2244 4441 2
4992 1539 2
3513 246 2
4963 461 2
3734 805 2
2498 3048 2
1600 4280 2
490 4931 2
1185 882 2
4734 2084 2
3541 4396 2
2063 820 2
3186 2949 2
4357 3693 2
3177 569 2
2589 639 2
4759 2569 2
555 3685 2
529 539 2
569 2986 2
4103 4220 2
4730 1939 2
1658 4610 2
245 216 2
26 4024 2
1330 2071 2
4806 3405 2
1678 470 2
1277 1254 2
226 2061 2
2691 4263 2
4659 2415 2
4047 2747 2
1492 2679 2
4512 2769 2
425 525 2
4248 210 2
769 4634 2
2874 113 2
3943 3097 2
934 1435 2
2490 4527 2
2444 2353 2
2229 2804 2
4072 622 2
1735 79 2
3010 2019 2
2432 457 2
84 1096 2
5 2695 2
1587 2407 2
1016 4801 2
897 4303 2
126 528 2
3522 3768 2
4890 4765 2
369 2812 2
2364 1132 2
2586 258 2
1153 1411 2
4391 2818 2
1219 196 2
456 4429 2
1700 2873 2
1652 4014 2
3987 1594 2
3160 113 2
2805 1904 2
2871 864 2
905 2601 2
3747 682 2
3681 4900 2
4616 3331 2
1265 1400 2
1322 2150 2
2320 3665 2
3823 612 2
2816 2383 2
4135 1964 2
4433 315 2
2175 1592 2
4166 816 2
4569 3538 2
4821 2597 2
643 4157 2
218 2692 2
1238 3910 2
4480 169 2
3259 2330 2
632 2594 2
2987 995 2
2064 3135 2
785 446 2
4830 2054 2
4565 1278 2
3487 2766 2
2854 4753 2
2507 2524 2
3019 3794 2
19 1309 2
4458 778 2
315 4670 2
4161 4900 2
268 2434 2
3634 2656 2
1695 1138 2
570 4910 2
4137 3358 2
3766 1584 2
2232 4869 2
1414 4566 2
3539 3051 2
3079 2419 2
4444 2636 2
2135 493 2
1822 4004 2
2292 4609 2
3722 2619 2
3330 4062 2
764 1742 2
4155 1191 2
4309 3099 2
2723 2167 2
1017 1792 2
4953 1696 2
1413 1306 2
2507 4309 2
3647 3671 2
3390 4447 2
609 1769 2
527 3145 2
1492 2574 2
2977 3196 2
3566 84 2
2514 2439 2
973 2399 2
3027 1285 2
4006 4474 2
2071 1416 2
1462 1815 2
4864 4707 2
4401 3042 2
858 3859 2
3788 339 2
2953 3975 2
2781 2629 2
339 3557 2
4058 2998 2
1450 709 2
2257 1569 2
647 2322 2
2194 2763 2
875 1053 2
3825 1891 2
2217 3208 2
1750 906 2
3425 1264 2
782 4104 2
609 2506 2
4365 1100 2
4186 3119 2
639 3006 2
2791 2134 2
330 4498 2
2419 1554 2
1572 1364 2
4695 921 2
4711 445 2
4612 667 2
4202 2110 2
202 3221 2
1551 2451 2
2167 3729 2
1611 4675 2
4538 4175 2
2655 4681 2
178 2814 2
1984 2591 2
4215 4028 2
3103 262 2
1229 2789 2
4749 755 2
570 1500 2
457 4261 2
4539 4021 2
2067 4524 2
2452 2999 2
4997 2130 2
3469 989 2
572 2461 2
2106 3738 2
438 1852 2
2960 4685 2
4361 211 2
3006 2294 2
90 653 2
4660 3894 2
4214 4340 2
670 4920 2
573 3489 2
1609 2627 2
3586 4033 2
3205 3817 2
4503 4184 2
4867 2942 2
67 4071 2
3465 4231 2
2851 4397 2
2287 3897 2
27 1473 2
1493 101 2
717 980 2
3943 4857 2
2892 3115 2
4746 980 2
3704 1559 2
1455 4327 2
2937 2515 2
2427 2442 2
2907 74 2
1901 3809 2
841 3409 2
4938 4011 2
4212 4842 2
3742 3353 2
159 3052 2
3727 4869 2
1474 1557 2
273 4118 2
2938 4230 2
3760 4786 2
3845 1003 2
3075 2735 2
659 4637 2
172 2506 2
2006 3896 2
220 158 2
475 4679 2
2481 133 2
2941 2943 2
54 3069 2
4648 2530 2
1988 1637 2
1462 4055 2
1976 1204 2
2844 2822 2
188 2358 2
4108 2210 2
2255 4700 2
1394 3276 2
3095 1369 2
174 2398 2
2612 2220 2
1621 2958 2
2128 4431 2
152 881 2
1173 977 2
3203 3380 2
2394 4824 2
2434 4144 2
4004 4337 2
2832 2320 2
4971 911 2
3751 4554 2
4805 4383 2
1936 75 2
3302 2017 2
4503 2146 2
1508 3057 2
2574 3424 2
1483 4598 2
385 3139 2
1027 2144 2
4120 91 2
3270 2679 2
25 3180 2
426 3846 2
4836 884 2
685 2201 2
2212 1150 2
1481 270 2
2060 2075 2
3686 2895 2
4553 2765 2
1971 3990 2
1564 3247 2
3100 3516 2
3006 3069 2
2550 1332 2
177 2680 2
1914 1311 2
2332 1265 2
1314 2462 2
4535 237 2
2439 2478 2
2827 348 2
3854 3420 2
1188 95 2
2289 2434 2
948 104 2
2537 3545 2
2727 3973 2
509 3596 2
4318 4839 2
2402 758 2
2348 3198 2
3999 4665 2
2231 1684 2
4989 2656 2
2892 2080 2
3780 2148 2
2382 959 2
4944 4212 2
1150 2050 2
4184 972 2
2568 2093 2
4441 2082 2
4935 1304 2
591 3655 2
3629 1348 2
712 3937 2
4692 3109 2
4175 192 2
739 2381 2
4954 2185 2
3892 2927 2
4383 154 2
1320 525 2
1777 1569 2
2187 2886 2
3756 4004 2
2050 386 2
3263 4691 2
4129 2988 2
4978 934 2
2753 2152 2
4524 347 2
36 242 2
1052 1163 2
691 3150 2
896 4245 2
4185 4617 2
4199 2288 2
273 3688 2
45 564 2
4476 3239 2
3234 75 2
2474 320 2
3446 1924 2
2746 3433 2
2188 1446 2
3826 1196 2
3015 712 2
1349 3795 2
4833 2780 2
3566 4807 2
80 2234 2
3937 3009 2
2754 3032 2
1101 2169 2
163 4765 2
1777 4545 2
642 1499 2
2343 3244 2
3380 845 2
4483 325 2
111 3900 2
4250 4726 2
230 2118 2
647 1497 2
3408 3260 2
974 2633 2
2253 2060 2
4386 1975 2
3147 3011 2
3597 3845 2
3998 2584 2
1201 1564 2
3858 2570 2
1569 4599 2
803 115 2
3901 968 2
4626 2724 2
2722 2650 2
4863 711 2
1366 1020 2
2698 2179 2
3028 3604 2
1281 2102 2
4753 661 2
1981 4270 2
3672 4261 2
3067 4534 2
3767 1029 2
3630 1178 2
3314 360 2
2025 2578 2
816 3744 2
1592 1043 2
53 3422 2
2045 4623 2
4573 1704 2
2066 2161 2
1460 384 2
3277 1441 2
443 2574 2
2324 60 2
3178 4094 2
4896 3478 2
4283 989 2
2550 4180 2
2514 456 2
4856 4879 2
4324 4991 2
627 2013 2
90 1738 2
1883 1736 2
2303 4221 2
2096 1701 2
4084 1418 2
2380 4934 2
3925 3699 2
4313 2479 2
564 4043 2
1125 3678 2
307 4064 2
1638 1232 2
247 702 2
1633 4051 2
1272 3712 2
1801 4775 2
4145 3528 2
4716 3228 2
4949 1606 2
3275 2834 2
4072 1904 2
2761 4100 2
2342 3925 2
3705 2554 2
588 1625 2
559 3248 2
93 3428 2
134 2169 2
1881 4605 2
3538 4276 2
2570 3923 2
534 2385 2
1402 2738 2
4372 3849 2
4786 3339 2
1079 3957 2
2849 1780 2
1749 3729 2
4975 538 2
793 3776 2
322 4969 2
102 4770 2
4058 3196 2
4407 1823 2
24 1570 2
793 2359 2
3576 2910 2
2145 2869 2
1351 2508 2
1838 1382 2
1880 4866 2
3095 608 2
899 3739 2
911 2920 2
1100 3263 2
4457 2100 2
978 3539 2
1408 3533 2
1899 2850 2
2205 4236 2
223 3649 2
1662 2177 2
2211 4133 2
2891 802 2
2583 126 2
489 3040 2
3812 771 2
677 869 2
4192 2698 2
3624 4270 2
2681 436 2
2322 3662 2
4031 99 2
2339 2038 2
4526 42 2
3616 4324 2
1427 4240 2
1222 2163 2
2652 1321 2
3600 2180 2
4954 2383 2
3535 76 2
3898 1387 2
4311 4597 2
341 856 2
3297 4911 2
3783 955 2
3317 2879 2
1317 3365 2
4350 3208 2
1314 2910 2
849 1803 2
271 704 2
323 335 2
1522 633 2
2075 2806 2
3747 570 2
3320 730 2
4574 369 2
2596 1023 2
1319 993 2
778 2131 2
2905 1872 2
432 527 2
1074 3838 2
452 3725 2
3608 3907 2
4377 1430 2
2455 1308 2
1928 2089 2
3876 1861 2
4437 774 2
128 390 2
4955 2921 2
595 2787 2
4000 656 2
1397 2616 2
1560 3475 2
3608 2141 2
3709 4874 2
320 3039 2
332 395 2
722 4161 2
801 4128 2
2476 169 2
3336 3149 2
3451 4882 2
964 4089 2
4588 3985 2
3845 2232 2
2188 2968 2
4210 3536 2
4717 4865 2
3350 1233 2
1966 4931 2
3296 287 2
147 1538 2
1244 4366 2
2685 4614 2
4705 1558 2
4196 1791 2
2437 3813 2
3814 1574 2
2537 2532 2
1162 1738 2
2255 2277 2
2591 4013 2
1282 1188 2
3034 3928 2
2732 4259 2
3140 4792 2
132 3829 2
3124 4538 2
2506 256 2
1183 1234 2
2129 256 2
3568 845 2
1456 3379 2
3882 2134 2
2456 1855 2
2431 1635 2
4944 3115 2
463 4079 2
3421 1291 2
4527 3315 2
2156 2752 2
2366 2763 2
3913 2391 2
4391 3804 2
3481 1120 2
2488 4601 2
700 1127 2
3564 2569 2
4548 3805 2
2474 3089 2
4817 1018 2
1830 4611 2
1654 1079 2
1273 1077 2
2608 1189 2
967 1891 2
788 4496 2
3590 1402 2
965 3300 2
1615 3183 2
556 4050 2
3401 3953 2
4832 3722 2
4196 2536 2
1497 114 2
713 3510 2
353 4926 2
3023 1244 2
440 7 2
2884 1841 2
2629 1368 2
4916 4073 2
2580 631 2
2001 4548 2
1470 4185 2
1299 203 2
813 4199 2
2619 2279 2
938 4751 2
1754 3007 2
165 4468 2
3745 3748 2
1726 61 2
311 4718 2
4172 3555 2
1519 4065 2
4067 4449 2
2711 4808 2
1369 1895 2
2884 4908 2
2086 1831 2
1957 3779 2
2315 645 2
4603 4045 2
3582 4687 2
876 2241 2
1576 4311 2
3780 4687 2
4765 771 2
4531 4308 2
1863 2244 2
582 3238 2
1609 1870 2
1179 467 2
2200 1121 2
533 992 2
4589 1898 2
1619 591 2
753 1207 2
2124 2116 2
537 3403 2
2560 3039 2
3064 2161 2
503 3823 2
3060 1574 2
2476 2313 2
3584 3333 2
2863 1048 2
2828 3322 2
3604 1490 2
2596 481 2
4465 4477 2
131 1101 2
3442 3357 2
4921 4960 2
4582 3306 2
3315 3776 2
2656 381 2
3373 276 2
1661 1805 2
4966 4055 2
909 3590 2
4318 3791 2
3945 3064 2
2599 545 2
2724 822 2
4833 2224 2
516 1431 2
3909 839 2
2035 3716 2
113 4333 2
1186 4573 2
1658 846 2
3696 1137 2
1526 4527 2
3044 624 2
1442 1447 2
1528 1793 2
4534 2456 2
4844 1041 2
818 2123 2
4442 128 2
3398 1216 2
410 3496 2
1195 4376 2
333 3226 2
4129 1791 2
3265 1647 2
3522 153 2
4696 3717 2
2999 3991 2
50 790 2
4574 2078 2
3352 3290 2
275 1779 2
3067 1782 2
1049 4067 2
3210 854 2
4214 542 2
132 899 2
4789 148 2
2063 1086 2
642 3607 2
3244 1306 2
2983 3616 2
2387 220 2
2787 4584 2
910 2301 2
2912 4590 2
3991 4294 2
4487 4194 2
4731 3566 2
2120 945 2
2417 3724 2
2647 4874 2
2400 3705 2
3606 4796 2
3171 3553 2
614 1055 2
701 2219 2
907 4773 2
1288 1029 2
3797 2856 2
3864 3580 2
42 576 2
4178 616 2
73 1300 2
2461 3676 2
2026 2564 2
3773 2498 2
2941 1284 2
1455 4604 2
2112 3042 2
4612 2694 2
762 4161 2
4979 4262 2
3986 4141 2
3487 480 2
1423 3810 2
2079 122 2
839 3645 2
529 3809 2
1788 245 2
4950 3333 2
3669 2583 2
2900 1565 2
1303 1611 2
292 3401 2
2707 2839 2
4964 2871 2
4485 2427 2
2455 3748 2
2353 3172 2
780 2478 2
4553 4280 2
3118 3218 2
595 235 2
3102 2898 2
2088 4360 2
679 4145 2
1462 1849 2
1996 871 2
593 1569 2
541 1506 2
514 1080 2
3811 1803 2
2058 601 2
2939 3271 2
4485 4987 2
2872 2425 2
4758 3843 2
841 4494 2
2942 977 2
1985 1592 2
4245 2518 2
1558 1155 2
868 769 2
3308 1424 2
4949 826 2
4838 926 2
301 4276 2
162 1400 2
2864 2759 2
2793 2328 2
3091 1324 2
900 3787 2
4035 1776 2
3138 2572 2
4520 235 2
1180 2217 2
1676 2815 2
3269 3449 2
1145 2988 2
3278 3441 2
1217 1409 2
4281 1234 2
3612 1810 2
4649 2318 2
2178 651 2
1713 4313 2
4426 2913 2
2874 261 2
1347 1852 2
4677 1687 2
1353 2920 2
2767 3770 2
4642 851 2
3241 1419 2
1024 1608 2
1246 281 2
1604 8 2
1995 3446 2
202 2542 2
3547 2123 2
3365 880 2
2753 863 2
4963 4483 2
941 923 2
2134 4110 2
3376 211 2
1539 745 2
294 732 2
4992 3991 2
2467 722 2
162 2674 2
2550 2452 2
3032 1341 2
3186 725 2
4077 1146 2
2929 4624 2
4202 4585 2
937 3469 2
4645 3949 2
581 704 2
2575 4400 2
4120 672 2
2426 2132 2
4398 1718 2
4390 524 2
1930 1730 2
2701 4307 2
2687 1308 2
1812 2505 2
1184 1042 2
4099 3979 2
4960 2112 2
3930 591 2
603 2436 2
37 2188 2
359 3224 2
407 2362 2
496 4092 2
1143 3814 2
1080 2790 2
767 2441 2
2614 2265 2
82 2721 2
2603 4951 2
2868 1752 2
3094 2424 2
3451 1085 2
2202 3020 2
3065 4919 2
2707 12 2
3734 1189 2
129 2298 2
71 24 2
2122 222 2
1844 4364 2
814 1846 2
3383 2871 2
1654 556 2
3262 40 2
1381 4528 2
4557 4943 2
1455 4300 2
1223 1762 2
331 204 2
2720 1616 2
1101 2396 2
1229 2221 2
4007 1476 2
3121 3145 2
90 1477 2
4188 2490 2
2725 223 2
3047 2569 2
637 4097 2
4335 3896 2
2304 3210 2
2929 2127 2
4288 2650 2
2321 122 2
3904 1026 2
1651 1710 2
3734 1509 2
3786 4456 2
2577 3041 2
3550 531 2
2992 3224 2
4508 2372 2
1112 2879 2
3582 2748 2
2137 4997 2
1239 2141 2
1640 2208 2
1508 1085 2
1378 2623 2
440 3343 2
674 2690 2
4124 4376 2
3481 4155 2
943 2220 2
4157 3809 2
3180 92 2
1082 1858 2
1990 882 2
904 2449 2
965 788 2
2750 3265 2
58 3190 2
3395 2723 2
3085 2285 2
2055 2157 2
537 2783 2
2287 4171 2
493 685 2
1200 3503 2
1494 3937 2
13 1626 2
740 2254 2
3217 1430 2
3073 854 2
744 4669 2
3814 1755 2
686 3762 2
3716 3748 2
2848 293 2
4294 1193 2
132 4066 2
2143 1411 2
1089 3737 2
1314 3691 2
1709 1073 2
2679 228 2
1225 1027 2
1340 283 2
926 2177 2
2641 1786 2
1478 1677 2
4353 1401 2
4739 596 2
4081 4150 2
4361 2253 2
2321 1745 2
1238 3842 2
4169 777 2
902 371 2
4670 1320 2
410 3526 2
1379 4867 2
4617 3059 2
4997 3439 2
3704 3420 2
923 3458 2
3511 3845 2
3131 3747 2
4059 108 2
52 389 2
4248 4512 2
2846 3497 2
2305 4166 2
852 848 2
2170 2200 2
246 2033 2
531 1183 2
3096 3560 2
4757 3470 2
2653 4225 2
3051 635 2
979 590 2
540 1342 2
107 3816 2
3544 4975 2
2466 4159 2
2046 1009 2
2584 240 2
512 2644 2
3209 2163 2
3894 885 2
738 1492 2
337 2528 2
4854 2933 2
565 4541 2
1740 8 2
4211 2592 2
4237 1609 2
931 750 2
686 1503 2
208 1025 2
2803 1903 2
3416 3372 2
1502 4638 2
4666 3599 2
2947 2862 2
1776 2868 2
4673 1615 2
4913 745 2
3600 1261 2
3661 4082 2
3127 4473 2
2020 1508 2
4894 3580 2
4364 3634 2
3679 2962 2
1494 507 2
464 1211 2
453 4156 2
762 1477 2
2112 4117 2
2846 26 2
108 2450 2
4473 2178 2
2013 4542 2
4506 4404 2
3344 182 2
1844 1267 2
3555 4373 2
1871 2051 2
82 826 2
2535 1774 2
853 3167 2
895 3033 2
1651 1858 2
956 2123 2
2478 743 2
3111 631 2
1043 4915 2
4415 134 2
1342 4697 2
2162 1908 2
4487 1977 2
2686 751 2
78 3641 2
1089 4003 2
710 3972 2
2313 476 2
16 4660 2
1909 1022 2
4063 1257 2
763 2734 2
1968 68 2
1431 2154 2
133 4788 2
1210 1196 2
524 1163 2
1297 4087 2
1513 2764 2
4110 4007 2
4398 4124 2
226 4893 2
2872 2016 2
4786 808 2
161 1713 2
3866 1069 2
2569 4349 2
4521 1142 2
1046 138 2
4388 4750 2
4310 646 2
4995 2138 2
1407 2455 2
2741 1163 2
4234 2525 2
1794 3307 2
3413 4375 2
1067 2510 2
2426 4698 2
3499 4467 2
3733 689 2
4653 1711 2
4674 4735 2
290 857 2
610 1182 2
4839 2802 2
214 2919 2
1199 3817 2
1343 2137 2
2042 2711 2
2256 4746 2
3555 154 2
1795 2143 2
2691 2784 2
1463 4506 2
1635 2218 2
3845 2291 2
2879 2636 2
3945 1725 2
2557 1483 2
1444 4422 2
1746 4411 2
4452 4061 2
452 1624 2
2214 992 2
3205 4190 2
2320 2450 2
3666 2598 2
3169 243 2
4153 4871 2
1867 351 2
3661 3511 2
499 4056 2
3254 804 2
3313 3540 2
1900 2352 2
1441 760 2
80 1784 2
52 3777 2
592 661 2
821 2939 2
2782 4346 2
4570 2468 2
2998 1242 2
433 4028 2
4375 1619 2
730 1904 2
4293 2748 2
4177 19 2
1581 2517 2
286 2373 2
2284 4256 2
4770 4800 2
4535 1787 2
3471 732 2
532 4886 2
3622 3578 2
440 797 2
1319 4422 2
3099 4389 2
461 246 2
636 1317 2
3007 4024 2
917 314 2
2890 3929 2
4065 3186 2
1960 3358 2
1748 4592 2
4762 1275 2
1703 2380 2
366 3380 2
636 1350 2
2078 1717 2
3446 2086 2
4040 2217 2
2656 4831 2
1148 590 2
185 4019 2
3399 477 2
1517 1755 2
1841 4461 2
2888 4429 2
3901 1635 2
2882 3413 2
275 3607 2
1638 3349 2
1754 4489 2
3001 948 2
3753 4756 2
3141 147 2
16 1201 2
3407 967 2
1180 3520 2
1761 4807 2
4115 2187 2
2649 4022 2
857 2991 2
2309 529 2
582 2757 2
1247 2501 2
4332 3055 2
4336 1862 2
3538 1397 2
4933 308 2
1234 1066 2
2440 430 2
2697 1328 2
1369 250 2
2883 721 2
39 1819 2
1412 3006 2
927 4592 2
4377 3285 2
387 1884 2
3115 828 2
2582 337 2
1104 179 2
965 2011 2
3365 3609 2
665 3861 2
2888 1332 2
2488 3055 2
944 2315 2
4755 421 2
594 1030 2
1064 2317 2
3994 2900 2
2988 4525 2
1724 4878 2
2399 2559 2
2626 3525 2
2046 4971 2
1827 4973 2
1567 2668 2
4079 1419 2
734 4408 2
3448 1077 2
4770 1944 2
3976 4976 2
2395 407 2
4096 3124 2
2966 1687 2
584 1069 2
1189 4879 2
3681 2558 2
3217 3129 2
3711 4676 2
4958 1355 2
369 2782 2
2886 4487 2
835 2473 2
2596 1676 2
193 1287 2
215 1355 2
4942 4897 2
572 3191 2
900 2088 2
572 570 2
2707 1279 2
867 3567 2
3986 3383 2
3582 3356 2
4626 327 2
1944 557 2
3591 988 2
188 762 2
3689 1400 2
1327 1347 2
2551 3918 2
1643 1135 2
3275 95 2
346 4180 2
1471 2319 2
3491 2954 2
2438 2659 2
3584 1985 2
2564 1170 2
851 2989 2
280 2227 2
3025 3327 2
1816 759 2
2386 3154 2
3979 504 2
1555 3222 2
3679 59 2
4017 2334 2
816 563 2
3386 1175 2
2855 751 2
1281 2462 2
1404 4486 2
1010 1033 2
3087 1249 2
2779 2303 2
1301 2537 2
3586 3653 2
285 3378 2
2736 425 2
1601 1951 2
3598 329 2
1892 2170 2
3353 3235 2
2352 4 2
323 1388 2
3573 876 2
2364 3548 2
3191 426 2
3275 1311 2
3914 4381 2
2855 2588 2
4758 914 2
2434 4073 2
525 2584 2
349 1591 2
1362 3926 2
1553 325 2
4620 3210 2
3365 4154 2
2163 1031 2
3660 2001 2
2959 3250 2
2299 2363 2
3038 2061 2
4919 288 2
947 3638 2
4514 4657 2
1436 4253 2
413 4143 2
4732 1460 2
992 1111 2
2731 2429 2
3366 931 2
1502 2621 2
1164 2389 2
3449 2358 2
204 2446 2
865 4860 2
126 2994 2
4884 665 2
2983 560 2
94 2122 2
1433 4004 2
3216 2073 2
1974 2115 2
341 4081 2
2363 4231 2
174 4872 2
163 3027 2
4772 4394 2
2932 2633 2
688 4755 2
1764 450 2
1183 2996 2
2147 687 2
3785 2464 2
2500 3161 2
2642 4331 2
3343 3447 2
3522 2636 2
2484 2886 2
3202 926 2
2588 3336 2
3491 2108 2
235 1573 2
2878 2393 2
3394 2812 2
2708 4468 2
4452 692 2
683 961 2
2487 176 2
1351 908 2
3235 1148 2
2219 128 2
1668 2471 2
4289 2115 2
2341 1413 2
2166 4561 2
2878 4167 2
1926 4848 2
1849 2170 2
724 2322 2
1718 922 2
2954 377 2
2054 4744 2
17 4782 2
4012 429 2
3395 3977 2
3322 3046 2
1555 82 2
151 2716 2
3496 2697 2
1865 3052 2
1834 2823 2
1453 2565 2
1448 1584 2
62 3237 2
1452 43 2
3177 1491 2
3109 917 2
841 1757 2
1969 720 2
1334 612 2
2606 433 2
394 1728 2
824 3074 2
4980 3213 2
4523 3857 2
570 38 2
1453 206 2
3327 3887 2
4075 4585 2
2633 2000 2
2748 4226 2
2354 605 2
1865 3331 2
1959 3085 2
2788 2926 2
1999 2408 2
124 2135 2
1948 2726 2
1547 4671 2
1095 3905 2
4322 4092 2
517 213 2
3603 35 2
2477 4214 2
2082 277 2
3962 1254 2
2249 4074 2
3117 4502 2
2509 2991 2
2094 1657 2
4494 7 2
4693 4632 2
558 2357 2
1511 456 2
3913 2646 2
1100 1819 2
3638 673 2
3198 2702 2
533 2537 2
4860 683 2
1626 4917 2
4235 4801 2
4133 3563 2
774 2172 2
4229 3941 2
3363 471 2
1400 2116 2
4079 2648 2
1227 4583 2
1201 4937 2
3970 1726 2
2632 915 2
899 4454 2
3586 4618 2
1936 309 2
594 833 2
3344 706 2
4692 1421 2
1771 4128 2
3780 3146 2
2241 426 2
3914 1816 2
1044 2752 2
497 1810 2
1751 4892 2
2123 1871 2
3517 1977 2
1419 1716 2
4107 2834 2
1176 4473 2
2584 2767 2
831 374 2
4906 1876 2
3360 4934 2
367 413 2
1512 2611 2
3897 509 2
3877 1622 2
3741 3883 2
85 2666 2
4247 1757 2
4842 642 2
3993 3266 2
2036 2975 2
525 792 2
4336 3547 2
748 3606 2
4510 2158 2
1201 2230 2
4779 374 2
282 2402 2
699 3212 2
2742 2981 2
148 4697 2
1619 214 2
513 847 2
218 3702 2
2212 4530 2
1816 4824 2
470 3483 2
3252 783 2
4120 1664 2
4336 681 2
1703 4321 2
1355 680 2
4872 2879 2
1495 4704 2
434 2326 2
1074 894 2
3553 750 2
2160 3886 2
4752 336 2
2533 4530 2
2791 1341 2
2195 1477 2
570 4934 2
4242 2381 2
1735 209 2
1858 4658 2
3165 1205 2
2627 4946 2
1233 2155 2
3942 72 2
2544 1787 2
396 2894 2
3155 3301 2
4591 1055 2
3798 13 2
1060 512 2
1725 2185 2
3353 2777 2
1690 4214 2
4518 401 2
3665 1510 2
4620 2162 2
3946 4676 2
1962 800 2
1281 864 2
2841 399 2
2721 4718 2
4008 1871 2
2472 1236 2
1483 982 2
285 3105 2
1003 1334 2
2603 952 2
1521 31 2
1058 3518 2
1074 4647 2
365 3140 2
3531 2642 2
2833 1614 2
2244 1583 2
1659 542 2
4463 3746 2
1649 3142 2
3919 4104 2
2974 131 2
1034 4520 2
840 3457 2
1520 1152 2
3522 3116 2
1634 307 2
4402 349 2
1575 4478 2
451 3049 2
1106 2287 2
4003 3985 2
2034 2153 2
3576 1804 2
2462 713 2
4983 4818 2
3780 1654 2
3885 3808 2
1714 2624 2
1315 4786 2
2041 2977 2
3716 1375 2
1185 2910 2
495 4324 2
2782 1799 2
3848 4481 2
4272 4621 2
4398 4292 2
3607 2224 2
2650 4457 2
2777 1047 2
2641 1606 2
1616 3878 2
2857 1026 2
1102 3041 2
4461 1709 2
3609 1141 2
3145 3027 2
1924 3948 2
4726 3344 2
3372 852 2
4592 4513 2
2384 3483 2
570 2555 2
355 280 2
3377 3439 2
110 774 2
2177 1440 2
1106 4855 2
1875 3306 2
1133 3279 2
1025 1244 2
850 2957 2
1072 272 2
2123 122 2
4776 588 2
263 4984 2
2403 3261 2
4094 28 2
1399 4531 2
4272 4775 2
1893 790 2
1983 2802 2
3260 1910 2
894 4725 2
1939 2584 2
1993 604 2
988 4024 2
586 4995 2
896 1303 2
15 4353 2
716 2786 2
2436 4728 2
328 1336 2
1865 2817 2
3193 4947 2
4139 3704 2
631 4515 2
4537 1037 2
2912 2243 2
2974 3963 2
3167 832 2
1420 380 2
2084 3022 2
4701 3458 2
989 1580 2
363 3657 2
3010 4095 2
3532 4616 2
2632 1404 2
2466 1573 2
2686 710 2
2557 2506 2
3133 1578 2
3059 4419 2
4910 780 2
4504 3293 2
2359 871 2
4807 2571 2
722 3609 2
4833 822 2
3559 224 2
2284 2499 2
2196 684 2
2706 2025 2
4713 2175 2
4908 2135 2
2992 1017 2
685 2360 2
472 507 2
3112 593 2
2649 2821 2
4374 2705 2
1540 1794 2
2094 4121 2
3281 1048 2
1559 4341 2
2678 2576 2
924 2541 2
2181 3708 2
748 1988 2
2767 1871 2
2257 4047 2
2558 1478 2
689 1793 2
264 2814 2
798 4116 2
3645 2862 2
2482 4713 2
2302 4589 2
3923 591 2
1518 4832 2
1936 3551 2
3637 2054 2
4311 3801 2
569 3902 2
4992 3457 2
2420 1066 2
1934 4111 2
4607 1896 2
2106 3694 2
1398 2861 2
1861 2521 2
434 202 2
4514 2928 2
501 2087 2
4694 967 2
735 2351 2
4884 1453 2
3068 3657 2
1242 920 2
2976 1946 2
4199 2540 2
1193 4639 2
4060 3057 2
1701 1033 2
2264 4183 2
463 3282 2
1873 2492 2
3580 2598 2
842 4419 2
2181 4221 2
1900 3531 2
4740 1508 2
1792 4487 2
1229 4506 2
1438 2808 2
3401 1731 2
135 84 2
4987 525 2
4022 3978 2
2595 2375 2
2707 966 2
1038 147 2
4420 3162 2
3682 55 2
1904 1367 2
2511 4469 2
2146 171 2
1771 4328 2
3817 4831 2
4451 2655 2
2426 2534 2
769 1389 2
490 323 2
823 3855 2
2373 2462 2
3307 660 2
4446 3099 2
4450 1315 2
1907 331 2
3669 2683 2
318 2663 2
1618 3882 2
179 3576 2
2520 3550 2
2269 4437 2
2428 734 2
4058 3601 2
751 2305 2
3781 4941 2
1588 4533 2
3612 3855 2
3593 176 2
3515 3705 2
1894 2540 2
2055 4822 2
117 3061 2
2157 3644 2
365 1329 2
4030 3475 2
2248 3355 2
846 503 2
742 92 2
1737 3201 2
2805 2566 2
56 2765 2
1874 4328 2
704 198 2
2424 1467 2
3315 4550 2
659 1315 2
632 3361 2
727 976 2
4477 1785 2
2412 1679 2
3323 1441 2
3944 3934 2
2890 548 2
170 3264 2
759 2817 2
2943 179 2
1337 2472 2
3142 2447 2
834 2498 2
4125 3057 2
359 4308 2
2886 2912 2
2702 46 2
2408 2788 2
4398 1119 2
2674 2003 2
1697 1961 2
2248 1577 2
4659 4705 2
3055 4504 2
2864 2387 2
887 412 2
595 1609 2
4549 2418 2
4151 2965 2
981 3653 2
4746 246 2
4880 2199 2
3793 918 2
4814 4036 2
960 2740 2
4109 2216 2
541 2869 2
409 744 2
3071 609 2
4530 1350 2
263 729 2
2268 2535 2
1472 3519 2
1458 1964 2
1162 3256 2
755 4055 2
3670 797 2
4136 4828 2
1394 4893 2
2967 3575 2
2891 1865 2
919 3793 2
2618 1676 2
2459 1691 2
4184 3655 2
954 1455 2
4129 1056 2
730 2175 2
372 206 2
3987 1291 2
2280 229 2
440 2977 2
2530 103 2
3996 2624 2
1923 4986 2
1051 1734 2
2109 2278 2
4713 4683 2
3221 1641 2
4831 524 2
328 2802 2
2474 1408 2
3513 674 2
1699 866 2
4803 2051 2
72 611 2
4496 2575 2
1558 3214 2
4557 1801 2
3374 3040 2
4178 1361 2
1028 118 2
2641 1704 2
715 2454 2
4960 1260 2
652 3077 2
2702 4603 2
484 3102 2
4980 4364 2
3715 1122 2
3903 2521 2
3936 3678 2
1759 720 2
3062 4811 2
4557 4235 2
1226 4954 2
2826 2963 2
1816 4999 2
973 3357 2
350 4350 2
2353 1414 2
4186 1636 2
4146 3216 2
3113 1768 2
2999 611 2
4520 3329 2
2529 3508 2
767 2586 2
1375 1911 2
1396 3097 2
2133 1205 2
4026 2558 2
3089 376 2
576 2434 2
4382 268 2
270 1305 2
3547 1855 2
2293 961 2
2552 929 2
30 1076 2
1230 2816 2
4508 3056 2
4033 1778 2
2231 4444 2
4971 3531 2
2589 4082 2
1597 4675 2
1940 1675 2
3720 4072 2
4340 3275 2
831 627 2
2249 222 2
4356 3990 2
1122 689 2
3741 4104 2
3828 611 2
972 2084 2
771 4959 2
2962 1419 2
4075 3674 2
4895 1506 2
1608 553 2
1500 3172 2
3606 731 2
3987 364 2
2744 1705 2
4961 2525 2
3442 809 2
2893 4555 2
467 4754 2
1519 2326 2
663 380 2
2325 3491 2
4760 115 2
2533 567 2
3678 4290 2
3973 2150 2
1588 2908 2
468 1700 2
3518 3809 2
4937 993 2
917 4667 2
1483 1846 2
2490 4481 2
1221 1537 2
719 4652 2
2354 84 2
2787 1274 2
997 908 2
1184 2404 2
3647 4885 2
1605 2857 2
3065 1892 2
2466 2709 2
722 1982 2
427 4988 2
2365 4785 2
2098 3298 2
4295 2420 2
4455 1273 2
2197 625 2
1364 3854 2
1988 2837 2
4243 4264 2
1191 248 2
738 1077 2
4952 4015 2
3767 4688 2
3895 3712 2
1768 3205 2
3723 3115 2
3466 598 2
1649 1755 2
307 3625 2
1220 4132 2
158 1494 2
2494 4435 2
1333 3806 2
1759 1330 2
2344 735 2
640 4252 2
2892 4512 2
4309 915 2
2560 1618 2
4277 4113 2
2812 3631 2
3851 3838 2
3867 3482 2
446 1196 2
2025 1137 2
4023 4907 2
4814 1044 2
2824 2627 2
2638 4024 2
2006 4485 2
745 1349 2
4568 4961 2
4512 2269 2
46 4164 2
3905 384 2
2327 4684 2
3157 408 2
4721 4062 2
1460 2291 2
1088 1858 2
2545 4204 2
391 53 2
3344 4069 2
168 471 2
3730 4910 2
3691 2023 2
3771 4127 2
3892 4917 2
2670 1033 2
3369 677 2
3516 2603 2
4685 4769 2
864 1523 2
1460 159 2
3879 1696 2
4974 4157 2
2827 1046 2
4751 2989 2
4257 23 2
4879 2592 2
453 1671 2
4770 12 2
283 259 2
4554 4840 2
3211 3949 2
332 4239 2
3618 3805 2
1285 4946 2
1896 1375 2
2916 2547 2
211 654 2
2144 369 2
43 3262 2
1854 4212 2
516 4856 2
2286 524 2
3949 4789 2
242 2319 2
152 586 2
1146 538 2
1417 1848 2
445 4900 2
1694 4481 2
2467 4496 2
995 4551 2
3628 4808 2
508 3076 2
4398 288 2
4695 3002 2
975 4251 2
4011 2262 2
3464 1611 2
1577 1191 2
4367 2553 2
4095 270 2
4421 3551 2
4271 3140 2
3683 2619 2
2567 2398 2
3258 3148 2
3863 3596 2
236 4990 2
70 2732 2
4094 455 2
1867 4523 2
1190 2871 2
4758 3119 2
1827 3276 2
434 2402 2
3265 2465 2
1522 2779 2
2829 220 2
1559 1727 2
4442 2105 2
607 1009 2
2242 1098 2
2668 2450 2
307 1643 2
1712 3401 2
588 2278 2
1250 3456 2
636 2719 2
3193 1064 2
2824 2458 2
350 4627 2
2102 575 2
3187 3633 2
1857 685 2
2091 1451 2
3804 2497 2
1418 4006 2
742 3878 2
3948 456 2
479 920 2
1141 3891 2
3888 3588 2
2113 445 2
811 2190 2
2725 2092 2
580 2863 2
3512 2573 2
4884 2953 2
3980 458 2
2918 4903 2
1293 2474 2
1694 2143 2
3850 2492 2
4651 2486 2
4113 3732 2
3788 1709 2
2190 4786 2
4373 3713 2
291 3918 2
1480 344 2
27 2770 2
4337 1885 2
3812 2120 2
4494 1602 2
3125 751 2
1570 3290 2
2815 3859 2
3247 670 2
1590 2079 2
1573 3056 2
4945 2233 2
4879 3333 2
1264 2001 2
3553 1193 2
1770 4205 2
608 4922 2
2901 2183 2
2807 25 2
4366 4168 2
4755 3558 2
636 2268 2
3508 818 2
1785 390 2
706 2186 2
2200 2074 2
1362 2506 2
621 3575 2
387 2042 2
2854 1877 2
229 395 2
4062 1565 2
1421 4852 2
2723 4014 2
1559 1307 2
1627 1538 2
221 4306 2
593 4954 2
3683 1750 2
2504 4770 2
4681 3077 2
3023 3304 2
1063 4167 2
1041 2879 2
3632 3637 2
4053 1524 2
3592 3395 2
176 1336 2
1513 68 2
752 2157 2
4818 4917 2
1353 381 2
3415 4010 2
3412 1897 2
1453 117 2
1266 2667 2
933 3726 2
4983 4244 2
1175 255 2
3130 37 2
3341 3634 2
2687 3789 2
653 3895 2
2080 3477 2
2269 3599 2
880 2934 2
2988 2323 2
4368 1849 2
1561 715 2
2913 1894 2
4682 3355 2
3007 4599 2
3193 3063 2
3445 204 2
4297 4954 2
13 287 2
4726 4365 2
1120 4438 2
2832 1926 2
1612 961 2
4658 213 2
2502 3287 2
3796 143 2
4853 2482 2
4238 854 2
3205 105 2
3500 479 2
300 204 2
3631 1556 2
795 902 2
4304 1183 2
1357 4985 2
3348 340 2
306 3414 2
1420 2770 2
3681 564 2
4628 1502 2
1461 737 2
3041 761 2
1320 466 2
2554 2764 2
4442 943 2
4738 3019 2
677 2165 2
4213 4614 2
2918 1299 2
1139 1989 2
2144 1519 2
1874 480 2
517 4882 2
3773 2867 2
885 2254 2
1116 1137 2
1430 1497 2
3021 4273 2
4664 2679 2
4500 2010 2
713 3180 2
820 102 2
2479 3601 2
3491 821 2
3921 2632 2
4044 2128 2
1359 4551 2
2643 874 2
3756 4192 2
2540 4023 2
2710 1133 2
546 3827 2
12 785 2
4667 224 2
1998 382 2
4502 2062 2
490 3799 2
771 1654 2
917 741 2
2349 3922 2
150 2940 2
277 1328 2
3910 1561 2
2183 1895 2
4051 4108 2
3919 995 2
1613 64 2
2483 3176 2
263 1254 2
2846 1856 2
1359 133 2
4648 3967 2
3925 1740 2
597 1358 2
2056 1346 2
3870 235 2
376 2343 2
126 1573 2
323 1099 2
431 3211 2
1687 1329 2
2851 718 2
1124 2666 2
2080 4014 2
2161 3540 2
4120 1378 2
4504 2512 2
1748 4940 2
1408 4417 2
4216 620 2
2406 712 2
4754 1084 2
3668 3606 2
811 1968 2
819 2994 2
2160 2663 2
3295 3786 2
4701 59 2
2876 1559 2
4202 3063 2
2516 3004 2
2657 3636 2
541 32 2
1246 4940 2
4412 1510 2
982 3104 2
98 4299 2
1106 1077 2
1309 12 2
4970 1205 2
4420 2323 2
4197 2623 2
4738 639 2
931 170 2
4132 4648 2
3949 3624 2
4427 340 2
2097 4897 2
3143 3289 2
2375 4832 2
3138 3727 2
1709 653 2
4247 551 2
2856 405 2
4501 2967 2
1974 3239 2
1954 28 2
4069 3353 2
1511 4392 2
4704 59 2
708 2423 2
1411 2471 2
3484 3579 2
4845 2860 2
51 3778 2
2347 4229 2
488 2670 2
758 506 2
3981 119 2
4264 2026 2
1846 356 2
2593 2236 2
3723 3687 2
2982 1565 2
3318 3483 2
1668 4218 2
395 39 2
2231 3654 2
2920 314 2
685 172 2
3655 4166 2
1812 4471 2
3624 213 2
697 1825 2
4234 2836 2
3450 3752 2
3658 4918 2
3805 3124 2
1194 2304 2
4813 4736 2
1896 1206 2
4831 4738 2
3490 2904 2
4542 605 2
507 964 2
3771 2240 2
1165 330 2
2050 3918 2
2275 2078 2
3159 3371 2
3334 1294 2
420 1288 2
4725 2842 2
2487 2627 2
3221 1410 2
2507 4917 2
679 3335 2
1207 2304 2
838 2858 2
290 4384 2
3623 4433 2
2630 4917 2
3207 2575 2
3182 2363 2
3913 4618 2
2746 895 2
2343 3992 2
23 3610 2
2897 2614 2
749 870 2
2130 2060 2
2221 2615 2
418 4075 2
2649 3061 2
1680 2083 2
3299 3674 2
3112 61 2
1277 2455 2
2239 3085 2
3015 390 2
1823 587 2
867 3917 2
3364 2844 2
1936 2234 2
2446 2547 2
1539 4156 2
4638 4669 2
2043 2360 2
868 1151 2
139 3613 2
1742 3418 2
3333 3779 2
2824 4210 2
1982 2914 2
4743 3236 2
2891 1723 2
410 3524 2
1446 3364 2
872 2799 2
2176 2300 2
3640 2950 2
3064 3150 2
1797 3788 2
3700 648 2
1680 3208 2
1216 1857 2
4958 2256 2
4854 4321 2
655 1983 2
892 2177 2
4249 1589 2
4800 3087 2
3750 1800 2
3175 3687 2
4476 3764 2
4579 1575 2
1183 3417 2
3436 219 2
830 2694 2
4709 2250 2
1578 1249 2
2004 2032 2
4964 4490 2
1778 2035 2
71 3635 2
4728 4241 2
2981 4160 2
2428 4600 2
4320 1479 2
1507 1381 2
3854 373 2
751 2726 2
431 4894 2
4422 2863 2
1949 1678 2
2618 788 2
1472 618 2
1927 3631 2
4999 4299 2
3758 281 2
3301 735 2
4690 2531 2
4857 1147 2
2116 1446 2
4816 4339 2
216 371 2
3390 396 2
2195 2868 2
3468 432 2
2656 1517 2
2494 4387 2
2534 2633 2
4286 2206 2
1764 1830 2
3175 1541 2
3903 82 2
3905 253 2
1818 4699 2
3418 34 2
4307 4166 2
497 4849 2
1497 3549 2
3401 3006 2
4568 2426 2
1779 183 2
910 1217 2
464 4439 2
1157 86 2
4446 3735 2
2268 2037 2
790 204 2
1383 2523 2
2335 213 2
2023 3191 2
4833 4570 2
849 2491 2
104 2102 2
4684 2553 2
1097 2207 2
4210 4669 2
3267 585 2
3684 824 2
4197 3251 2
2419 1658 2
934 1407 2
4114 2855 2
2083 146 2
955 304 2
1326 3214 2
3348 4864 2
1001 2484 2
1896 4603 2
2585 3740 2
1212 4805 2
2237 111 2
2753 3549 2
4400 1612 2
4956 4683 2
3918 4629 2
594 4666 2
4187 3355 2
631 94 2
320 2760 2
3753 1135 2
1698 3416 2
899 2960 2
130 1804 2
1784 2852 2
1793 2602 2
1357 1337 2
2040 4346 2
2736 4660 2
4691 4921 2
1142 4767 2
4170 716 2
1869 149 2
495 1932 2
576 967 2
1584 4226 2
366 906 2
1686 1519 2
952 1077 2
4814 4903 2
4075 4276 2
4658 4882 2
925 4486 2
2727 4151 2
3717 3206 2
1091 1086 2
4553 2115 2
4548 863 2
1427 431 2
1206 1176 2
1923 2872 2
4187 1928 2
4779 4891 2
259 2909 2
4796 1133 2
1398 740 2
1638 4600 2
3022 995 2
4653 97 2
4076 4813 2
664 1906 2
1655 3194 2
131 4479 2
2881 4263 2
4264 3702 2
4235 1021 2
1488 3672 2
32 2163 2
4198 3477 2
3684 797 2
1548 2502 2
2183 368 2
2362 1965 2
3894 997 2
2016 3197 2
4536 772 2
1364 4148 2
2390 3607 2
788 1354 2
1816 2549 2
3779 1185 2
1501 3173 2
523 4639 2
3359 3441 2
3836 2559 2
1839 954 2
3934 4139 2
604 1346 2
981 1580 2
2238 1994 2
47 4771 2
1554 3531 2
3518 1150 2
1494 3013 2
2165 4573 2
1372 3087 2
1217 2508 2
2082 1835 2
3691 134 2
3580 4813 2
2042 1762 2
1219 1799 2
1980 4462 2
4347 2813 2
2681 4481 2
1676 4744 2
2198 915 2
4665 2320 2
1925 4252 2
1635 790 2
85 1720 2
4275 1283 2
1613 2690 2
520 2753 2
3408 299 2
312 3193 2
3858 218 2
4778 1807 2
1801 624 2
3630 1963 2
4429 1242 2
3551 4445 2
1044 4081 2
3503 736 2
2892 3366 2
719 1452 2
2448 2421 2
4022 1882 2
973 821 2
217 4301 2
3356 4073 2
4201 1640 2
703 4602 2
3760 411 2
3152 1685 2
1914 2062 2
4658 1127 2
950 3043 2
2858 1909 2
1387 2365 2
1087 4001 2
3566 1290 2
3563 4136 2
358 990 2
3884 4203 2
3441 2493 2
2873 3423 2
11 3819 2
2157 4392 2
2617 2923 2
3164 101 2
707 2447 2
3115 4079 2
535 1059 2
152 3091 2
4566 3882 2
4737 3237 2
1301 4654 2
3306 4905 2
398 1353 2
2644 4050 2
3093 34 2
951 3378 2
1553 3457 2
2006 2564 2
4521 1017 2
1994 2929 2
2174 3886 2
3718 2186 2
4388 971 2
166 1284 2
562 4793 2
4943 4608 2
133 4664 2
2224 3737 2
676 1828 2
3925 4779 2
371 4380 2
2010 2261 2
4040 4900 2
1375 4908 2
2050 1136 2
155 3971 2
4238 2607 2
2727 190 2
158 3633 2
911 534 2
2819 3166 2
2424 3718 2
1794 2967 2
4754 3424 2
1139 506 2
2716 195 2
527 1698 2
1397 3055 2
131 358 2
325 168 2
490 707 2
708 36 2
4547 747 2
1380 2279 2
648 4720 2
2816 2714 2
4245 718 2
4822 4549 2
3762 4306 2
3898 3999 2
3411 2407 2
67 3791 2
4009 3342 2
3494 1870 2
1624 2044 2
2813 1742 2
1517 1855 2
3388 2724 2
2894 2213 2
102 3488 2
4445 617 2
1785 2170 2
4522 3296 2
3046 1652 2
3794 2952 2
1833 3365 2
4944 2307 2
1607 1444 2
3525 3572 2
2666 1199 2
2055 2658 2
2219 2156 2
4383 1303 2
3221 3549 2
1620 1966 2
101 2159 2
2398 2168 2
1622 881 2
4337 853 2
1425 271 2
4296 1340 2
2995 4323 2
3283 4729 2
3417 4430 2
2999 4799 2
4785 240 2
140 2156 2
4278 442 2
1313 3485 2
3988 3237 2
1705 3850 2
2453 3733 2
1014 1121 2
3942 1693 2
1342 4215 2
1776 4706 2
3904 257 2
2553 4884 2
2695 2480 2
1410 1552 2
769 3599 2
1487 1378 2
3681 3218 2
3098 2066 2
2022 4819 2
3622 511 2
4648 4649 2
1359 2410 2
2590 1794 2
2789 1898 2
3294 2323 2
4353 2255 2
3533 407 2
255 1326 2
3192 133 2
3706 1522 2
3900 4487 2
811 2093 2
2227 4209 2
2175 2658 2
4100 4920 2
1683 1898 2
883 4309 2
1904 4324 2
1552 1588 2
96 3320 2
680 4255 2
4314 2454 2
1204 4608 2
4934 1158 2
4785 2282 2
3132 4525 2
3267 3799 2
3407 591 2
4484 2218 2
3504 3885 2
163 1635 2
3629 3713 2
4134 3322 2
2061 4143 2
4827 2871 2
1361 1930 2
2054 721 2
1377 2901 2
4088 4192 2
3021 1312 2
2218 4373 2
944 4261 2
4352 4608 2
2838 4142 2
2967 2367 2
4052 3678 2
2546 4953 2
3431 1728 2
4912 175 2
2600 4006 2
1098 315 2
431 1500 2
4423 3947 2
2614 1864 2
196 4947 2
4728 3852 2
4369 542 2
2592 1740 2
1468 3745 2
1981 2480 2
441 1868 2
3577 3200 2
922 4805 2
3434 4168 2
2450 1979 2
406 2359 2
1712 4349 2
2297 2444 2
571 2381 2
1739 3311 2
2194 4857 2
3892 128 2
3415 4307 2
3747 4163 2
2036 4403 2
270 2725 2
3624 2851 2
2169 1197 2
3969 2713 2
1164 3005 2
1951 3856 2
3646 2830 2
4535 4502 2
1535 4652 2
1957 2279 2
3164 329 2
3742 1541 2
546 4059 2
2747 1391 2
2975 3885 2
4291 828 2
4295 724 2
1104 1743 2
3676 2478 2
2563 1442 2
2674 1063 2
1807 4125 2
1604 2031 2
2768 1448 2
2369 2394 2
1958 139 2
4449 184 2
672 3950 2
313 114 2
995 4059 2
625 431 2
2846 4576 2
3358 1849 2
4957 4841 2
2793 784 2
236 1370 2
3649 4764 2
3260 2087 2
279 313 2
1804 752 2
4139 2886 2
3041 3893 2
3515 1407 2
1177 2863 2
4688 1854 2
1431 3265 2
878 4318 2
2178 3954 2
4724 3207 2
2005 1485 2
2490 628 2
4976 3091 2
691 4045 2
3767 2701 2
4322 3496 2
2228 3129 2
4619 4387 2
1326 2252 2
2537 4698 2
4698 2425 2
2349 4481 2
716 2230 2
404 3652 2
3833 347 2
417 888 2
2504 4963 2
3011 3941 2
456 4268 2
918 4319 2
1079 2797 2
2674 3117 2
4619 3509 2
3671 2052 2
1479 2406 2
3354 1993 2
1645 2285 2
1990 2914 2
3056 3805 2
3536 1475 2
2598 591 2
2897 4875 2
1438 2403 2
3068 1015 2
1365 1793 2
128 4084 2
2918 1717 2
3168 4769 2
2335 1632 2
3340 14 2
2623 4997 2
4007 599 2
4325 3553 2
1485 267 2
1993 32 2
1379 1166 2
4137 2864 2
4157 1552 2
3197 183 2
3442 1715 2
4864 121 2
3174 1418 2
1259 1334 2
325 274 2
4534 2670 2
932 709 2
2182 4830 2
642 2940 2
359 4151 2
4012 799 2
747 2755 2
3735 3962 2
2719 3868 2
2856 3685 2
1729 2929 2
3439 3374 2
972 3315 2
2549 3364 2
444 4102 2
4551 1876 2
1033 4340 2
3783 841 2
4046 3947 2
1969 4922 2
3213 3566 2
4451 330 2
4881 2334 2
2517 4857 2
3837 4623 2
3910 4569 2
1409 3262 2
3107 531 2
4704 279 2
1798 3379 2
4940 4862 2
2713 3498 2
4952 2400 2
1859 2322 2
334 1190 2
3097 1835 2
1495 3958 2
3917 3450 2
3405 2563 2
2244 2396 2
2784 2537 2
4483 4669 2
2910 4110 2
2269 280 2
4273 4576 2
4677 4094 2
4970 3089 2
4551 898 2
4621 3325 2
1072 1415 2
4340 1729 2
543 3792 2
3201 614 2
802 1651 2
4701 3533 2
2273 2980 2
1615 2606 2
1831 4101 2
4479 728 2
1937 4882 2
1494 1433 2
3875 2668 2
961 4791 2
2203 4341 2
4160 2206 2
3293 4341 2
2556 1115 2
1421 2626 2
1328 3394 2
1326 2529 2
3286 4551 2
1457 2098 2
3632 3755 2
4474 1615 2
4180 2514 2
2231 2482 2
2281 533 2
1847 99 2
4227 2159 2
4033 673 2
1867 1841 2
667 3 2
4250 1417 2
3013 1405 2
3981 3357 2
2984 804 2
2342 1556 2
3226 3761 2
4386 1021 2
2196 2069 2
1909 4949 2
3356 3935 2
2074 4817 2
1339 385 2
4779 2588 2
2468 2486 2
4994 3083 2
1888 845 2
1655 1076 2
4654 2402 2
358 1059 2
4858 3532 2
1278 708 2
2559 3230 2
3452 848 2
4290 1266 2
3933 1024 2
3347 4422 2
458 4956 2
1829 3121 2
1846 2380 2
4187 1406 2
1863 1672 2
4869 1758 2
4414 4960 2
4038 3372 2
4010 218 2
3203 2623 2
1667 1432 2
3273 4907 2
4179 2396 2
1088 4912 2
484 1246 2
1569 3914 2
634 1448 2
1235 4216 2
3739 3722 2
2423 3619 2
3542 1743 2
3069 1255 2
487 506 2
996 765 2
3163 912 2
3823 1869 2
4720 13 2
1922 658 2
1333 2713 2
1288 3625 2
3841 1898 2
4200 595 2
1585 4532 2
3299 1592 2
1108 1645 2
3918 3341 2
1603 1072 2
833 4570 2
39 4529 2
2688 2620 2
4625 1335 2
1322 1735 2
671 505 2
1230 4686 2
1906 1560 2
3710 2966 2
3080 4661 2
2299 37 2
577 3819 2
2838 2929 2
4412 594 2
1567 3235 2
548 1428 2
2721 1594 2
417 490 2
3926 3921 2
506 68 2
2178 792 2
1471 2232 2
1400 3169 2
4300 1676 2
472 4643 2
3290 3814 2
1569 1076 2
535 3783 2
1249 690 2
4739 1708 2
4511 581 2
1575 3490 2
3614 2061 2
4096 3834 2
3369 1799 2
847 127 2
630 788 2
303 2988 2
3009 519 2
4244 409 2
1551 84 2
3418 2268 2
34 4683 2
1906 83 2
4380 3583 2
3996 759 2
648 32 2
649 2267 2
3050 4748 2
915 3064 2
3069 166 2
2343 3917 2
2537 8 2
4969 3396 2
3936 4808 2
4889 4306 2
4606 87 2
4338 2198 2
3177 2968 2
1737 454 2
2721 3925 2
3344 4586 2
3431 1286 2
571 4209 2
4643 1735 2
129 4861 2
291 4168 2
2954 3686 2
4671 653 2
3366 1751 2
514 441 2
4835 895 2
475 3596 2
2074 1896 2
389 1092 2
3442 865 2
3468 1271 2
1557 2489 2
768 3858 2
3574 1154 2
438 3744 2
4204 1846 2
4175 2057 2
3172 3176 2
3239 784 2
445 927 2
2497 4421 2
1348 3628 2
3332 4691 2
3265 1186 2
2309 2032 2
3606 2102 2
4592 2670 2
2539 1038 2
2516 2198 2
3534 2265 2
4183 1026 2
1790 2647 2
4320 1041 2
2161 2769 2
3793 2133 2
524 3410 2
3398 3361 2
2710 3141 2
34 1018 2
475 3838 2
1002 3261 2
1092 3967 2
64 1153 2
2569 2088 2
2187 2240 2
1203 3554 2
1279 4354 2
3500 2129 2
2353 2932 2
3962 2066 2
326 1200 2
1173 4309 2
4473 3223 2
4151 978 2
4052 156 2
3512 4134 2
4742 4330 2
2157 814 2
1638 1358 2
2681 1801 2
1848 1456 2
1518 2851 2
1683 2067 2
271 195 2
4272 2224 2
1425 3739 2
4543 557 2
4426 4576 2
3598 3284 2
105 4674 2
4531 1239 2
3057 2761 2
2801 811 2
2915 754 2
1082 1812 2
2222 3226 2
91 2335 2
415 3634 2
4208 3778 2
3080 2672 2
3306 1876 2
3366 2775 2
3201 3543 2
4762 2701 2
1154 1052 2
2082 4171 2
3 1422 2
853 2126 2
284 2609 2
794 3901 2
1445 111 2
1701 2602 2
1429 3394 2
378 1257 2
4214 212 2
4975 1278 2
3335 3617 2
4505 4728 2
4260 3840 2
4397 3477 2
2469 800 2
379 2158 2
3438 3563 2
3692 1265 2
4336 32 2
355 447 2
1962 2095 2
1574 3036 2
1685 2894 2
4398 326 2
1683 986 2
1169 4039 2
235 2934 2
1646 604 2
4063 1333 2
853 4063 2
4550 807 2
4167 4946 2
2572 3601 2
2545 2571 2
773 3389 2
65 375 2
586 4084 2
1511 2940 2
1620 123 2
4455 2499 2
4001 2694 2
2345 2354 2
3442 2493 2
4627 24 2
979 4224 2
2269 2145 2
4500 4341 2
3799 921 2
2792 3495 2
204 2739 2
4884 893 2
2797 2471 2
561 4301 2
3575 874 2
2646 4001 2
2013 2019 2
4116 45 2
3808 2427 2
3012 31 2
858 1821 2
1818 972 2
911 2822 2
2605 521 2
2110 4346 2
860 4145 2
4998 4425 2
4247 2777 2
3566 3531 2
4187 856 2
2146 2423 2
516 4817 2
4758 4136 2
100 972 2
3133 4748 2
1825 1863 2
1026 4840 2
4438 2839 2
598 668 2
4504 4762 2
4151 3610 2
3970 4905 2
1833 2574 2
4291 3575 2
2348 1357 2
73 4670 2
1106 2853 2
4219 2073 2
2671 1625 2
2580 29 2
2900 1586 2
1415 2890 2
3201 3774 2
798 3859 2
2242 3485 2
3329 4835 2
1027 4737 2
2515 189 2
4055 1563 2
1099 2890 2
4628 1923 2
2755 107 2
3616 285 2
1767 4570 2
2097 2536 2
1019 2050 2
4498 3448 2
2564 4380 2
2227 1971 2
743 2566 2
1836 3749 2
4772 3448 2
2413 2674 2
4445 3279 2
3845 1082 2
1907 1283 2
3846 647 2
3139 2846 2
1384 2748 2
974 4051 2
1083 319 2
1649 2841 2
3038 537 2
2924 4236 2
3454 2783 2
597 2944 2
2948 943 2
2841 570 2
1782 1462 2
3772 3143 2
549 2327 2
3606 694 2
4903 536 2
638 4504 2
805 43 2
2846 2668 2
3871 1446 2
2603 3774 2
2588 1624 2
233 981 2
1994 3316 2
4692 2870 2
4033 2238 2
679 498 2
2906 849 2
1303 59 2
3576 2147 2
2963 4365 2
2613 4564 2
4992 3565 2
4672 4639 2
2614 1828 2
2119 4052 2
14 3180 2
1532 3706 2
3240 2609 2
775 2734 2
728 2716 2
1845 3437 2
1 227 2
492 3505 2
2683 4359 2
4933 2884 2
1507 2099 2
3577 1852 2
600 3700 2
2950 2801 2
2556 620 2
4693 4873 2
79 213 2
4336 132 2
2402 364 2
103 2845 2
2225 815 2
3809 3358 2
3755 4592 2
945 1668 2
1629 539 2
2645 4271 2
4586 771 2
210 4505 2
985 2253 2
1380 964 2
4644 1276 2
499 3946 2
3360 915 2
1710 4839 2
619 3720 2
392 542 2
2582 2971 2
2757 354 2
3865 2074 2
592 4467 2
2749 3354 2
2231 376 2
4512 1727 2
184 4252 2
224 2953 2
4964 4603 2
3814 3154 2
2749 1514 2
12 4805 2
3813 188 2
3303 258 2
1091 2835 2
1623 3464 2
2094 2168 2
1106 1830 2
540 3624 2
4668 3645 2
88 1178 2
595 4950 2
4307 4197 2
1150 3542 2
2425 869 2
4240 3393 2
3725 3462 2
2525 3438 2
1560 1196 2
241 2316 2
3816 4532 2
2952 1916 2
3249 4079 2
3442 3077 2
1862 1008 2
4441 2344 2
4897 2183 2
4676 1658 2
855 2305 2
4493 1420 2
3276 3758 2
314 4686 2
2705 1587 2
1461 4772 2
616 3827 2
2719 914 2
4060 4314 2
2255 2016 2
2722 1631 2
2275 21 2
795 3965 2
379 1919 2
3516 2917 2
1356 1090 2
3264 2667 2
675 2013 2
3595 4973 2
1361 2814 2
1107 1608 2
103 2267 2
1555 587 2
212 3209 2
2515 1981 2
1049 788 2
239 3849 2
3801 1931 2
585 1351 2
76 383 2
810 3487 2
2777 4081 2
688 4763 2
385 4903 2
1021 1205 2
3222 1387 2
1506 4301 2
3049 551 2
3000 2459 2
4105 1600 2
4535 824 2
4745 1809 2
3415 4313 2
4023 658 2
1833 1997 2
883 3421 2
2369 517 2
1456 349 2
2319 1963 2
2968 332 2
2633 2248 2
3301 298 2
2547 3286 2
25 2789 2
2466 4484 2
1663 4580 2
193 3031 2
2351 528 2
4586 1506 2
3727 1020 2
1005 3612 2
3031 2615 2
957 591 2
2970 1023 2
1951 1308 2
1086 1609 2
689 4147 2
4862 2947 2
2721 4684 2
4305 1163 2
2094 1598 2
2335 927 2
1489 1202 2
1846 207 2
3091 2493 2
4757 2343 2
225 2142 2
534 535 2
1271 2660 2
1697 2929 2
1453 4810 2
63 3950 2
3829 4170 2
1095 197 2
2427 1566 2
6 2738 2
2890 4728 2
744 4720 2
258 2463 2
628 683 2
1406 4013 2
1353 2757 2
250 2157 2
4400 2761 2
4112 3365 2
4402 4963 2
1446 1170 2
4883 2870 2
1703 2632 2
4075 484 2
4276 2746 2
514 3035 2
2996 1070 2
3559 3100 2
431 4387 2
3495 805 2
201 3333 2
224 1938 2
1639 2155 2
2578 3917 2
760 3955 2
1615 3627 2
4326 3007 2
1999 1276 2
3577 1067 2
695 4949 2
2956 3722 2
767 3563 2
86 1206 2
4415 340 2
426 1498 2
2742 4410 2
1174 2843 2
1343 638 2
3848 3783 2
327 2722 2
848 1802 2
4655 19 2
245 2207 2
4966 1133 2
4158 2174 2
1668 4738 2
2694 1428 2
52 1505 2
4932 4582 2
9 1301 2
1621 573 2
922 1746 2
3373 105 2
1369 228 2
4418 4365 2
4607 3692 2
536 2100 2
4031 2633 2
2105 965 2
1388 3056 2
1974 2118 2
4890 109 2
3780 1349 2
760 3509 2
3582 3675 2
3379 553 2
684 4134 2
1512 1540 2
2165 2319 2
3065 4038 2
1301 490 2
1731 870 2
560 2504 2
292 2589 2
1638 2734 2
20 2033 2
4228 578 2
4880 2561 2
3844 2046 2
3246 3276 2
4797 3422 2
4908 3451 2
1381 1995 2
3546 336 2
3478 1018 2
49 2592 2
150 1196 2
817 719 2
3669 911 2
1985 1104 2
2971 1051 2
4549 778 2
2889 3175 2
1040 4879 2
1814 3537 2
3291 2794 2
463 679 2
4697 2025 2
4 3596 2
4532 4040 2
1054 1458 2
3269 2881 2
4423 126 2
2000 984 2
2885 3759 2
2939 2971 2
788 1477 2
3863 793 2
987 2682 2
531 2022 2
2811 2435 2
4828 1694 2
1726 2927 2
2822 1501 2
2457 4348 2
4144 3302 2
3822 894 2
3089 4932 2
2940 964 2
1724 967 2
1102 4059 2
247 3267 2
1525 2744 2
2545 1058 2
469 1450 2
4533 576 2
740 808 2
2182 843 2
4441 4892 2
4969 468 2
4950 1637 2
3004 4297 2
4879 1489 2
3207 3368 2
6 5000 2
2091 4746 2
1684 2230 2
930 1009 2
1562 1746 2
2156 4536 2
1366 312 2
4659 505 2
3572 1862 2
2884 1931 2
3593 2821 2
4965 1602 2
1576 1003 2
317 3916 2
3992 3976 2
1903 4061 2
3027 4464 2
1738 4854 2
1285 4355 2
4450 962 2
3070 1326 2
3261 2296 2
420 480 2
3236 217 2
347 1966 2
3718 1370 2
4373 1357 2
3202 2400 2
1870 4050 2
769 3333 2
1710 4547 2
408 4130 2
1678 3040 2
4496 4413 2
2459 4263 2
635 565 2
3798 3841 2
4267 4776 2
590 4629 2
2976 746 2
1267 2663 2
4447 428 2
4755 2429 2
3194 3376 2
4816 1318 2
2008 3271 2
170 3933 2
3515 2105 2
494 1288 2
4219 4977 2
264 2149 2
2814 4723 2
2181 1579 2
3106 4356 2
4964 2386 2
129 820 2
4289 4001 2
266 2373 2
622 503 2
2636 3722 2
1748 1317 2
4344 274 2
2347 3097 2
4162 3305 2
725 1812 2
2503 3746 2
3583 3783 2
1500 3135 2
2402 1108 2
997 2915 2
2928 3032 2
575 115 2
1324 153 2
2907 3910 2
4681 3581 2
2605 344 2
2558 4632 2
3161 3357 2
2456 2709 2
815 962 2
2615 816 2
2561 3895 2
4894 1106 2
119 3952 2
3073 31 2
3160 4186 2
3314 1165 2
3876 3719 2
1873 2203 2
2144 4212 2
2420 1854 2
3427 2338 2
3594 4759 2
2907 294 2
4751 1271 2
2532 2983 2
1762 2151 2
1202 2287 2
2074 2081 2
741 4644 2
3913 4765 2
1298 1730 2
2313 3872 2
2162 3087 2
1193 2966 2
2949 1315 2
3960 2416 2
3442 1231 2
2333 4612 2
3629 4005 2
170 2137 2
560 3642 2
1825 2128 2
2798 3506 2
520 1481 2
953 2357 2
3188 1565 2
1664 680 2
1993 3228 2
89 4268 2
4827 4550 2
2629 4700 2
716 889 2
1120 3455 2
4741 381 2
4515 2223 2
3519 3472 2
395 3697 2
881 2830 2
41 4687 2
2941 4664 2
530 1640 2
3261 2147 2
2292 376 2
1811 3343 2
3109 3883 2
3908 2468 2
678 2732 2
4970 138 2
2144 3033 2
4544 3782 2
4272 4972 2
4895 2386 2
4059 2902 2
3358 1434 2
3743 1587 2
3883 3439 2
482 4749 2
3199 757 2
3354 4190 2
2613 710 2
2400 2962 2
2849 2382 2
2730 2146 2
3300 1277 2
198 245 2
506 1466 2
174 4783 2
2146 469 2
597 4464 2
270 1705 2
1765 3297 2
3922 1226 2
4571 2628 2
1062 3293 2
1055 1005 2
1389 1668 2
1098 3443 2
173 2171 2
2066 882 2
4214 1223 2
152 4898 2
3682 1685 2
1130 462 2
4270 1168 2
4121 3424 2
2432 580 2
322 2630 2
3109 1152 2
2599 3766 2
3246 3865 2
3772 2684 2
3593 221 2
2180 1564 2
3711 2082 2
2710 1048 2
4528 23 2
557 1028 2
3616 4691 2
3068 1994 2
3605 3378 2
999 4774 2
4367 3872 2
4458 3608 2
1777 2067 2
4102 4053 2
2877 957 2
3604 914 2
762 1975 2
720 3137 2
67 3675 2
589 1115 2
2746 4154 2
4034 2379 2
4861 1098 2
4749 1129 2
4272 4395 2
3973 4124 2
1635 2968 2
3615 4140 2
3421 143 2
1526 1544 2
4927 4887 2
1127 349 2
1267 4390 2
2427 1041 2
3808 15 2
1105 4348 2
3295 4458 2
1776 1576 2
3735 3367 2
4073 845 2
3553 1748 2
508 918 2
1284 4954 2
1896 3453 2
97 4967 2
1833 882 2
4132 492 2
1462 4764 2
2977 1928 2
4487 3669 2
306 1083 2
3566 633 2
386 3155 2
1652 3483 2
340 1134 2
1022 4179 2
4164 4085 2
2735 3670 2
4289 1100 2
3472 1820 2
680 102 2
4644 2353 2
2781 1033 2
1277 2240 2
4687 207 2
3137 346 2
3049 2402 2
1361 2840 2
2592 1033 2
2206 4836 2
2403 3769 2
411 3248 2
4764 4478 2
325 440 2
2824 3833 2
2037 2933 2
1578 1194 2
3794 3011 2
3469 5 2
2086 452 2
4289 479 2
1776 4889 2
3584 3589 2
4725 300 2
2877 2806 2
758 2284 2
4039 221 2
3212 4290 2
664 3684 2
1942 2274 2
1157 4874 2
352 3568 2
4048 1887 2
1279 4632 2
225 1881 2
3930 1673 2
1458 602 2
3668 4142 2
534 3957 2
1755 331 2
4591 1747 2
2806 3805 2
3063 1923 2
1112 4517 2
4365 548 2
500 1887 2
1535 4123 2
4332 4178 2
1121 438 2
4376 4847 2
705 2548 2
43 1268 2
467 2850 2
3421 3962 2
4696 1000 2
1511 2344 2
3911 1167 2
2497 1101 2
655 1128 2
2095 531 2
2479 1178 2
4475 1351 2
2346 2565 2
4765 3628 2
4583 827 2
4315 548 2
3942 855 2
1354 4600 2
2536 2688 2
564 1699 2
25 169 2
2185 2475 2
2547 1413 2
2276 4263 2
3367 3675 2
3314 231 2
962 3866 2
541 4339 2
4065 1670 2
60 3319 2
3752 3772 2
4769 2626 2
1207 4000 2
4256 846 2
4010 23 2
2344 3516 2
1396 4049 2
3492 2405 2
1114 1877 2
2921 3357 2
2559 4962 2
2820 2139 2
4585 2040 2
4396 2053 2
1659 3787 2
1668 3529 2
3063 4195 2
620 4685 2
2814 1651 2
2353 2416 2
3439 828 2
746 1821 2
4452 84 2
4312 3978 2
2430 3200 2
4879 152 2
594 500 2
111 2458 2
944 3971 2
19 1214 2
2225 1234 2
2040 3950 2
1440 4936 2
294 3623 2
2090 2603 2
4729 3505 2
720 1428 2
2899 4415 2
922 4765 2
2709 1123 2
181 1946 2
4220 4247 2
4174 2844 2
1165 193 2
507 4039 2
704 1043 2
886 2168 2
3309 2217 2
4145 4011 2
231 53 2
4918 4846 2
3615 3542 2
1422 556 2
3881 3247 2
3336 1903 2
4740 3518 2
3963 470 2
3522 4723 2
1528 940 2
3703 2381 2
2044 3311 2
4151 2582 2
3668 2709 2
3120 1194 2
1930 1040 2
2905 38 2
1795 2754 2
1716 1752 2
2668 1944 2
1543 2188 2
4737 759 2
444 4621 2
2280 993 2
632 3820 2
4736 3926 2
3155 4165 2
4038 4965 2
680 4264 2
2646 1386 2
2878 2499 2
4144 2140 2
4527 4470 2
584 1802 2
738 3675 2
4471 3852 2
4318 4630 2
15 4726 2
1188 362 2
2177 1333 2
1251 3375 2
1929 3687 2
2886 2027 2
3583 1578 2
2316 3783 2
208 1321 2
1625 2160 2
844 1105 2
3164 3603 2
3515 967 2
1911 3114 2
1764 174 2
2825 4161 2
4233 4755 2
4369 3323 2
2755 4033 2
696 3035 2
4184 4040 2
3364 1893 2
68 4270 2
3141 2975 2
4112 4156 2
2117 4908 2
1481 3704 2
3269 255 2
4730 857 2
668 714 2
266 4246 2
4681 4994 2
837 4967 2
2728 2548 2
3554 4352 2
205 3419 2
3925 1602 2
1289 2048 2
934 781 2
4797 2408 2
2264 844 2
1571 380 2
1621 251 2
1404 3580 2
4109 4107 2
2331 1471 2
3682 4131 2
4575 1128 2
2664 312 2
1853 4024 2
285 2773 2
207 4130 2
1431 4667 2
1886 1444 2
3630 2333 2
159 3059 2
3241 3276 2
1183 2625 2
621 3377 2
1136 3962 2
687 2080 2
4708 1007 2
3625 4851 2
4261 1817 2
2393 9 2
3817 3098 2
4751 3071 2
1684 3008 2
4177 565 2
547 2567 2
4790 646 2
1312 3288 2
4897 2976 2
4836 576 2
1704 589 2
3734 3330 2
818 1135 2
1293 1571 2
3765 4798 2
2419 3105 2
879 3 2
2291 4233 2
1033 3217 2
292 588 2
2082 4189 2
1567 521 2
564 4653 2
1832 1114 2
4234 4198 2
1384 3721 2
2562 3524 2
2125 4715 2
472 1412 2
3321 1449 2
2611 3761 2
4571 2755 2
4746 1754 2
2441 81 2
2216 4928 2
505 1730 2
4639 3667 2
1287 2735 2
112 658 2
958 3135 2
422 1064 2
4750 2853 2
1261 4979 2
1237 4727 2
818 1875 2
1610 3418 2
4283 816 2
2704 2060 2
4697 1242 2
4911 3883 2
4662 4190 2
4805 3204 2
3343 3946 2
4658 1724 2
4070 3312 2
1101 3735 2
4466 4624 2
2425 2585 2
1236 4857 2
537 3735 2
3713 4786 2
4026 1978 2
1910 789 2
4735 2851 2
445 92 2
1172 1812 2
4790 544 2
108 520 2
2722 2895 2
659 876 2
1485 1479 2
2331 343 2
3677 1387 2
3457 4979 2
4641 3227 2
296 3770 2
4850 2750 2
209 2616 2
2691 1287 2
3751 4291 2
1775 2554 2
616 4262 2
845 480 2
1854 4988 2
2138 4060 2
2353 3708 2
2795 4656 2
3881 4445 2
815 4424 2
2832 1748 2
1759 887 2
250 4342 2
2922 1248 2
1479 4907 2
237 2804 2
4603 21 2
3588 4308 2
4802 1757 2
4049 2242 2
4504 321 2
3344 1961 2
2563 2524 2
2140 2503 2
4409 4868 2
136 3228 2
1291 1578 2
3489 234 2
2517 1201 2
4777 1707 2
3836 2228 2
1158 477 2
4210 2612 2
1751 2381 2
3386 557 2
825 1595 2
3959 2665 2
1447 2914 2
1404 4235 2
2936 1915 2
1906 1873 2
4575 525 2
4033 1649 2
1677 1314 2
4588 949 2
3854 2939 2
3701 752 2
1656 2702 2
556 2975 2
4133 3780 2
4975 1168 2
2379 2651 2
3576 3150 2
1827 2064 2
2592 3093 2
4062 2756 2
4006 2190 2
2791 3555 2
4013 4270 2
2132 1195 2
3979 2097 2
1915 4980 2
4964 120 2
3756 281 2
186 2690 2
3896 4768 2
4740 4391 2
1059 3531 2
3958 909 2
2384 4185 2
927 3159 2
362 2785 2
4468 4230 2
1024 4509 2
4941 3811 2
124 3378 2
535 2539 2
2952 2027 2
1634 2609 2
4224 3344 2
1667 216 2
3949 3692 2
1225 3232 2
119 3264 2
3655 205 2
201 4170 2
3980 2626 2
2971 3890 2
2674 2641 2
732 2860 2
2720 1697 2
1654 212 2
3890 296 2
2002 201 2
4780 3839 2
4665 1820 2
4969 3762 2
1510 395 2
2091 3421 2
1442 4852 2
4372 2494 2
3363 4489 2
2058 1610 2
3490 1943 2
3700 2159 2
3087 1768 2
1997 1418 2
1986 1254 2
480 1747 2
4694 1845 2
4687 3360 2
3666 54 2
1321 4229 2
695 56 2
1814 2047 2
2274 3850 2
2474 3241 2
1184 3855 2
6 4482 2
2186 4374 2
3785 2543 2
660 1670 2
3049 4750 2
3778 131 2
4714 803 2
411 531 2
3620 2507 2
1748 585 2
3999 3802 2
1258 1721 2
2399 3410 2
1941 3654 2
2811 3169 2
3929 643 2
1579 2651 2
519 4463 2
2700 2039 2
2785 1011 2
1711 2714 2
216 889 2
624 3956 2
1197 817 2
2797 4690 2
943 741 2
1475 2873 2
972 4217 2
2752 4198 2
4366 3221 2
3515 4589 2
498 158 2
1197 2743 2
153 4585 2
3742 2151 2
263 4198 2
21 4841 2
2561 561 2
4337 1693 2
3277 916 2
4333 1716 2
811 4185 2
2679 4569 2
2145 4303 2
1361 718 2
2552 465 2
4106 314 2
3998 1284 2
795 4393 2
2205 4408 2
2918 1067 2
1735 2895 2
1938 3190 2
1250 3002 2
1890 1377 2
465 3915 2
412 2672 2
3534 1127 2
1258 4608 2
2373 4888 2
3292 2029 2
2084 4166 2
4941 4592 2
230 4194 2
2143 2694 2
4739 4708 2
2706 1620 2
4755 4183 2
977 4025 2
2134 4411 2
3929 2113 2
3271 3143 2
2801 3953 2
3111 4391 2
1368 3895 2
4187 3528 2
646 142 2
2107 1211 2
2289 2785 2
4721 1188 2
4094 3408 2
3638 1729 2
856 1224 2
1328 2656 2
3381 1669 2
2542 1789 2
978 3019 2
4018 4432 2
3139 1590 2
3591 2416 2
3558 368 2
2353 847 2
3928 3556 2
3946 3920 2
3791 2614 2
3245 1696 2
498 1467 2
3418 2244 2
1527 412 2
1440 3611 2
1461 4146 2
4339 4663 2
950 917 2
277 400 2
355 494 2
2053 2401 2
1431 3310 2
2279 290 2
3942 2103 2
4793 4898 2
4065 2593 2
60 832 2
4338 973 2
2766 1822 2
4105 1190 2
4008 3312 2
614 4081 2
4234 1996 2
4822 4166 2
3489 3090 2
1291 4291 2
815 1931 2
3008 727 2
3565 367 2
3113 78 2
2308 445 2
25 3588 2
4999 1237 2
3164 1219 2
3360 341 2
778 1535 2
1763 924 2
3396 4309 2
190 4700 2
4722 720 2
1303 342 2
4583 118 2
4103 390 2
1032 148 2
3506 551 2
4503 3299 2
1072 574 2
1203 453 2
4147 785 2
601 4346 2
2980 4533 2
4550 3536 2
624 4842 2
432 3167 2
1585 161 2
2265 2826 2
4691 3471 2
4409 1880 2
4141 2311 2
4491 3441 2
4182 3755 2
763 2672 2
3381 2334 2
4167 2839 2
2899 4812 2
2998 443 2
919 3141 2
1962 1924 2
1410 561 2
4193 4825 2
4656 1001 2
3877 1862 2
3135 1143 2
1259 2101 2
1645 1172 2
2961 3795 2
1366 3887 2
407 3999 2
2409 2507 2
284 4947 2
4269 1043 2
2939 4619 2
437 2771 2
2745 2583 2
1488 4016 2
4760 3709 2
1472 3659 2
2331 1168 2
2993 1936 2
2312 3153 2
3639 2045 2
170 3750 2
68 3099 2
4554 2211 2
2762 2338 2
1701 1902 2
1880 3052 2
2109 4820 2
3222 2671 2
1945 4055 2
505 3702 2
4837 4812 2
4353 598 2
353 1140 2
880 1926 2
3283 259 2
362 477 2
2227 1495 2
2345 808 2
3081 4460 2
3325 1154 2
2818 2967 2
1889 2159 2
391 1358 2
3090 434 2
2131 1440 2
3353 4714 2
4441 3556 2
2293 3936 2
932 1950 2
2506 3445 2
946 2556 2
1341 4610 2
4161 3597 2
4375 2203 2
2347 2163 2
4317 4898 2
2318 3275 2
2767 293 2
709 264 2
2008 4097 2
952 947 2
1577 3574 2
1644 4477 2
3381 3439 2
2468 1765 2
3009 4432 2
117 1118 2
242 3727 2
2092 4748 2
1845 3491 2
2198 2826 2
3919 1707 2
4812 582 2
867 4983 2
4382 401 2
405 184 2
4018 4207 2
2193 355 2
553 3873 2
3814 4065 2
3668 2986 2
2014 2406 2
3287 2945 2
551 1677 2
659 3484 2
4275 3438 2
4453 2193 2
781 301 2
2939 3295 2
702 2483 2
2956 382 2
1576 1682 2
3235 4720 2
4911 2937 2
2718 3749 2
4490 2185 2
4307 1193 2
267 3318 2
1907 274 2
106 140 2
4146 474 2
2739 696 2
3782 3320 2
3120 4430 2
4885 391 2
1836 3128 2
3427 2410 2
3243 2005 2
1186 2718 2
4744 1837 2
3 1059 2
3511 1979 2
955 3625 2
791 2122 2
1206 348 2
2380 4543 2
2095 2773 2
3492 3975 2
1273 829 2
3652 782 2
2746 4259 2
1544 4129 2
4282 2468 2
1799 2756 2
1705 4154 2
2693 4850 2
2796 2787 2
4751 1771 2
3250 2697 2
4604 2031 2
2570 1722 2
3207 196 2
3415 4714 2
462 1894 2
2239 3790 2
4030 704 2
2461 854 2
3779 1711 2
174 4947 2
2455 1381 2
1592 2628 2
1425 324 2
4760 2806 2
1249 468 2
1553 4913 2
3950 2130 2
1531 3398 2
1164 3592 2
4710 3651 2
4254 641 2
2441 4963 2
3271 2324 2
2668 2421 2
3746 643 2
562 2669 2
1864 1339 2
169 1157 2
1956 992 2
3891 4353 2
1530 636 2
3326 529 2
2567 3386 2
3323 4748 2
2384 4333 2
917 1384 2
3162 1359 2
2806 2250 2
4772 1232 2
340 3937 2
1996 4134 2
4069 66 2
2162 1180 2
3912 3920 2
646 1503 2
121 4390 2
4441 2731 2
4479 702 2
162 2802 2
716 3270 2
848 4961 2
2710 113 2
2174 2171 2
3243 2632 2
2206 4147 2
4967 4789 2
3518 4994 2
3336 4217 2
4383 2729 2
147 1205 2
4832 912 2
1308 2601 2
2168 3795 2
743 2892 2
1978 342 2
2078 2451 2
709 1376 2
2 1807 2
4081 4974 2
1539 2405 2
2938 4649 2
1873 1385 2
3069 997 2
2807 3554 2
3213 3890 2
591 3871 2
57 3582 2
3001 96 2
3483 3654 2
2056 44 2
848 1928 2
4465 4128 2
2272 4967 2
3292 1644 2
2255 2767 2
4118 1968 2
3343 4363 2
4064 4298 2
2331 4148 2
3840 2631 2
3052 4612 2
438 935 2
3580 4415 2
302 3622 2
193 4226 2
938 1563 2
454 1479 2
1221 1475 2
3035 2143 2
3646 3121 2
516 1570 2
846 251 2
2731 3800 2
1842 1308 2
4070 804 2
4958 822 2
3019 1805 2
4449 662 2
1964 1000 2
4469 1381 2
1607 2889 2
197 2499 2
4243 4879 2
4903 4038 2
204 3877 2
466 4969 2
2470 4645 2
898 1492 2
3346 4239 2
444 3253 2
2090 3578 2
1007 1016 2
4997 1730 2
1446 2471 2
1121 3110 2
670 1029 2
4838 4093 2
4664 1200 2
4625 2494 2
3527 4718 2
321 2714 2
3246 3440 2
2792 4826 2
1801 4920 2
1261 2811 2
703 4612 2
1578 2539 2
3967 2887 2
2654 646 2
1855 1085 2
270 3187 2
1527 1330 2
964 3571 2
3833 3502 2
324 2165 2
1535 345 2
1101 4089 2
1355 2006 2
1651 4995 2
1603 2423 2
1051 1957 2
2524 4939 2
1268 188 2
1521 1183 2
3452 739 2
931 321 2
3349 4678 2
2440 3208 2
3634 3872 2
4737 394 2
1433 2904 2
2509 724 2
2197 278 2
3645 3876 2
1899 660 2
3467 1941 2
2153 3975 2
3810 2447 2
2891 2450 2
4948 4210 2
4034 2832 2
383 2302 2
288 3900 2
1790 4007 2
1220 1254 2
1279 4919 2
2393 2723 2
4526 3979 2
465 4996 2
3963 3259 2
1860 356 2
4362 679 2
3987 3876 2
4806 1146 2
900 3881 2
1424 2652 2
4654 4314 2
819 4836 2
157 3732 2
3325 4480 2
3942 3975 2
2874 3559 2
15 719 2
4631 4069 2
124 117 2
3350 3995 2
1917 2168 2
4863 4999 2
2470 872 2
2883 576 2
4344 881 2
4360 3289 2
2299 4968 2
1838 4186 2
4534 2344 2
3546 3082 2
4389 4321 2
824 955 2
793 603 2
2330 1420 2
1145 1919 2
3951 4036 2
3761 2287 2
3387 2679 2
254 1717 2
2756 1226 2
3347 677 2
26 3179 2
2188 2161 2
4393 2541 2
3244 183 2
2922 1031 2
4407 4147 2
2762 620 2
1902 77 2
3324 4374 2
2426 1909 2
3927 2022 2
2529 3133 2
1004 1840 2
4545 690 2
3728 2541 2
1068 239 2
44 1137 2
4550 4267 2
4124 1788 2
634 4266 2
3193 3082 2
3754 4994 2
4216 3274 2
2115 503 2
4983 4681 2
1805 2911 2
2164 4391 2
4175 4544 2
3572 2397 2
3504 3238 2
4565 873 2
2447 3910 2
1435 4767 2
3590 2139 2
2050 4921 2
2107 2279 2
2715 1024 2
1041 1414 2
4336 1015 2
3740 534 2
465 4546 2
3783 1843 2
2194 1167 2
666 4142 2
4465 583 2
2779 1900 2
1339 4859 2
2294 3944 2
4945 2840 2
3547 824 2
2034 1039 2
2217 593 2
738 2939 2
2354 3365 2
2738 2274 2
4923 2600 2
4339 1428 2
4448 277 2
2181 971 2
2806 938 2
2022 300 2
1025 1957 2
2985 3853 2
457 645 2
1098 2595 2
4713 157 2
4421 4694 2
2460 3174 2
923 4760 2
21 4571 2
3766 176 2
3560 2052 2
517 3989 2
4955 2922 2
4504 1450 2
2977 3464 2
1845 2774 2
3764 597 2
3248 406 2
4325 3533 2
2623 2534 2
3876 1992 2
2012 4718 2
1240 116 2
4072 4258 2
1188 3698 2
4206 4370 2
990 2840 2
1241 2099 2
2259 2152 2
4577 1140 2
1989 2183 2
2125 634 2
4440 260 2
2646 954 2
1593 606 2
286 2555 2
2872 138 2
4789 3470 2
1958 4161 2
4731 4068 2
4529 3739 2
218 4014 2
434 3407 2
1632 4365 2
3629 2413 2
1909 4733 2
610 4769 2
2277 2972 2
2371 4273 2
1221 2566 2
4782 1063 2
1611 2487 2
1984 3729 2
2570 181 2
1413 2598 2
981 710 2
3603 201 2
357 4834 2
2666 2207 2
362 4144 2
2395 494 2
4083 4169 2
4855 4073 2
4491 2589 2
2202 2413 2
3453 4744 2
4271 657 2
3470 3829 2
1345 4901 2
4518 4226 2
4637 153 2
1953 2928 2
1062 5 2
2974 919 2
764 4240 2
4446 3045 2
2797 3004 2
2121 3695 2
1469 1026 2
1457 4743 2
4046 2825 2
1814 3193 2
2170 2341 2
279 3883 2
2546 2446 2
548 2393 2
89 3277 2
2637 2065 2
3611 767 2
418 776 2
3630 2958 2
177 3598 2
231 3060 2
3704 996 2
452 1324 2
4826 917 2
3874 2573 2
1235 1219 2
3701 3974 2
4288 515 2
2947 87 2
3538 548 2
3922 3334 2
4387 2327 2
4395 3541 2
3034 4536 2
2011 437 2
4460 820 2
2297 4116 2
3489 797 2
643 4240 2
1218 2076 2
2939 4074 2
1362 2543 2
1763 3062 2
2003 2472 2
1666 160 2
605 2551 2
1846 1308 2
2033 1985 2
1663 4793 2
1462 453 2
3753 1527 2
4744 623 2
2225 4363 2
3484 417 2
1197 2469 2
4643 1764 2
4702 3805 2
3879 2915 2
1811 4026 2
4783 2509 2
832 3314 2
2895 3814 2
4644 2292 2
385 3973 2
980 4749 2
950 87 2
3602 1441 2
2136 4438 2
4721 3040 2
4166 362 2
1924 4718 2
854 2983 2
808 3405 2
4363 2591 2
3993 4029 2
1109 3321 2
4522 6 2
205 3494 2
2098 2311 2
1155 597 2
3299 1218 2
4165 472 2
3332 3057 2
4266 596 2
2558 1531 2
4045 3642 2
4843 206 2
482 2293 2
1711 187 2
734 1999 2
4633 4751 2
1284 3699 2
4652 2896 2
3250 1644 2
802 3721 2
1279 2439 2
4245 4169 2
4227 4696 2
4305 4157 2
590 3816 2
4703 4148 2
423 2262 2
436 2620 2
2374 3939 2
1255 2561 2
3081 3051 2
1510 3371 2
391 1581 2
1574 4833 2
253 4104 2
2833 1371 2
732 2786 2
3993 1007 2
4566 1300 2
3762 3374 2
4377 1145 2
4725 736 2
1011 816 2
4690 2014 2
2970 331 2
1783 4288 2
4366 2539 2
4656 1312 2
1321 2754 2
3351 3399 2
950 1146 2
446 358 2
1404 4322 2
3173 3363 2
4839 802 2
3067 2640 2
782 3781 2
4601 3167 2
4277 2517 2
2143 3357 2
3753 4787 2
2880 3951 2
3513 732 2
204 980 2
3171 4629 2
3689 1462 2
1940 983 2
1547 335 2
2393 4386 2
479 411 2
4536 4884 2
2568 2019 2
2503 474 2
3863 2414 2
2133 1038 2
302 2662 2
1134 456 2
1039 2050 2
1580 508 2
1016 1738 2
4539 1399 2
1705 3677 2
869 1442 2
2143 4709 2
4364 1381 2
1947 705 2
4789 2980 2
4697 631 2
2207 1570 2
3856 1577 2
4030 782 2
700 1874 2
3857 3239 2
3723 125 2
3083 2482 2
2805 103 2
4792 4893 2
3346 2489 2
4077 847 2
2279 1569 2
468 3846 2
588 2043 2
1669 546 2
4846 1934 2
981 4074 2
4272 1236 2
773 3640 2
2218 1200 2
1689 1392 2
2660 1884 2
1571 2232 2
1864 673 2
1395 2037 2
3546 2306 2
4849 97 2
380 400 2
1159 1988 2
4330 4140 2
1287 2826 2
3319 3316 2
4137 1017 2
4399 1545 2
517 3601 2
3328 3455 2
4091 712 2
3977 1777 2
2832 1404 2
2906 2730 2
4988 2764 2
999 3895 2
3770 1917 2
506 4881 2
4928 815 2
2755 3622 2
1195 948 2
3872 689 2
1099 609 2
1998 3607 2
3637 2016 2
4494 1771 2
3541 762 2
3232 3240 2
4089 4647 2
4926 1337 2
4841 3440 2
3257 2552 2
290 216 2
1242 3663 2
3058 2609 2
895 3176 2
1231 4740 2
2240 1471 2
2847 3644 2
746 4694 2
319 3064 2
529 4446 2
4299 1238 2
1421 122 2
3870 3949 2
4467 3978 2
540 3809 2
2859 3947 2
2056 3949 2
4238 2034 2
1768 2836 2
3661 1064 2
3457 613 2
571 2521 2
3394 2993 2
507 1629 2
4800 254 2
930 4085 2
4127 2588 2
930 1781 2
2175 135 2
825 1731 2
4225 2035 2
2735 3525 2
2116 2976 2
2547 3051 2
558 1196 2
327 2824 2
2871 4957 2
1411 489 2
317 4251 2
3583 3469 2
4192 4515 2
3107 730 2
621 3480 2
760 818 2
3198 4322 2
4861 3126 2
120 2816 2
3455 1473 2
4509 1750 2
2519 3974 2
2464 1882 2
520 4868 2
3452 1321 2
3752 2231 2
1272 3577 2
4522 2769 2
2514 945 2
4818 3728 2
493 2769 2
1619 1887 2
1769 3076 2
3942 119 2
4466 3875 2
3070 3089 2
4209 1466 2
4271 811 2
2288 4890 2
3317 3917 2
114 2780 2
953 2272 2
493 1418 2
4141 1997 2
781 4537 2
2318 3624 2
297 4312 2
725 564 2
2920 665 2
4017 682 2
507 152 2
2925 4715 2
1066 2117 2
1520 4029 2
3790 4310 2
2723 3694 2
4039 3919 2
3349 114 2
4582 2395 2
4328 210 2
3345 2957 2
2896 49 2
3127 2912 2
4047 2178 2
4261 3089 2
80 217 2
459 1167 2
3796 4708 2
4174 2151 2
2950 3234 2
3835 1048 2
762 1074 2
396 3826 2
1404 2681 2
4240 3668 2
1003 3769 2
12 2708 2
4818 1387 2
3268 11 2
441 1606 2
3430 307 2
2922 3051 2
2046 612 2
436 2003 2
2819 4447 2
2050 4126 2
4779 3780 2
4127 4486 2
2759 95 2
3948 2936 2
3697 3658 2
19 2990 2
3559 4191 2
656 1882 2
3464 606 2
397 2874 2
1282 4604 2
1928 525 2
3614 672 2
3452 3883 2
2010 4735 2
3972 368 2
3916 3615 2
1191 4738 2
3576 2707 2
3853 983 2
3832 1360 2
3397 3218 2
2375 812 2
3843 4048 2
4980 45 2
1370 1938 2
256 2333 2
1984 172 2
2100 347 2
1861 1221 2
3588 523 2
4858 3209 2
3975 3673 2
1672 1036 2
4950 1737 2
3526 4836 2
574 2406 2
1073 1997 2
3804 4406 2
1086 866 2
36 401 2
2560 2323 2
2698 474 2
978 4360 2
2497 394 2
2652 3555 2
4581 1858 2
1066 2680 2
697 3055 2
3153 436 2
1838 264 2
1774 1032 2
1923 724 2
2156 3876 2
3510 4514 2
2930 275 2
1941 4642 2
4265 4953 2
954 1002 2
3106 552 2
3848 2636 2
367 3507 2
3863 3929 2
1113 3111 2
4061 460 2
573 3388 2
3134 1730 2
1623 313 2
1436 2288 2
1037 2714 2
4278 3858 2
1421 3138 2
1792 3563 2
3466 3064 2
4291 197 2
1999 3952 2
3511 1328 2
4469 1597 2
2944 957 2
4322 4606 2
2827 3465 2
1392 3293 2
3063 715 2
1105 1717 2
4682 633 2
2699 2919 2
2093 1457 2
3429 4718 2
2539 3446 2
4232 2827 2
18 196 2
4807 4033 2
2231 3592 2
211 4032 2
2375 1761 2
4403 2444 2
3432 1349 2
257 76 2
540 4470 2
1529 1806 2
2583 584 2
1561 2510 2
4307 4628 2
613 570 2
1423 4857 2
2113 2078 2
1269 2431 2
3498 1420 2
4094 4394 2
2371 4040 2
710 1396 2
2547 2093 2
1749 4052 2
3378 2476 2
2685 3074 2
575 3376 2
1356 2827 2
4300 1109 2
66 4971 2
1727 3196 2
190 3613 2
3434 517 2
4695 1387 2
3704 2120 2
3973 2076 2
44 4166 2
3706 92 2
4264 2870 2
1410 859 2
831 4623 2
1630 2337 2
2901 3583 2
2403 3228 2
3706 1926 2
2747 4720 2
2491 1919 2
1045 2306 2
110 3677 2
4728 2676 2
4769 1178 2
365 3448 2
3078 3700 2
393 2620 2
1314 3075 2
858 3636 2
2844 727 2
4983 3083 2
2761 2361 2
2642 1173 2
1502 1542 2
2078 516 2
728 3983 2
3390 167 2
3809 1826 2
4895 2740 2
3636 3202 2
3837 3440 2
14 1429 2
1848 3719 2
4358 665 2
747 4412 2
4870 4835 2
813 3343 2
158 4882 2
4804 1755 2
943 622 2
783 2370 2
1327 168 2
3957 1279 2
3743 1304 2
1704 1439 2
4237 1115 2
1224 4371 2
1077 4006 2
752 1922 2
4522 441 2
274 2748 2
4006 2762 2
4418 3518 2
3918 2977 2
1361 1703 2
977 2380 2
1957 1491 2
563 4368 2
2762 4518 2
3013 3106 2
2260 3746 2
2733 3803 2
2902 1706 2
3216 1019 2
1174 833 2
3454 4606 2
3744 793 2
2267 3837 2
2978 3222 2
1637 952 2
3860 1293 2
2113 2630 2
3705 4290 2
4576 404 2
4012 4025 2
4485 3617 2
1794 1205 2
1259 3700 2
2290 2609 2
1041 2552 2
3508 3868 2
2999 3139 2
417 2208 2
1216 4306 2
4309 543 2
858 1431 2
3909 4682 2
1799 2042 2
1001 836 2
1264 2927 2
1152 913 2
241 3079 2
4856 2069 2
2571 4542 2
3962 1307 2
1092 1227 2
4199 3075 2
785 3220 2
4069 4727 2
550 2029 2
3786 1506 2
4289 3201 2
3581 1131 2
4934 2716 2
3635 3158 2
3373 3123 2
1697 4090 2
724 4566 2
4746 2398 2
120 3774 2
280 2771 2
3782 1656 2
2758 4467 2
2420 77 2
240 1240 2
2604 4291 2
154 2445 2
3622 1586 2
1752 1317 2
1496 3296 2
1285 4244 2
139 3639 2
3423 4402 2
4741 2874 2
4004 3391 2
4426 2914 2
1510 831 2
2251 4308 2
3822 3070 2
4920 2078 2
1998 2050 2
4916 1162 2
2653 2214 2
2233 4496 2
1833 4178 2
201 2460 2
3962 979 2
1052 833 2
315 974 2
2972 2139 2
3420 2198 2
4872 936 2
4776 3885 2
1177 4464 2
3962 3841 2
3678 4811 2
1494 2506 2
3459 4698 2
2103 413 2
3501 1563 2
4966 4403 2
475 732 2
3920 577 2
4468 1111 2
2371 1290 2
4526 2494 2
211 844 2
1540 308 2
3283 1447 2
1861 1757 2
3668 688 2
1509 2303 2
2986 2668 2
3869 1223 2
1832 2956 2
5000 3527 2
1726 4737 2
3931 1075 2
3356 694 2
647 3409 2
2136 3550 2
4776 1047 2
989 457 2
4550 3891 2
477 3732 2
335 1732 2
4339 3494 2
2969 2579 2
839 4736 2
1629 3007 2
4993 143 2
668 3368 2
1871 4743 2
1605 700 2
240 2990 2
750 4745 2
875 125 2
3753 2851 2
3700 3396 2
749 4836 2
1132 3841 2
3699 4200 2
3647 2375 2
4582 3467 2
383 2519 2
4402 4137 2
3831 2672 2
4536 277 2
1452 3385 2
3706 3916 2
3938 4597 2
1844 1432 2
3445 1262 2
2492 832 2
2462 934 2
3388 123 2
1231 4087 2
4237 1210 2
4648 2091 2
1913 4285 2
651 4384 2
539 896 2
1835 3553 2
466 1432 2
3309 1732 2
2986 3133 2
3974 119 2
3940 1290 2
4695 1197 2
680 2173 2
1597 1236 2
3595 4810 2
1276 445 2
4706 4143 2
2062 2129 2
15 3593 2
2154 2180 2
4637 3187 2
670 85 2
2647 4086 2
2264 2995 2
172 3598 2
1363 1217 2
1544 1965 2
464 2733 2
3337 1286 2
4857 2504 2
4759 593 2
2459 3590 2
4242 2333 2
3184 298 2
994 2275 2
3254 2167 2
3851 978 2
1849 4775 2
4302 2051 2
602 817 2
3585 4883 2
4494 3757 2
4754 1870 2
4654 3458 2
4667 3757 2
2526 1462 2
3072 4735 2
3546 2589 2
2609 2745 2
4154 1499 2
4519 3654 2
834 3838 2
4069 2191 2
2551 2875 2
4942 1872 2
3472 4824 2
1259 3636 2
4731 4834 2
4529 2803 2
4637 3799 2
3541 2366 2
2389 2883 2
2680 584 2
135 2920 2
3216 969 2
4761 222 2
373 3614 2
4921 4770 2
4810 1078 2
1079 980 2
1707 3865 2
4624 4608 2
4642 557 2
54 259 2
1337 4022 2
3084 1809 2
3374 3098 2
2821 4549 2
4864 962 2
4107 4282 2
933 2935 2
152 2855 2
3290 3982 2
2804 1503 2
3251 2240 2
2304 4019 2
3199 1118 2
4480 551 2
2924 3673 2
2310 2093 2
4120 3841 2
3823 3811 2
1638 4900 2
541 2950 2
4324 1477 2
4607 2028 2
503 1806 2
4551 1252 2
4385 2384 2
4283 1747 2
1294 3064 2
3905 1868 2
4297 1469 2
377 416 2
4215 4987 2
732 3993 2
4701 681 2
2985 1751 2
3754 4886 2
520 99 2
3864 3221 2
4794 4555 2
3960 3464 2
2545 4459 2
1662 2155 2
754 809 2
3593 4566 2
3519 1963 2
680 1047 2
4892 1217 2
632 2252 2
2413 3356 2
2564 3944 2
3961 3829 2
1599 213 2
3486 893 2
2789 2064 2
294 1724 2
4624 3585 2
4335 587 2
1175 2420 2
690 4507 2
2214 1729 2
4979 4148 2
4586 1829 2
302 2737 2
4948 2921 2
2232 3003 2
2741 2965 2
2066 399 2
4818 4384 2
4570 3659 2
3231 1277 2
1986 3580 2
2531 3385 2
2849 558 2
1529 4862 2
2955 1910 2
2771 3748 2
4841 4200 2
4848 3771 2
2558 4640 2
3078 4531 2
1722 3542 2
839 2238 2
3451 2086 2
1150 4674 2
2456 2892 2
3531 2606 2
4746 2729 2
2478 970 2
1150 3035 2
3031 1057 2
3839 4314 2
4008 1493 2
4071 2086 2
4219 805 2
4699 3360 2
2217 2984 2
4912 4451 2
1380 2637 2
413 1549 2
638 1687 2
2581 2594 2
3075 1844 2
4829 620 2
4998 4338 2
4045 1127 2
3548 3317 2
1964 2463 2
3144 4790 2
4670 3954 2
1788 3991 2
4732 3487 2
2049 837 2
3468 3120 2
4495 4451 2
4487 4650 2
486 3691 2
3266 1869 2
1774 4288 2
1854 1321 2
4253 4851 2
994 824 2
2713 139 2
1867 3733 2
625 795 2
1328 3733 2
2943 699 2
2665 2718 2
4312 4516 2
1895 4556 2
2942 3628 2
1597 280 2
2168 1580 2
1162 612 2
4948 2725 2
609 2629 2
4456 1539 2
762 1100 2
1001 4499 2
4723 4260 2
2269 2760 2
3448 426 2
4954 3864 2
601 4336 2
3616 3864 2
3560 4736 2
2532 4136 2
160 3081 2
3236 3348 2
3438 4013 2
2192 4111 2
1548 4985 2
3538 2623 2
1628 3863 2
4422 623 2
4085 3238 2
286 1287 2
1298 1603 2
428 4880 2
3608 3552 2
260 4856 2
792 3549 2
1263 1050 2
2144 1336 2
3050 415 2
4326 1592 2
2603 725 2
934 3908 2
2850 1946 2
1829 1393 2
2476 4631 2
1174 1123 2
252 4895 2
4106 661 2
458 3159 2
1030 2582 2
4834 3799 2
2660 4967 2
837 2601 2
4026 3369 2
1540 2462 2
3365 649 2
4182 4611 2
2005 2469 2
1911 3642 2
2238 2196 2
2400 1147 2
2783 2286 2
2355 1256 2
2624 1246 2
3195 1040 2
1708 1238 2
4641 1825 2
1059 2920 2
1580 253 2
1796 3929 2
506 4903 2
4348 4316 2
3762 3097 2
1285 4074 2
1877 2715 2
4408 3823 2
928 1311 2
1810 4090 2
1926 246 2
361 4063 2
4827 2901 2
4500 2284 2
1655 1275 2
4010 4656 2
4113 2803 2
1953 4446 2
4026 4955 2
2255 4752 2
2597 1054 2
3866 3591 2
3559 4663 2
1815 1624 2
99 4825 2
1552 1209 2
1864 2027 2
3408 1540 2
2386 3672 2
3365 139 2
2381 4441 2
4211 3955 2
948 4216 2
4718 2808 2
288 1990 2
2610 3941 2
686 974 2
4929 4388 2
2384 983 2
3037 3563 2
2651 1808 2
432 4942 2
4734 3527 2
1961 1072 2
4218 1506 2
1373 4451 2
4143 600 2
4619 93 2
121 2307 2
40 4183 2
752 3939 2
1451 3544 2
4396 3283 2
1956 313 2
2484 2522 2
3689 951 2
2668 323 2
2486 1504 2
4369 266 2
688 3456 2
1021 489 2
2784 4262 2
4135 2029 2
4059 1125 2
4407 4188 2
4653 4883 2
2218 2568 2
1775 4732 2
2139 1811 2
3821 4492 2
3966 2149 2
1478 3378 2
1482 708 2
4498 1917 2
3153 2511 2
645 1054 2
2606 1223 2
2147 3529 2
3408 2706 2
1429 2420 2
902 4482 2
2947 2995 2
1635 2096 2
1284 1993 2
3150 3971 2
390 3738 2
4893 4013 2
235 4805 2
3735 805 2
321 2019 2
1398 1168 2
3730 539 2
2399 2805 2
761 3729 2
4254 4257 2
1197 3969 2
35 4000 2
3256 4666 2
457 2314 2
4351 3024 2
552 569 2
4541 448 2
3110 3821 2
1935 1016 2
2982 4440 2
3603 3599 2
3057 275 2
298 799 2
4408 2375 2
1320 4365 2
2641 3791 2
108 762 2
1171 2958 2
2257 1815 2
3168 3043 2
3575 731 2
295 101 2
2163 4693 2
1999 1918 2
960 3654 2
407 2100 2
4327 641 2
3022 1244 2
4461 3781 2
2088 2768 2
4 4300 2
2891 526 2
2485 3140 2
2602 1986 2
1212 2794 2
2007 2707 2
3821 2662 2
341 4011 2
2625 3911 2
2970 1030 2
214 1573 2
4407 1780 2
5000 4136 2
4221 4037 2
1008 4468 2
3503 4359 2
288 3069 2
2876 4449 2
355 3311 2
617 2240 2
3449 4133 2
4578 1780 2
1376 618 2
3022 3824 2
2644 672 2
2798 3262 2
4195 1394 2
1938 4591 2
4507 342 2
2592 2166 2
52 2131 2
146 242 2
3181 4940 2
4611 990 2
4014 4136 2
1321 1664 2
2268 651 2
3344 4395 2
1369 1298 2
1404 1987 2
2354 134 2
1834 4446 2
117 2092 2
2664 3899 2
708 3045 2
3825 1240 2
1908 556 2
4561 273 2
3970 583 2
2563 536 2
3218 4992 2
4725 443 2
1474 928 2
4602 1726 2
1406 2081 2
3517 1899 2
4777 3135 2
4764 3052 2
144 2404 2
330 4247 2
1221 3918 2
3628 4888 2
586 1904 2
1766 2659 2
388 1481 2
1202 4379 2
3891 584 2
2959 4695 2
2639 3232 2
3368 1580 2
770 32 2
1792 265 2
2525 725 2
862 515 2
2554 1070 2
4683 3410 2
2496 355 2
3951 3061 2
4557 442 2
2017 3949 2
261 794 2
344 4729 2
4207 935 2
3655 4597 2
433 1022 2
3692 959 2
1332 2087 2
3436 3417 2
2114 3139 2
4592 253 2
3071 4918 2
205 142 2
3200 2345 2
4505 1831 2
3807 2410 2
3786 1773 2
4875 635 2
2342 268 2
3363 1027 2
4362 2211 2
4889 862 2
1365 4244 2
2832 3998 2
3169 1414 2
2733 4096 2
4504 4713 2
4752 334 2
946 2828 2
4589 2754 2
3693 1970 2
6 4776 2
2050 4816 2
2480 1527 2
3190 4023 2
4565 2540 2
4351 4448 2
3024 203 2
625 640 2
3856 3237 2
1445 2792 2
4428 3623 2
4056 4992 2
2505 4985 2
1604 1891 2
1207 1017 2
756 534 2
3384 3799 2
2031 2817 2
4029 923 2
1548 4557 2
1805 2243 2
3785 3409 2
1165 4719 2
786 2677 2
1853 3383 2
297 2871 2
4588 1456 2
868 2583 2
2952 2929 2
1812 3817 2
181 4047 2
1949 739 2
4749 2614 2
3585 4564 2
2632 3631 2
3728 4030 2
2943 3975 2
4436 3347 2
341 1877 2
1478 4387 2
468 2298 2
2150 3822 2
3698 825 2
4196 2063 2
3923 593 2
3268 2085 2
536 1817 2
1815 2985 2
3883 2219 2
3877 4254 2
397 4359 2
1208 482 2
761 1444 2
4643 1147 2
2954 1453 2
3652 2711 2
2192 975 2
2286 686 2
3267 464 2
2937 2950 2
166 1830 2
1349 2697 2
4340 1919 2
197 721 2
3978 4349 2
1768 1016 2
1978 3750 2
3923 4424 2
2872 372 2
4355 1075 2
1503 3256 2
4764 1465 2
1994 4314 2
4288 2882 2
1342 28 2
3090 2252 2
3607 482 2
1631 3564 2
4796 1313 2
4644 1038 2
1990 267 2
2917 2063 2
4745 1622 2
1408 2745 2
3873 4461 2
2084 917 2
3033 3240 2
4618 4427 2
790 1711 2
2226 1494 2
419 3116 2
4617 4565 2
3696 353 2
46 3292 2
339 1862 2
3841 4152 2
289 1265 2
3514 4299 2
1227 2376 2
2894 3970 2
1919 3957 2
2173 1653 2
1809 3237 2
3143 1033 2
1863 473 2
4616 2932 2
342 4455 2
227 3894 2
2549 2454 2
1268 3970 2
1200 1279 2
1514 2996 2
4328 434 2
236 2284 2
1357 730 2
1154 4097 2
660 113 2
18 4254 2
1141 886 2
1416 404 2
3017 3918 2
1785 3409 2
1433 1636 2
4706 3850 2
866 3734 2
1289 1119 2
3870 3916 2
2817 3979 2
4543 3299 2
976 3061 2
2980 1861 2
2627 4169 2
2367 4034 2
2524 2763 2
432 4881 2
4830 4132 2
1967 678 2
2291 3490 2
2339 4603 2
3979 1138 2
1865 3734 2
4842 2763 2
1910 2043 2
1330 2354 2
2198 3000 2
174 3142 2
4532 2172 2
192 3930 2
3889 1101 2
1449 3296 2
3685 4886 2
3509 2392 2
720 2757 2
427 2271 2
851 1722 2
2227 4662 2
882 843 2
1279 260 2
2609 3198 2
4698 4547 2
4691 597 2
2689 3879 2
2837 647 2
4324 1296 2
2514 210 2
2936 4329 2
3715 27 2
35 4276 2
4115 4764 2
3128 3472 2
2738 4860 2
1439 4813 2
528 3340 2
2776 840 2
3305 4326 2
619 3158 2
2127 3694 2
1167 2599 2
66 2202 2
2472 1426 2
613 4312 2
2512 599 2
2089 4830 2
2121 3821 2
3133 867 2
4203 4393 2
742 2816 2
4478 1574 2
2971 1068 2
3050 3176 2
866 805 2
4347 4303 2
2061 3374 2
4191 1608 2
4249 3206 2
448 4904 2
4533 4935 2
1725 4967 2
4483 3004 2
134 3345 2
3747 688 2
730 1582 2
3763 3707 2
3290 74 2
2666 22 2
1195 4516 2
547 2296 2
2846 1526 2
4380 1577 2
2470 3676 2
3317 1604 2
1906 1972 2
2211 1477 2
4932 3284 2
4339 3353 2
1344 3413 2
2715 2967 2
4710 1913 2
625 3423 2
928 3627 2
4407 3358 2
1125 1144 2
2626 866 2
4039 3336 2
2466 3710 2
709 304 2
3748 4733 2
1853 1234 2
1630 4049 2
925 1518 2
850 934 2
1561 886 2
2010 434 2
1678 4590 2
1841 549 2
3269 3034 2
4010 4924 2
769 2860 2
4891 1415 2
2211 2254 2
4371 2069 2
1199 4172 2
3571 953 2
2270 2245 2
3988 4046 2
2781 4587 2
1175 4980 2
1324 933 2
950 2153 2
1043 1632 2
4464 2729 2
3222 2582 2
4366 2821 2
3974 1778 2
3171 781 2
4236 3747 2
4592 984 2
4133 3862 2
3620 3761 2
256 4646 2
4715 4419 2
4154 3680 2
2968 650 2
370 48 2
1397 3518 2
3844 2201 2
4705 3351 2
669 4642 2
614 1511 2
927 3986 2
3399 3105 2
3854 56 2
4857 38 2
2668 3999 2
1451 1926 2
701 290 2
3268 1534 2
1850 4508 2
1809 3285 2
2145 2148 2
3543 1336 2
1087 4804 2
4923 2180 2
4065 3872 2
636 240 2
1127 708 2
1149 2777 2
3659 3438 2
925 4915 2
1335 483 2
1007 1593 2
4382 3019 2
2740 3536 2
638 205 2
4551 2877 2
796 4294 2
711 2040 2
1696 106 2
1584 1348 2
3979 9 2
2551 1437 2
3669 1004 2
1738 2170 2
1456 51 2
1629 3693 2
407 2227 2
4112 167 2
839 3614 2
3710 3692 2
4705 3887 2
1946 1294 2
1034 1304 2
1764 1391 2
3404 4032 2
2633 1941 2
3382 3680 2
1437 2535 2
905 2411 2
3298 2531 2
3240 3819 2
2820 4497 2
3692 2044 2
3267 3047 2
3005 3766 2
1368 3239 2
2827 2980 2
58 2265 2
1021 2725 2
4906 413 2
79 3989 2
1828 215 2
1013 4718 2
3134 626 2
3170 3654 2
969 2314 2
4773 4437 2
879 966 2
3783 3478 2
4636 4808 2
1060 4655 2
3675 1965 2
3398 154 2
4154 4759 2
2126 2203 2
1307 3221 2
3173 4019 2
3628 2778 2
1123 3073 2
3012 3402 2
1613 1398 2
4863 1186 2
2904 4479 2
2615 4485 2
4750 878 2
422 3502 2
3929 2414 2
2440 3316 2
503 555 2
3527 3886 2
3887 1899 2
4007 1239 2
2017 890 2
256 3861 2
2180 2403 2
385 656 2
237 224 2
953 2736 2
2388 322 2
2621 4286 2
3471 1235 2
3616 4537 2
3708 2477 2
2683 1794 2
3901 1492 2
3887 697 2
2431 3819 2
1176 4641 2
879 4471 2
2245 329 2
868 4870 2
4689 4284 2
1830 3740 2
3553 4356 2
4436 2877 2
1312 3654 2
1394 2747 2
1269 2635 2
1647 4894 2
2018 1236 2
3248 511 2
3478 1902 2
3169 2778 2
3691 4984 2
4124 2538 2
4870 340 2
3147 3202 2
426 1111 2
4835 1075 2
1351 1548 2
3288 1790 2
2265 1859 2
1253 420 2
1950 3200 2
4584 578 2
3053 2185 2
552 1509 2
1123 4700 2
3249 3768 2
4732 2611 2
2959 3644 2
4255 647 2
1708 4108 2
1005 892 2
3711 4054 2
3325 4540 2
4741 2147 2
1678 240 2
1633 2912 2
406 265 2
3084 1713 2
102 2213 2
3476 716 2
2572 2230 2
3064 620 2
3564 2469 2
2900 3674 2
2794 1140 2
4167 1106 2
3492 2949 2
3718 1453 2
3796 2736 2
360 4982 2
1809 2777 2
2227 4957 2
4074 3232 2
4392 701 2
3479 63 2
2718 824 2
4549 3088 2
1356 501 2
1233 3314 2
591 4144 2
1374 1776 2
3720 287 2
4923 1787 2
515 4811 2
4551 3599 2
599 658 2
3024 545 2
3475 951 2
2684 441 2
3033 1290 2
4737 4078 2
826 1198 2
4327 1328 2
1680 2715 2
2769 3122 2
2523 938 2
1258 2740 2
263 4052 2
2842 204 2
4041 2335 2
1977 4179 2
981 1816 2
1897 791 2
42 4335 2
1204 2175 2
825 1404 2
3118 2920 2
2393 2529 2
2442 3545 2
2555 4572 2
1450 4921 2
1694 3705 2
2852 3561 2
1152 3908 2
3926 3545 2
3203 3761 2
4860 3923 2
182 2443 2
4493 3300 2
3847 853 2
671 4762 2
1549 889 2
3358 790 2
2551 659 2
1169 3041 2
2096 3299 2
4249 1221 2
2432 1798 2
1648 2938 2
4981 4088 2
196 1913 2
3312 4080 2
3423 4084 2
4476 333 2
1893 4127 2
662 4514 2
3588 4955 2
2373 4758 2
2542 3235 2
2328 1272 2
1321 814 2
511 643 2
1987 601 2
4067 3133 2
4788 3093 2
4399 1227 2
4093 3087 2
412 3117 2
4093 1881 2
1638 4877 2
4826 3956 2
1628 451 2
2518 3133 2
47 4421 2
3572 2589 2
3017 1424 2
1818 2761 2
5000 2296 2
4109 1639 2
2249 3810 2
834 4387 2
4090 3808 2
1209 1511 2
12 1293 2
3742 25 2
2526 1131 2
2674 1434 2
551 4285 2
313 58 2
4888 56 2
169 3345 2
2034 3307 2
2807 2211 2
4376 597 2
4009 3738 2
3739 2280 2
197 3396 2
1757 4804 2
1058 2945 2
4408 2761 2
3872 1378 2
4815 4926 2
2547 3882 2
2156 1728 2
1564 1981 2
3325 4611 2
4430 879 2
1569 2777 2
2928 463 2
304 2596 2
758 2973 2
270 3955 2
4424 438 2
3341 1162 2
798 2109 2
883 3256 2
4759 1156 2
403 4169 2
2679 1070 2
3506 319 2
54 4436 2
845 1440 2
889 2195 2
1509 3866 2
255 4771 2
2943 930 2
202 2068 2
4206 3739 2
582 624 2
119 1024 2
4408 4536 2
1933 3719 2
2785 3136 2
4726 340 2
2305 705 2
3851 2091 2
1090 4037 2
1295 3301 2
1269 4839 2
1659 3169 2
211 2860 2
450 2789 2
4120 4152 2
2266 201 2
4301 122 2
1321 2763 2
4306 3514 2
2466 192 2
4263 795 2
1068 235 2
3007 3279 2
1714 667 2
799 1630 2
2111 283 2
3036 4068 2
2573 4345 2
3435 63 2
4474 4852 2
2640 411 2
708 2758 2
3431 2485 2
710 1411 2
1688 286 2
1928 1122 2
4305 4583 2
471 4892 2
1236 708 2
3965 3604 2
4639 947 2
4194 3515 2
4643 2558 2
2980 440 2
926 1108 2
1424 905 2
4577 3914 2
1677 111 2
4354 3709 2
422 4210 2
4906 3489 2
1877 4697 2
4546 2760 2
3380 1426 2
2028 1680 2
4161 3545 2
3988 1157 2
498 1020 2
4295 3778 2
110 2675 2
502 3904 2
17 3948 2
2853 56 2
969 3456 2
3837 2755 2
4298 734 2
3423 2603 2
1228 3423 2
122 2132 2
2649 1716 2
860 3053 2
844 2690 2
865 1293 2
3945 4834 2
1019 1393 2
4376 834 2
42 247 2
3078 1060 2
1870 1433 2
3071 1966 2
4516 3058 2
3750 837 2
2363 2887 2
2444 1205 2
3660 2094 2
197 3508 2
3844 3693 2
2339 2522 2
3596 1720 2
649 1920 2
3549 1862 2
1256 2310 2
4774 1899 2
4723 3703 2
3661 4285 2
3222 4394 2
2915 1437 2
4490 2748 2
595 1231 2
4258 2273 2
4804 2581 2
2983 2595 2
3775 2211 2
634 4827 2
703 3019 2
2197 3618 2
1512 125 2
4400 1626 2
2725 3176 2
3844 1344 2
4309 1427 2
1212 4350 2
3566 532 2
2348 4131 2
993 1918 2
1763 2542 2
2965 3901 2
693 1390 2
1522 2133 2
1130 3925 2
1818 3437 2
1743 1869 2
1632 4916 2
4823 495 2
2499 159 2
2893 3388 2
2718 380 2
2793 2848 2
35 2653 2
2728 2264 2
2663 964 2
3538 3506 2
4181 2675 2
2791 2817 2
1657 4281 2
3452 2558 2
4991 230 2
1461 221 2
3594 2058 2
1796 1424 2
4202 1460 2
99 2216 2
1443 2980 2
258 3463 2
2790 3808 2
1896 2683 2
4134 1311 2
2369 3125 2
869 4331 2
157 2660 2
4612 2366 2
387 3606 2
1746 2094 2
4153 3179 2
1055 3642 2
602 1845 2
4823 4939 2
1119 4246 2
3544 4394 2
4754 3431 2
3197 1676 2
868 461 2
4388 836 2
3144 2571 2
2012 433 2
225 2307 2
134 590 2
2972 2649 2
4363 436 2
3668 3740 2
1190 4211 2
2389 2653 2
4031 2277 2
2361 4767 2
1271 3433 2
2544 4237 2
310 4148 2
3097 3775 2
2829 4151 2
902 4409 2
3838 1853 2
4510 3342 2
1582 4332 2
4378 3219 2
2250 186 2
1684 4062 2
1329 4374 2
3486 4635 2
3710 1384 2
1158 3298 2
1144 602 2
2510 4781 2
3584 1424 2
2667 4980 2
3744 112 2
750 2895 2
1073 1459 2
3125 390 2
3293 2934 2
4292 4751 2
944 4560 2
2503 127 2
4823 75 2
768 2107 2
3324 499 2
1997 1415 2
1956 1300 2
1944 28 2
3747 1787 2
2723 765 2
525 1346 2
4631 4827 2
2196 1088 2
452 3060 2
3789 672 2
85 2835 2
3029 872 2
2575 1107 2
2077 3487 2
4364 4166 2
1555 1644 2
4403 4526 2
4483 3974 2
3194 2016 2
3167 1272 2
2329 4978 2
218 4563 2
2623 3917 2
1892 4848 2
4050 1064 2
1913 4882 2
3315 4257 2
410 1652 2
4344 1948 2
299 2929 2
4518 4217 2
2214 2034 2
4877 1564 2
587 322 2
2503 2056 2
4561 2092 2
1639 2718 2
1282 4784 2
2037 518 2
3510 1831 2
700 1689 2
3666 3284 2
251 2044 2
4085 4982 2
3846 1644 2
3046 4562 2
914 1687 2
4423 2810 2
2276 2702 2
1302 444 2
1083 850 2
1346 71 2
2685 3002 2
2621 1202 2
234 2943 2
2357 877 2
770 4151 2
2844 1100 2
2590 4564 2
2400 1359 2
3978 1394 2
1261 658 2
535 1777 2
4918 686 2
1123 3278 2
3416 1410 2
2477 1754 2
2617 1033 2
4116 4657 2
3282 2529 2
2686 1597 2
2267 986 2
4641 2730 2
1069 2441 2
4696 4085 2
305 156 2
1886 3148 2
4815 411 2
4185 499 2
3367 1894 2
2830 3207 2
1826 2990 2
3978 3843 2
4931 633 2
4965 2450 2
857 2797 2
2881 572 2
3048 1684 2
3600 586 2
1340 228 2
3994 1959 2
3019 97 2
2782 882 2
897 4746 2
1768 1738 2
4099 2184 2
111 4420 2
3536 3034 2
3695 3506 2
1775 4693 2
4510 826 2
392 137 2
3007 4840 2
3214 3626 2
2050 2145 2
3399 2906 2
4239 3618 2
1285 3693 2
3563 961 2
1469 206 2
2797 2330 2
4985 158 2
3788 2913 2
1054 2547 2
3631 4725 2
3075 1559 2
791 2696 2
1014 101 2
3530 572 2
895 4291 2
1662 68 2
3536 90 2
4966 4423 2
1443 977 2
457 1120 2
4368 3631 2
2603 422 2
1110 1164 2
2099 2373 2
905 2612 2
3328 3503 2
117 1378 2
4975 3239 2
1399 716 2
800 447 2
282 2629 2
1275 4364 2
3371 1373 2
2030 1207 2
1030 2660 2
3446 3871 2
1551 3123 2
1859 805 2
59 3046 2
4370 1346 2
3859 4560 2
760 2675 2
4146 653 2
1920 115 2
4911 686 2
676 4391 2
3169 363 2
4473 2215 2
3140 3618 2
2923 121 2
3560 4977 2
618 2746 2
3329 480 2
4139 174 2
3955 3990 2
2923 3182 2
4907 2965 2
1475 231 2
426 981 2
3711 915 2
4280 3278 2
3215 136 2
3925 3296 2
788 2271 2
2518 3869 2
4640 515 2
3154 174 2
4596 3257 2
2585 2344 2
3571 754 2
4711 3573 2
738 726 2
130 1957 2
4045 161 2
2888 39 2
4204 2965 2
129 2080 2
4925 4128 2
4562 4864 2
303 4305 2
1260 1069 2
2855 4426 2
2817 3921 2
4118 1851 2
2283 3607 2
1098 2516 2
4970 4426 2
3282 1367 2
2034 1098 2
863 708 2
1872 2975 2
3202 658 2
1835 2203 2
453 1442 2
1161 2167 2
4538 4133 2
1418 525 2
1419 2815 2
57 4207 2
4420 2859 2
510 974 2
3755 2137 2
2078 3884 2
3483 4112 2
4204 4483 2
4673 1333 2
3821 4751 2
1379 728 2
1247 2072 2
593 1707 2
3021 638 2
2527 4809 2
1429 4581 2
4184 851 2
3129 4856 2
4002 3788 2
4089 3113 2
765 284 2
2987 3972 2
1871 1024 2
228 3291 2
1284 213 2
3072 1441 2
1455 936 2
691 2082 2
2714 2275 2
4873 3114 2
738 1395 2
650 2124 2
1285 452 2
1506 931 2
3967 1544 2
1168 201 2
3180 904 2
2369 2188 2
2066 290 2
4256 1066 2
632 3731 2
4350 3260 2
3626 102 2
35 237 2
1805 2451 2
4407 530 2
4315 4989 2
4091 4505 2
1662 3793 2
1595 2733 2
919 4772 2
2424 3781 2
4950 1390 2
2182 3872 2
107 3910 2
2209 4950 2
4044 875 2
4791 4044 2
959 2271 2
1757 1333 2
912 4080 2
3007 1560 2
1895 3746 2
3378 752 2
2659 3705 2
2834 2348 2
66 4550 2
3963 2236 2
2196 3598 2
3343 3671 2
2388 3841 2
89 429 2
4354 1405 2
4917 4844 2
991 706 2
2078 3816 2
4961 553 2
1379 1375 2
2170 3188 2
2954 2405 2
3431 2969 2
1264 714 2
1979 3060 2
847 2836 2
436 1478 2
4998 4700 2
3680 4104 2
3420 932 2
2522 1300 2
3085 2880 2
676 265 2
485 3903 2
798 3271 2
4912 4648 2
4037 40 2
4221 1812 2
4180 2985 2
2597 1204 2
1415 4783 2
3334 1517 2
1116 4269 2
699 2127 2
2735 3101 2
1783 3954 2
4036 1972 2
3581 393 2
3688 2335 2
3627 3409 2
69 1430 2
2337 4877 2
4692 2401 2
1958 1287 2
268 2117 2
1898 3859 2
4757 2825 2
3418 413 2
3454 657 2
1660 3244 2
3832 2432 2
495 3127 2
4312 844 2
2169 1728 2
1000 4958 2
4162 4668 2
3272 2654 2
3215 1039 2
2417 4552 2
2975 3886 2
3248 2926 2
233 2905 2
253 134 2
1724 526 2
370 1221 2
4161 258 2
3768 1059 2
2965 3 2
132 75 2
2664 3363 2
1080 4727 2
4808 1912 2
158 1385 2
124 856 2
45 1122 2
897 1483 2
1244 4102 2
3117 518 2
2245 1399 2
3298 3477 2
4193 1628 2
3661 4120 2
3131 1515 2
56 1939 2
3699 567 2
4591 4104 2
4640 3746 2
4051 2077 2
414 719 2
2750 4110 2
1184 1593 2
1485 926 2
1383 227 2
303 513 2
3104 4528 2
1393 1477 2
2188 484 2
1597 3248 2
3543 2170 2
1418 2351 2
2384 4709 2
361 4385 2
412 1013 2
1677 3752 2
3226 4329 2
3756 4325 2
4543 3543 2
433 3833 2
2987 920 2
256 4799 2
4637 1842 2
4750 1733 2
2815 1813 2
4620 264 2
4554 1483 2
2856 2668 2
2694 4 2
3282 983 2
216 1417 2
2667 1102 2
3405 2007 2
1253 2988 2
3295 3336 2
2956 2704 2
1405 1700 2
2241 1709 2
1858 1832 2
3665 4667 2
3035 450 2
3576 2322 2
3957 2538 2
2636 4468 2
4354 640 2
3406 1330 2
1924 3655 2
2677 2820 2
3876 1700 2
3007 2651 2
4123 4201 2
4482 1239 2
1113 2119 2
3768 3330 2
2496 2643 2
490 2198 2
3223 2272 2
580 4455 2
1423 4132 2
2208 4890 2
288 50 2
2256 3233 2
406 943 2
4134 2108 2
818 2814 2
2012 820 2
3314 2955 2
490 585 2
4991 3229 2
471 3719 2
1783 4413 2
2276 1949 2
4835 1968 2
299 2235 2
1672 4139 2
590 2998 2
3193 2191 2
3460 2215 2
3360 499 2
927 2229 2
4943 464 2
2701 383 2
3082 4791 2
56 3710 2
2212 842 2
879 3981 2
2104 2996 2
1717 4534 2
4715 4837 2
1365 4312 2
3232 1084 2
2514 741 2
3985 4511 2
358 4874 2
2768 993 2
3854 2260 2
1539 4808 2
1858 3195 2
947 2065 2
417 1901 2
4534 4739 2
2087 4228 2
3521 4902 2
3409 3012 2
1725 2675 2
4281 1237 2
356 1063 2
1122 639 2
3697 2464 2
4064 4017 2
1987 4900 2
736 1162 2
957 4641 2
3345 1768 2
4197 3721 2
3319 2455 2
1444 3562 2
3706 2519 2
1292 1275 2
776 527 2
2750 4954 2
4880 517 2
4 343 2
1052 450 2
3137 906 2
1068 4117 2
1340 2530 2
2529 2282 2
3251 4335 2
523 1856 2
1121 430 2
639 3410 2
1095 3549 2
4727 3218 2
3763 4940 2
4724 2477 2
71 1317 2
4055 1024 2
277 3073 2
4964 1202 2
2730 1413 2
4453 941 2
3726 4903 2
93 1418 2
423 2245 2
183 890 2
4812 2 2
3179 1633 2
1561 4730 2
3695 2565 2
2685 3853 2
4479 1744 2
3650 1397 2
2325 893 2
2709 3058 2
3267 3079 2
4707 4459 2
4257 4985 2
4624 3846 2
2678 1542 2
3262 1538 2
2967 1359 2
3236 671 2
4702 1027 2
3450 658 2
4822 4588 2
2395 3904 2
3325 3209 2
1583 3713 2
1332 347 2
28 2764 2
701 2102 2
4494 3247 2
689 3052 2
2298 2400 2
2294 548 2
4610 687 2
3398 2877 2
2655 2096 2
4368 2646 2
587 2448 2
2832 2514 2
2747 173 2
906 4550 2
4740 3120 2
789 1088 2
4480 4082 2
4617 1741 2
3379 1348 2
1148 508 2
4586 233 2
2030 1822 2
2597 3493 2
114 3149 2
1969 4567 2
1681 4952 2
1180 375 2
789 434 2
3649 2975 2
1595 3573 2
1677 490 2
106 4427 2
3669 3285 2
4519 231 2
2687 4952 2
1311 3381 2
4197 1979 2
2778 3994 2
261 4774 2
1708 2375 2
1086 2959 2
243 4088 2
3255 2279 2
4771 1973 2
1231 3179 2
3283 3396 2
4381 2589 2
1810 1550 2
3031 1488 2
1366 3491 2
4110 4929 2
1503 1529 2
1158 20 2
1713 4793 2
4751 2894 2
3058 2247 2
1943 820 2
558 3536 2
3774 2661 2
1023 443 2
2252 711 2
2028 2736 2
4114 90 2
4153 1399 2
3355 3126 2
2305 33 2
3461 2808 2
2623 406 2
1659 4596 2
3851 2960 2
2538 4443 2
2677 838 2
1570 3813 2
4259 3997 2
818 1944 2
2082 1872 2
4370 4490 2
3913 4004 2
4281 1669 2
251 17 2
3849 3220 2
3005 3872 2
604 360 2
4798 4134 2
612 4734 2
471 3740 2
2653 60 2
3222 2160 2
2814 1664 2
3937 4756 2
4610 912 2
4016 2260 2
698 4917 2
1241 4568 2
923 1960 2
4631 52 2
1890 1334 2
4415 2975 2
1020 3409 2
1522 686 2
343 585 2
4543 949 2
1173 3690 2
4348 4093 2
3467 3734 2
2267 3385 2
1813 862 2
1679 1870 2
1827 3807 2
4655 3630 2
1352 4907 2
1448 2782 2
3472 3607 2
3175 2737 2
90 2645 2
4042 4039 2
1196 188 2
1430 4263 2
286 367 2
3851 783 2
2142 2788 2
2391 3283 2
1245 3429 2
1440 307 2
4788 1301 2
2088 4732 2
3531 1551 2
2446 1722 2
4399 1529 2
2828 2906 2
1003 922 2
173 1438 2
4933 1971 2
1248 4849 2
1309 985 2
788 2040 2
4563 4620 2
2208 3091 2
266 1509 2
4508 4941 2
4616 2440 2
3654 4367 2
2176 352 2
2689 2214 2
3384 1691 2
893 503 2
433 4831 2
4145 4947 2
2170 4932 2
3648 231 2
956 1017 2
1899 2021 2
15 87 2
548 2507 2
4110 742 2
1257 4203 2
768 2796 2
3365 2853 2
4063 2129 2
3652 289 2
2806 4887 2
4996 1940 2
294 1323 2
2918 1233 2
2246 3639 2
1327 2319 2
172 492 2
97 1007 2
4490 2542 2
1285 3094 2
1349 1438 2
4192 521 2
2353 653 2
242 4755 2
4349 750 2
1049 3094 2
4992 3204 2
978 2487 2
4451 2462 2
3312 4074 2
4033 3385 2
2948 669 2
3115 123 2
3613 1032 2
2222 1872 2
583 3811 2
159 1199 2
2019 2220 2
2195 3722 2
4414 497 2
810 1881 2
3879 4019 2
4578 2851 2
2186 555 2
3438 1517 2
3618 309 2
1772 2537 2
171 4668 2
3856 1526 2
1387 3596 2
4056 846 2
3990 1716 2
4105 4578 2
806 431 2
1158 1293 2
4078 4243 2
766 3204 2
4224 443 2
925 2295 2
4969 1432 2
31 539 2
1959 1967 2
2936 1972 2
4140 1739 2
425 2838 2
3104 2029 2
1308 177 2
1887 824 2
527 3336 2
1923 1388 2
173 1446 2
788 2130 2
3080 91 2
204 73 2
402 3157 2
446 592 2
4711 969 2
995 2246 2
1747 4192 2
4942 3868 2
1160 2398 2
2702 3348 2
1373 2041 2
847 1843 2
4007 2505 2
4827 3444 2
3794 3992 2
3909 2821 2
2213 1902 2
4160 78 2
1362 4534 2
1109 4350 2
612 4689 2
1661 671 2
1484 2467 2
233 578 2
3290 4208 2
4785 3884 2
4333 379 2
3772 3985 2
3827 3571 2
1751 2510 2
4106 3841 2
1379 3790 2
3845 3243 2
2551 1800 2
4836 3486 2
1077 3764 2
4025 4784 2
1411 3980 2
4010 4011 2
347 903 2
4002 4177 2
1126 3257 2
3575 2193 2
2490 4410 2
1641 1205 2
2619 4519 2
3986 4358 2
3274 3423 2
1551 3773 2
486 2929 2
264 4032 2
1415 4276 2
3038 4380 2
264 4103 2
4422 4868 2
550 3085 2
3921 1464 2
3550 2173 2
2281 488 2
2706 2195 2
3898 3412 2
4970 2029 2
2703 1993 2
4640 892 2
2200 4228 2
2285 782 2
4882 1367 2
2631 3703 2
828 4611 2
503 3417 2
4563 2670 2
895 4556 2
1314 3634 2
47 3540 2
1176 1102 2
473 1881 2
2837 224 2
2346 4102 2
2366 4926 2
2945 4665 2
2451 3489 2
3162 4186 2
2870 2275 2
667 2647 2
573 10 2
902 2061 2
3710 3972 2
1795 3794 2
4595 4853 2
3735 566 2
3800 330 2
3675 1274 2
3360 1815 2
4013 3042 2
1234 556 2
791 155 2
4110 4024 2
3067 2431 2
635 3344 2
4737 46 2
4168 4470 2
4069 3900 2
1706 4481 2
113 4325 2
1170 3698 2
4211 771 2
2660 727 2
342 4082 2
2766 1912 2
1634 2644 2
1295 2835 2
3605 948 2
3892 4106 2
4953 4890 2
1364 2665 2
2398 129 2
4289 2028 2
3368 366 2
2400 113 2
2224 1800 2
4284 3663 2
3069 3858 2
3191 3750 2
3695 1707 2
2768 3489 2
92 3128 2
4090 2337 2
3373 1587 2
112 2371 2
3201 1645 2
1913 648 2
3251 2891 2
1844 3381 2
3863 2814 2
4473 156 2
3178 587 2
2988 1946 2
860 2201 2
2264 2010 2
114 2519 2
3971 2479 2
345 210 2
14 1877 2
3947 4984 2
228 3425 2
3468 2642 2
2113 4840 2
4531 1484 2
475 4250 2
4348 3406 2
3326 4798 2
2795 4421 2
4839 786 2
2121 3327 2
1850 3951 2
3346 1202 2
4208 2191 2
318 2383 2
753 4119 2
4910 4353 2
2667 1572 2
4748 2206 2
1291 592 2
2184 4635 2
612 1691 2
1602 2912 2
1325 959 2
3199 3220 2
13 1834 2
2935 3620 2
3366 1872 2
680 2966 2
2096 2178 2
1236 2546 2
1592 4752 2
32 3541 2
3557 2697 2
2461 1178 2
1990 1234 2
4501 3488 2
4043 1738 2
1026 4646 2
349 4546 2
3878 4025 2
3 1930 2
4789 112 2
4803 2252 2
2000 450 2
4764 1192 2
2622 1604 2
2094 3140 2
3761 3858 2
316 136 2
1515 4052 2
220 1925 2
2120 4288 2
789 3982 2
1205 3804 2
4960 1674 2
67 1537 2
3331 755 2
2301 2885 2
3909 3315 2
2072 2352 2
1776 3149 2
1646 2127 2
4379 2594 2
2329 3957 2
3919 4450 2
4767 130 2
87 2960 2
159 4624 2
4761 860 2
760 3958 2
201 1718 2
4490 3673 2
2960 3021 2
471 816 2
1943 1801 2
4832 4102 2
2255 2330 2
447 2732 2
3514 195 2
3344 4439 2
3435 2178 2
4960 536 2
3906 4362 2
2463 4661 2
710 379 2
261 3460 2
2202 2831 2
1016 2113 2
2764 857 2
4801 4066 2
884 3977 2
3612 4870 2
2172 2297 2
4278 1114 2
2689 4472 2
1783 2311 2
394 2542 2
1429 1788 2
3481 3078 2
3580 2960 2
3803 359 2
3231 770 2
4950 2454 2
3848 3965 2
1039 3511 2
3047 663 2
3224 2436 2
2662 4925 2
1097 1599 2
1594 2178 2
861 664 2
85 333 2
1799 1002 2
1267 1160 2
1883 3093 2
1539 1472 2
2294 1085 2
4342 1036 2
4585 1303 2
1593 3114 2
1677 242 2
1685 2736 2
457 3986 2
3310 4862 2
4504 3826 2
2528 2782 2
4895 3957 2
1795 647 2
836 2959 2
2035 4707 2
399 1767 2
591 2328 2
4123 1421 2
3231 1540 2
3399 1488 2
2609 1948 2
4322 1912 2
1265 579 2
4713 825 2
3224 2717 2
13 431 2
1469 1480 2
1966 3542 2
880 2097 2
63 4745 2
2166 4300 2
4376 3292 2
4688 4481 2
4187 3702 2
4756 1658 2
555 4416 2
2273 3777 2
2528 1760 2
1096 4083 2
1232 4910 2
4543 522 2
4994 3935 2
364 1136 2
2954 15 2
391 1386 2
2776 2362 2
4300 359 2
2045 3678 2
3193 1895 2
2041 1832 2
1716 2693 2
4327 1915 2
4827 335 2
2863 2474 2
2350 408 2
2418 4522 2
2881 384 2
2074 802 2
2643 2160 2
1007 4668 2
1951 3994 2
2181 1248 2
1168 3773 2
2305 1618 2
1216 3341 2
4622 4408 2
2892 3996 2
4705 4840 2
4219 3146 2
3859 3863 2
3068 2955 2
3960 4299 2
4678 2392 2
689 4945 2
1458 1442 2
370 274 2
755 1679 2
3285 1424 2
440 1385 2
2073 4905 2
1643 4161 2
1696 1883 2
3383 3286 2
1183 3923 2
2075 3919 2
779 1478 2
4673 2822 2
1316 2718 2
3236 102 2
3567 4649 2
4618 1902 2
4749 4371 2
3451 4180 2
4754 3013 2
4061 4263 2
4216 4714 2
4082 1437 2
651 3143 2
2505 1542 2
3805 1704 2
4361 3049 2
3232 1960 2
2751 3834 2
4577 2312 2
4788 462 2
2696 532 2
2533 421 2
3898 2086 2
1192 4327 2
2847 4673 2
3323 1655 2
3878 2929 2
3530 3394 2
3181 4493 2
1926 2970 2
1363 3485 2
446 2878 2
1979 4436 2
353 4577 2
4363 1275 2
892 1846 2
4400 4106 2
4480 4154 2
402 4214 2
4798 4847 2
987 2743 2
4229 2543 2
2876 4976 2
1097 3877 2
1126 3034 2
3941 1884 2
1574 3154 2
547 2158 2
2377 4612 2
547 280 2
2368 3357 2
4208 1300 2
3822 3169 2
1683 2901 2
987 1888 2
3706 504 2
442 4834 2
3314 4859 2
3047 4692 2
3994 4775 2
282 2608 2
1361 1870 2
2051 2207 2
2136 2273 2
3535 3771 2
856 2763 2
2457 2521 2
606 2903 2
2781 4875 2
1876 1049 2
1164 4606 2
2898 1185 2
791 2170 2
400 3078 2
4029 84 2
866 2698 2
2068 1335 2
4472 3541 2
3658 4793 2
8 507 2
4941 3540 2
3281 4185 2
3364 4129 2
459 2227 2
2634 3122 2
1781 1221 2
3330 2126 2
1638 3069 2
2977 3486 2
2767 3087 2
612 3123 2
2124 611 2
3807 2474 2
1539 4933 2
3489 1846 2
3847 4265 2
2073 2573 2
659 4230 2
2738 423 2
4908 3482 2
2656 77 2
720 4691 2
658 4176 2
374 3095 2
3921 436 2
3833 4525 2
1937 4557 2
513 2400 2
201 2049 2
4272 2336 2
4200 1024 2
299 3978 2
3671 823 2
3471 897 2
3948 1547 2
3934 3036 2
205 2058 2
3006 1635 2
848 119 2
3225 4152 2
3490 2407 2
1649 4910 2
3879 3298 2
2716 3129 2
1095 2640 2
1899 2020 2
1704 4137 2
4157 832 2
2451 3938 2
1864 96 2
4023 4876 2
2193 920 2
3128 248 2
4230 154 2
4524 1819 2
4065 2044 2
4574 2813 2
1179 3741 2
94 321 2
2466 3118 2
3402 1443 2
1766 1781 2
3116 2182 2
4514 1907 2
2458 469 2
2597 4816 2
351 4645 2
862 1192 2
353 621 2
4175 4758 2
1244 4335 2
1950 875 2
1516 1374 2
1536 2877 2
1331 2845 2
200 2391 2
4156 3944 2
2099 2222 2
409 4797 2
4175 4893 2
1122 4795 2
2266 346 2
3183 3714 2
4451 3847 2
4160 4364 2
2132 264 2
4473 4844 2
902 3810 2
984 4627 2
462 820 2
4414 1215 2
1940 1751 2
1666 2120 2
2003 910 2
4450 4356 2
3654 3116 2
4114 171 2
4418 3326 2
3897 1012 2
2600 1028 2
1591 3586 2
1782 4896 2
3097 3688 2
426 2029 2
4938 2097 2
1570 2354 2
1024 4749 2
2117 4959 2
2606 4466 2
3163 3432 2
1453 1912 2
878 2306 2
4953 1647 2
4400 1277 2
644 3638 2
3148 2275 2
1440 2306 2
1026 2813 2
2657 4525 2
4106 3882 2
1402 318 2
412 91 2
4791 2940 2
326 1845 2
667 3821 2
2193 4094 2
2468 4082 2
277 3461 2
4994 1548 2
725 1748 2
228 4365 2
868 2886 2
2175 4601 2
914 729 2
3536 1992 2
1671 1202 2
3746 2115 2
4783 2771 2
1506 4275 2
1200 3340 2
2209 517 2
797 672 2
3624 3011 2
2479 141 2
4186 3421 2
943 1330 2
4318 155 2
4979 4289 2
427 2662 2
2530 472 2
4923 1722 2
4926 3976 2
2800 3499 2
323 3283 2
2900 881 2
39 2738 2
549 1237 2
1876 2779 2
1633 3849 2
2797 2411 2
3621 2147 2
1978 4888 2
4231 2432 2
1127 3767 2
1993 740 2
1343 3702 2
350 12 2
1308 48 2
3599 853 2
2488 1398 2
2326 3523 2
2499 596 2
767 2183 2
2550 3423 2
1165 2508 2
774 2281 2
4835 928 2
1696 1781 2
4927 2425 2
4245 1141 2
3687 1828 2
4548 1432 2
1851 4166 2
1716 1692 2
2846 2629 2
190 4799 2
4459 3505 2
300 1876 2
3843 2124 2
4521 4238 2
3130 300 2
2146 389 2
4674 2358 2
1496 1565 2
7 2224 2
3067 4872 2
3417 3590 2
559 139 2
121 4228 2
1620 925 2
2085 3943 2
381 1043 2
1625 595 2
891 2883 2
1924 4329 2
1332 40 2
86 2985 2
854 3669 2
2501 4184 2
3717 3745 2
1296 268 2
2011 4150 2
291 591 2
2436 3854 2
4555 4845 2
3386 2513 2
4288 2937 2
3260 2613 2
1224 1989 2
3156 2195 2
2870 288 2
4940 4644 2
124 1848 2
3511 837 2
2508 3549 2
1615 4406 2
360 751 2
4510 4375 2
3312 4390 2
1961 2808 2
237 1753 2
426 4346 2
2850 3575 2
3945 4654 2
4113 2834 2
537 4710 2
190 2613 2
1626 4519 2
1985 2492 2
1566 4081 2
3866 425 2
194 3230 2
2709 2011 2
4450 1089 2
1650 3463 2
1455 492 2
3000 333 2
3603 2865 2
1800 2328 2
1200 1096 2
4337 4613 2
1154 2080 2
2134 2555 2
4219 1116 2
4927 1839 2
2632 73 2
1400 4047 2
1085 4349 2
3779 4060 2
3296 3781 2
567 577 2
783 239 2
122 609 2
2463 1038 2
743 3956 2
2989 4978 2
446 3659 2
42 3636 2
2989 1150 2
245 3387 2
2380 2079 2
2028 443 2
27 4532 2
2604 3 2
602 4539 2
284 243 2
1971 3878 2
380 634 2
4341 3090 2
3005 4592 2
3964 1037 2
3547 1841 2
1695 226 2
4538 2961 2
81 3763 2
3094 2931 2
3834 1922 2
4472 3945 2
4826 4925 2
4083 1011 2
1585 3481 2
4359 3627 2
1048 3106 2
1100 1622 2
2383 1881 2
4688 1996 2
114 2060 2
4035 4621 2
4284 3447 2
3934 2866 2
2641 1134 2
3073 638 2
4059 45 2
3056 3230 2
472 3873 2
1044 4169 2
1879 4715 2
334 2235 2
4006 17 2
3387 387 2
2735 4466 2
2820 2220 2
2893 916 2
2405 845 2
343 2548 2
914 4592 2
2346 1341 2
4765 4453 2
2810 834 2
2002 1962 2
1924 390 2
2996 322 2
3158 2892 2
2122 1415 2
314 1166 2
3061 1353 2
3596 3234 2
869 1709 2
2592 129 2
104 4340 2
3904 332 2
4093 1566 2
4030 2471 2
4563 4040 2
1208 1166 2
2101 869 2
561 2548 2
1416 4184 2
4064 3774 2
3979 3179 2
1775 3020 2
4246 3247 2
4040 1522 2
1745 4267 2
642 615 2
3820 4937 2
2261 706 2
1996 1254 2
4746 4573 2
4229 4816 2
2573 4038 2
671 4086 2
3568 3730 2
3143 4886 2
3523 539 2
3601 2858 2
1728 1947 2
2684 4865 2
1394 1589 2
2058 1159 2
401 9 2
3814 4256 2
1277 3551 2
4502 3010 2
1455 3877 2
2368 144 2
2222 3741 2
2454 3532 2
3339 2929 2
3315 2124 2
4238 54 2
464 3130 2
3115 1087 2
959 1891 2
1138 242 2
209 2016 2
1297 2196 2
4593 1106 2
3763 92 2
547 4319 2
1447 3442 2
1358 1877 2
2212 3866 2
4056 3652 2
1111 1499 2
147 4118 2
158 4060 2
1820 3024 2
4969 2099 2
2588 2699 2
193 3097 2
4669 4921 2
2562 3543 2
3593 2596 2
3786 2679 2
1124 435 2
3765 2041 2
1009 3289 2
3077 1214 2
4795 4089 2
3138 1120 2
662 2964 2
4821 29 2
1802 3412 2
3736 2823 2
4759 2069 2
3561 2055 2
2870 319 2
3918 263 2
4491 659 2
2999 863 2
4595 930 2
3307 3386 2
809 3865 2
3211 2650 2
1548 1738 2
1382 850 2
4108 2280 2
4164 2274 2
4727 1578 2
1243 403 2
3151 1022 2
1250 97 2
2307 284 2
2376 1854 2
2311 694 2
3097 361 2
2275 481 2
4506 1960 2
4718 4765 2
93 2267 2
2526 2084 2
4420 4085 2
2757 1601 2
4742 2267 2
1087 884 2
3220 3707 2
2522 2393 2
2386 3527 2
2488 4403 2
2403 1657 2
820 2892 2
4275 1647 2
3292 2629 2
538 1778 2
2692 2884 2
2504 1726 2
106 4596 2
2283 2050 2
2133 3680 2
840 1507 2
4180 1816 2
4275 2580 2
3932 354 2
3359 4423 2
3030 351 2
2984 2213 2
1390 2527 2
1813 330 2
3789 1617 2
4543 389 2
3868 1130 2
108 1649 2
1404 3127 2
1632 4844 2
1054 2796 2
4848 2107 2
2120 2106 2
89 510 2
3093 1839 2
3069 4018 2
579 1619 2
1898 175 2
3756 2859 2
2312 1539 2
3582 3735 2
3462 2899 2
1841 867 2
859 778 2
683 1829 2
4202 2762 2
4465 4015 2
1285 2041 2
3374 4794 2
2952 4455 2
2204 3524 2
2364 1205 2
3780 3006 2
1455 2123 2
491 3322 2
3583 1812 2
776 4757 2
4092 581 2
2747 3982 2
3158 4132 2
3612 4253 2
3897 1548 2
2582 2017 2
197 522 2
2249 2891 2
441 1266 2
3050 2999 2
1628 1263 2
3777 1432 2
2673 2879 2
2414 3994 2
4315 4513 2
4934 1816 2
4247 4515 2
650 3680 2
1730 645 2
3505 3790 2
304 3052 2
4471 698 2
2446 139 2
3150 3363 2
2635 3209 2
4485 1722 2
2273 421 2
2731 2907 2
1678 1565 2
3458 3941 2
712 3209 2
102 1141 2
1751 1007 2
3823 4225 2
393 5000 2
2954 2448 2
128 1392 2
130 4382 2
2652 4717 2
381 2556 2
801 1637 2
4314 4906 2
4565 395 2
3287 4999 2
4601 2569 2
2645 359 2
2339 1138 2
4897 2003 2
3661 565 2
3279 3132 2
3504 1006 2
1570 1334 2
380 4299 2
2937 3034 2
16 2355 2
1933 3324 2
324 1097 2
2450 4866 2
462 1561 2
3768 3171 2
4045 3940 2
1410 4685 2
3724 3889 2
2265 917 2
1151 3614 2
78 3191 2
1714 891 2
4466 4189 2
53 61 2
456 2028 2
2211 983 2
2242 754 2
2586 1482 2
2151 725 2
535 183 2
1123 590 2
3592 2221 2
3009 3195 2
13 2845 2
3747 4744 2
4196 155 2
3554 3585 2
2081 2137 2
1028 4896 2
3997 1418 2
3648 2276 2
1415 565 2
1618 1365 2
2739 3599 2
1943 2886 2
2563 1196 2
3867 4237 2
4336 4273 2
996 1449 2
717 4868 2
4376 1471 2
3114 3053 2
2086 862 2
1590 2974 2
1739 2457 2
2990 1289 2
4197 785 2
1197 1815 2
3379 1267 2
1469 4060 2
4214 1073 2
3676 1077 2
4091 4612 2
126 2576 2
3699 3525 2
2207 3310 2
1624 3742 2
2890 1423 2
2801 3931 2
1457 2030 2
2418 4866 2
2784 884 2
4798 4996 2
2067 1368 2
1502 4776 2
4869 4302 2
1047 1623 2
4720 4399 2
3193 824 2
3819 1528 2
2244 3734 2
4760 793 2
3572 4924 2
867 2352 2
4639 1796 2
2200 3957 2
2689 668 2
1514 2379 2
2216 1280 2
4693 911 2
4829 2252 2
2280 1758 2
2628 1599 2
3359 2449 2
3170 2211 2
1986 2814 2
2745 1947 2
2723 2149 2
4016 3024 2
342 206 2
4046 1966 2
3127 2670 2
4503 2313 2
126 241 2
379 2288 2
756 854 2
3651 1083 2
4665 1686 2
4357 460 2
2795 1733 2
2352 2989 2
2765 3597 2
1300 2717 2
2852 1096 2
2897 2853 2
325 2220 2
97 791 2
130 4234 2
592 1457 2
4078 618 2
837 2093 2
90 894 2
4154 116 2
3515 4395 2
1125 4824 2
1479 49 2
1975 4736 2
3213 4615 2
3137 4558 2
2315 1001 2
2885 4228 2
3107 3217 2
4583 4287 2
2366 2478 2
1103 108 2
4241 1409 2
1897 3040 2
1055 652 2
1579 380 2
3111 3166 2
4017 2170 2
1978 851 2
771 2788 2
3017 784 2
2818 2533 2
2236 1365 2
2888 3325 2
4247 1380 2
2785 1143 2
994 1929 2
482 3305 2
4611 2135 2
4173 4915 2
1140 403 2
4232 4532 2
4010 182 2
2129 3578 2
3775 3763 2
4030 1659 2
3147 3364 2
1672 1167 2
1731 4225 2
4817 3527 2
4247 2369 2
2911 1682 2
4168 351 2
1301 223 2
3376 3819 2
4767 304 2
342 2844 2
3463 2145 2
3066 2849 2
909 1385 2
4763 131 2
1497 706 2
2611 3044 2
4180 3221 2
4448 3291 2
4046 425 2
862 4133 2
4909 3529 2
233 16 2
5 3430 2
728 1232 2
1895 4348 2
4482 4062 2
2802 4578 2
2533 1965 2
804 3846 2
4556 3921 2
2020 3118 2
153 1648 2
4602 3288 2
461 2305 2
3052 4609 2
3900 4843 2
607 2492 2
1927 4854 2
2402 764 2
2966 2462 2
2032 2093 2
3012 1256 2
2170 1535 2
3343 33 2
4751 3578 2
4035 2839 2
4768 1686 2
1131 467 2
4133 3605 2
4041 4762 2
2886 4655 2
4370 4269 2
2015 1213 2
3525 4568 2
4638 2032 2
2965 3337 2
2911 1325 2
790 1020 2
225 1854 2
4205 4224 2
3682 1977 2
2145 2230 2
665 3886 2
2124 2963 2
3640 2258 2
192 2858 2
4607 2683 2
2663 2963 2
2147 1068 2
2607 3317 2
1371 2941 2
3069 925 2
2105 4374 2
789 1781 2
2864 486 2
1104 3978 2
218 4349 2
3884 3825 2
2379 4023 2
4638 3301 2
4552 2730 2
4584 2392 2
1569 2008 2
4981 4328 2
3673 27 2
431 4324 2
1667 2620 2
708 4159 2
2519 3271 2
612 1263 2
1421 185 2
1873 336 2
4602 1936 2
3510 2574 2
1632 718 2
4315 4187 2
3801 2517 2
1343 203 2
2621 968 2
1699 1810 2
3680 2832 2
339 4832 2
4047 4499 2
3969 3114 2
2360 3322 2
3822 3472 2
4665 910 2
1471 580 2
3665 447 2
526 309 2
4198 1011 2
1252 1641 2
2082 4231 2
1503 3105 2
1969 537 2
4761 1064 2
1501 3368 2
4541 3340 2
403 1001 2
301 3131 2
252 981 2
2970 530 2
2637 1112 2
876 3030 2
1967 1571 2
541 357 2
1614 413 2
4745 561 2
674 3860 2
3364 3864 2
42 3412 2
4196 1510 2
2316 837 2
3305 832 2
749 3349 2
2152 2224 2
4374 2360 2
3561 2283 2
4665 3902 2
4022 3882 2
3698 3567 2
4701 439 2
826 4513 2
2890 3004 2
430 3418 2
1273 3019 2
1606 4869 2
2709 1176 2
255 1077 2
968 2035 2
3195 803 2
3503 2045 2
3826 3172 2
3856 3787 2
2251 2939 2
2546 2346 2
1611 3427 2
2991 1228 2
941 2148 2
2105 2652 2
2623 902 2
2871 2177 2
2755 227 2
151 2213 2
2975 2158 2
4429 1435 2
2850 4100 2
3189 32 2
1506 3699 2
4608 4993 2
4102 2840 2
3390 338 2
991 4538 2
501 1162 2
3741 3381 2
1358 813 2
1690 81 2
4968 4335 2
620 161 2
2017 3781 2
3044 3831 2
3798 4626 2
2463 3585 2
884 1096 2
2422 7 2
3320 3599 2
224 304 2
782 2875 2
210 288 2
3223 3570 2
2698 3180 2
1995 3320 2
1618 2176 2
823 1750 2
1218 91 2
4891 1172 2
2771 1794 2
2837 987 2
318 4335 2
546 631 2
828 498 2
1663 4896 2
3794 2990 2
4665 4139 2
1231 4364 2
2500 447 2
3544 491 2
2234 460 2
4435 3583 2
1752 3178 2
2531 3591 2
3618 3052 2
3154 4041 2
2956 3708 2
2152 2836 2
3226 852 2
4411 4910 2
788 2885 2
4727 3980 2
319 1465 2
435 1902 2
2801 312 2
2545 87 2
1883 2895 2
1170 2665 2
188 1310 2
481 2038 2
1348 3239 2
3898 738 2
3270 3910 2
2737 3579 2
14 1337 2
2312 1004 2
4881 1900 2
458 3457 2
4878 1910 2
4002 3360 2
3493 4626 2
3387 2499 2
3325 494 2
3644 2203 2
882 3808 2
1539 2164 2
3262 2936 2
3241 1601 2
1909 2449 2
2969 1408 2
4734 2374 2
2401 4083 2
2026 2204 2
3866 837 2
3117 4194 2
1044 4424 2
82 3098 2
3003 166 2
364 3641 2
276 4581 2
1896 4323 2
3204 3844 2
312 3619 2
2976 2746 2
1746 2255 2
1253 902 2
4649 2965 2
4298 3720 2
1206 1301 2
4944 1030 2
4559 3412 2
811 987 2
2652 3811 2
2557 2883 2
3790 1484 2
353 1904 2
214 3221 2
906 4702 2
3994 3399 2
4459 3489 2
269 2216 2
3173 3744 2
1038 3520 2
1360 1628 2
3614 554 2
2832 2642 2
2236 3854 2
4943 4574 2
4855 2336 2
1429 1058 2
4287 638 2
2675 4670 2
2375 3818 2
4020 3836 2
707 1438 2
3224 4402 2
829 2895 2
2434 1068 2
3027 2901 2
306 374 2
1740 2251 2
2450 2890 2
4580 2392 2
1916 1386 2
1053 2959 2
2286 3184 2
2585 935 2
1885 1714 2
713 4443 2
2296 2749 2
3654 3263 2
2672 320 2
4948 4683 2
2441 618 2
4512 939 2
2668 291 2
1519 4577 2
1786 4735 2
2661 2019 2
3927 4546 2
3800 666 2
4157 1581 2
3561 1972 2
3165 4378 2
1601 283 2
4642 2566 2
3529 2573 2
2598 3390 2
4597 4062 2
4385 4404 2
1793 2829 2
282 2373 2
1092 2615 2
4686 757 2
4819 2588 2
4894 117 2
498 2485 2
2863 4414 2
4166 4213 2
2805 1837 2
2705 4904 2
3860 100 2
901 4285 2
2409 3206 2
1966 1038 2
529 3063 2
4913 4602 2
4167 3084 2
2813 1225 2
1631 673 2
4053 3596 2
3128 1506 2
3813 1283 2
3011 3231 2
4850 2272 2
472 3662 2
132 2561 2
4745 4979 2
3167 2789 2
1637 4186 2
3756 4283 2
2792 2544 2
3543 1508 2
3702 4962 2
4093 4128 2
3643 1250 2
1047 268 2
40 1116 2
3165 3878 2
434 3230 2
742 4563 2
2433 2180 2
4016 1979 2
883 774 2
3796 3105 2
2081 2452 2
2586 3096 2
1696 3131 2
595 2907 2
2189 1197 2
3547 1191 2
2432 558 2
2812 3901 2
2544 4625 2
3229 2113 2
698 1866 2
1217 3053 2
4567 4465 2
1032 1169 2
1391 4757 2
1182 3782 2
1916 4588 2
643 4820 2
4861 478 2
2775 4699 2
4729 1434 2
4417 1467 2
713 1235 2
835 2736 2
3114 4567 2
4875 4622 2
1610 2887 2
3884 2603 2
540 2584 2
2489 1015 2
2045 3672 2
3831 2630 2
3936 4125 2
266 1576 2
2040 597 2
4528 4665 2
2617 1766 2
3492 2793 2
1233 3018 2
3833 2081 2
4489 2762 2
3996 24 2
1419 4249 2
4858 1199 2
1091 1163 2
4926 753 2
1741 1502 2
1273 3875 2
1418 2663 2
2438 4448 2
2238 4494 2
1615 4367 2
1919 1422 2
4750 4046 2
4704 3874 2
1103 1148 2
4136 4308 2
803 4809 2
4077 4786 2
2730 4380 2
3850 3936 2
916 1852 2
327 3107 2
4937 1076 2
4526 1306 2
4642 3276 2
71 4790 2
3558 642 2
3519 2654 2
1373 3079 2
2902 1588 2
1014 4040 2
3360 2434 2
4077 676 2
2984 1013 2
3796 734 2
1565 4360 2
1146 2771 2
1379 2662 2
1840 2441 2
1328 4355 2
1806 2876 2
764 1920 2
1722 1948 2
2666 1691 2
2314 4748 2
1438 4432 2
2873 3026 2
4022 2841 2
968 2467 2
3886 3447 2
3070 1925 2
3834 2807 2
4919 1301 2
103 1922 2
3101 105 2
331 2911 2
3854 1372 2
2995 844 2
2602 72 2
4797 3638 2
2125 2754 2
2285 300 2
3942 2512 2
676 4495 2
1138 3130 2
3461 987 2
3271 2366 2
2872 2344 2
1757 3506 2
2733 898 2
4503 3712 2
4227 1246 2
190 3583 2
1940 2659 2
1761 1597 2
3818 3155 2
1148 1400 2
3735 580 2
3292 3748 2
2445 2117 2
3369 1664 2
1991 2717 2
3703 2476 2
4513 3975 2
3966 2536 2
3944 1588 2
1248 603 2
1652 926 2
133 4614 2
551 2659 2
1182 967 2
187 3248 2
511 2330 2
2501 642 2
1770 4653 2
2038 2655 2
596 3406 2
4036 3963 2
744 963 2
1235 2055 2
926 732 2
3175 3795 2
1524 1121 2
3413 2802 2
1446 979 2
4777 3507 2
1218 491 2
4685 4651 2
2208 510 2
3215 3931 2
257 2658 2
896 3719 2
1553 3475 2
2053 1535 2
3928 857 2
4236 3408 2
2249 1767 2
1674 616 2
1424 2865 2
4066 2087 2
1598 2524 2
940 3060 2
2858 4629 2
4933 2723 2
3357 4769 2
3832 3820 2
3368 2163 2
2196 4954 2
844 3021 2
2272 2468 2
1861 4361 2
580 4044 2
3941 2217 2
1430 4359 2
2395 453 2
951 33 2
1477 3313 2
1195 1343 2
4196 3177 2
2403 4723 2
4558 2879 2
4847 1510 2
199 2532 2
2186 3978 2
165 918 2
836 1298 2
2535 4809 2
168 1131 2
4682 2509 2
2575 3951 2
4168 3757 2
1982 2874 2
4653 2078 2
2150 3385 2
60 4587 2
404 4243 2
1678 2960 2
2090 486 2
2865 4014 2
3039 3811 2
214 4860 2
1593 401 2
1844 2367 2
2991 2018 2
729 2391 2
2990 1381 2
1726 2180 2
682 4458 2
76 1065 2
4696 1838 2
4439 1832 2
257 2786 2
1184 3583 2
4600 2017 2
2087 4089 2
494 3859 2
1563 475 2
2789 4797 2
1913 4432 2
3868 2639 2
4305 3679 2
3005 3470 2
1414 610 2
946 3009 2
1824 1781 2
2041 1333 2
2390 1437 2
4737 170 2
731 3361 2
4364 2311 2
4747 1076 2
3169 1132 2
3347 2674 2
2359 4998 2
3784 2193 2
3165 3129 2
841 4633 2
4817 1301 2
2880 3782 2
2113 3456 2
4294 3281 2
4544 4719 2
2257 953 2
3048 4003 2
2223 3493 2
1350 2238 2
1751 4314 2
2515 2001 2
4174 4628 2
3421 1980 2
3425 207 2
321 4291 2
4727 3007 2
4935 1800 2
4820 386 2
1320 892 2
4524 2801 2
3268 2732 2
3643 1631 2
4118 4245 2
898 2193 2
2903 3248 2
1311 2538 2
1372 4816 2
2309 902 2
1717 4584 2
2344 4169 2
1346 3557 2
78 2469 2
4734 3252 2
3783 1737 2
1139 3869 2
746 1016 2
3967 572 2
3422 4440 2
2731 2959 2
2590 4297 2
3051 4958 2
3022 1034 2
2688 2142 2
2948 34 2
678 4308 2
2683 1510 2
3040 347 2
574 3947 2
2294 3744 2
4922 638 2
2542 1336 2
1158 2072 2
1141 3298 2
2831 1443 2
311 202 2
3882 4269 2
1483 1827 2
1001 633 2
4981 3805 2
3927 3451 2
2466 1576 2
4564 65 2
2848 284 2
493 3319 2
1289 774 2
2498 4546 2
4309 1750 2
3452 3113 2
4436 2132 2
3378 691 2
2041 3870 2
1137 1474 2
2114 4268 2
3315 3574 2
3297 4519 2
3454 3251 2
2191 2689 2
860 4281 2
1403 1524 2
575 4003 2
2446 3718 2
628 4540 2
842 3269 2
2347 182 2
84 1005 2
1534 3573 2
4161 4646 2
75 2860 2
2104 2925 2
1404 1246 2
2998 6 2
1624 664 2
2322 2901 2
3012 2055 2
1457 4456 2
3677 440 2
801 1268 2
1850 1400 2
3000 1509 2
1449 1368 2
679 1147 2
1007 1224 2
2206 2615 2
1027 3783 2
4010 1492 2
40 2890 2
403 1177 2
2073 2816 2
3937 4249 2
4740 491 2
3906 583 2
641 4850 2
1768 4642 2
2312 4297 2
4110 543 2
4400 3180 2
2293 4637 2
1207 4 2
1017 2662 2
1308 4085 2
3086 483 2
1959 4305 2
2652 4136 2
3691 1658 2
628 4360 2
3036 4731 2
2302 4586 2
210 634 2
3077 2972 2
4959 1973 2
492 2521 2
4009 55 2
4455 366 2
4521 2100 2
1214 3624 2
2417 2121 2
182 1798 2
4722 4840 2
890 4979 2
1500 194 2
3448 2123 2
1918 2549 2
2281 3539 2
225 3001 2
1763 1726 2
2296 474 2
4642 773 2
4370 4185 2
720 203 2
4330 3707 2
1517 741 2
2767 4092 2
1375 368 2
4065 1081 2
4506 1181 2
12 3639 2
893 3344 2
1386 833 2
23 1396 2
201 390 2
2569 419 2
4459 3944 2
4643 4193 2
2145 715 2
462 5 2
4660 1417 2
4865 688 2
4289 237 2
715 1344 2
1802 2525 2
3583 1070 2
1892 4809 2
3610 4509 2
474 326 2
4515 981 2
4398 4521 2
3560 4589 2
3455 1578 2
2019 3786 2
1293 352 2
935 4049 2
3929 2434 2
861 711 2
106 2224 2
763 1615 2
1439 2003 2
4690 4083 2
3634 4572 2
3842 2057 2
43 144 2
3561 4172 2
3897 405 2
869 4907 2
235 4800 2
1974 1385 2
1376 4977 2
3054 2406 2
3644 392 2
3573 1188 2
1552 3987 2
1409 2805 2
3837 4270 2
1848 4363 2
4592 4534 2
1109 3585 2
1900 1138 2
3343 1254 2
3432 1868 2
2454 2153 2
93 3963 2
3119 4776 2
258 290 2
1696 4061 2
209 1736 2
4253 4938 2
3774 4542 2
4564 844 2
1686 3604 2
3557 3095 2
1058 3512 2
4808 2851 2
2960 4047 2
1690 3857 2
2525 2029 2
4686 1992 2
3041 3908 2
135 4781 2
148 3981 2
4653 4346 2
403 2193 2
4703 2379 2
3840 490 2
1315 1789 2
2781 1789 2
2838 2621 2
1616 4753 2
3436 1484 2
1570 4168 2
3532 725 2
663 4651 2
1537 1533 2
4802 2812 2
3640 615 2
4690 1887 2
2461 2763 2
3140 1368 2
4704 342 2
631 2709 2
736 3785 2
468 2665 2
2221 1972 2
1990 1286 2
374 4794 2
4519 3887 2
869 2853 2
564 1484 2
208 4945 2
3780 2792 2
2838 3525 2
706 2467 2
3940 3454 2
236 2760 2
1331 1814 2
2742 2616 2
1624 1218 2
200 2671 2
1350 3204 2
2440 1672 2
4067 1691 2
1067 1220 2
4606 4734 2
4018 2146 2
1032 4482 2
4536 3621 2
3277 2361 2
3323 2661 2
1896 951 2
2710 135 2
3331 1480 2
3029 2504 2
1160 3475 2
3238 365 2
2471 4298 2
4561 1440 2
2723 2913 2
4194 2878 2
4379 915 2
3025 2712 2
1189 777 2
742 1189 2
1490 4259 2
1881 47 2
2207 3715 2
3630 887 2
2818 476 2
1018 2977 2
1282 2003 2
905 2069 2
4716 1320 2
431 488 2
4740 1593 2
2148 2485 2
2020 1891 2
441 2880 2
3091 2350 2
2989 1491 2
1297 3232 2
2161 1548 2
1981 4181 2
3921 4015 2
4331 4729 2
3194 2433 2
1193 1422 2
2510 2952 2
4735 1164 2
2171 1764 2
4468 3939 2
2121 2777 2
2519 4449 2
3892 392 2
1379 3801 2
103 4390 2
3308 2417 2
4761 1404 2
378 1219 2
1197 1126 2
557 900 2
1506 2158 2
2951 3050 2
4198 1757 2
3235 3638 2
4790 1203 2
3312 4158 2
4869 2655 2
2514 2682 2
2960 3356 2
2416 4756 2
4461 2700 2
4676 4713 2
3549 2512 2
4796 4384 2
2539 1090 2
2506 1392 2
1201 1940 2
2571 4777 2
4582 3608 2
4649 254 2
3026 4434 2
4525 3032 2
4694 2305 2
571 3290 2
4842 1449 2
682 817 2
1106 1743 2
3877 1369 2
4586 1253 2
330 3743 2
2782 2270 2
4309 1083 2
4325 3606 2
2816 139 2
55 2657 2
3105 726 2
3019 4750 2
2737 792 2
4822 3993 2
2606 398 2
1135 589 2
13 132 2
2608 3248 2
3386 4981 2
1160 2503 2
221 3552 2
4255 390 2
4376 4883 2
3051 2154 2
4592 1931 2
4606 3269 2
2134 1604 2
746 433 2
3144 4362 2
1894 2914 2
1230 4646 2
2474 4085 2
194 4182 2
1165 3239 2
3091 2365 2
1273 2275 2
1091 448 2
125 3230 2
4570 1248 2
3001 3169 2
4442 3327 2
639 1084 2
3760 2058 2
2408 853 2
3165 3009 2
2755 1742 2
3758 3263 2
1210 4452 2
1723 4438 2
1788 4721 2
1298 4865 2
2657 4750 2
3578 560 2
2540 4573 2
3981 4317 2
3377 2683 2
479 844 2
3844 1304 2
4639 2522 2
4066 2161 2
2734 3530 2
4805 1074 2
782 1295 2
2416 3890 2
251 4254 2
240 3628 2
2139 710 2
2513 1272 2
4151 1946 2
1477 4648 2
2861 625 2
4465 3053 2
3576 2264 2
4860 17 2
3340 4104 2
2034 2850 2
230 779 2
1178 877 2
825 1744 2
4021 2619 2
3839 1830 2
8 2763 2
1405 1795 2
2480 578 2
1151 4474 2
1840 2308 2
4292 2351 2
235 2101 2
593 893 2
3115 1357 2
1434 4565 2
4957 2625 2
236 347 2
1006 1813 2
2801 196 2
2547 3376 2
1077 4055 2
1533 2607 2
654 2878 2
2601 4096 2
1145 4116 2
4709 3682 2
282 3668 2
3892 2357 2
4996 1083 2
4055 4138 2
4767 2241 2
2875 1544 2
3741 1770 2
552 933 2
2096 1785 2
505 212 2
3327 1488 2
3625 4727 2
3984 4504 2
1850 4584 2
3610 48 2
2977 1971 2
3170 143 2
1673 2753 2
1506 1160 2
4695 808 2
3863 142 2
158 1557 2
4438 398 2
4901 2546 2
4573 2584 2
1404 614 2
3866 3300 2
1032 2544 2
3179 843 2
1560 4411 2
2715 691 2
2026 2265 2
1623 782 2
198 2641 2
4775 1519 2
847 236 2
302 4930 2
787 1026 2
1071 3923 2
430 192 2
4364 2534 2
3174 504 2
3122 3005 2
795 4996 2
718 3250 2
858 2477 2
1934 4551 2
3873 3426 2
3851 3937 2
3174 2834 2
3424 4494 2
497 4784 2
4866 3154 2
2967 1444 2
2721 1943 2
3826 1822 2
4425 4553 2
1222 110 2
1734 814 2
2819 1272 2
3403 607 2
726 3117 2
4801 3453 2
2480 4074 2
1279 4913 2
548 600 2
1631 1856 2
3970 4516 2
4319 1331 2
1025 1702 2
1941 3152 2
576 3552 2
4446 1264 2
3497 2086 2
1378 3911 2
4382 1607 2
4411 4497 2
2041 1542 2
1751 931 2
702 3119 2
1724 4413 2
4308 2846 2
1245 501 2
312 4695 2
4524 162 2
3493 3847 2
2244 1165 2
3518 632 2
3420 856 2
2556 1815 2
3729 3746 2
172 3392 2
2386 4470 2
3265 628 2
3139 3638 2
2416 3306 2
3159 4341 2
2177 4151 2
738 4364 2
4791 2558 2
2744 3146 2
226 1975 2
1141 2707 2
4523 3534 2
3055 3552 2
3392 509 2
507 2940 2
2467 2104 2
3837 1444 2
449 461 2
2488 2831 2
3587 1263 2
3729 1946 2
4610 3914 2
4960 619 2
537 261 2
288 1280 2
973 3233 2
3130 2154 2
23 984 2
854 1939 2
4528 1023 2
611 624 2
4184 1456 2
3419 1448 2
863 4669 2
4249 2147 2
1781 4948 2
4607 2110 2
1647 1056 2
3300 2485 2
3167 2432 2
3175 2156 2
1378 191 2
4620 3155 2
3473 2480 2
3247 4525 2
635 446 2
4595 4523 2
3177 1268 2
632 4601 2
2128 1321 2
1384 1748 2
3094 4589 2
1307 3106 2
4425 4809 2
1235 1322 2
1304 1964 2
4819 1062 2
2181 1689 2
782 3096 2
1105 2275 2
3760 4932 2
3438 1830 2
2582 2261 2
2023 3392 2
2591 505 2
2242 3289 2
3974 4868 2
752 968 2
1761 4246 2
147 4350 2
4131 2248 2
3439 3107 2
60 1314 2
3162 887 2
3057 4313 2
4635 3565 2
5 3937 2
3220 2374 2
2668 2252 2
1376 4319 2
4959 3003 2
3701 1733 2
1016 4303 2
3134 2599 2
885 4601 2
3743 2771 2
1295 1494 2
1705 2040 2
9 3934 2
4229 2251 2
106 2654 2
2097 4585 2
4756 4942 2
1365 4707 2
3227 2729 2
4901 1096 2
178 1490 2
2908 3188 2
3103 2393 2
440 3295 2
959 2415 2
64 2192 2
647 1200 2
3547 2540 2
1616 2763 2
3789 1982 2
2821 3790 2
3069 2667 2
80 4484 2
2277 3618 2
3702 2291 2
1228 4406 2
1142 2906 2
4743 4644 2
3000 2300 2
4453 2327 2
1825 2712 2
2991 359 2
1444 1942 2
1405 1114 2
400 407 2
634 4677 2
4489 3190 2
58 4352 2
3111 1148 2
704 185 2
1156 248 2
680 2777 2
1566 1934 2
2196 4715 2
705 2967 2
2901 2528 2
2105 2159 2
2654 2928 2
605 4972 2
3915 1713 2
535 3640 2
2402 1840 2
2452 169 2
3296 2065 2
601 2802 2
412 1340 2
4212 3340 2
691 820 2
2024 3319 2
4357 1022 2
4149 3758 2
3607 400 2
3774 630 2
2077 890 2
239 2984 2
4338 4472 2
4976 1549 2
1074 1849 2
2816 1425 2
2474 81 2
297 3630 2
2763 1295 2
1301 1582 2
4132 4537 2
1219 511 2
4358 921 2
2416 3685 2
4553 4753 2
4146 4169 2
4255 4395 2
498 1282 2
887 458 2
4531 2546 2
446 2846 2
4092 4374 2
2804 3196 2
569 1357 2
4635 2596 2
906 2372 2
3026 4992 2
2656 4477 2
3753 640 2
2255 2642 2
3056 976 2
2393 1173 2
4970 3542 2
916 4317 2
3518 1484 2
4500 3408 2
527 320 2
3289 962 2
1230 2109 2
3100 3967 2
796 4349 2
314 3585 2
997 1073 2
567 2156 2
3677 647 2
1005 151 2
2059 1093 2
1271 2476 2
3167 3241 2
1096 4070 2
4701 4202 2
2145 1792 2
779 1990 2
90 3204 2
2457 4967 2
1165 3264 2
2137 1965 2
3324 11 2
4062 959 2
799 4429 2
2245 271 2
1784 4972 2
511 4818 2
4651 1867 2
3253 239 2
3635 1622 2
3055 2920 2
461 1146 2
927 4813 2
1259 155 2
4966 204 2
1893 423 2
2189 646 2
3506 1620 2
2462 4137 2
1057 86 2
1655 2668 2
1891 619 2
553 2660 2
1872 4004 2
1610 1127 2
589 2523 2
3172 685 2
1215 2176 2
4419 3239 2
2471 659 2
4528 2501 2
906 3558 2
2592 3233 2
4478 1022 2
2689 3266 2
3478 4207 2
1573 4373 2
4025 4623 2
3061 3419 2
441 2601 2
2 2777 2
195 2293 2
398 2114 2
3630 3086 2
806 3342 2
3870 614 2
3905 4425 2
3776 1251 2
3943 4353 2
1695 3185 2
891 1061 2
800 3727 2
3965 1129 2
4469 4036 2
4621 3396 2
1634 4452 2
4340 4828 2
3452 2244 2
708 429 2
1985 4565 2
3639 4874 2
1463 4992 2
4983 1419 2
890 3320 2
4026 4456 2
4270 1443 2
120 4062 2
741 654 2
4240 3037 2
161 3678 2
2388 4656 2
3194 1884 2
26 4598 2
4809 3345 2
143 1276 2
4011 4260 2
2464 4327 2
2200 2611 2
1819 287 2
2699 2118 2
3770 3040 2
3350 1286 2
4746 3463 2
587 92 2
864 2125 2
165 2974 2
4158 2886 2
2435 4068 2
2003 3540 2
4733 2825 2
925 2271 2
2404 617 2
4477 2261 2
1969 2374 2
1027 1313 2
683 957 2
436 2594 2
4432 1924 2
1652 3545 2
1179 2950 2
2274 1130 2
3736 2937 2
510 2838 2
749 3933 2
3828 4867 2
2690 3965 2
601 8 2
4240 312 2
869 4847 2
2274 2970 2
1785 3205 2
2973 4835 2
3016 473 2
413 2467 2
3371 4123 2
4824 4254 2
1747 4909 2
1270 3544 2
990 2125 2
172 2763 2
4585 3321 2
2245 2080 2
969 3201 2
870 677 2
28 1518 2
2654 3316 2
1915 551 2
3002 1747 2
3665 4007 2
1171 933 2
1617 2539 2
3971 440 2
605 1629 2
4449 1907 2
2642 3097 2
4714 2971 2
2718 3495 2
3831 3855 2
2014 1079 2
1791 297 2
591 3527 2
787 10 2
1393 1478 2
1338 1841 2
3047 4014 2
51 3077 2
2252 869 2
2288 539 2
2566 1795 2
4279 391 2
2451 1327 2
2149 1395 2
55 480 2
2108 2024 2
2604 1738 2
4229 3543 2
1154 2391 2
821 4855 2
2417 1858 2
724 4104 2
3697 1872 2
3317 1859 2
1226 1629 2
4363 1832 2
2552 3116 2
2027 1050 2
2113 273 2
4375 1866 2
3803 3784 2
4054 2066 2
85 432 2
4434 4039 2
473 949 2
2807 1663 2
4326 3769 2
3429 651 2
3712 569 2
1883 1320 2
2931 1846 2
1555 1551 2
4711 4432 2
349 2875 2
2305 4745 2
189 2850 2
3756 2704 2
1399 3687 2
623 412 2
4182 3469 2
3615 123 2
2426 1129 2
2513 1028 2
3115 4488 2
3564 2133 2
499 1506 2
1885 84 2
299 1193 2
2512 2479 2
4180 1258 2
1600 1002 2
4195 869 2
4071 3113 2
4060 4209 2
4414 184 2
578 3708 2
1875 2352 2
3187 2592 2
224 3640 2
177 967 2
4576 2092 2
2964 2063 2
1477 3912 2
1836 535 2
1916 102 2
908 2162 2
2006 2113 2
949 2398 2
1828 3260 2
631 4184 2
1557 2380 2
1202 4389 2
3181 2747 2
1858 1836 2
861 4442 2
696 3710 2
4810 3833 2
950 421 2
699 4338 2
881 1815 2
137 3914 2
4834 548 2
2338 644 2
1236 3053 2
2591 4457 2
1097 3540 2
58 753 2
2289 2071 2
3111 2333 2
4819 1186 2
1984 2265 2
1139 4303 2
3695 2898 2
1805 2657 2
3808 2360 2
65 2471 2
3973 1952 2
3050 13 2
4347 135 2
2183 3954 2
4005 406 2
463 3081 2
3905 4007 2
3559 3797 2
2207 1479 2
1723 4215 2
3935 1765 2
2327 215 2
2551 142 2
2249 4916 2
494 3338 2
1799 2727 2
2598 2637 2
78 4948 2
4522 2135 2
2084 3840 2
552 4871 2
2281 3359 2
2975 968 2
1633 1594 2
3886 3510 2
366 90 2
2570 3142 2
1909 2644 2
1239 2383 2
4957 4427 2
4238 3930 2
3594 3350 2
4268 2805 2
417 2448 2
3378 685 2
1435 3842 2
2752 2809 2
3612 2906 2
1082 2905 2
2329 452 2
4388 4533 2
4784 2912 2
3901 1471 2
2424 3536 2
4083 4796 2
2258 3757 2
1638 1058 2
4006 1738 2
1103 3205 2
1907 3932 2
3536 2154 2
958 974 2
2910 3309 2
565 2311 2
4431 239 2
3303 4334 2
3388 1131 2
2042 2728 2
41 3025 2
1013 4698 2
1461 4856 2
4569 2940 2
4055 2950 2
3827 2985 2
645 4652 2
176 1119 2
3080 2345 2
4101 567 2
2513 146 2
4293 3670 2
3594 3309 2
490 543 2
501 3754 2
1420 1907 2
1318 1963 2
1974 2370 2
4325 1178 2
906 2743 2
1687 4627 2
4578 2944 2
3848 227 2
1206 2160 2
1736 3444 2
4510 3345 2
3470 4766 2
3053 4240 2
1955 2056 2
3466 3085 2
2665 2697 2
3091 1872 2
754 4667 2
1631 2238 2
3219 3718 2
1301 3778 2
299 3485 2
3439 2050 2
1243 1384 2
992 2011 2
3947 1311 2
4778 1464 2
1820 500 2
1441 1317 2
3696 4023 2
905 4016 2
1475 159 2
2416 3204 2
3428 2225 2
3967 105 2
2863 210 2
2007 2167 2
916 2899 2
2948 298 2
2619 3605 2
3638 2960 2
525 183 2
1431 483 2
4697 3404 2
3489 2802 2
4468 1742 2
4959 800 2
2048 2880 2
917 4462 2
2184 1243 2
1659 3075 2
1369 4756 2
824 1997 2
631 556 2
175 4283 2
4466 109 2
4279 3514 2
2981 4511 2
1381 474 2
4680 3061 2
2578 4657 2
3182 3285 2
3556 419 2
3134 732 2
2995 192 2
2951 4485 2
2635 1415 2
2134 4521 2
4749 1643 2
2593 735 2
4831 1489 2
2896 279 2
1391 4434 2
3505 3060 2
3668 1987 2
3157 4905 2
2229 2240 2
103 2860 2
10 2638 2
2370 4693 2
1897 2919 2
308 2536 2
3866 2139 2
1004 1202 2
1173 622 2
2655 287 2
2210 2936 2
1131 1896 2
3627 3492 2
3927 514 2
877 2691 2
4055 262 2
4839 4037 2
4189 4036 2
2556 2410 2
2684 3598 2
1359 2351 2
964 2864 2
926 3528 2
4191 1399 2
3867 1371 2
4338 3730 2
4232 4526 2
4869 4945 2
948 2500 2
3888 483 2
729 640 2
3510 777 2
3603 4642 2
3711 2025 2
278 1452 2
3151 1871 2
3548 2036 2
1041 3400 2
2425 335 2
1769 2756 2
1362 1090 2
3887 2179 2
4087 274 2
878 2935 2
1396 4288 2
3097 4010 2
625 2579 2
2034 3586 2
829 3854 2
635 3731 2
3646 2063 2
3717 3273 2
2790 2748 2
142 1963 2
1367 3135 2
1111 2008 2
252 2603 2
3018 2999 2
4886 1295 2
4546 1593 2
1678 385 2
3892 4375 2
2808 682 2
183 1146 2
3829 1990 2
4970 2978 2
321 904 2
223 1389 2
4669 3038 2
4131 2236 2
4700 439 2
3223 4968 2
1778 3278 2
1593 2492 2
1844 908 2
2332 2758 2
2855 3820 2
4873 3675 2
2424 3490 2
4962 3220 2
4201 822 2
944 3567 2
599 1358 2
888 3224 2
3937 4593 2
3559 741 2
953 3537 2
2507 775 2
136 4803 2
2059 1200 2
3587 1206 2
3899 4278 2
3947 3113 2
2321 410 2
4334 1729 2
4258 4046 2
2180 3677 2
372 3198 2
3539 1358 2
4401 1333 2
4250 896 2
4846 1340 2
3114 2108 2
2529 1075 2
1479 474 2
4753 2126 2
4840 2307 2
4207 1810 2
2032 4191 2
3243 2167 2
4489 4142 2
554 1485 2
1678 3805 2
746 2515 2
3138 2417 2
1959 512 2
3578 4152 2
2778 2343 2
122 813 2
4552 363 2
4276 4772 2
4865 1058 2
3227 65 2
2294 4979 2
1536 88 2
4755 4494 2
3625 4373 2
3763 2090 2
264 3993 2
2874 4862 2
3161 690 2
1284 3534 2
2111 3982 2
4105 1268 2
1439 1338 2
3422 1533 2
2769 4196 2
1901 3811 2
3206 384 2
4937 4854 2
4960 1160 2
3403 3408 2
1595 3360 2
4993 300 2
1719 2144 2
2261 922 2
3195 2806 2
2646 4399 2
617 3464 2
2934 4477 2
3981 3317 2
1182 3837 2
2445 3842 2
3828 4238 2
4981 2001 2
4059 1950 2
4872 4969 2
916 3771 2
121 4912 2
1 2409 2
3504 673 2
3604 703 2
1797 2269 2
4330 4981 2
741 473 2
595 3241 2
4471 250 2
3405 568 2
1673 4934 2
836 1917 2
2679 1696 2
1552 2990 2
606 2087 2
4898 3445 2
4898 2467 2
3539 586 2
4649 2810 2
71 1187 2
4346 4735 2
2493 4007 2
643 2326 2
2311 3087 2
3751 2926 2
3114 2345 2
1249 1083 2
3611 1876 2
4552 341 2
4149 294 2
3466 3237 2
2252 1024 2
2439 1959 2
4158 196 2
4003 4446 2
3693 3843 2
4682 4000 2
4769 3722 2
205 4167 2
1778 827 2
2600 1553 2
4196 3262 2
2353 4730 2
969 812 2
4538 3715 2
2712 884 2
4694 357 2
2112 4941 2
3824 4915 2
4547 4873 2
2330 1592 2
1579 4460 2
440 1428 2
2513 1770 2
4723 3319 2
3047 506 2
4490 2624 2
3682 2838 2
1231 3240 2
3696 2026 2
3448 2014 2
4750 1054 2
766 2778 2
3810 4207 2
1627 4680 2
2358 582 2
2079 1450 2
1517 933 2
2959 745 2
1501 2332 2
1624 843 2
2722 3844 2
114 2144 2
874 3444 2
2942 2489 2
1203 4454 2
224 4567 2
281 3265 2
467 1921 2
2880 4128 2
3191 2517 2
542 3178 2
1397 3 2
3878 3163 2
2346 624 2
2187 560 2
4183 1359 2
1829 1942 2
3303 77 2
4787 2946 2
4831 4798 2
3413 485 2
1762 3906 2
3591 3148 2
1165 2249 2
4335 2156 2
4709 4248 2
2104 924 2
2034 3044 2
3640 548 2
1132 3197 2
2108 2002 2
930 4329 2
1131 3447 2
502 3945 2
4558 3502 2
431 1473 2
1423 4026 2
204 1067 2
3649 3470 2
913 2162 2
2330 876 2
4088 3903 2
3436 315 2
647 289 2
4316 4210 2
3672 4736 2
3231 2876 2
3099 1721 2
4248 246 2
453 4001 2
3644 1761 2
3180 3561 2
4541 2893 2
3253 2416 2
3274 1661 2
3067 3062 2
1677 4469 2
4155 4803 2
223 2754 2
1729 1699 2
4213 4598 2
5 4302 2
3513 4434 2
819 1527 2
1040 1032 2
1556 1281 2
365 160 2
4541 1402 2
4452 2666 2
4390 660 2
1282 1801 2
581 1264 2
1474 711 2
3295 410 2
3103 931 2
3191 3488 2
3452 1323 2
506 575 2
2611 4987 2
1450 878 2
1008 1914 2
4907 4465 2
187 257 2
1742 2246 2
868 3907 2
1093 1825 2
2869 819 2
4792 4462 2
3561 343 2
21 1970 2
3536 1672 2
1587 4502 2
1616 4815 2
4913 3292 2
2244 2675 2
4354 1393 2
2046 1426 2
2709 3999 2
4733 513 2
3346 2794 2
3778 1969 2
4886 2481 2
4462 2522 2
4867 1265 2
743 4560 2
1719 1261 2
677 1919 2
4195 4616 2
2629 50 2
801 405 2
3776 2653 2
993 1149 2
2407 2908 2
1878 1093 2
4635 3741 2
1579 4199 2
2294 291 2
3311 1689 2
2552 1712 2
218 890 2
2966 3425 2
251 2437 2
3655 3429 2
3929 4790 2
1543 3515 2
2543 3439 2
1193 586 2
4529 3659 2
606 1539 2
3275 4932 2
2672 1825 2
3242 2816 2
1717 2325 2
2000 3936 2
488 1621 2
1988 3477 2
1494 983 2
4649 736 2
4033 40 2
4769 4570 2
4106 3515 2
1393 1327 2
3594 4563 2
2194 3394 2
799 3468 2
3708 1643 2
1667 4868 2
841 1303 2
4402 2717 2
2031 3149 2
453 2793 2
1028 4968 2
2587 2343 2
2010 4406 2
3529 4664 2
3713 1517 2
4524 3961 2
4272 2862 2
953 1896 2
50 2085 2
1360 2794 2
4996 1297 2
3748 4348 2
3553 2697 2
3913 1340 2
458 3034 2
2935 1251 2
423 637 2
1481 4211 2
2829 4153 2
351 1486 2
4745 3775 2
2788 3943 2
4336 1044 2
3741 488 2
4556 1513 2
3378 1394 2
682 4541 2
3937 3744 2
2564 4097 2
527 3819 2
3272 1464 2
3850 2697 2
424 3075 2
3406 77 2
2006 2391 2
2767 2682 2
3076 2556 2
104 3863 2
3048 2977 2
4641 2226 2
2158 4093 2
593 4155 2
3505 1836 2
3872 227 2
4756 4751 2
2915 2869 2
2913 4112 2
3039 916 2
4659 1302 2
4114 1295 2
814 3092 2
1586 1046 2
1539 2710 2
4305 4336 2
1249 2371 2
2498 1016 2
15 4467 2
2269 3035 2
1962 3611 2
2506 3951 2
3582 4006 2
3184 4286 2
3062 145 2
3463 903 2
4223 164 2
776 1012 2
3057 4491 2
4827 3430 2
2564 2744 2
3029 4376 2
1150 94 2
3873 4053 2
2879 1271 2
1947 4579 2
2831 2886 2
2010 4830 2
1900 4071 2
2961 4840 2
4155 753 2
3271 2616 2
1962 4165 2
3494 265 2
4535 3560 2
3719 348 2
1771 2649 2
859 2786 2
696 691 2
1387 4176 2
3932 3238 2
2687 2245 2
2268 918 2
2432 4881 2
3378 3592 2
4697 734 2
4377 2386 2
2182 2330 2
3055 2309 2
4942 999 2
659 21 2
522 2980 2
1787 3583 2
561 3 2
4894 251 2
1665 946 2
4512 1031 2
2908 181 2
84 3000 2
343 3343 2
4190 259 2
3562 4085 2
1962 3026 2
4973 4185 2
2603 761 2
3722 3415 2
3353 1874 2
252 4361 2
3377 2359 2
802 1255 2
1254 103 2
1355 1599 2
4329 4485 2
2631 3604 2
1477 4024 2
1683 471 2
839 3089 2
3651 2640 2
2964 1501 2
1959 448 2
1988 4453 2
2847 4463 2
2649 776 2
4270 660 2
2174 332 2
576 2079 2
3123 2835 2
2696 3969 2
2418 1184 2
472 202 2
2057 2382 2
4470 4192 2
1731 4161 2
352 901 2
4809 1896 2
482 2522 2
1775 4086 2
3264 897 2
1089 685 2
2322 3674 2
3539 2282 2
944 4615 2
666 3408 2
4324 4686 2
2949 1572 2
3576 4402 2
1348 579 2
2688 4325 2
3818 1278 2
3469 666 2
721 3906 2
2894 654 2
2428 1959 2
2637 3316 2
3725 3320 2
1952 2799 2
74 911 2
895 3377 2
3586 3839 2
250 4071 2
4130 1253 2
2163 1804 2
2650 4384 2
3506 4548 2
280 4268 2
4587 4478 2
1044 4890 2
4295 2860 2
625 952 2
778 3346 2
4566 4576 2
1715 3108 2
86 3283 2
3534 865 2
3586 2373 2
2397 3006 2
3599 1951 2
87 4927 2
294 3759 2
3649 2973 2
3036 1689 2
3727 2109 2
3273 4203 2
176 2625 2
2648 1777 2
4041 2005 2
4959 2470 2
507 4299 2
4658 3572 2
3618 619 2
4602 2269 2
1795 2915 2
4232 4709 2
2761 1889 2
4438 3224 2
627 29 2
3405 266 2
656 1771 2
4554 4579 2
2176 138 2
1317 2166 2
4258 395 2
1758 4517 2
205 1347 2
1944 318 2
1161 4301 2
292 4734 2
935 2441 2
3002 4037 2
1116 3230 2
4398 2413 2
4355 642 2
2681 1312 2
3182 3160 2
2652 1889 2
2294 2515 2
2559 4362 2
255 1375 2
3918 4046 2
4654 884 2
3612 4553 2
1118 4363 2
4763 4338 2
4957 2772 2
1000 4672 2
4860 3296 2
1755 3668 2
2427 2571 2
2112 4756 2
2154 323 2
1859 2438 2
1497 3099 2
1589 640 2
1176 1268 2
894 1226 2
1614 4465 2
4317 123 2
4295 4829 2
1420 3850 2
4420 3508 2
3609 4611 2
2637 4861 2
504 3684 2
2124 4730 2
2159 583 2
920 30 2
632 953 2
1132 4175 2
2532 3084 2
1803 103 2
3903 4033 2
4626 4311 2
43 3331 2
3653 403 2
3143 1121 2
1081 4752 2
2183 4674 2
3504 515 2
79 4358 2
2554 2622 2
3790 2405 2
713 398 2
4753 1541 2
3886 3699 2
496 2945 2
1630 1417 2
4199 4613 2
528 207 2
2279 1316 2
1819 2060 2
4884 3657 2
3526 134 2
4842 222 2
2316 268 2
4262 1439 2
2541 1247 2
891 950 2
971 1236 2
4675 2317 2
2654 1003 2
4060 2213 2
1401 4979 2
2682 1080 2
4712 1882 2
4263 207 2
1020 2194 2
1321 4539 2
3519 2370 2
3271 2442 2
3544 2356 2
348 2552 2
1646 163 2
2320 81 2
1316 4376 2
846 4837 2
4761 1964 2
779 977 2
95 1356 2
2586 3852 2
534 4281 2
1299 2105 2
3229 4658 2
817 3978 2
2348 3233 2
836 1767 2
530 2861 2
703 4349 2
2598 1969 2
160 1963 2
1821 3152 2
2086 1912 2
1209 4382 2
4809 4775 2
4889 4257 2
964 1589 2
3475 3886 2
4633 1418 2
3134 3272 2
3725 3144 2
2440 2155 2
4482 2009 2
152 2167 2
1685 4266 2
1454 3003 2
2444 4227 2
2494 3088 2
4335 1578 2
4161 440 2
2423 1411 2
4864 301 2
3542 3480 2
1312 2740 2
3065 2202 2
4034 2967 2
3837 1076 2
1928 109 2
299 2828 2
2722 867 2
3872 1173 2
3818 1743 2
2630 3166 2
2237 4666 2
1567 3652 2
4175 1611 2
763 528 2
4759 1565 2
2766 4530 2
2997 2949 2
3970 1063 2
1854 2588 2
1953 2498 2
1110 451 2
318 4389 2
3488 1715 2
2637 4944 2
3044 3035 2
243 3926 2
4648 1239 2
1844 4555 2
2956 1349 2
791 1504 2
3404 3534 2
1808 4857 2
3651 3457 2
1156 1067 2
1150 3367 2
4753 3172 2
1131 4211 2
1175 1421 2
34 3627 2
4291 2346 2
4606 1001 2
2482 1487 2
3805 2629 2
1567 4881 2
894 514 2
410 1954 2
4332 2731 2
743 388 2
2191 1926 2
1769 2496 2
1343 3103 2
3192 987 2
3554 2353 2
2696 2118 2
1559 915 2
2815 2076 2
2061 1417 2
3869 1052 2
766 3373 2
1490 4048 2
3559 314 2
1836 2664 2
2059 4945 2
1400 271 2
3148 777 2
4532 4914 2
380 3080 2
3803 4661 2
2165 4570 2
185 4060 2
3865 3916 2
3366 2957 2
4015 2026 2
3358 4513 2
2677 1321 2
4280 2035 2
4563 2000 2
4344 414 2
3290 2818 2
5 2195 2
4628 459 2
4134 2006 2
183 3838 2
583 2057 2
2808 995 2
388 915 2
3984 2564 2
4270 4864 2
2236 1303 2
444 804 2
786 3894 2
3355 4067 2
2655 1890 2
3581 2714 2
1877 439 2
2042 4986 2
3854 3825 2
3074 4146 2
308 3039 2
1359 3680 2
2384 4553 2
4497 4026 2
4520 1671 2
2476 2431 2
415 582 2
2356 2717 2
1781 4029 2
482 2104 2
4694 195 2
4999 3881 2
3359 905 2
2862 4342 2
1655 2660 2
361 4903 2
4514 4021 2
950 4156 2
4065 4368 2
3935 3524 2
3056 2853 2
1374 542 2
1807 3400 2
771 2316 2
2919 2696 2
4866 3607 2
2299 3077 2
2655 2343 2
1902 1743 2
2232 4981 2
1400 2064 2
3758 4301 2
1898 733 2
3483 254 2
4938 4037 2
4790 3285 2
228 87 2
3168 2211 2
4714 2653 2
2925 14 2
4282 1465 2
4132 3477 2
2700 2559 2
775 1676 2
1377 1379 2
1466 1768 2
716 1217 2
2147 3989 2
822 2623 2
4213 3576 2
2416 3490 2
2699 3431 2
2752 3198 2
4960 318 2
1894 3980 2
4374 4094 2
2524 556 2
1277 1233 2
2826 4594 2
1742 1886 2
738 4912 2
4676 3172 2
2386 1236 2
290 3027 2
2499 82 2
2029 1589 2
1650 2940 2
2573 1859 2
751 213 2
483 1769 2
3872 2761 2
1597 1502 2
4924 3041 2
1920 3204 2
3318 4710 2
527 4695 2
131 334 2
3525 4734 2
4530 1826 2
979 763 2
4229 4107 2
3285 3098 2
3576 4117 2
371 1424 2
3040 1051 2
429 1332 2
2606 2401 2
240 4194 2
4660 4306 2
3874 3781 2
3485 171 2
631 4285 2
1977 1025 2
1847 4299 2
2936 2246 2
2242 2758 2
1837 1519 2
1704 1767 2
3900 2741 2
422 2840 2
2324 857 2
862 4636 2
2837 2795 2
1777 4674 2
1989 2156 2
3935 719 2
3758 3851 2
2920 545 2
3985 4175 2
3477 98 2
2440 1023 2
608 3680 2
1920 4652 2
3175 3199 2
2060 4721 2
3116 1677 2
4644 3236 2
426 1232 2
48 2321 2
325 620 2
286 2856 2
4545 3327 2
1673 2818 2
3935 672 2
1460 2814 2
3825 3881 2
3866 3639 2
1447 4076 2
2122 1376 2
2897 1433 2
1821 4722 2
1089 3362 2
878 347 2
3368 852 2
116 3858 2
3551 3323 2
4912 892 2
1133 2297 2
1678 1625 2
3121 4912 2
522 3719 2
1353 4730 2
4515 1944 2
3426 4671 2
3272 4097 2
4592 2730 2
114 1628 2
84 3275 2
4579 4167 2
4733 3315 2
448 1286 2
3499 4046 2
1354 982 2
2482 2188 2
1896 2999 2
3008 2912 2
2244 3377 2
1822 4430 2
3051 3273 2
2726 4661 2
365 264 2
649 3961 2
4240 1977 2
4873 455 2
2575 2601 2
4863 3233 2
25 170 2
3551 1854 2
1635 1929 2
4502 3295 2
4157 4749 2
4093 1834 2
1440 3236 2
3746 2480 2
818 950 2
4176 282 2
95 257 2
305 2442 2
4903 2174 2
1393 1782 2
2754 2891 2
2719 4320 2
514 3081 2
2940 138 2
2064 3737 2
584 4444 2
30 4773 2
2883 4032 2
1951 4419 2
1838 1326 2
1858 381 2
755 1697 2
2911 3918 2
3607 4220 2
4254 4904 2
3873 4180 2
4421 3311 2
1301 4375 2
1089 4863 2
952 4186 2
2279 165 2
587 3334 2
1089 1644 2
1339 1173 2
3276 1966 2
2263 2073 2
84 130 2
2999 4361 2
1736 1787 2
3477 2295 2
121 283 2
4489 54 2
137 4173 2
4658 4362 2
4074 2456 2
3111 2151 2
4600 2657 2
2620 751 2
2794 4985 2
1377 679 2
185 2036 2
4712 4658 2
1337 1855 2
4273 2587 2
4747 982 2
378 498 2
1298 52 2
2882 3753 2
4265 909 2
2238 907 2
3345 846 2
3646 818 2
4707 4495 2
2409 4353 2
3185 948 2
4377 4298 2
1938 4247 2
2692 1789 2
4777 1352 2
2668 634 2
431 658 2
656 4657 2
4012 77 2
2210 890 2
124 1030 2
1719 2580 2
414 3749 2
1586 366 2
144 3377 2
3061 3202 2
3345 1495 2
530 3059 2
2807 3600 2
4300 2642 2
2706 2137 2
4079 1479 2
383 372 2
788 1376 2
1636 3831 2
794 1049 2
3886 4790 2
3453 1154 2
4996 1600 2
4699 4770 2
3213 501 2
4795 1419 2
3636 3140 2
3907 2160 2
3094 4794 2
4008 840 2
935 2748 2
3642 1955 2
4840 3707 2
2440 4079 2
3208 4033 2
802 982 2
4164 1720 2
2886 3871 2
3819 3285 2
4434 3648 2
1759 3097 2
4132 1010 2
3646 2158 2
1498 4770 2
1181 1200 2
415 3764 2
1925 2985 2
3512 1358 2
2791 2770 2
4590 3125 2
921 1547 2
3883 4435 2
473 525 2
4762 1742 2
3594 1676 2
663 4376 2
3915 886 2
3750 1786 2
1388 3562 2
3913 3239 2
4981 3790 2
346 2335 2
2669 4067 2
648 3611 2
1986 646 2
1554 4999 2
969 4951 2
2154 3823 2
929 1814 2
2177 3923 2
85 4597 2
417 203 2
1324 2344 2
3560 4746 2
424 3145 2
146 1989 2
3513 1717 2
334 2366 2
3124 2394 2
4841 2999 2
4261 456 2
2245 581 2
2758 38 2
2092 3150 2
509 3376 2
4951 1228 2
3415 1637 2
793 3380 2
2673 776 2
1394 2825 2
3113 4991 2
4826 952 2
3856 4149 2
3406 2517 2
2171 410 2
3849 1975 2
870 4752 2
1200 2594 2
3005 3326 2
3767 1106 2
1418 1772 2
3257 2355 2
3214 4526 2
3948 3737 2
3234 3417 2
3626 1477 2
4931 2060 2
3900 3440 2
1835 2923 2
1543 2956 2
1449 3192 2
919 3883 2
4993 1595 2
4385 1269 2
4620 3490 2
1273 4579 2
4856 2875 2
4157 3748 2
552 2407 2
3630 3133 2
347 2626 2
1089 583 2
2528 897 2
2957 3497 2
4250 1352 2
4744 4288 2
3629 2215 2
660 1517 2
4750 4947 2
836 2900 2
942 117 2
3683 262 2
1061 2607 2
1576 3692 2
1895 2225 2
3004 4993 2
1296 3293 2
4308 3572 2
1278 416 2
4190 2419 2
29 4030 2
4024 2106 2
464 1110 2
2432 168 2
3217 1514 2
718 1046 2
3721 1710 2
2816 2776 2
2869 3403 2
1918 4113 2
709 3199 2
3955 4316 2
614 4352 2
1702 826 2
3593 2747 2
2923 1698 2
2997 3122 2
1178 2907 2
2820 423 2
2537 1617 2
4806 85 2
3417 4596 2
4180 1145 2
4786 1484 2
1003 2151 2
2436 3383 2
2288 519 2
3061 2715 2
2462 1346 2
3124 4555 2
3021 2936 2
4928 4757 2
97 1611 2
4481 1559 2
4345 470 2
4136 4094 2
2526 373 2
825 1482 2
821 3499 2
3122 2353 2
2379 3475 2
1908 3621 2
4273 2368 2
556 261 2
3174 2258 2
4155 1738 2
1806 4247 2
4537 4139 2
1822 3873 2
2333 4628 2
1822 31 2
123 4950 2
943 2627 2
3593 4741 2
1510 3850 2
2700 4208 2
1809 3705 2
1762 11 2
1043 2799 2
2889 486 2
3943 3584 2
1174 4247 2
1281 1098 2
3491 2949 2
460 574 2
4133 1059 2
2432 2278 2
573 1426 2
579 4875 2
858 3090 2
847 4416 2
3780 2924 2
3950 599 2
816 4282 2
2853 3543 2
1401 3257 2
3053 697 2
2538 82 2
4250 3212 2
4782 1046 2
4502 866 2
3873 1548 2
4849 22 2
4501 1279 2
1277 1261 2
2431 3521 2
3831 4322 2
1041 4830 2
1985 2377 2
2795 3238 2
2021 206 2
2818 201 2
1878 3512 2
2832 624 2
1497 1592 2
2542 3337 2
120 1374 2
3132 4211 2
1682 2995 2
4257 4036 2
2938 4918 2
2540 104 2
158 3598 2
2995 2952 2
1838 81 2
1309 4694 2
79 1661 2
4556 4052 2
4353 4458 2
2724 238 2
2318 2472 2
2355 2555 2
2284 2704 2
4362 3505 2
1765 1182 2
1364 2956 2
177 3845 2
80 1851 2
1821 4881 2
2523 2063 2
1985 2103 2
480 789 2
1236 1411 2
1400 4728 2
3733 2446 2
1916 2132 2
1431 2855 2
4270 1264 2
2321 2587 2
1222 351 2
1915 4749 2
2213 3084 2
3876 3661 2
2642 1411 2
1141 3285 2
3332 4066 2
3417 3722 2
3817 3739 2
2393 1489 2
4083 1098 2
3333 743 2
3524 2966 2
4603 4656 2
1981 2448 2
1841 3023 2
817 2740 2
2269 3822 2
1663 3237 2
666 964 2
1896 2693 2
2891 2235 2
2926 660 2
4078 1930 2
63 175 2
3380 2611 2
3927 1901 2
3202 3467 2
1709 3269 2
1694 816 2
997 4633 2
677 1961 2
1942 1563 2
818 833 2
1494 2871 2
3697 2213 2
1087 4080 2
3005 1592 2
2498 2978 2
2843 4756 2
1927 3523 2
1286 278 2
751 3219 2
1898 2514 2
4829 4565 2
4790 511 2
4431 1070 2
28 1095 2
2441 209 2
4018 14 2
3773 788 2
3610 4006 2
3792 3673 2
894 1334 2
4578 4117 2
4618 3305 2
1557 4468 2
665 4139 2
4014 2683 2
3256 1999 2
2240 487 2
392 4996 2
3894 1016 2
3932 2085 2
1924 1714 2
2517 2119 2
1225 43 2
1934 741 2
2342 9 2
3211 3217 2
1619 3057 2
2858 4077 2
4166 731 2
2155 2201 2
734 1351 2
1021 1869 2
4446 4376 2
739 3239 2
4384 541 2
3486 2994 2
2059 1336 2
1684 1928 2
729 2805 2
4447 1051 2
4991 1122 2
3969 4612 2
2508 2675 2
1030 1759 2
1359 2940 2
2406 3972 2
999 2784 2
4530 2205 2
2958 4597 2
2625 2506 2
4826 3076 2
3986 3441 2
3974 1294 2
249 4943 2
2322 950 2
967 651 2
752 1068 2
1583 3845 2
1671 1786 2
1122 1152 2
767 4752 2
4474 4497 2
4322 2931 2
3300 3407 2
4783 1244 2
4412 3118 2
4531 4390 2
3561 779 2
2623 3637 2
3031 2233 2
1816 3084 2
1730 1651 2
1912 1072 2
3429 4319 2
998 615 2
1233 1999 2
2956 703 2
2977 1269 2
2068 259 2
1296 4343 2
1164 3042 2
4152 3913 2
603 2943 2
4390 3722 2
496 3665 2
1259 1703 2
99 3786 2
4321 4579 2
1723 2629 2
3953 2671 2
4192 2538 2
896 2681 2
2498 3734 2
2217 4856 2
4620 4383 2
4499 1225 2
2310 1023 2
140 3481 2
2229 2323 2
1355 3741 2
1678 1083 2
2848 4670 2
2639 2298 2
3621 743 2
795 2249 2
4458 3144 2
3604 806 2
723 4126 2
3046 1764 2
3265 4290 2
4970 1050 2
1508 2421 2
1676 4054 2
1947 3408 2
3726 3721 2
3553 835 2
3314 3511 2
404 370 2
378 2649 2
3657 4139 2
4896 1536 2
1300 3082 2
4579 2178 2
3393 1088 2
2979 465 2
1712 1716 2
166 1345 2
2199 2390 2
4516 4455 2
4029 2805 2
1062 2648 2
458 3452 2
1161 3653 2
4719 1842 2
4537 4794 2
1781 1905 2
2297 3275 2
3023 1686 2
4578 3037 2
4861 3800 2
49 4400 2
3560 1615 2
4359 4064 2
1836 1234 2
3742 852 2
4218 1496 2
3059 766 2
2881 4982 2
2007 4262 2
4852 1938 2
1790 2556 2
1818 1852 2
1149 3338 2
1611 2515 2
3443 4405 2
4386 2300 2
282 678 2
1005 2087 2
1887 1125 2
2813 2387 2
4949 1957 2
4464 1978 2
3187 3119 2
4545 4393 2
1216 3235 2
1560 3455 2
4442 1359 2
616 4120 2
588 4345 2
1867 278 2
2956 5 2
62 3287 2
3230 432 2
1094 4213 2
116 1573 2
3950 4555 2
4296 506 2
2672 3362 2
3766 3642 2
1178 3958 2
2603 4701 2
3666 2930 2
148 1776 2
1691 3958 2
139 3227 2
4840 4609 2
201 3842 2
1607 2218 2
3360 2769 2
4480 3290 2
2235 3784 2
3246 2133 2
1804 4137 2
3431 2637 2
2215 3744 2
1556 4178 2
2642 3768 2
1960 2898 2
4640 2709 2
4194 1064 2
3275 610 2
4861 2534 2
2726 1209 2
3178 3970 2
3409 402 2
1406 3666 2
3600 2346 2
1692 4567 2
2494 2639 2
1942 581 2
3348 1698 2
4564 3565 2
3833 541 2
60 533 2
4080 4633 2
3248 2172 2
1567 2026 2
2941 1942 2
1579 3785 2
1744 2306 2
2724 644 2
3048 1633 2
2060 2327 2
4545 1136 2
4878 1093 2
631 4789 2
1272 4357 2
4582 3288 2
4893 3546 2
3112 3159 2
4263 3574 2
4425 507 2
4346 3855 2
4851 1376 2
151 3467 2
2128 3106 2
3107 2353 2
959 1599 2
648 4177 2
4696 2887 2
660 4125 2
2551 3595 2
3062 326 2
1985 4211 2
3039 1940 2
866 3620 2
3570 2575 2
4470 2983 2
1223 4324 2
488 234 2
547 4535 2
1478 3744 2
1529 358 2
4153 885 2
689 2457 2
722 2568 2
1488 1867 2
2912 3721 2
2997 1211 2
4893 4923 2
3634 1622 2
2662 3515 2
3950 1160 2
611 684 2
3019 1568 2
4644 2820 2
2231 1162 2
4177 150 2
2585 3077 2
437 3852 2
3332 3285 2
1517 2289 2
446 2167 2
2719 3903 2
4336 1475 2
710 4251 2
3885 2373 2
4001 354 2
2516 1364 2
3113 4477 2
513 480 2
1703 2075 2
1813 3441 2
2521 4406 2
2230 2467 2
883 3797 2
4904 1176 2
3403 461 2
2964 1977 2
3533 2789 2
2442 2443 2
2968 4457 2
4480 4891 2
2211 3418 2
3232 4488 2
2730 3210 2
3331 1876 2
3358 2949 2
172 2251 2
3309 1018 2
4719 3885 2
1291 1549 2
3470 3205 2
4849 1271 2
2572 4620 2
612 1838 2
1276 3881 2
3067 845 2
3909 1722 2
1740 849 2
4501 2829 2
3676 1571 2
2762 2449 2
515 2663 2
1619 2910 2
4146 3108 2
2871 4664 2
3881 3874 2
3756 2349 2
1956 3165 2
1881 2574 2
405 170 2
1523 3900 2
3068 2848 2
3406 4229 2
2667 221 2
3785 947 2
8 934 2
3932 4241 2
4171 2136 2
4715 4970 2
4608 4756 2
610 106 2
2720 3573 2
4405 1579 2
4974 2919 2
2 4243 2
3502 2263 2
1374 3349 2
3204 4473 2
3078 2419 2
82 3240 2
3411 4728 2
869 1140 2
3631 3430 2
2786 2947 2
3249 1957 2
3440 2429 2
171 3552 2
23 4630 2
818 615 2
3188 3386 2
3888 2373 2
4404 4358 2
579 2158 2
14 85 2
4058 2352 2
1541 2420 2
3342 1396 2
4221 2119 2
2314 485 2
483 375 2
3250 4729 2
2511 2658 2
2255 93 2
2782 994 2
753 1122 2
538 3190 2
2481 3830 2
4492 3723 2
4667 596 2
522 3720 2
3502 1206 2
2658 706 2
4645 1936 2
2815 1184 2
2015 2903 2
927 3821 2
28 4465 2
20 4824 2
275 4295 2
1583 475 2
4731 3450 2
4729 2170 2
2094 1730 2
908 3733 2
648 1916 2
4489 2262 2
235 3339 2
4886 2979 2
4414 3764 2
3433 4071 2
3659 2390 2
4409 4135 2
1677 3019 2
4411 4092 2
2914 3106 2
4012 2497 2
959 3586 2
4943 4633 2
1365 3005 2
413 1777 2
59 2784 2
1022 2538 2
1915 2285 2
3397 1346 2
1561 3344 2
176 3417 2
2275 3097 2
4245 3709 2
3625 4421 2
3724 2477 2
2078 899 2
1444 2864 2
514 791 2
649 275 2
2727 482 2
589 2313 2
3917 4413 2
3522 3732 2
4983 4458 2
1481 590 2
2156 3284 2
4673 1319 2
1343 4479 2
939 2989 2
4586 3137 2
323 1861 2
2183 385 2
4654 1155 2
3606 910 2
423 2944 2
2816 1353 2
1458 3567 2
2338 4539 2
3533 1820 2
3301 3834 2
4140 3449 2
4358 1814 2
2441 2226 2
491 3708 2
390 4193 2
3107 3081 2
3039 1575 2
4936 2162 2
2713 828 2
933 1585 2
2052 1477 2
4364 553 2
2131 4187 2
495 1007 2
627 1362 2
1639 2762 2
1100 2979 2
3562 4441 2
2376 2076 2
2713 878 2
128 4943 2
121 1825 2
2824 3849 2
4492 3460 2
3496 2507 2
4057 2174 2
3818 1928 2
2172 2384 2
3959 4375 2
1426 3924 2
4946 3627 2
1781 872 2
473 1683 2
3417 1940 2
794 3133 2
3789 4347 2
4105 411 2
2558 1999 2
2598 3782 2
1314 3599 2
6 2843 2
1933 3543 2
785 257 2
3597 2005 2
1931 298 2
4995 4144 2
1666 2317 2
172 4570 2
3915 2644 2
3636 2112 2
1851 72 2
4764 1524 2
3007 3754 2
292 1687 2
3382 2580 2
2404 1933 2
4879 876 2
4096 3420 2
4112 2565 2
4154 4392 2
4033 631 2
2067 646 2
1404 4372 2
4811 2286 2
4469 3151 2
4174 796 2
3490 2871 2
1785 1764 2
3765 3539 2
2657 292 2
3993 4457 2
960 2407 2
1146 3706 2
57 2637 2
4487 1009 2
1154 4819 2
2719 4646 2
1124 431 2
1100 4736 2
1433 3666 2
2036 2600 2
991 3707 2
1265 3257 2
3344 1326 2
2783 2561 2
1041 4506 2
3740 1928 2
1973 4373 2
2130 3419 2
2465 4929 2
3791 1553 2
1066 1931 2
955 4811 2
3157 1492 2
338 180 2
4215 3720 2
3667 1561 2
829 1446 2
2592 688 2
2167 2946 2
4379 3337 2
3391 910 2
1796 466 2
1142 535 2
282 2587 2
2375 2279 2
3189 2263 2
1384 3999 2
3042 1810 2
258 1256 2
4144 1796 2
2787 2544 2
1502 4907 2
3703 3516 2
4376 3330 2
2856 4615 2
329 1834 2
403 4055 2
3899 934 2
3829 4409 2
2889 2216 2
3450 2862 2
3615 2552 2
3129 4798 2
1477 1606 2
4670 2033 2
2096 1033 2
1989 1715 2
4232 3213 2
4557 968 2
4645 2395 2
4151 4369 2
1590 4550 2
4602 512 2
1552 3627 2
4454 1485 2
1297 4666 2
134 4301 2
3997 3653 2
251 593 2
3266 1203 2
3423 3008 2
1786 1521 2
4438 4985 2
4020 625 2
553 4915 2
347 2257 2
246 34 2
472 4125 2
56 1705 2
4104 844 2
2017 1575 2
4031 1890 2
4755 3804 2
680 165 2
3281 1946 2
2794 920 2
1585 4078 2
356 4674 2
4162 4013 2
1862 1004 2
1699 1887 2
3486 1646 2
4146 3500 2
4081 283 2
3558 571 2
996 645 2
4427 4656 2
518 3712 2
286 2094 2
1683 184 2
3270 923 2
4446 2117 2
4494 601 2
1453 1983 2
4330 2 2
2343 575 2
4486 8 2
2784 1739 2
129 2550 2
332 1197 2
1910 3555 2
1676 3425 2
3225 3847 2
4517 1458 2
2081 1817 2
99 3508 2
1631 2338 2
1696 2321 2
77 538 2
2751 192 2
544 4990 2
3825 3691 2
4319 4239 2
827 1066 2
4306 369 2
1668 3279 2
3960 4292 2
3331 3335 2
4352 2316 2
4053 4243 2
2065 2647 2
2948 4618 2
1153 4165 2
4707 2349 2
4155 2417 2
287 2974 2
358 2342 2
1628 1000 2
1975 3405 2
1548 1345 2
3886 3181 2
3465 1804 2
4609 3405 2
2651 457 2
1633 1166 2
858 3668 2
2350 3150 2
807 4363 2
2837 3714 2
4028 4310 2
4074 173 2
4949 2466 2
4303 2614 2
4726 1557 2
4585 993 2
535 4104 2
2100 2267 2
3922 786 2
1027 1392 2
2032 20 2
2583 1369 2
1265 1282 2
895 1228 2
3074 3873 2
2562 4224 2
4266 4395 2
1505 2154 2
2567 4686 2
4442 640 2
1575 2524 2
2360 4135 2
4103 1528 2
4225 2954 2
1337 2759 2
4786 2928 2
3769 1521 2
3316 4836 2
162 196 2
3252 4213 2
1680 4624 2
4982 3226 2
3994 4651 2
1970 4686 2
4214 248 2
2244 1706 2
2980 278 2
316 4031 2
3367 3866 2
2772 677 2
2026 4042 2
4289 1248 2
3055 34 2
1349 669 2
3889 3357 2
3633 3592 2
1889 233 2
534 3806 2
4253 1909 2
2759 1185 2
3140 100 2
828 4747 2
267 2065 2
2906 2733 2
88 4345 2
2056 693 2
1559 3233 2
4938 725 2
4203 1636 2
1850 2061 2
1774 4208 2
2363 4789 2
1539 1231 2
4800 827 2
4946 2954 2
4684 176 2
3120 2104 2
4986 1904 2
4570 2799 2
3946 1928 2
4824 958 2
2936 2647 2
2162 594 2
3214 2352 2
4237 2984 2
4513 1149 2
1846 1905 2
2385 2157 2
848 4066 2
1353 899 2
3260 4443 2
4704 2535 2
13 693 2
4752 1250 2
3761 1300 2
1680 301 2
1452 3242 2
4848 417 2
2164 2831 2
3018 4913 2
614 4477 2
1026 2159 2
1299 2547 2
1350 4107 2
878 2818 2
4472 4305 2
3037 3918 2
2025 4457 2
2323 3311 2
2743 4356 2
1882 4915 2
4060 2886 2
2169 672 2
1536 1826 2
946 3581 2
512 2198 2
2893 1158 2
1890 3353 2
2074 1744 2
3440 2998 2
318 987 2
1924 531 2
3272 3438 2
4884 1092 2
1641 4229 2
2808 1638 2
2961 1151 2
3548 4617 2
1867 3638 2
3897 4209 2
1209 3702 2
1676 3613 2
2447 2987 2
3759 4811 2
342 1365 2
3254 4651 2
4115 4982 2
2011 4014 2
1668 3242 2
4080 1724 2
2045 2385 2
1961 3895 2
3598 2301 2
4737 294 2
4927 16 2
2510 1370 2
4570 4844 2
2183 4176 2
1844 1698 2
4945 1250 2
3243 1821 2
3584 4354 2
3254 2566 2
2457 1268 2
2835 691 2
2295 4590 2
878 4054 2
4962 4403 2
638 1935 2
2193 2402 2
4160 3444 2
4935 331 2
2104 609 2
740 3735 2
3782 2028 2
4998 2474 2
2062 3531 2
1052 4691 2
711 4592 2
2558 4150 2
2274 1992 2
4263 1542 2
4628 3394 2
1213 571 2
4890 1727 2
4350 1995 2
3988 646 2
2583 4411 2
3740 1639 2
1661 572 2
2253 3300 2
2374 1608 2
1156 388 2
4677 4560 2
4897 2923 2
1658 4889 2
4599 962 2
2544 1586 2
1166 3146 2
137 2226 2
1929 671 2
1662 4584 2
1530 4004 2
4607 1544 2
2425 429 2
1643 4745 2
4547 2719 2
146 2139 2
1813 3981 2
2836 2251 2
4542 524 2
4292 500 2
3057 3230 2
2262 1085 2
3885 3873 2
1481 4608 2
3899 3502 2
392 2597 2
4250 4683 2
3570 1455 2
1849 2116 2
427 4069 2
4945 666 2
3142 1035 2
1262 1544 2
1360 161 2
1071 3836 2
2445 4184 2
3574 4856 2
2827 4231 2
4652 2171 2
4097 4874 2
4832 222 2
1977 4461 2
374 553 2
605 1600 2
846 807 2
74 1198 2
4831 952 2
1990 1355 2
3137 4961 2
2937 3405 2
5 4699 2
708 3327 2
45 2897 2
2872 3116 2
624 207 2
1273 716 2
626 3151 2
3754 801 2
3740 1689 2
434 2873 2
2318 4744 2
85 1764 2
2240 1478 2
693 1568 2
320 1099 2
472 2085 2
716 1937 2
2892 916 2
2040 2589 2
2727 2751 2
2723 546 2
307 4680 2
1626 4767 2
3676 1848 2
1631 3181 2
4164 540 2
726 1065 2
2082 2282 2
2665 1257 2
2919 4348 2
1587 4621 2
377 3313 2
416 3831 2
882 3101 2
1176 542 2
973 1227 2
1315 3722 2
1947 2989 2
783 4822 2
4998 4904 2
86 2304 2
3795 1307 2
189 633 2
3681 268 2
1202 680 2
2613 3976 2
96 1137 2
328 3970 2
4483 3208 2
3111 1698 2
130 4676 2
4355 1840 2
432 1276 2
594 2830 2
3485 4677 2
2338 4707 2
3530 1510 2
4591 1922 2
387 3276 2
3717 100 2
2778 2270 2
2420 4942 2
75 125 2
1589 148 2
2261 4387 2
3359 2285 2
4324 3625 2
1022 4846 2
3617 373 2
3698 1755 2
1586 3778 2
1958 2186 2
2253 2869 2
3185 3441 2
409 1517 2
50 3504 2
3356 4051 2
3508 2694 2
3759 2757 2
4303 4519 2
4752 2599 2
1988 3959 2
561 4407 2
3494 4551 2
1469 4987 2
3182 4971 2
1021 405 2
4232 4715 2
2117 1424 2
2 2874 2
4431 2289 2
2951 1347 2
3872 4088 2
361 630 2
2946 1570 2
1203 3890 2
203 547 2
1063 345 2
4224 1862 2
975 2213 2
3893 3143 2
4476 403 2
1611 2411 2
3793 394 2
448 4794 2
3772 3099 2
173 3427 2
1923 1912 2
3050 1683 2
1638 4582 2
3656 1238 2
3370 2126 2
4624 1162 2
536 885 2
3785 1054 2
303 2337 2
716 1360 2
2709 3925 2
4212 2191 2
4746 644 2
240 1577 2
4373 383 2
1406 296 2
1812 629 2
1838 1724 2
1729 2703 2
2115 3460 2
4613 249 2
156 4813 2
1845 124 2
3080 3626 2
3133 4278 2
3054 4689 2
2903 2276 2
2292 3330 2
2715 2965 2
1887 2776 2
518 2151 2
2136 4610 2
2454 1685 2
383 3245 2
1324 4237 2
43 275 2
4685 1898 2
3129 4755 2
2532 4911 2
997 1792 2
3481 4559 2
2425 2348 2
2243 4388 2
2931 1910 2
1477 3596 2
2949 1024 2
1217 4204 2
1808 1180 2
1807 1341 2
771 1129 2
4719 2845 2
4415 2325 2
1599 656 2
908 3972 2
2970 1716 2
945 1550 2
3798 374 2
4642 837 2
1904 1638 2
3862 4199 2
3744 1652 2
787 2552 2
2354 271 2
938 2768 2
4417 136 2
1095 710 2
485 2673 2
920 2039 2
4447 1332 2
127 3398 2
321 3043 2
3096 2755 2
3169 4927 2
1339 1372 2
3199 972 2
2562 216 2
2922 4123 2
3916 583 2
39 3558 2
930 2295 2
4873 429 2
474 1719 2
3404 807 2
1272 4304 2
4826 4248 2
1875 3584 2
179 4492 2
2843 3793 2
4260 3113 2
1076 3543 2
3920 1624 2
1257 777 2
974 3469 2
896 3347 2
730 1276 2
1584 1659 2
1336 2713 2
1307 1685 2
948 1795 2
4997 392 2
4877 1818 2
768 4924 2
1815 3184 2
1281 196 2
3386 3353 2
4801 2588 2
220 2339 2
4390 3968 2
712 4881 2
3830 2364 2
2261 1824 2
106 606 2
4598 4061 2
3511 2801 2
3313 1455 2
919 2216 2
4123 4628 2
2468 673 2
1854 1487 2
60 557 2
2105 1499 2
2193 4739 2
4059 3398 2
1302 3470 2
2997 4280 2
1377 3120 2
1303 3382 2
1570 263 2
1690 2870 2
613 526 2
1113 3254 2
2900 3270 2
1795 2581 2
529 1140 2
4086 615 2
778 2582 2
4512 3710 2
4015 654 2
4409 4120 2
4039 2588 2
1221 3348 2
1664 344 2
4502 2535 2
1133 96 2
1034 3419 2
2490 642 2
3151 4319 2
4609 3522 2
3654 1577 2
339 3432 2
3826 4392 2
3844 2494 2
3657 3923 2
4306 1340 2
1284 4189 2
2962 3430 2
1123 4465 2
4922 3098 2
2898 1534 2
553 432 2
4658 2888 2
2306 1637 2
3985 4474 2
4582 3560 2
4860 1070 2
2911 4014 2
1341 1265 2
4215 3228 2
1809 1847 2
759 3056 2
1541 4617 2
2714 68 2
1170 4712 2
804 728 2
492 830 2
918 2428 2
218 146 2
3447 1568 2
69 3028 2
2030 3147 2
3625 3332 2
1551 838 2
2443 1443 2
263 1055 2
1745 1876 2
1348 1587 2
4561 2057 2
579 1846 2
3126 3627 2
2572 63 2
4304 4787 2
441 2158 2
1255 2593 2
1888 3750 2
1868 2772 2
1920 2559 2
2235 3456 2
3301 186 2
976 372 2
1985 1212 2
676 2964 2
2867 4968 2
1227 1626 2
311 3150 2
3023 4632 2
3789 2957 2
2665 3462 2
1270 162 2
1941 2268 2
4891 2560 2
3589 2831 2
2994 1395 2
2608 2852 2
572 1839 2
1626 3791 2
4457 773 2
858 445 2
2667 255 2
3591 1277 2
2959 1227 2
1278 1581 2
2944 4732 2
2575 1565 2
1621 1170 2
323 172 2
4916 4020 2
4298 2126 2
3259 600 2
3103 3640 2
4966 3371 2
349 1640 2
4920 928 2
4532 540 2
3077 3724 2
4443 4787 2
2125 507 2
2311 410 2
3422 73 2
4441 862 2
1577 773 2
2649 1956 2
772 1476 2
1831 4643 2
1429 483 2
2841 3589 2
4832 3122 2
4335 4650 2
4511 1579 2
2452 4712 2
1334 1911 2
151 1569 2
123 3347 2
3949 923 2
4766 3399 2
3461 1745 2
2289 3303 2
1933 1902 2
4908 1220 2
4153 3315 2
4111 2589 2
2810 670 2
4199 2390 2
265 4504 2
4470 1668 2
3528 3333 2
3628 2315 2
3666 770 2
1147 1980 2
1013 4977 2
3071 25 2
4071 3322 2
1620 359 2
4703 450 2
4970 2059 2
3462 3000 2
3499 3022 2
3168 2914 2
1553 1890 2
1966 3861 2
2891 2315 2
3834 1800 2
2221 328 2
1935 20 2
969 4168 2
2568 2065 2
2850 502 2
607 161 2
3134 3334 2
4849 4748 2
4973 2608 2
1840 3241 2
2408 3124 2
1589 1 2
2526 3355 2
3876 999 2
216 3187 2
1982 341 2
1206 1196 2
1043 4696 2
3228 3127 2
1047 4149 2
2531 3655 2
1701 1980 2
56 2556 2
3375 453 2
2168 3701 2
1646 1747 2
923 3696 2
2966 705 2
475 2014 2
4655 2577 2
3929 1082 2
3367 1091 2
1865 461 2
4962 3551 2
2285 3161 2
457 4509 2
2979 3212 2
953 2571 2
2838 2554 2
2617 1605 2
523 4234 2
4285 1274 2
3725 4943 2
1989 761 2
1171 1793 2
4497 2156 2
682 3888 2
1212 66 2
3942 4740 2
2872 3231 2
575 4699 2
3192 820 2
645 1869 2
996 2233 2
1850 3519 2
1 2159 2
1350 4009 2
1419 4127 2
30 223 2
636 3580 2
4670 2581 2
913 2927 2
2833 4477 2
1756 2723 2
1991 2327 2
4887 6 2
1763 1172 2
877 4587 2
1146 2199 2
169 4950 2
520 2952 2
3161 901 2
1672 1811 2
1454 2405 2
2151 3254 2
2954 1415 2
2438 4762 2
939 1645 2
3785 4098 2
4562 131 2
4315 4436 2
61 3983 2
525 1915 2
3239 4704 2
4581 766 2
1626 4604 2
4312 2679 2
3301 4731 2
1248 4225 2
2342 3976 2
1106 2692 2
110 20 2
733 2471 2
2983 2338 2
3710 2553 2
4368 3830 2
4247 4535 2
1792 1533 2
220 2498 2
1030 2899 2
696 3045 2
1126 224 2
273 3587 2
3893 4243 2
4856 2935 2
2166 647 2
2607 1025 2
1199 3461 2
1526 1923 2
3850 2676 2
2303 1301 2
1218 2999 2
2513 3387 2
2673 4683 2
1813 4075 2
305 2726 2
1799 2791 2
979 3098 2
3760 1014 2
2402 2218 2
1470 1404 2
4214 811 2
2077 1252 2
3017 809 2
2655 241 2
4438 4259 2
1208 53 2
826 3389 2
285 4556 2
1637 2495 2
1694 4693 2
821 2586 2
4263 4701 2
4165 209 2
4469 2507 2
3834 2750 2
4598 973 2
217 3595 2
821 4663 2
4107 388 2
270 1692 2
2562 3483 2
2572 2878 2
4059 3502 2
2897 4287 2
814 1 2
1286 4600 2
1673 879 2
179 3335 2
4741 4669 2
3357 2948 2
2620 3999 2
3014 2629 2
2775 1099 2
2733 4296 2
3484 4533 2
243 3783 2
2605 1356 2
3587 2985 2
4743 414 2
2768 2493 2
1331 3749 2
635 4191 2
887 3253 2
1108 977 2
1726 2383 2
2854 1866 2
2283 492 2
947 4124 2
4200 845 2
2166 544 2
2582 2103 2
988 1950 2
2344 220 2
863 1224 2
999 3781 2
292 2331 2
1891 30 2
1084 3836 2
4554 4386 2
2333 1084 2
1499 893 2
3828 1428 2
834 3261 2
4013 392 2
728 2340 2
1506 229 2
924 1714 2
1959 3846 2
83 3955 2
3362 77 2
4814 3996 2
4579 2845 2
3828 636 2
476 1198 2
3175 844 2
2011 3070 2
4056 626 2
3977 1086 2
1326 3065 2
4787 4661 2
4541 1915 2
4884 300 2
3985 4934 2
1950 1566 2
465 710 2
4274 4840 2
33 523 2
2473 375 2
1287 1941 2
3457 2937 2
470 2140 2
419 979 2
4817 3088 2
129 4807 2
3158 4692 2
1709 2810 2
4439 4192 2
4905 2080 2
1060 4577 2
3382 3467 2
2701 4775 2
713 1864 2
4660 774 2
947 44 2
3297 1028 2
4227 266 2
4922 194 2
1632 106 2
185 1122 2
1854 1102 2
53 4506 2
2350 3950 2
4889 3378 2
3777 1129 2
1850 73 2
486 3088 2
431 1333 2
3625 1241 2
3489 3512 2
4947 4901 2
1239 2087 2
4181 3677 2
935 4776 2
2200 2893 2
1517 39 2
3776 3572 2
1555 4165 2
3235 3903 2
874 42 2
4260 2223 2
2366 855 2
4261 1956 2
2157 1742 2
4071 2287 2
3797 1535 2
4534 4310 2
4514 976 2
4729 3479 2
2940 1823 2
3152 1176 2
1886 1973 2
961 4044 2
3144 4970 2
317 2589 2
1033 2796 2
4518 327 2
2939 1359 2
32 3023 2
1333 4779 2
4832 473 2
1534 1754 2
984 538 2
2183 1009 2
1668 1585 2
237 772 2
3552 1130 2
947 2643 2
2148 122 2
3196 4743 2
1277 1213 2
2406 2540 2
4646 2053 2
2207 4324 2
1588 4228 2
4975 1172 2
3923 3429 2
2222 1060 2
473 4522 2
3231 4613 2
178 4612 2
2874 3745 2
2043 3133 2
1453 1474 2
3092 1472 2
1337 2612 2
2800 1127 2
3096 713 2
674 890 2
3638 369 2
430 1867 2
404 2131 2
4513 2894 2
2907 1725 2
637 3528 2
4065 574 2
2780 2740 2
3623 1436 2
1736 3499 2
1784 3643 2
2492 838 2
4209 903 2
2709 2472 2
4936 379 2
4358 3731 2
1270 4008 2
753 2780 2
3952 245 2
1079 4661 2
3990 3813 2
2773 3916 2
2331 4781 2
665 2589 2
587 4439 2
4421 3356 2
2256 104 2
436 1848 2
1151 2369 2
219 2793 2
3924 4965 2
646 2537 2
4677 518 2
2143 2589 2
635 4375 2
4109 819 2
1598 845 2
4676 950 2
4875 1386 2
4 4299 2
3029 3053 2
3595 890 2
1591 1923 2
2913 3157 2
3776 1790 2
2118 2781 2
2889 2078 2
1845 3640 2
3059 2924 2
2812 3856 2
979 3902 2
473 3993 2
1235 227 2
634 533 2
4975 2132 2
861 4292 2
4711 4323 2
3418 1751 2
1141 420 2
4011 3931 2
4928 605 2
2499 4356 2
473 4778 2
2957 4426 2
3124 1760 2
939 115 2
4633 2224 2
2935 1262 2
1005 4713 2
4724 1129 2
1230 1645 2
3768 4385 2
1968 1938 2
4638 2713 2
2507 2111 2
4813 970 2
1390 899 2
2469 3681 2
1363 2243 2
3788 1630 2
3819 25 2
4366 3816 2
2410 648 2
3664 1503 2
3243 4650 2
3175 4983 2
1560 4047 2
1637 3488 2
44 3888 2
495 1360 2
4299 4352 2
252 4351 2
345 2532 2
782 4369 2
4743 2797 2
3173 623 2
342 3914 2
3876 3841 2
629 438 2
4342 3257 2
605 4818 2
1947 1391 2
3759 1822 2
3494 234 2
2628 479 2
4564 522 2
4038 4797 2
2664 569 2
156 1389 2
1625 1924 2
286 1433 2
4978 1360 2
2077 2669 2
2288 309 2
2207 1880 2
216 799 2
2514 810 2
2173 2316 2
4922 4459 2
1501 1854 2
3507 1218 2
4114 1888 2
1798 2423 2
1952 1098 2
4946 2105 2
3303 4032 2
2280 2753 2
3329 3158 2
1010 1067 2
4140 78 2
2655 2611 2
880 1435 2
785 4083 2
2778 4492 2
629 4205 2
3154 1423 2
1153 3386 2
155 4331 2
3679 799 2
2100 136 2
3290 3452 2
4965 2133 2
3434 1592 2
274 4788 2
1789 3980 2
1535 4908 2
659 2413 2
2475 4030 2
2222 4937 2
2444 2662 2
3116 2998 2
3144 3583 2
782 2286 2
2837 1978 2
1673 2028 2
1940 1622 2
3502 3266 2
683 3334 2
4419 4967 2
755 2987 2
3238 4575 2
1556 456 2
3581 3040 2
3842 3902 2
3980 4301 2
1872 765 2
3391 1282 2
4806 2401 2
3865 4483 2
3103 3543 2
3402 1439 2
4587 4418 2
3912 3393 2
3612 3486 2
3569 3162 2
248 4171 2
3908 2913 2
2179 1303 2
1638 3634 2
4108 1087 2
2163 2686 2
52 2857 2
171 3168 2
3521 4353 2
2788 4273 2
4944 3661 2
185 4407 2
12 645 2
3515 4998 2
971 1667 2
715 1852 2
4485 2689 2
39 4112 2
4405 2261 2
1998 3627 2
4508 1393 2
4552 4893 2
4947 531 2
4205 1042 2
1189 4919 2
3223 4326 2
1138 2674 2
1449 3142 2
1735 633 2
1187 4662 2
702 161 2
476 3965 2
4544 2046 2
4506 451 2
1966 1841 2
1280 191 2
579 4898 2
1327 552 2
4274 2868 2
787 4321 2
3699 2712 2
3584 3478 2
4619 3467 2
1720 1622 2
3489 397 2
4088 2681 2
3197 1470 2
4213 3415 2
2509 3351 2
2040 3721 2
37 3229 2
1462 3882 2
3711 3155 2
4241 856 2
2158 780 2
222 4786 2
63 2737 2
4878 4460 2
1042 3223 2
1306 4138 2
402 1401 2
3177 2340 2
3322 3985 2
2242 2960 2
133 2875 2
1829 3229 2
1677 3953 2
4838 1855 2
2741 2536 2
2902 2819 2
3545 3435 2
508 4682 2
3090 158 2
2424 3751 2
2789 1884 2
1733 1931 2
4232 4266 2
2534 2110 2
2049 3350 2
4501 4884 2
700 207 2
4247 628 2
4467 4053 2
2894 1852 2
979 3769 2
4501 3011 2
3569 4085 2
2872 3885 2
874 2350 2
3205 3602 2
1913 2058 2
4351 574 2
2345 1174 2
401 4224 2
2556 4449 2
898 4001 2
4512 2967 2
2152 918 2
2559 1254 2
4813 4363 2
3979 2881 2
146 3309 2
4636 2588 2
398 2072 2
4957 3499 2
412 2160 2
3858 235 2
275 4205 2
3083 3015 2
1086 3209 2
3600 1470 2
3234 1135 2
2437 1113 2
2593 1079 2
4277 2947 2
732 4436 2
587 4731 2
472 4620 2
773 4057 2
3150 346 2
2992 564 2
3989 827 2
241 1217 2
962 568 2
2473 2369 2
506 2133 2
2968 1880 2
3283 674 2
3207 276 2
719 538 2
1247 4282 2
4565 4722 2
4256 3864 2
2829 4130 2
1375 5000 2
3851 3183 2
1587 4437 2
4461 4125 2
4730 3996 2
4368 1395 2
2950 1006 2
297 1643 2
3864 1032 2
3411 1916 2
2150 4831 2
3716 2481 2
2193 2471 2
2378 3892 2
2532 2241 2
1424 1465 2
4034 4589 2
1651 2769 2
2961 4431 2
4169 2022 2
4184 4066 2
4938 1717 2
367 4369 2
3715 730 2
2225 2400 2
3232 2633 2
1702 3024 2
4341 2356 2
1719 1187 2
840 3649 2
3082 1196 2
2141 2010 2
3091 123 2
3401 2447 2
3036 486 2
4473 1560 2
4851 3281 2
480 4619 2
1572 14 2
2463 3687 2
2456 4098 2
2813 1915 2
1960 3259 2
3767 1549 2
4546 260 2
287 2302 2
3014 3555 2
3984 826 2
1822 4958 2
4475 3656 2
1938 180 2
1507 3590 2
122 4314 2
155 1215 2
3892 1871 2
4457 3878 2
572 4781 2
1153 4426 2
905 1220 2
627 3168 2
4624 764 2
4293 3729 2
4530 3214 2
3420 1655 2
3410 2763 2
4420 155 2
4667 386 2
1291 2869 2
563 956 2
1077 2536 2
3365 915 2
2916 1576 2
2022 3860 2
2085 641 2
4799 601 2
3709 3085 2
2350 4973 2
4369 1489 2
1391 2117 2
2547 3844 2
2438 3704 2
4511 3739 2
632 229 2
2298 4072 2
3923 3050 2
524 2560 2
3178 2508 2
3352 1217 2
4342 267 2
1755 4058 2
851 4253 2
1762 974 2
1552 2084 2
2969 3091 2
900 3895 2
950 1087 2
954 4752 2
55 3113 2
4101 4002 2
2246 1743 2
4132 4706 2
1142 2506 2
4590 2871 2
4531 3369 2
4371 2384 2
157 4631 2
4440 4518 2
1516 3356 2
133 3878 2
4699 3764 2
2242 3074 2
312 3455 2
901 1515 2
3479 3789 2
901 3438 2
2997 2208 2
1367 2867 2
3829 582 2
1968 4179 2
3730 3225 2
2134 268 2
3118 3217 2
858 4622 2
3545 4889 2
448 77 2
3009 2790 2
2399 3196 2
3434 2296 2
2604 748 2
2417 4317 2
996 2564 2
2865 2703 2
2067 3026 2
970 520 2
1179 1766 2
627 4938 2
1010 2953 2
3324 1945 2
735 308 2
3004 3080 2
455 4223 2
466 1315 2
4761 3371 2
1792 2265 2
3510 1510 2
802 2163 2
3937 3381 2
2548 1021 2
2664 166 2
3805 360 2
3843 338 2
4345 2308 2
2762 2732 2
4287 1024 2
1684 2469 2
4009 3756 2
2867 3899 2
1842 3235 2
711 26 2
1789 1588 2
2792 1891 2
3340 3590 2
4484 3475 2
2156 79 2
3005 2118 2
2007 1498 2
337 1675 2
3457 456 2
4353 850 2
2061 3265 2
1356 2145 2
2366 1532 2
3264 2501 2
3286 20 2
53 2704 2
2634 4801 2
3696 2496 2
162 2849 2
2820 476 2
896 2483 2
4280 3594 2
4998 3978 2
643 951 2
2030 3676 2
854 1204 2
571 1580 2
3045 1930 2
4678 1421 2
3139 2657 2
1065 2138 2
1177 1328 2
3857 289 2
2261 4661 2
4556 2035 2
3355 3463 2
64 3936 2
1545 2109 2
4061 601 2
4919 2232 2
1817 3218 2
3398 1536 2
1438 4370 2
3293 2880 2
4604 1767 2
2008 4438 2
58 4703 2
472 3121 2
585 1450 2
1893 3611 2
3395 3765 2
3360 1776 2
2770 3949 2
603 4989 2
1334 1474 2
1360 4653 2
512 2666 2
2374 244 2
1341 4924 2
293 1246 2
1321 3387 2
1445 1013 2
4623 856 2
1179 4367 2
1763 733 2
3616 2510 2
336 468 2
3221 4197 2
1298 2402 2
717 1718 2
3254 171 2
1820 2285 2
1416 534 2
303 3319 2
1615 4157 2
3992 2972 2
3278 29 2
3649 4751 2
3886 1604 2
667 542 2
810 2945 2
2424 1456 2
1773 3870 2
2066 2074 2
4191 4881 2
2608 3659 2
4511 3030 2
287 988 2
3038 3107 2
26 2410 2
3438 1104 2
4743 1055 2
4154 2753 2
4235 1054 2
920 4534 2
2652 1808 2
2298 3456 2
4758 4121 2
3489 4239 2
1879 1972 2
2922 3241 2
1895 4433 2
397 2679 2
2674 3907 2
1875 1680 2
2026 1410 2
4989 3912 2
3762 4112 2
3834 1624 2
477 1637 2
1132 2838 2
4714 4599 2
3200 1561 2
3417 4125 2
732 1300 2
1746 1093 2
4936 3930 2
785 590 2
455 1905 2
3944 4410 2
2226 3510 2
3804 1438 2
3542 1083 2
937 646 2
2380 3131 2
318 2571 2
2950 62 2
1576 73 2
3006 510 2
2941 2601 2
3946 1056 2
3502 1907 2
2093 316 2
689 3557 2
3527 2391 2
3023 4268 2
3656 4253 2
482 3624 2
1403 3013 2
9 1885 2
1060 3106 2
2491 4358 2
2332 632 2
2840 1063 2
4353 2338 2
468 2490 2
4712 3259 2
638 2532 2
656 488 2
4444 1792 2
411 2945 2
689 2706 2
3751 3458 2
3727 404 2
3786 826 2
1807 1504 2
2277 1044 2
1990 4106 2
544 2680 2
1252 4590 2
1909 382 2
3124 4944 2
1274 2915 2
3781 1881 2
2591 4635 2
2145 2897 2
2574 4120 2
815 215 2
4787 1037 2
3603 4802 2
736 650 2
4548 3636 2
3100 4011 2
3064 2985 2
2432 544 2
554 1297 2
1793 1069 2
1378 2648 2
3267 1878 2
4820 2432 2
3190 3618 2
2367 1581 2
17 744 2
2207 3089 2
2239 1290 2
122 3065 2
3708 4716 2
2241 3092 2
4301 795 2
3753 1715 2
85 2781 2
2547 4052 2
1897 2687 2
2082 246 2
3847 1903 2
1424 3006 2
3607 2640 2
2790 691 2
3758 760 2
939 313 2
2150 3992 2
3080 2438 2
375 4986 2
1874 1955 2
3280 1745 2
2631 621 2
1805 1657 2
148 4560 2
1645 4714 2
1624 4488 2
4315 3330 2
413 1554 2
4524 370 2
2728 2352 2
4756 1870 2
2045 1661 2
848 1709 2
3935 2115 2
1845 938 2
806 3010 2
2982 752 2
3613 88 2
3293 4380 2
456 2077 2
3386 2059 2
2351 3151 2
905 98 2
3783 2613 2
743 3891 2
1882 794 2
3560 3687 2
334 1337 2
4026 4801 2
4492 755 2
4946 3638 2
1150 3806 2
4476 2146 2
551 1862 2
3536 1681 2
982 2381 2
499 4097 2
2598 4826 2
700 4467 2
2952 3834 2
3368 1075 2
3136 575 2
514 2814 2
3313 1811 2
251 2976 2
1991 2775 2
1115 3879 2
3562 324 2
501 4855 2
557 4644 2
2592 4393 2
3522 857 2
304 2791 2
34 4455 2
3426 4284 2
4741 2399 2
1709 3477 2
2001 648 2
2351 358 2
723 2562 2
3241 2043 2
3140 2165 2
3771 280 2
378 971 2
2012 999 2
3814 193 2
4294 396 2
2738 3162 2
2491 4684 2
2676 898 2
2094 2 2
976 4865 2
1245 3709 2
746 4592 2
4003 2477 2
2499 3859 2
2327 4934 2
311 4789 2
1086 916 2
66 3718 2
4281 2130 2
2969 4953 2
3734 3499 2
449 2271 2
2062 1703 2
2066 2400 2
1338 4991 2
3464 2005 2
1823 429 2
4332 2136 2
211 4221 2
1724 211 2
4610 3647 2
1049 3151 2
2758 3437 2
2771 1630 2
1248 3806 2
2569 2929 2
4259 3389 2
4723 3617 2
693 4782 2
3247 2536 2
2569 1570 2
179 4650 2
163 4037 2
3105 1305 2
2506 3360 2
1885 3076 2
1797 163 2
374 2469 2
1843 716 2
3855 3434 2
4335 570 2
1261 1300 2
3524 4025 2
2236 1046 2
2276 234 2
1624 4581 2
2203 4684 2
3420 1170 2
1892 3019 2
2932 3355 2
4706 978 2
1787 2045 2
474 3433 2
355 3784 2
4758 1007 2
2388 3878 2
667 1069 2
882 875 2
2678 4926 2
3219 3353 2
3741 2220 2
2086 1049 2
639 688 2
4635 1027 2
3886 688 2
2273 3209 2
1128 2405 2
3271 4956 2
2934 1955 2
1542 4079 2
928 2930 2
136 2146 2
3159 1182 2
2748 92 2
1938 1827 2
144 4531 2
3731 4395 2
3364 3825 2
3881 1542 2
4069 2993 2
1960 135 2
2308 933 2
2467 115 2
2112 1671 2
2330 4188 2
2425 901 2
438 3814 2
4370 2444 2
1987 1318 2
1437 464 2
299 3858 2
677 3981 2
4686 2108 2
3882 3560 2
2230 3486 2
84 4156 2
4414 4041 2
78 338 2
4946 4 2
2462 4590 2
4178 1743 2
169 2152 2
3814 2158 2
2172 4382 2
4622 4474 2
2422 1988 2
4240 3712 2
4910 4777 2
3043 918 2
4158 3142 2
123 4760 2
86 1999 2
2636 4917 2
722 4948 2
3693 1176 2
946 4973 2
3078 2199 2
1938 1618 2
31 4694 2
3010 1058 2
2827 635 2
4349 3272 2
302 862 2
2643 3235 2
2267 275 2
3712 1866 2
1236 2747 2
111 2938 2
4032 687 2
4592 2500 2
3324 2281 2
982 4022 2
928 3250 2
758 4400 2
2600 2664 2
109 3400 2
1502 100 2
927 4487 2
3617 3237 2
4088 2806 2
450 1378 2
4975 1394 2
3949 3149 2
4688 4989 2
4233 1794 2
523 3212 2
2952 498 2
1895 2018 2
3858 1892 2
1417 4046 2
2792 2655 2
1939 1228 2
655 4615 2
2364 4830 2
110 2169 2
3656 424 2
545 122 2
1849 3346 2
547 4434 2
708 2522 2
477 2456 2
1364 2117 2
2465 4180 2
2698 90 2
1841 2944 2
2956 2712 2
969 2233 2
1809 284 2
4239 4009 2
4051 2990 2
1118 2233 2
457 2316 2
2306 3747 2
4394 3610 2
1574 553 2
236 2670 2
4002 561 2
4866 1226 2
379 2040 2
2990 4474 2
2969 3243 2
2639 45 2
3604 4189 2
4242 4844 2
1112 2458 2
1474 237 2
2732 2047 2
747 4509 2
2732 3559 2
545 4474 2
4720 3031 2
1419 4447 2
4949 4961 2
843 2767 2
31 325 2
3488 651 2
2126 2463 2
1058 3906 2
4572 4808 2
1240 1817 2
4028 39 2
3940 766 2
1281 4123 2
4240 3506 2
3412 1141 2
4804 3892 2
526 1118 2
3642 3291 2
576 1123 2
4564 1117 2
1474 3123 2
1711 1568 2
3174 4342 2
4520 1711 2
4473 4029 2
1470 1102 2
2203 233 2
3043 3321 2
517 1666 2
4997 4958 2
1953 883 2
2754 123 2
4627 1139 2
2933 1291 2
2670 1579 2
144 3636 2
3190 4502 2
4647 4568 2
2121 2902 2
3979 3541 2
151 907 2
3746 1031 2
4781 2877 2
518 318 2
2168 4751 2
4307 1581 2
2323 187 2
243 2533 2
2257 806 2
4400 1442 2
521 4689 2
3013 3297 2
880 123 2
2996 326 2
2200 3185 2
1596 1702 2
2966 3274 2
638 624 2
1130 3038 2
115 3199 2
2792 2485 2
2367 1647 2
2961 3315 2
3961 900 2
43 1847 2
1439 4743 2
3790 2092 2
952 4285 2
2311 3225 2
188 1190 2
3979 545 2
1996 4641 2
2808 3973 2
4854 2257 2
4737 960 2
2152 916 2
4235 348 2
1326 4193 2
912 832 2
4909 1954 2
977 3175 2
4239 283 2
863 360 2
4532 1384 2
1672 4162 2
4575 4174 2
3296 2050 2
4003 3931 2
3116 233 2
219 1364 2
1092 2838 2
4714 1644 2
3176 774 2
4731 2177 2
3970 1254 2
1650 66 2
4339 1889 2
3141 4366 2
3851 3436 2
2775 4384 2
2712 1243 2
774 3117 2
277 1116 2
4111 4259 2
2962 673 2
4549 2882 2
4035 623 2
911 691 2
1655 3929 2
565 3367 2
4018 2967 2
4684 1705 2
4960 3813 2
2109 3010 2
573 4554 2
4654 35 2
3172 2129 2
4241 2720 2
2275 3984 2
3169 2455 2
3467 3343 2
2979 4983 2
1455 1728 2
532 4920 2
728 3239 2
4496 474 2
2188 3873 2
4850 1917 2
4408 3976 2
4479 3555 2
3704 3875 2
3749 35 2
1715 2395 2
3429 3929 2
4068 3809 2
528 1484 2
1357 3349 2
3781 1314 2
3236 2989 2
4022 2259 2
4278 4258 2
2354 1998 2
2817 3561 2
1730 3301 2
2094 3213 2
3984 4106 2
3262 4188 2
1703 1696 2
2408 2866 2
1590 2732 2
4818 1491 2
1194 3754 2
2968 223 2
4355 4573 2
2805 1812 2
389 462 2
4482 801 2
4928 2557 2
3484 572 2
1511 4480 2
4013 1279 2
1895 4758 2
2197 2288 2
3918 3306 2
141 1916 2
3396 3532 2
1616 1994 2
3988 3971 2
3176 3301 2
1363 280 2
416 3873 2
3157 3339 2
4241 3553 2
39 3868 2
3067 2459 2
3972 3964 2
526 1708 2
3407 3673 2
1979 83 2
4133 1471 2
2063 4323 2
3955 4895 2
1651 425 2
526 739 2
2035 4278 2
3765 1728 2
2389 2451 2
2139 4598 2
3893 880 2
3324 4363 2
901 3844 2
1964 712 2
1660 1672 2
2832 3741 2
653 2303 2
307 1614 2
15 2292 2
3168 2667 2
4152 1381 2
1885 4944 2
4553 3812 2
4969 3465 2
1825 3088 2
3958 3616 2
4955 3216 2
3747 2289 2
315 2758 2
4562 838 2
2177 1960 2
2236 4817 2
4389 3721 2
1958 1474 2
3907 1915 2
17 343 2
1747 511 2
1774 274 2
2044 3971 2
4496 1592 2
2291 2202 2
4450 1776 2
879 3664 2
2879 1626 2
2145 1821 2
2315 3259 2
887 2472 2
1832 3318 2
3646 1414 2
4131 3146 2
1159 85 2
2145 13 2
3312 1396 2
4228 3495 2
508 3535 2
2023 491 2
2677 4482 2
765 1458 2
1932 3736 2
2325 3779 2
1434 1583 2
3300 2632 2
499 3827 2
2193 4838 2
2059 4689 2
563 3687 2
3268 66 2
4928 25 2
1240 4829 2
1561 2726 2
4316 1797 2
758 3288 2
3542 3753 2
3657 1435 2
683 209 2
4144 2813 2
2159 3446 2
4237 1911 2
320 1422 2
2113 11 2
3031 4636 2
4877 1329 2
1614 4596 2
4638 4938 2
1590 3361 2
4215 3281 2
1168 4955 2
2806 1613 2
2287 233 2
100 413 2
728 1693 2
1003 3903 2
4962 226 2
4869 1997 2
3927 4208 2
516 1583 2
845 4395 2
935 574 2
4104 4303 2
3377 3813 2
3143 2077 2
2131 1099 2
2949 4893 2
4337 2170 2
2922 1925 2
2979 4399 2
2777 3686 2
2103 1883 2
2689 1245 2
3948 782 2
1114 622 2
3718 4518 2
3500 714 2
223 4257 2
1334 3688 2
1452 1776 2
4129 3883 2
3482 762 2
4744 2667 2
1848 1326 2
1784 3668 2
4658 3517 2
2854 1274 2
250 1759 2
737 4308 2
1284 1763 2
2703 2204 2
2364 3873 2
3539 1028 2
409 2978 2
4919 799 2
3673 1517 2
1566 1716 2
3908 2845 2
4910 811 2
1733 1274 2
2061 1665 2
2086 684 2
4353 1143 2
1527 1797 2
3634 2964 2
2908 3848 2
2502 2989 2
237 4374 2
2967 3922 2
3342 1904 2
3500 253 2
2063 4968 2
3700 3491 2
643 4652 2
4840 1913 2
2307 4350 2
2331 3008 2
780 3114 2
3635 4824 2
102 3324 2
955 2097 2
1075 4965 2
1130 4101 2
2685 3377 2
883 4018 2
1287 3441 2
2527 4114 2
1314 3894 2
369 4415 2
1771 1562 2
2156 3072 2
2252 1496 2
1311 3859 2
1208 2104 2
1479 4955 2
1989 3693 2
3099 2767 2
3839 2046 2
3581 2981 2
4101 2802 2
319 4047 2
3623 3391 2
3403 4667 2
3113 4166 2
2503 2724 2
2543 1723 2
1507 4992 2
2919 4370 2
534 4527 2
3424 1102 2
2055 840 2
1215 632 2
1550 3505 2
3472 3386 2
2724 967 2
2292 4601 2
627 3632 2
2464 3168 2
695 1605 2
672 2785 2
1863 947 2
2797 4734 2
324 245 2
2375 2645 2
1618 2394 2
2719 875 2
4788 395 2
3531 479 2
1532 1907 2
3657 1254 2
3182 4144 2
4138 3719 2
3501 3553 2
1374 1000 2
3080 2295 2
2925 3499 2
3123 926 2
3721 3594 2
2770 1253 2
4470 3786 2
3299 4077 2
1250 3080 2
2377 3123 2
512 2264 2
4099 2678 2
2753 3907 2
346 3180 2
2746 4359 2
4101 3652 2
2243 2106 2
1214 4650 2
2006 231 2
4037 3779 2
4474 1218 2
4542 419 2
4815 4928 2
2434 1033 2
1775 4683 2
108 3465 2
3274 3570 2
4782 4694 2
186 4775 2
2301 4575 2
466 3483 2
4716 2881 2
4707 1272 2
1229 298 2
4844 3098 2
570 3691 2
4857 1928 2
1833 148 2
2430 4081 2
4648 3185 2
952 4765 2
4816 3460 2
3616 1962 2
527 4390 2
1347 1718 2
3697 2554 2
1869 2167 2
1553 4613 2
4342 2559 2
3248 1680 2
1686 3595 2
804 19 2
326 3513 2
4633 2612 2
4838 8 2
3498 4658 2
314 1871 2
4732 4390 2
1027 1955 2
1399 4673 2
2048 338 2
3038 3028 2
1279 85 2
1543 4878 2
3474 2588 2
616 2780 2
3064 4031 2
1635 4657 2
3391 1419 2
2067 3547 2
1014 608 2
522 2610 2
330 4945 2
1957 2219 2
2033 983 2
1767 138 2
4482 2464 2
4396 746 2
4600 427 2
379 1651 2
1470 4383 2
1616 919 2
4078 2894 2
324 2870 2
2019 4185 2
2697 995 2
3578 3733 2
3825 425 2
3135 4247 2
4426 36 2
748 3379 2
3727 995 2
40 2528 2
3418 3541 2
4231 4225 2
1648 3949 2
1842 1460 2
2674 2472 2
2724 2073 2
2966 3905 2
2641 3291 2
3967 3508 2
2620 4444 2
2679 1577 2
4168 2096 2
4687 1148 2
4964 2358 2
797 4173 2
2545 4509 2
891 40 2
726 1319 2
2632 3477 2
3874 3866 2
1150 1070 2
2558 767 2
101 2650 2
3395 3635 2
4674 1477 2
3417 4135 2
2759 4389 2
218 1259 2
3972 299 2
4634 3648 2
995 354 2
292 464 2
2092 2261 2
1572 2247 2
3186 3178 2
2434 3871 2
3109 3976 2
451 1212 2
3080 1530 2
975 1063 2
4891 944 2
4454 4251 2
2740 1103 2
2329 3810 2
1863 1683 2
3865 2240 2
1415 4212 2
1498 1254 2
2098 634 2
3562 781 2
653 3248 2
256 4323 2
1733 4397 2
539 2299 2
2489 3269 2
678 4663 2
4191 1934 2
4957 4849 2
1530 3820 2
808 4862 2
439 2355 2
757 2533 2
4007 1588 2
2712 2339 2
2428 1947 2
923 3175 2
4982 2624 2
2364 3989 2
1231 507 2
4003 224 2
681 1103 2
246 4579 2
4713 4319 2
1430 4198 2
3020 4345 2
1440 3986 2
3410 917 2
1142 639 2
885 1409 2
4491 1033 2
3999 285 2
3033 1571 2
351 3643 2
3759 4431 2
102 4799 2
340 2199 2
3648 2305 2
3372 3488 2
3880 1360 2
4183 2554 2
475 255 2
2118 203 2
3831 1325 2
2457 3719 2
707 1673 2
3671 4892 2
2768 2795 2
4747 3967 2
2951 4166 2
1921 4082 2
1838 599 2
508 858 2
3305 3239 2
2602 3860 2
2477 1115 2
1701 2065 2
1135 3419 2
3504 999 2
4716 2667 2
3835 651 2
162 4271 2
2339 2450 2
3147 4915 2
3919 3527 2
984 2298 2
378 2034 2
2434 469 2
4866 4365 2
2969 3064 2
4105 1909 2
4677 249 2
2883 4279 2
1712 4404 2
651 1903 2
4933 3157 2
2346 3851 2
276 4654 2
2298 1089 2
3991 548 2
1915 1434 2
370 4331 2
3570 2034 2
1430 2662 2
1448 3086 2
152 1043 2
1266 2949 2
418 3575 2
2066 1567 2
339 2042 2
4411 2462 2
1473 2631 2
3176 3147 2
846 3427 2
3052 4533 2
4778 745 2
2620 80 2
4188 1056 2
600 2076 2
2723 149 2
2063 1631 2
1729 1459 2
3769 749 2
4922 2256 2
4971 2049 2
895 3071 2
905 1671 2
3359 3393 2
542 1881 2
2962 1799 2
3561 1201 2
4518 3674 2
330 1765 2
1819 4919 2
1091 46 2
4994 1970 2
3706 2227 2
3848 3785 2
2159 1345 2
2895 4675 2
2268 3689 2
2023 3382 2
3164 3552 2
3402 1027 2
2922 4366 2
673 4196 2
836 3323 2
1474 419 2
564 3320 2
1711 4464 2
1046 3909 2
4275 3635 2
3941 4632 2
4366 516 2
3117 970 2
2143 1402 2
2927 1872 2
3379 4529 2
66 2726 2
2384 1757 2
1550 3593 2
3082 2262 2
1022 223 2
345 3318 2
998 4237 2
4297 2988 2
735 2950 2
201 385 2
251 505 2
4621 2797 2
3205 393 2
4113 21 2
4347 2217 2
2846 2994 2
2670 3335 2
907 3179 2
1770 3290 2
2338 3589 2
597 586 2
1157 4484 2
901 2861 2
2688 3839 2
4605 4772 2
2529 3613 2
1802 265 2
200 1965 2
189 2562 2
2112 2354 2
4245 4529 2
570 2396 2
4823 3674 2
3794 3793 2
2144 4893 2
3974 51 2
3144 2872 2
577 274 2
3053 4640 2
1839 1306 2
4851 1190 2
3482 2685 2
1359 2658 2
637 1230 2
681 3711 2
191 1296 2
1644 2833 2
2062 3124 2
128 943 2
4052 325 2
4789 4044 2
3034 4651 2
2472 819 2
2300 3690 2
3545 512 2
2003 2292 2
1147 172 2
3766 3154 2
4216 4940 2
2838 2773 2
452 1932 2
4786 4943 2
4095 4923 2
1350 2837 2
2074 25 2
2450 3052 2
3902 2335 2
2389 3846 2
1039 4518 2
1831 4730 2
2133 3815 2
2002 4806 2
4232 3668 2
1402 3034 2
1569 187 2
2676 1413 2
329 4027 2
312 718 2
508 2247 2
310 3707 2
2609 593 2
2648 841 2
862 520 2
3768 3838 2
3218 477 2
2483 4778 2
3753 1925 2
227 1366 2
3230 3134 2
191 4 2
1639 4116 2
2060 1333 2
2721 1447 2
2850 3654 2
568 3112 2
3535 2710 2
822 2202 2
3776 1004 2
1845 213 2
567 1108 2
1932 2554 2
1201 4615 2
895 711 2
1456 2146 2
2052 1914 2
1768 1489 2
3579 257 2
3470 1432 2
4397 1600 2
4981 1866 2
4865 2484 2
277 2476 2
522 3713 2
2289 1330 2
3716 485 2
3233 2248 2
2972 479 2
4766 1673 2
587 1299 2
4458 1405 2
2129 3675 2
2478 4456 2
1285 4845 2
4598 4007 2
346 4066 2
2195 2998 2
1554 253 2
297 3038 2
4066 4931 2
411 3340 2
1174 2610 2
2017 3947 2
1626 4895 2
1178 3307 2
3780 2280 2
3029 4267 2
4096 4426 2
4788 1760 2
3040 4084 2
1384 2949 2
4957 3648 2
3085 4351 2
1516 3499 2
159 1829 2
4365 2399 2
1519 2211 2
1276 1526 2
1946 4624 2
1324 2085 2
1833 3490 2
850 1268 2
3383 3581 2
2888 1833 2
1826 2797 2
1714 4142 2
592 4537 2
2924 2159 2
2813 4366 2
2647 3774 2
3666 1099 2
901 1473 2
1761 4216 2
403 492 2
4191 3278 2
1838 853 2
1908 4152 2
4873 1358 2
4381 3633 2
1162 1726 2
379 2471 2
4518 2819 2
387 1759 2
3705 4986 2
4980 4893 2
4640 4662 2
2006 3168 2
1136 4188 2
1932 3 2
4161 4687 2
568 1752 2
1219 593 2
1224 36 2
4006 2219 2
1690 3052 2
2174 4341 2
2905 3349 2
3650 2678 2
4806 1003 2
1960 3685 2
1332 3990 2
2077 2950 2
1995 2537 2
1182 1981 2
4148 4883 2
4077 2064 2
2493 4324 2
526 1455 2
208 4803 2
1753 1429 2
216 2907 2
2762 510 2
1838 3083 2
1485 3257 2
4483 1610 2
3317 4823 2
4403 3580 2
2652 1549 2
4569 4658 2
1853 1231 2
4451 2932 2
335 496 2
1389 134 2
3418 3824 2
4229 1707 2
3849 990 2
145 3726 2
1782 4099 2
4725 1613 2
3542 2239 2
1355 1401 2
1079 4548 2
4726 4739 2
412 145 2
4046 698 2
1436 1178 2
2262 4282 2
3228 4726 2
553 4954 2
71 2670 2
1732 542 2
4553 3626 2
499 866 2
2003 3410 2
2255 2580 2
3763 4869 2
3694 4125 2
4558 3205 2
4698 694 2
4488 1660 2
1210 3321 2
2372 3764 2
2645 2847 2
1165 3551 2
975 1379 2
3351 1829 2
3678 793 2
2874 1491 2
4898 1398 2
2869 3191 2
3549 1172 2
1721 1656 2
4086 1217 2
2197 4703 2
3983 719 2
25 1374 2
647 4433 2
39 4046 2
394 1066 2
3683 3481 2
1970 1620 2
2770 2674 2
4512 2035 2
766 1430 2
2072 4881 2
4204 2317 2
1232 3298 2
1913 1595 2
3276 104 2
3743 2318 2
2082 2767 2
124 2560 2
3037 4764 2
191 838 2
4352 3857 2
2492 2285 2
1242 817 2
2327 3259 2
2837 1061 2
3543 650 2
3802 1427 2
4159 542 2
2151 4329 2
2947 125 2
2570 3528 2
3177 2350 2
926 4532 2
4882 1615 2
4641 139 2
4065 4530 2
4788 4293 2
1507 3452 2
3587 4448 2
4628 4555 2
635 4817 2
4777 1863 2
924 1283 2
3171 1470 2
1484 4640 2
3995 2824 2
2442 846 2
1211 1356 2
634 4524 2
748 4965 2
4086 2592 2
3997 819 2
3423 4988 2
3721 4374 2
4199 4880 2
4082 4364 2
1394 4314 2
2781 2095 2
250 455 2
4430 1943 2
3004 51 2
265 1713 2
4702 3225 2
4769 3825 2
3093 3095 2
1228 3123 2
819 2765 2
1914 2582 2
4198 4385 2
3553 1827 2
2319 2868 2
734 2718 2
1741 1169 2
1883 4769 2
2141 215 2
837 4123 2
1043 3772 2
1776 3413 2
3441 809 2
2594 2777 2
3194 2128 2
4770 888 2
4593 546 2
4705 2315 2
1549 2941 2
899 4295 2
2146 3865 2
4974 1884 2
3681 1666 2
3417 3934 2
4678 122 2
1324 3973 2
869 3318 2
4847 4171 2
1698 3265 2
4213 1698 2
4666 930 2
4867 2082 2
4591 1645 2
755 3513 2
3599 4684 2
4391 4619 2
284 3048 2
2212 4884 2
1999 3124 2
4065 3410 2
86 3084 2
1044 4050 2
2812 1367 2
828 1071 2
4261 2271 2
773 4422 2
2336 1055 2
384 3322 2
4658 3445 2
2500 3838 2
3173 2818 2
4213 1882 2
1345 3025 2
4801 544 2
4880 4583 2
4619 4389 2
2501 4264 2
3753 389 2
2872 4495 2
3609 3016 2
3883 4209 2
1502 1704 2
4618 4753 2
725 2753 2
2285 1494 2
267 805 2
2803 3855 2
665 4024 2
3570 30 2
1760 3072 2
1520 2687 2
1389 1848 2
1506 1993 2
4355 2607 2
3640 3503 2
4054 941 2
3294 1227 2
3795 4972 2
1308 3122 2
1531 1948 2
2435 2963 2
4330 2134 2
780 4129 2
1423 1145 2
4457 2835 2
2526 4702 2
3111 4341 2
1730 113 2
302 2787 2
3534 4987 2
483 3046 2
136 4088 2
3775 2711 2
780 4887 2
3261 3769 2
3271 315 2
4915 4283 2
2784 3380 2
3013 1577 2
3273 3287 2
693 3987 2
1253 1711 2
1175 4329 2
1411 451 2
2970 1633 2
4437 3934 2
4075 1350 2
3405 4275 2
2309 1431 2
1515 1484 2
2673 3582 2
3521 1819 2
3306 2737 2
3590 1964 2
477 2215 2
3262 633 2
872 4443 2
37 4373 2
3 47 2
906 697 2
807 3180 2
3281 922 2
3104 3401 2
2496 200 2
4101 4676 2
2895 1014 2
1725 2175 2
3211 505 2
646 253 2
1048 4542 2
2202 3675 2
3405 1952 2
3512 2690 2
4150 2078 2
911 3335 2
859 3613 2
731 4304 2
295 413 2
4204 2741 2
1067 2899 2
2141 1785 2
89 4928 2
819 2946 2
622 1371 2
225 1020 2
3879 2151 2
857 3622 2
4770 2739 2
57 3864 2
237 356 2
1849 1466 2
4963 4525 2
438 3132 2
1385 751 2
2443 4735 2
4996 1260 2
1189 488 2
304 3570 2
4719 4126 2
3523 413 2
1755 4835 2
1053 4760 2
2913 1177 2
1657 873 2
3520 3653 2
2711 2374 2
2430 141 2
61 178 2
4695 1036 2
628 4457 2
1344 3173 2
3022 2763 2
1694 493 2
3473 2106 2
1583 1528 2
4087 833 2
1441 58 2
3851 495 2
8 1402 2
3727 1814 2
3499 877 2
4955 4188 2
2143 3580 2
4476 4175 2
2424 4288 2
2829 576 2
491 2747 2
3929 687 2
256 1802 2
4644 1592 2
2207 3115 2
745 1206 2
3546 488 2
1416 3094 2
1416 4407 2
2848 821 2
4389 3807 2
2785 2007 2
970 2605 2
4046 4166 2
310 858 2
3005 1505 2
131 4669 2
406 3043 2
2376 4261 2
25 1617 2
2036 4471 2
2295 3792 2
2660 1920 2
614 1996 2
4549 4405 2
4044 4697 2
4635 689 2
4508 1412 2
1538 4778 2
499 4255 2
1631 3121 2
4365 4127 2
3689 1014 2
3202 1192 2
3339 4173 2
2777 4307 2
366 2592 2
3466 810 2
3927 1128 2
3080 1989 2
3760 194 2
4827 1008 2
1531 4879 2
305 4956 2
1414 4868 2
2443 4888 2
1124 3758 2
728 3815 2
4398 2263 2
209 2845 2
4827 1179 2
4775 4523 2
2784 2543 2
2056 3627 2
1077 1255 2
2208 1239 2
4330 4848 2
380 3263 2
3887 4141 2
759 3400 2
4113 2534 2
2784 3693 2
1619 184 2
4915 4753 2
3491 2624 2
898 4386 2
2937 3714 2
2053 4795 2
982 2427 2
4669 18 2
471 946 2
2640 4252 2
4980 3452 2
2723 2733 2
1036 4738 2
3416 2096 2
4913 2190 2
2921 3942 2
4871 2853 2
1561 3921 2
2551 2814 2
1254 4436 2
3937 2129 2
1812 4619 2
2512 1839 2
3540 377 2
3801 2791 2
2161 3627 2
3909 3789 2
3990 33 2
82 872 2
2700 2326 2
1552 11 2
2051 3580 2
3832 3692 2
1049 2265 2
2439 2688 2
1195 324 2
31 1961 2
4790 699 2
971 906 2
413 311 2
60 1582 2
4061 3551 2
563 2302 2
3969 923 2
489 509 2
43 2695 2
4784 4827 2
3053 3226 2
4232 4341 2
900 3281 2
3033 3449 2
2350 4262 2
2267 4165 2
4437 951 2
3492 2202 2
1482 4650 2
3035 3152 2
4032 591 2
2622 4033 2
157 448 2
3843 1279 2
2717 738 2
4892 4422 2
2977 3080 2
2715 4097 2
3158 1939 2
556 2560 2
2381 1188 2
2918 2477 2
2900 1311 2
1822 2492 2
2134 4564 2
4389 1817 2
195 3545 2
2719 4103 2
1546 3147 2
2416 343 2
497 2530 2
4427 2897 2
1353 2683 2
4010 156 2
3433 1805 2
121 1135 2
392 1094 2
4964 4876 2
623 2951 2
724 1258 2
3779 4300 2
1695 1136 2
722 43 2
807 1445 2
4263 1959 2
2529 3531 2
156 2999 2
3692 4742 2
726 3017 2
25 3563 2
1696 2283 2
1314 1845 2
2606 3761 2
3254 2021 2
3307 3705 2
2038 4900 2
2634 1157 2
3782 3145 2
602 8 2
4720 4972 2
2547 3886 2
4702 2250 2
230 1215 2
1380 1658 2
338 796 2
3585 317 2
1371 4950 2
3928 3918 2
2588 2283 2
3578 3822 2
2695 1133 2
3352 4674 2
3341 3036 2
846 1088 2
4102 3859 2
431 3450 2
438 1750 2
4495 4943 2
1614 2343 2
689 306 2
4271 3667 2
2886 2543 2
2772 3125 2
3068 1819 2
4226 3745 2
3502 1252 2
4838 1488 2
2084 3273 2
177 540 2
753 2265 2
493 3469 2
4185 2423 2
2543 1699 2
2646 3031 2
3922 4129 2
1901 1550 2
1184 2186 2
3533 2572 2
2229 4608 2
1276 882 2
4010 3749 2
370 715 2
3992 4181 2
2582 618 2
4539 4741 2
3538 33 2
3472 654 2
2659 4825 2
2083 646 2
2544 1252 2
827 4214 2
1704 743 2
3609 2674 2
145 3506 2
2887 2799 2
667 390 2
3485 4037 2
4548 3968 2
3939 877 2
1830 1673 2
3288 3564 2
4996 4167 2
134 789 2
3731 3445 2
436 1348 2
1122 1937 2
3202 563 2
3897 1831 2
532 34 2
3794 4982 2
1634 4194 2
2882 916 2
687 1665 2
1718 1969 2
980 3386 2
2930 4783 2
897 2204 2
3399 961 2
3229 4219 2
1520 3709 2
1458 1569 2
3815 2869 2
50 2151 2
453 1479 2
4020 2048 2
4170 403 2
1516 110 2
2491 4186 2
2699 4500 2
3838 1291 2
1284 409 2
2709 3686 2
1755 2853 2
399 2472 2
3814 4429 2
4029 519 2
3802 4614 2
3013 4686 2
1745 3379 2
1929 3686 2
3188 2452 2
1147 1398 2
4206 3842 2
437 1912 2
3993 153 2
160 4256 2
4177 17 2
2810 1179 2
2198 3461 2
4878 2873 2
1266 2382 2
2059 3798 2
3557 3746 2
2060 2126 2
2397 4908 2
3067 4 2
418 2037 2
968 1170 2
3725 4862 2
2860 2592 2
1412 3588 2
4930 4129 2
2823 1007 2
4734 4157 2
4986 563 2
3129 4448 2
4185 3771 2
855 1929 2
4759 3987 2
2662 3006 2
274 4211 2
1570 4602 2
2208 2882 2
3452 2214 2
3739 1315 2
3276 623 2
821 2964 2
3066 1426 2
4835 332 2
746 3779 2
3543 3575 2
2715 614 2
956 3146 2
4027 2194 2
2593 2128 2
4075 3908 2
3096 2346 2
3677 4949 2
4728 2194 2
3320 1297 2
4669 4466 2
511 2893 2
4125 2692 2
2413 2244 2
2257 4778 2
2557 1031 2
2366 1015 2
1157 522 2
4505 1151 2
2501 3102 2
4025 3270 2
4736 4246 2
2404 3103 2
2419 2087 2
3587 3363 2
1493 175 2
4486 3512 2
4117 2756 2
3027 3907 2
1960 505 2
1565 4426 2
3293 1058 2
1679 2570 2
4393 594 2
4648 752 2
1784 423 2
3664 4329 2
371 2140 2
285 1783 2
4669 1828 2
457 4799 2
2186 4817 2
145 2098 2
1768 1932 2
1686 3348 2
923 2678 2
4189 3214 2
1302 4152 2
3890 2067 2
3646 319 2
2978 1478 2
1972 1177 2
2563 3782 2
173 3803 2
2897 3796 2
2945 801 2
900 106 2
1504 97 2
4942 111 2
129 3394 2
3536 823 2
1612 3628 2
3675 867 2
4374 303 2
3292 706 2
1249 706 2
3431 1413 2
33 3947 2
658 1352 2
4023 569 2
809 3888 2
662 1611 2
3980 1408 2
4605 384 2
4168 1405 2
2431 26 2
2373 1062 2
4924 2469 2
2284 211 2
2457 805 2
1480 1060 2
1049 2278 2
4015 4877 2
1305 2173 2
2284 1911 2
478 3881 2
2419 4408 2
2292 1747 2
3763 946 2
2427 1809 2
3646 1880 2
1467 2970 2
2092 511 2
3241 1541 2
2250 2893 2
4481 4762 2
3534 3464 2
545 3901 2
2765 242 2
2248 3153 2
3608 1003 2
54 2695 2
3770 494 2
2596 940 2
3677 956 2
656 2668 2
2667 3546 2
2649 1675 2
2014 874 2
3593 686 2
1800 4377 2
1040 1975 2
1941 885 2
2460 3444 2
578 1783 2
1505 2421 2
3389 3012 2
913 2895 2
4110 2796 2
2536 14 2
536 4381 2
3898 4910 2
707 2442 2
346 1832 2
1356 3640 2
1048 4623 2
4193 3820 2
4982 347 2
4318 2641 2
2428 2615 2
1332 2037 2
2455 2515 2
810 3333 2
2820 2987 2
3339 4345 2
2351 4027 2
4607 2576 2
3447 3493 2
321 2341 2
2513 2036 2
2757 3822 2
4100 2891 2
1204 3203 2
1398 2788 2
4306 3109 2
2103 950 2
2071 2269 2
4543 2513 2
798 3712 2
3467 4056 2
3119 4654 2
1591 519 2
1806 4081 2
735 441 2
3127 69 2
1697 3872 2
4074 4777 2
3845 2741 2
841 1995 2
4427 745 2
3134 4288 2
3474 392 2
2292 27 2
2827 1958 2
1140 2238 2
2123 4831 2
2688 2877 2
1054 3806 2
1932 105 2
104 466 2
3096 3156 2
482 2776 2
2917 3721 2
2711 973 2
3048 4635 2
4091 4069 2
4258 829 2
1227 1358 2
3296 1335 2
847 1303 2
3005 3308 2
4071 1185 2
1827 504 2
1864 1741 2
352 4002 2
1163 4679 2
2651 2412 2
4561 394 2
1073 2777 2
2349 4207 2
1513 451 2
1774 1609 2
4265 4705 2
2897 4087 2
1592 3331 2
2220 2592 2
2126 4321 2
4052 1204 2
1273 4082 2
3507 4655 2
2116 2941 2
1692 1609 2
1247 1276 2
4929 124 2
1250 4533 2
404 4836 2
291 2543 2
2726 4581 2
206 1261 2
1299 238 2
704 1811 2
2278 346 2
4698 3955 2
1747 2352 2
3182 1163 2
4126 1846 2
3006 4632 2
2452 2990 2
297 582 2
3219 2541 2
2022 514 2
3815 37 2
3931 3039 2
2293 1598 2
2641 3173 2
1083 4048 2
4497 2873 2
4586 1058 2
770 671 2
4478 3635 2
2223 2222 2
1361 114 2
4617 2287 2
447 1761 2
3779 3165 2
1642 3901 2
400 434 2
2789 3486 2
965 933 2
2574 3661 2
3740 4400 2
1777 1711 2
3750 2968 2
4984 2752 2
725 4773 2
2375 3295 2
4943 4563 2
2322 3369 2
3734 1861 2
563 3545 2
3605 416 2
3726 581 2
4820 4055 2
2286 2407 2
1423 1697 2
820 4819 2
324 3113 2
2175 320 2
3769 3214 2
4073 1382 2
2495 136 2
1205 4464 2
1063 4308 2
4664 4834 2
3477 4638 2
3589 4355 2
3736 1015 2
2314 282 2
1926 361 2
1616 3360 2
12 3235 2
4939 1807 2
211 3111 2
2498 1920 2
3270 1354 2
2403 2461 2
3167 2052 2
404 3245 2
450 3097 2
1359 4655 2
3735 759 2
2386 3365 2
4572 1839 2
1943 1426 2
192 2117 2
1872 3244 2
1980 3073 2
3214 2635 2
2441 3882 2
4192 4027 2
4197 180 2
1010 4755 2
4247 4937 2
2830 3290 2
4487 905 2
1803 3214 2
4669 2401 2
3045 4253 2
485 2787 2
1794 4278 2
3414 1385 2
4260 980 2
3220 3799 2
2848 4980 2
1870 3531 2
3755 4435 2
1581 589 2
2765 675 2
2780 4443 2
3960 549 2
3519 1350 2
3058 2681 2
463 1326 2
954 4041 2
4881 1643 2
4914 2934 2
1102 194 2
3849 562 2
1172 2520 2
4589 4084 2
3149 2457 2
3047 4029 2
265 557 2
4729 4566 2
3975 3370 2
4978 2050 2
125 3819 2
2952 3547 2
3785 3019 2
1307 4 2
3509 2805 2
2064 107 2
4540 2309 2
3666 2082 2
1417 499 2
4304 3080 2
3520 3657 2
450 2689 2
20 2811 2
1351 2208 2
1858 2161 2
1255 2379 2
4709 262 2
3276 1122 2
3391 1369 2
849 1529 2
4583 849 2
1619 3512 2
482 2767 2
1111 1644 2
4077 1372 2
3634 3575 2
2620 1601 2
3984 2359 2
2929 580 2
1467 431 2
742 4568 2
4528 1144 2
721 4580 2
984 364 2
2621 1314 2
3129 2048 2
2014 2881 2
4169 2485 2
3088 2747 2
2554 614 2
3195 646 2
2268 3009 2
2772 263 2
4775 4168 2
3141 1377 2
3376 414 2
1896 641 2
1959 2537 2
3977 2466 2
2469 2664 2
2378 850 2
1948 1949 2
4294 3404 2
1545 3133 2
4938 2194 2
1826 2612 2
2650 3260 2
743 672 2
1738 770 2
3260 2165 2
1383 577 2
4017 776 2
463 3503 2
4941 1292 2
1243 2728 2
4038 4386 2
3898 4649 2
2178 2276 2
2892 1892 2
3480 4998 2
871 337 2
3380 3405 2
480 2997 2
1215 401 2
4896 4460 2
3051 1846 2
1742 538 2
2537 2441 2
4918 388 2
4069 1909 2
1759 2276 2
225 2140 2
2081 134 2
1141 1870 2
14 4569 2
236 1524 2
3919 4797 2
4978 1901 2
1279 4297 2
4880 1133 2
2256 4931 2
2149 4330 2
1158 4866 2
251 388 2
312 3840 2
4445 1564 2
174 1527 2
1755 4613 2
1582 545 2
1079 365 2
1370 2506 2
3324 2590 2
3456 2577 2
432 1292 2
216 2743 2
3561 3946 2
1612 959 2
424 2298 2
4103 2516 2
3537 3870 2
3954 3831 2
2418 4617 2
227 676 2
263 2735 2
1819 3733 2
1114 2343 2
1049 4947 2
4388 4746 2
1296 4158 2
4319 945 2
672 3232 2
4826 1443 2
1137 3695 2
3562 3039 2
2929 4383 2
3063 93 2
3099 1871 2
2367 2254 2
1457 1280 2
1478 1816 2
1354 2799 2
514 130 2
2080 1167 2
2415 1690 2
4599 2696 2
2850 3449 2
2797 1940 2
681 1364 2
2984 3974 2
1682 2842 2
2808 1407 2
2919 2075 2
2240 4255 2
3596 15 2
1344 2125 2
3273 2322 2
2174 2356 2
1522 1 2
3151 1614 2
1196 613 2
4615 31 2
116 3810 2
929 1052 2
74 4369 2
2002 4918 2
4667 4075 2
4810 3670 2
3825 356 2
2919 2397 2
665 137 2
435 4527 2
4757 4621 2
3349 1091 2
4572 3357 2
3963 3747 2
1084 2941 2
4146 3387 2
717 608 2
2430 2361 2
4097 2986 2
1179 3762 2
2892 2685 2
757 2426 2
2904 3114 2
2838 158 2
2901 3305 2
2832 3317 2
784 837 2
2747 4074 2
1807 3480 2
272 3543 2
2773 875 2
2156 378 2
4916 2799 2
1103 392 2
1110 2809 2
4289 3451 2
170 3391 2
2968 721 2
1900 2509 2
3526 241 2
9 143 2
2741 1260 2
2042 4748 2
604 4675 2
4918 454 2
4582 665 2
2173 3284 2
3067 2571 2
912 4338 2
601 1761 2
4978 3033 2
1216 4692 2
925 4034 2
4305 4532 2
114 2719 2
1709 767 2
4104 240 2
4975 2240 2
4309 782 2
218 4559 2
230 3668 2
3344 4229 2
3798 3780 2
2185 620 2
3471 86 2
918 4532 2
4850 797 2
4167 3834 2
1467 777 2
3148 3884 2
649 2975 2
4200 268 2
2453 1469 2
2569 1154 2
2260 3478 2
4953 2843 2
378 2862 2
3692 2895 2
1756 1275 2
2966 3596 2
1529 3300 2
372 2735 2
2509 3381 2
3334 3407 2
2811 609 2
116 4528 2
2365 96 2
860 964 2
2942 4334 2
4868 2503 2
3347 4761 2
2905 2925 2
4401 4405 2
1347 4318 2
4644 1168 2
3621 3113 2
2229 3457 2
909 3623 2
2853 2134 2
2897 3259 2
3059 1508 2
509 3702 2
4658 836 2
2866 2544 2
2777 1315 2
2751 4168 2
4683 2484 2
3070 2939 2
1012 3264 2
2099 2662 2
487 1615 2
1301 4302 2
3013 873 2
3046 2053 2
1613 2659 2
893 2545 2
774 1740 2
2190 3194 2
763 4573 2
3122 2014 2
3440 1724 2
4919 2623 2
2575 2873 2
2379 2357 2
1047 4034 2
497 4551 2
1094 279 2
2943 4727 2
4802 2848 2
3019 1325 2
1424 222 2
170 699 2
2240 3227 2
4265 3092 2
4283 3019 2
2002 2689 2
418 3060 2
3368 985 2
1581 1756 2
1528 544 2
76 3600 2
4187 3988 2
4135 2513 2
4083 2509 2
2601 3271 2
2763 1979 2
3956 2730 2
948 4981 2
2552 2808 2
3481 2389 2
3694 3210 2
2774 2615 2
4881 813 2
3518 2184 2
4534 1996 2
1412 2729 2
2026 2120 2
510 3332 2
2841 3576 2
3641 664 2
3663 2072 2
1962 567 2
739 68 2
1469 1281 2
1190 2040 2
2220 95 2
877 784 2
1568 249 2
1379 2147 2
2090 3168 2
4284 4951 2
1055 1868 2
775 2796 2
1360 4969 2
1702 576 2
2077 4366 2
3961 3867 2
3642 3758 2
3274 69 2
1288 3160 2
780 1773 2
3034 2514 2
3412 485 2
23 4191 2
1876 699 2
1480 2313 2
4127 1256 2
1928 314 2
4893 2829 2
1572 3964 2
1566 2926 2
2258 2482 2
2057 1046 2
3152 2038 2
4528 946 2
3801 1664 2
1240 1826 2
1985 1746 2
4166 1714 2
2541 4469 2
3541 2274 2
4070 3555 2
2170 4122 2
816 483 2
1665 2141 2
3992 3506 2
1656 697 2
1706 1243 2
4358 4531 2
1229 4330 2
2290 3531 2
2074 207 2
3992 1779 2
612 3905 2
1915 3540 2
4367 4759 2
1977 526 2
2818 3663 2
1172 3145 2
1955 2690 2
2806 4791 2
2712 3276 2
3850 3184 2
4140 3808 2
3964 2597 2
295 3691 2
1016 1791 2
3200 281 2
1802 3509 2
4547 3334 2
4712 2411 2
4697 2537 2
205 1679 2
290 3845 2
3610 3158 2
332 4187 2
4494 3535 2
1214 2821 2
3063 4478 2
4290 1090 2
4896 653 2
2443 1597 2
4815 4094 2
1607 1014 2
4842 396 2
4755 3651 2
2042 3257 2
1675 3036 2
3492 3947 2
4956 2948 2
2245 1717 2
2234 2889 2
3756 1455 2
3602 512 2
2692 1602 2
2961 3383 2
1751 459 2
3505 4918 2
4791 1194 2
4645 4433 2
4524 2888 2
4934 2920 2
3983 3004 2
4081 3626 2
3601 824 2
3463 4639 2
2138 1817 2
3438 2690 2
2058 891 2
727 2032 2
4366 13 2
585 2440 2
2530 2057 2
4619 4239 2
133 3314 2
1768 2161 2
1632 2116 2
2550 2881 2
2800 1726 2
1981 1023 2
4495 2424 2
785 2481 2
4257 3694 2
3160 2461 2
62 3269 2
4578 620 2
3486 2967 2
3799 3762 2
2015 2231 2
1234 3049 2
817 4418 2
1270 203 2
4229 2192 2
4103 4506 2
4081 3006 2
4735 1487 2
2859 3633 2
2900 2645 2
836 1860 2
1544 4437 2
3255 4620 2
2615 2913 2
2249 2188 2
3537 2650 2
2423 2865 2
65 4858 2
1242 1487 2
4130 1760 2
2217 807 2
980 1462 2
1835 1561 2
436 3266 2
235 1861 2
3365 1732 2
4096 4499 2
1626 4180 2
4464 1742 2
1986 2370 2
3154 4507 2
2342 2386 2
1782 574 2
56 398 2
291 4684 2
223 3157 2
4904 2550 2
2029 1580 2
1288 2473 2
1033 953 2
3105 2594 2
4442 4303 2
4483 835 2
2400 1115 2
1828 2152 2
2170 1590 2
248 3091 2
3911 3487 2
3324 1515 2
1294 158 2
4295 4766 2
4985 1517 2
3330 508 2
3935 4437 2
1801 956 2
3492 3647 2
1805 1516 2
1986 4150 2
4494 1209 2
1199 807 2
1579 2912 2
2377 1340 2
3706 2819 2
4128 4651 2
1727 1991 2
3157 4896 2
2974 3244 2
2982 3230 2
3195 3484 2
1594 2046 2
770 1750 2
1049 3419 2
4313 3572 2
4856 4671 2
4088 806 2
3168 2097 2
3121 1231 2
1166 1772 2
3884 2157 2
3681 3224 2
2017 2442 2
2073 2255 2
1160 3938 2
3885 3423 2
703 1314 2
3252 4502 2
2114 3157 2
1608 484 2
3911 3908 2
3389 63 2
252 692 2
4426 2610 2
2283 329 2
3505 4500 2
4509 3495 2
3235 2698 2
2616 1766 2
3210 2 2
1886 3969 2
114 4798 2
4743 3290 2
3824 652 2
3677 629 2
2803 1964 2
2105 6 2
3384 4644 2
3469 4811 2
4100 977 2
2903 454 2
1810 790 2
701 587 2
3053 1686 2
1674 2878 2
440 689 2
4702 2237 2
3247 4920 2
2146 16 2
4766 1176 2
977 1800 2
4078 3056 2
4607 4290 2
4630 4535 2
4628 70 2
178 1103 2
373 21 2
654 3277 2
1437 4486 2
2435 1657 2
4011 4281 2
2760 660 2
4789 1443 2
2723 2076 2
731 3732 2
4838 4301 2
1737 3878 2
2367 2564 2
4773 1938 2
1568 1873 2
280 3194 2
2821 3860 2
1032 1507 2
3611 3713 2
4981 17 2
3417 3765 2
4651 1162 2
2645 2445 2
463 2187 2
4719 4368 2
4654 1801 2
1018 3679 2
1770 2205 2
2259 2112 2
4552 4034 2
2280 2635 2
3179 3427 2
1770 1801 2
761 1108 2
1181 1716 2
3376 1226 2
1146 2830 2
4233 3364 2
993 2642 2
4085 967 2
1849 3025 2
2310 2148 2
3910 764 2
4539 311 2
2555 1985 2
2230 3667 2
2511 3713 2
2249 426 2
4231 2324 2
1053 420 2
391 3885 2
1024 1857 2
4766 4603 2
781 941 2
2328 3017 2
4322 1482 2
1704 1113 2
4720 3543 2
4863 4248 2
3397 1182 2
3133 4433 2
1489 3447 2
3748 1680 2
2525 4933 2
2199 633 2
1532 1512 2
2549 1208 2
3059 4210 2
3114 3174 2
1334 2018 2
4289 1064 2
3155 27 2
1628 3300 2
3393 1822 2
536 1253 2
4026 3062 2
4123 2205 2
4457 2763 2
850 4356 2
2770 2055 2
2356 1422 2
1100 1189 2
178 2550 2
1513 2277 2
2890 4447 2
99 1459 2
1825 4865 2
3699 2549 2
3690 3459 2
1879 3289 2
3453 1777 2
4112 2775 2
1134 1087 2
3539 4002 2
1710 345 2
4947 562 2
2478 3643 2
722 4711 2
3046 1597 2
3744 209 2
138 4670 2
3776 4189 2
3018 3796 2
4686 4675 2
888 2661 2
1305 4600 2
2419 3082 2
2662 2533 2
1676 3887 2
4370 2917 2
4535 1689 2
419 2227 2
3854 2905 2
2059 4701 2
2887 420 2
4814 2263 2
4560 4152 2
1293 3245 2
2728 3248 2
2427 2740 2
3316 1476 2
2723 1709 2
490 690 2
3685 1118 2
804 4898 2
3328 4217 2
3069 4048 2
3290 4300 2
1268 4106 2
4224 1121 2
1586 3194 2
1794 1515 2
3633 280 2
2931 4283 2
3501 1546 2
4071 3805 2
4212 4953 2
3039 3463 2
4143 4566 2
3659 4758 2
2833 906 2
509 1029 2
3360 4068 2
839 2909 2
2282 1763 2
3640 168 2
1229 2877 2
2909 1756 2
2078 473 2
746 1584 2
4908 298 2
1338 643 2
354 3174 2
4186 1149 2
2464 3598 2
4181 2763 2
2608 23 2
1097 511 2
4526 4283 2
2433 3024 2
891 136 2
2935 3789 2
4602 3633 2
2653 2297 2
3181 3294 2
4351 2951 2
593 3262 2
2602 4985 2
4904 439 2
3869 1240 2
4413 503 2
889 1441 2
1539 3326 2
1196 4986 2
2081 3044 2
2390 1321 2
3369 3928 2
4083 385 2
1898 3959 2
3613 2750 2
4723 804 2
2243 2143 2
2789 1217 2
3875 4769 2
310 1753 2
211 3331 2
3246 1628 2
947 2328 2
1445 4217 2
1418 889 2
1453 3829 2
1825 2608 2
2811 1321 2
3074 340 2
4119 4603 2
1256 2853 2
4519 3074 2
2350 219 2
4246 3673 2
3256 2625 2
4262 1500 2
3613 95 2
362 2523 2
3144 2056 2
3211 2831 2
1450 596 2
4574 1244 2
1545 668 2
4816 2453 2
1132 4812 2
2866 355 2
311 4782 2
4230 147 2
195 719 2
4013 4434 2
4404 4941 2
60 2144 2
217 1870 2
2767 4228 2
3491 3715 2
1793 4854 2
3241 1590 2
2886 2813 2
448 668 2
3153 3789 2
55 3821 2
2660 1621 2
4967 290 2
4974 2374 2
4280 1330 2
4075 4513 2
1286 578 2
3886 1600 2
4453 1462 2
1582 4304 2
766 704 2
2584 3084 2
1180 2461 2
2911 2993 2
3491 76 2
1013 4190 2
1806 4282 2
2701 3720 2
648 1610 2
1456 2748 2
1117 4303 2
4822 1126 2
3750 2449 2
2450 4247 2
2219 2531 2
2486 4777 2
4735 2678 2
4716 1771 2
3620 1230 2
4528 1004 2
424 1630 2
383 2842 2
657 82 2
770 1958 2
3674 1028 2
1906 4456 2
239 4070 2
3211 641 2
4218 4650 2
1239 1165 2
1484 3543 2
4377 1231 2
4897 3379 2
3153 3890 2
1096 4355 2
2931 3110 2
3757 3365 2
3092 2580 2
2389 4762 2
1991 4892 2
1830 502 2
4744 49 2
1043 2541 2
118 487 2
1387 4457 2
99 2604 2
67 3155 2
3701 2765 2
3348 4376 2
182 1921 2
935 1609 2
649 1392 2
3068 3727 2
2837 3397 2
503 4455 2
3367 3262 2
806 2381 2
1387 4838 2
549 3662 2
4773 1692 2
1693 2066 2
1762 4504 2
78 4871 2
4473 1715 2
3654 3315 2
4704 730 2
4433 1633 2
4383 4990 2
3117 1267 2
541 1203 2
3644 714 2
1161 3199 2
172 4321 2
3421 2196 2
1498 4919 2
1466 554 2
1316 2436 2
4603 2098 2
715 434 2
3916 4051 2
2390 4523 2
2799 1868 2
1602 2696 2
1672 1420 2
4591 4757 2
2945 355 2
3909 2245 2
1788 2378 2
2712 3898 2
4994 4415 2
725 178 2
3248 4987 2
1956 1443 2
1661 1211 2
4899 1912 2
4096 4847 2
2100 2808 2
2341 1541 2
2147 2964 2
831 1688 2
3611 4024 2
2680 44 2
2227 1334 2
636 884 2
1405 415 2
3374 4798 2
2323 147 2
4102 2253 2
4139 268 2
4406 784 2
1189 2492 2
3323 657 2
2347 1147 2
4726 1737 2
1019 4009 2
2388 2659 2
3909 4013 2
4367 4236 2
2683 564 2
872 281 2
4860 2499 2
2290 2831 2
4720 3778 2
3487 2368 2
4653 1156 2
3388 3684 2
3647 2739 2
1044 2763 2
3636 3809 2
2095 2623 2
1528 1675 2
317 4400 2
3962 881 2
2578 1830 2
1409 3553 2
2759 643 2
1810 2282 2
3651 3966 2
1807 2395 2
3360 4204 2
3066 4474 2
2259 542 2
1968 1849 2
4269 2361 2
2915 4906 2
3805 1453 2
716 2323 2
2187 1356 2
117 4520 2
3396 1105 2
4411 2868 2
4814 3395 2
4890 1406 2
1095 4898 2
3994 601 2
3944 4018 2
1076 1459 2
4381 3473 2
2994 2135 2
1384 4241 2
2885 3851 2
2142 153 2
3600 2567 2
4561 363 2
1158 4555 2
2846 1087 2
267 1908 2
3427 4492 2
2452 137 2
3117 1198 2
4955 2178 2
2191 3058 2
2291 4858 2
1720 4899 2
4231 2349 2
1101 1368 2
3858 2122 2
3302 493 2
1940 1494 2
1239 1726 2
2640 1121 2
1246 333 2
450 3034 2
2886 1103 2
4976 2813 2
3499 964 2
3997 338 2
2321 4464 2
261 3061 2
2701 858 2
610 3710 2
1334 4422 2
1721 1209 2
4334 4544 2
4652 1003 2
1069 1950 2
3008 2768 2
4984 1018 2
1767 2945 2
258 3788 2
4429 225 2
4197 1756 2
2200 347 2
1987 4362 2
585 2307 2
1941 2722 2
2552 3602 2
708 3400 2
1509 3411 2
4520 654 2
2535 2642 2
415 3897 2
760 4574 2
2851 1004 2
3934 1001 2
3133 448 2
3196 1977 2
2738 4513 2
1024 2185 2
2561 2586 2
2289 345 2
3802 3184 2
1761 2365 2
3463 3732 2
4737 3718 2
2872 620 2
4071 1002 2
1620 4775 2
4439 2620 2
4172 819 2
732 3671 2
909 3159 2
4736 3477 2
2716 3221 2
728 2742 2
2598 2385 2
2993 132 2
3553 1598 2
4920 901 2
1583 4923 2
231 3759 2
1322 2643 2
2296 1444 2
763 2054 2
818 1011 2
3906 3964 2
4327 2779 2
4014 1983 2
3930 600 2
594 430 2
724 3556 2
66 752 2
2781 3882 2
1729 803 2
4482 2265 2
3114 4728 2
4330 377 2
1408 377 2
920 3256 2
2027 768 2
201 3718 2
4163 2163 2
2212 1184 2
3383 3241 2
2090 1840 2
4168 4138 2
413 4629 2
2990 2609 2
1915 2459 2
1404 2134 2
1691 2305 2
3410 3593 2
4504 1041 2
4096 1751 2
4748 1701 2
1029 3825 2
2361 620 2
670 1207 2
1703 1885 2
2516 904 2
1923 1676 2
1867 1255 2
4012 995 2
4233 1024 2
4239 3614 2
3038 4099 2
3896 624 2
3806 2986 2
1727 4905 2
2111 3139 2
4666 1363 2
1028 2879 2
4379 4040 2
4098 2301 2
1565 4451 2
4938 3376 2
1967 4035 2
415 3708 2
365 442 2
3476 2386 2
3227 1837 2
4051 291 2
3200 2996 2
2294 2067 2
1029 4420 2
4134 4729 2
1427 4121 2
1393 4368 2
499 304 2
3390 2425 2
349 296 2
3666 3923 2
4914 3614 2
1139 692 2
3844 4653 2
2461 1948 2
2303 4599 2
2413 3990 2
3560 2394 2
4213 4059 2
2829 448 2
623 2317 2
1464 2585 2
2824 2757 2
2093 4485 2
4402 1693 2
3045 1351 2
741 2288 2
1478 3910 2
1331 2847 2
23 1313 2
4563 3838 2
4694 2964 2
4687 4269 2
4724 1657 2
902 1669 2
3925 1468 2
4577 995 2
4267 2761 2
63 3417 2
1920 4158 2
1063 1733 2
1513 318 2
3838 3453 2
4361 1326 2
4937 3743 2
1577 677 2
4756 2644 2
3313 4665 2
2246 3047 2
4127 2652 2
3427 4736 2
770 4123 2
1641 863 2
3447 2070 2
3404 4389 2
3815 4838 2
3196 4441 2
2194 1242 2
1995 4792 2
4791 1110 2
3378 3398 2
386 2257 2
1162 3482 2
971 4142 2
1129 4322 2
3866 1591 2
3611 3070 2
2949 4323 2
431 1870 2
685 1583 2
2517 3495 2
1824 195 2
1463 767 2
1126 2550 2
3675 4979 2
4049 1147 2
1434 473 2
75 1263 2
2577 3654 2
3769 329 2
2107 1263 2
4709 3926 2
164 1873 2
2106 530 2
3724 2263 2
2467 1283 2
4412 1257 2
1305 608 2
2772 1543 2
1097 677 2
831 4811 2
3305 4313 2
314 1355 2
4502 917 2
3842 2658 2
4624 208 2
3000 4157 2
4177 65 2
210 3995 2
303 3582 2
966 680 2
588 2912 2
436 578 2
1850 4437 2
336 1926 2
1516 2463 2
4860 1107 2
4312 3217 2
1733 2342 2
3784 3006 2
3445 2457 2
2325 359 2
3420 3856 2
4026 2700 2
1002 1334 2
746 412 2
3713 237 2
3900 1652 2
1276 13 2
1156 685 2
125 2346 2
2308 2901 2
3022 1100 2
3152 1998 2
1054 4664 2
2183 4777 2
2216 3798 2
3249 4505 2
2835 798 2
3173 2997 2
2779 4184 2
3723 3174 2
1082 4740 2
4518 3320 2
2994 215 2
2758 4106 2
1841 780 2
1527 4519 2
2759 2420 2
3918 117 2
2198 2520 2
2052 4660 2
2901 1380 2
231 3368 2
288 2108 2
2168 1341 2
83 4535 2
152 4227 2
3105 1244 2
2692 4951 2
3121 4181 2
4466 1480 2
3842 2842 2
2992 2041 2
4460 3073 2
4689 750 2
1356 2824 2
3345 1499 2
403 3538 2
3606 4567 2
411 2265 2
4356 1650 2
4307 461 2
3191 800 2
592 2131 2
330 2230 2
104 2940 2
45 3486 2
4014 4144 2
1411 494 2
3096 1788 2
1508 2889 2
1801 1012 2
4942 4396 2
2254 3690 2
1021 2953 2
4365 4409 2
3864 420 2
3370 4926 2
4463 2821 2
998 3056 2
515 4033 2
2171 3842 2
3195 3785 2
3366 506 2
3633 2226 2
2838 846 2
3923 3248 2
3713 4914 2
1630 1784 2
4531 3966 2
4697 4818 2
3788 4843 2
248 3808 2
2128 3528 2
1049 1744 2
3190 4265 2
4065 3507 2
962 1999 2
1453 1795 2
2481 4920 2
2143 3368 2
2893 4451 2
500 225 2
1109 2030 2
4972 2382 2
3534 924 2
3418 1287 2
3279 3628 2
3744 425 2
4818 1672 2
158 4053 2
2509 530 2
2530 2590 2
1489 1246 2
427 4653 2
4740 343 2
2716 630 2
399 941 2
782 1073 2
2674 2447 2
793 1572 2
4861 1139 2
1889 1738 2
1602 3296 2
254 1294 2
848 642 2
2502 237 2
4247 177 2
4680 4035 2
3337 4460 2
3033 234 2
1593 77 2
939 1848 2
2313 1339 2
3167 1605 2
796 2224 2
4887 3566 2
2890 1458 2
2758 875 2
1486 1606 2
1382 987 2
2840 2078 2
3532 209 2
1007 2172 2
2655 2397 2
3759 48 2
2523 2306 2
1154 4942 2
4037 441 2
4509 3056 2
3787 2526 2
1747 2366 2
4929 4101 2
1021 461 2
2395 3933 2
3957 632 2
2779 696 2
1532 3967 2
2265 2691 2
3290 3998 2
3585 431 2
3847 4650 2
82 4293 2
3637 520 2
1989 4155 2
2698 2191 2
3269 2728 2
442 3851 2
2024 1554 2
2594 1652 2
1319 680 2
1757 3515 2
2840 4534 2
1710 3998 2
4195 1450 2
3019 1478 2
1044 605 2
2666 1425 2
200 70 2
4902 1791 2
4074 4792 2
2182 1530 2
535 1948 2
593 148 2
792 2123 2
2295 766 2
1726 4304 2
437 127 2
3839 2725 2
1088 966 2
4696 3309 2
1973 2470 2
1718 4548 2
1106 643 2
1238 2093 2
25 3629 2
4765 4439 2
2916 3978 2
1195 1622 2
2263 1792 2
4718 3658 2
3805 2113 2
2969 3303 2
4088 1098 2
1953 1299 2
2128 1653 2
460 3833 2
1092 4217 2
4614 419 2
4592 587 2
2639 1994 2
4590 3857 2
4668 2357 2
4934 1503 2
4591 3675 2
1803 4786 2
2381 122 2
3369 4622 2
2987 3731 2
3463 144 2
911 4750 2
1121 3 2
4776 2454 2
4247 1489 2
2591 350 2
4608 2422 2
2415 146 2
4581 816 2
178 2022 2
514 2921 2
3844 3978 2
2815 1663 2
2662 566 2
4100 680 2
768 682 2
680 4452 2
3002 3553 2
2623 2251 2
1826 1489 2
4618 2676 2
4276 3198 2
3706 2504 2
4284 4805 2
649 1276 2
3515 4884 2
3585 3006 2
818 1604 2
2595 2174 2
2278 2952 2
976 1760 2
2288 1254 2
373 928 2
221 4307 2
4209 3005 2
4184 4275 2
1290 3815 2
1802 1885 2
1567 496 2
293 3951 2
2890 2808 2
1737 3063 2
4789 1355 2
2889 2635 2
1336 1285 2
2165 3914 2
499 1362 2
4443 2454 2
2875 3905 2
1822 3511 2
1764 247 2
4620 1370 2
3344 2213 2
1591 644 2
2114 1732 2
543 3784 2
3125 1286 2
1101 954 2
1909 2114 2
819 556 2
3498 4401 2
1403 1166 2
122 4167 2
4429 280 2
3379 212 2
737 887 2
802 3655 2
4754 884 2
380 348 2
1397 1763 2
4679 3582 2
1191 1726 2
864 674 2
3024 3574 2
1855 4342 2
2703 2748 2
2035 3181 2
4246 788 2
437 1866 2
1313 3286 2
4310 25 2
95 1648 2
2822 3740 2
4322 4024 2
994 4868 2
2228 770 2
4303 246 2
935 4102 2
2334 3569 2
3841 2777 2
4560 659 2
1107 3244 2
2410 3402 2
3101 2144 2
220 3489 2
3609 440 2
4500 333 2
4260 1798 2
176 4417 2
1231 3181 2
1011 249 2
4196 4893 2
4462 9 2
4958 184 2
3582 3264 2
3637 1312 2
2801 4248 2
1616 2998 2
3018 2199 2
3616 4964 2
150 1199 2
2551 4377 2
3784 1044 2
3179 3372 2
1199 2932 2
3746 2313 2
189 3704 2
2120 1808 2
324 4449 2
3027 1154 2
3544 3685 2
4676 4009 2
1580 1272 2
987 330 2
2982 1580 2
2525 560 2
2743 857 2
3797 4360 2
3862 3768 2
2016 2666 2
868 1183 2
2264 4389 2
278 1907 2
428 1949 2
1005 524 2
2673 2696 2
4195 2025 2
2501 2999 2
4412 3045 2
126 3383 2
4272 730 2
2092 1815 2
268 1026 2
262 4578 2
4858 611 2
2593 4649 2
516 3417 2
4250 4164 2
4274 1073 2
4548 1398 2
1950 1823 2
217 3983 2
2192 676 2
2266 866 2
4555 1919 2
3955 4683 2
2700 1280 2
1579 1571 2
2515 3976 2
3071 4817 2
4949 436 2
1615 1348 2
180 3957 2
3105 839 2
4362 1251 2
1156 4740 2
971 2645 2
417 2597 2
4881 3543 2
1269 2996 2
2767 4611 2
856 1292 2
2149 3211 2
1398 4984 2
4816 2289 2
2965 2685 2
2289 4795 2
3772 3584 2
4870 4385 2
1905 3388 2
1695 3819 2
1069 1782 2
2203 1569 2
1133 1231 2
2648 4303 2
1716 4301 2
489 1073 2
2588 3870 2
1546 3822 2
4395 4589 2
2185 1666 2
4694 117 2
1968 360 2
3447 1741 2
1971 932 2
3577 842 2
326 3705 2
4364 2260 2
2039 2869 2
2873 302 2
4926 3278 2
4908 2036 2
1614 2225 2
2852 4122 2
2810 3505 2
1585 1250 2
581 3234 2
4619 739 2
3130 2146 2
2969 867 2
4525 4942 2
2451 1495 2
3606 4487 2
3897 3193 2
4296 409 2
1513 1304 2
4209 1 2
503 1142 2
2636 4064 2
896 2162 2
4292 2502 2
1384 1258 2
3798 810 2
1245 1345 2
3868 2994 2
3494 4723 2
391 2221 2
111 1147 2
4697 3305 2
1180 648 2
2442 4253 2
3448 1998 2
2469 4778 2
3524 1177 2
4431 1078 2
3914 4473 2
4685 1744 2
2187 112 2
4619 1131 2
2914 1641 2
175 3690 2
2879 1954 2
2087 2415 2
2414 4880 2
2228 3288 2
4843 2100 2
3981 375 2
830 1116 2
3501 3514 2
1808 51 2
4769 3152 2
1361 1815 2
2007 2676 2
1755 3398 2
4154 4333 2
3516 1925 2
3525 2030 2
4112 3632 2
2407 2167 2
2665 771 2
3439 619 2
874 1272 2
4662 4184 2
3287 2182 2
921 3416 2
2769 2928 2
314 615 2
2995 818 2
1422 2926 2
1812 3495 2
4003 3803 2
2252 353 2
1394 478 2
3967 2682 2
1511 3007 2
3387 1594 2
3091 3365 2
1004 2984 2
1552 1640 2
1478 477 2
1838 4568 2
2988 1712 2
3455 3162 2
1494 3111 2
4832 1876 2
2468 231 2
2243 2174 2
2425 4844 2
825 3095 2
4265 197 2
4470 973 2
1392 1427 2
2420 2050 2
1874 510 2
4053 3419 2
1789 1632 2
647 3023 2
2990 2768 2
4649 1266 2
4556 1168 2
2032 665 2
1512 2459 2
3249 2472 2
3024 534 2
3009 4692 2
161 1935 2
2577 1972 2
2108 3846 2
4616 3859 2
4833 1720 2
2157 1367 2
4105 1810 2
3781 3500 2
3716 1551 2
4300 720 2
4472 624 2
3162 1083 2
1010 3061 2
966 3623 2
2360 4991 2
2411 3722 2
1271 3927 2
3937 2915 2
3814 4699 2
1091 4000 2
3188 1092 2
1264 552 2
4955 734 2
1319 2023 2
4499 666 2
1817 4935 2
633 2987 2
95 44 2
583 4062 2
2668 4884 2
4676 4924 2
1943 4284 2
1500 1530 2
401 997 2
1158 2191 2
4864 312 2
546 209 2
1701 1338 2
282 5000 2
3609 4519 2
638 3482 2
1709 1833 2
4958 1343 2
4466 2251 2
1759 674 2
4407 784 2
885 1116 2
3077 4802 2
752 1753 2
3355 3704 2
3023 3191 2
1824 1379 2
2241 4494 2
2175 3144 2
3646 4470 2
3514 1296 2
747 2625 2
4025 3916 2
1042 3263 2
1470 2945 2
4716 4283 2
4484 3473 2
3898 733 2
2609 3293 2
1498 1670 2
4028 2926 2
1310 1527 2
4670 3481 2
1254 3854 2
3011 1079 2
2195 3164 2
230 299 2
4904 4977 2
391 1074 2
3932 1420 2
1751 4539 2
4369 1057 2
4346 2539 2
4122 1140 2
2309 4613 2
38 3548 2
4468 1169 2
2447 2282 2
383 4410 2
259 4974 2
1887 758 2
4539 1098 2
3094 77 2
4433 4578 2
4028 4430 2
3212 2421 2
4156 2964 2
1488 266 2
2795 2101 2
3765 2190 2
3673 2307 2
3806 1151 2
34 2774 2
1735 1259 2
1484 2279 2
4445 3944 2
3684 110 2
3885 298 2
2406 2157 2
4271 3867 2
1702 3094 2
597 2860 2
3449 3339 2
4199 394 2
3778 1022 2
1127 610 2
2153 4804 2
2602 554 2
371 1704 2
1205 1968 2
465 768 2
4351 1304 2
2472 86 2
4600 187 2
3393 1470 2
3928 1279 2
2919 1299 2
3473 4252 2
3710 1618 2
2433 3202 2
1116 2073 2
134 2580 2
3778 4411 2
1155 3720 2
2259 158 2
2124 2711 2
3950 358 2
1735 1778 2
2783 2779 2
836 4820 2
143 2993 2
4343 4541 2
2904 3773 2
4420 1669 2
1311 1987 2
1346 4741 2
1168 4768 2
2470 3897 2
3841 4254 2
210 1941 2
4864 4976 2
2297 482 2
3447 3294 2
1122 3685 2
1077 587 2
1681 2848 2
435 1953 2
651 3297 2
2655 3622 2
2508 3508 2
1924 3325 2
1378 3932 2
792 2349 2
1437 3081 2
4845 4951 2
4375 1708 2
1301 4572 2
3500 2067 2
2743 1643 2
951 1357 2
3585 2539 2
942 1641 2
699 606 2
805 4387 2
709 896 2
3617 2644 2
1880 2430 2
179 234 2
946 4852 2
1806 4768 2
3422 1328 2
352 1054 2
3237 1797 2
1233 1796 2
3743 894 2
2451 2810 2
2171 2769 2
1320 1806 2
1113 2247 2
1045 838 2
3849 2737 2
3432 3136 2
2010 2623 2
1268 4727 2
175 3465 2
2604 1965 2
3603 3048 2
4254 4395 2
799 698 2
4517 2377 2
1897 4741 2
4443 295 2
1191 2720 2
3837 4011 2
3094 732 2
2780 3364 2
2784 4941 2
2458 2388 2
3728 1268 2
3041 2628 2
3595 2218 2
204 2582 2
784 628 2
3932 4637 2
2868 3936 2
1750 2458 2
2818 4979 2
689 2267 2
4609 845 2
4251 2648 2
1088 2314 2
3483 4931 2
533 1219 2
2259 665 2
746 2196 2
2726 1925 2
272 4818 2
2874 4056 2
4511 4794 2
2178 4774 2
600 486 2
400 3558 2
1056 1413 2
4004 4539 2
2111 2997 2
2442 2918 2
3256 2290 2
826 3494 2
1917 1214 2
4258 1786 2
1744 1569 2
2868 734 2
3104 2727 2
3209 1166 2
81 1257 2
1533 2497 2
3892 3125 2
1888 2930 2
3391 3096 2
904 526 2
1747 3260 2
3466 2698 2
986 1356 2
4406 4194 2
3663 1959 2
4855 3111 2
3573 4462 2
1457 3048 2
3049 2112 2
804 4733 2
4793 1880 2
3883 232 2
3798 4430 2
1865 742 2
4673 718 2
4643 4176 2
2297 135 2
4124 4580 2
203 2508 2
2803 4663 2
1432 4884 2
3530 2195 2
3900 2974 2
3784 4858 2
1619 2697 2
4073 1429 2
1882 1510 2
287 2786 2
3199 1376 2
3717 1955 2
2363 421 2
726 2596 2
2070 2507 2
3899 3442 2
1915 3675 2
144 4058 2
2385 315 2
2106 448 2
2493 2290 2
4853 3572 2
1168 1264 2
453 3822 2
768 1662 2
3426 3569 2
388 4741 2
291 2629 2
4665 865 2
4987 911 2
1219 4117 2
4945 3392 2
3785 3067 2
3165 1449 2
1099 1201 2
135 3453 2
4185 84 2
2995 1470 2
3690 1489 2
2168 3606 2
2339 2803 2
4725 3017 2
4809 1743 2
681 514 2
4152 3516 2
192 2044 2
3050 2273 2
463 3289 2
1775 4704 2
2962 1622 2
4982 2292 2
2806 2099 2
4156 674 2
3652 4882 2
263 1667 2
3555 3044 2
2959 1682 2
893 4615 2
2888 748 2
689 2521 2
87 3601 2
2660 2952 2
838 1730 2
3632 155 2
2185 2061 2
1804 4693 2
1065 1008 2
2173 4351 2
4481 2356 2
1499 1420 2
443 159 2
4337 809 2
112 4952 2
4388 2248 2
2508 2604 2
4113 3398 2
4688 4670 2
569 2008 2
1213 4496 2
1465 4964 2
2834 2591 2
3844 3517 2
2142 2573 2
3790 2842 2
3182 4824 2
4049 97 2
3845 4219 2
4416 3289 2
4740 4154 2
3625 3953 2
1567 1189 2
3791 2275 2
3703 1991 2
3544 2006 2
3044 2208 2
171 2699 2
3096 3699 2
4805 319 2
2732 2445 2
736 2739 2
338 1803 2
211 1558 2
1000 1662 2
1553 2223 2
4580 658 2
21 2758 2
3011 4181 2
2964 4515 2
1300 4513 2
1855 2039 2
412 2294 2
4771 911 2
2460 255 2
1326 2795 2
978 3158 2
4948 2963 2
3760 1161 2
3509 341 2
1123 1060 2
2663 4318 2
166 2484 2
4907 2023 2
1956 1062 2
2160 127 2
4549 1935 2
2140 31 2
4463 1118 2
4088 4614 2
2149 1782 2
4743 4989 2
2094 4108 2
2660 2277 2
698 2688 2
199 3832 2
1595 2419 2
302 4298 2
3477 691 2
784 3285 2
4843 2972 2
3479 653 2
5000 2253 2
1991 2520 2
3796 4617 2
1275 907 2
4837 3562 2
4067 2137 2
3665 183 2
4993 2900 2
381 3164 2
2721 2015 2
388 3607 2
1511 1080 2
1804 2695 2
4882 4696 2
3997 1479 2
3978 4759 2
3013 3480 2
1328 2240 2
4747 1626 2
1284 3942 2
440 3592 2
4503 1062 2
1753 2219 2
903 477 2
2645 2422 2
3085 696 2
183 1630 2
4440 3539 2
2173 4387 2
4738 3971 2
3006 408 2
1988 87 2
3164 3354 2
4867 4158 2
3204 2250 2
2488 1406 2
2071 2894 2
1100 2810 2
716 4767 2
4748 1006 2
4999 4918 2
2078 1136 2
341 2152 2
4175 3541 2
3192 3462 2
3728 1186 2
1578 2603 2
4464 488 2
3948 4629 2
3866 2290 2
1617 4145 2
2683 4988 2
3110 214 2
2999 2023 2
415 4561 2
4619 2181 2
2174 775 2
633 4899 2
1649 1009 2
3716 2078 2
4038 4178 2
3394 1903 2
4601 2062 2
4250 4195 2
3437 4555 2
878 3161 2
733 1707 2
4014 4480 2
2637 3904 2
1302 3623 2
4845 2354 2
4421 4447 2
4528 4397 2
392 2635 2
749 1345 2
1827 2678 2
3000 1439 2
3716 2691 2
2970 998 2
2302 1889 2
577 239 2
3353 3052 2
840 1887 2
1063 2891 2
1909 1836 2
2762 795 2
3766 633 2
648 4826 2
4993 4549 2
302 3999 2
3205 2768 2
3187 4455 2
3645 583 2
2838 531 2
4347 2601 2
3199 3616 2
3654 163 2
1727 1981 2
3608 4669 2
696 2432 2
3685 1469 2
674 3421 2
3020 253 2
4831 2474 2
2242 4172 2
3738 2701 2
828 625 2
2432 3730 2
3456 1362 2
501 4083 2
3261 3431 2
2819 4428 2
3240 4220 2
1547 3537 2
1788 3 2
882 3990 2
1045 1000 2
4090 333 2
683 2662 2
489 664 2
4462 831 2
3943 2969 2
199 3178 2
3922 2729 2
4461 3494 2
98 3202 2
4900 2225 2
355 1788 2
2822 3872 2
2394 363 2
4377 3023 2
105 2747 2
1843 344 2
3261 1463 2
4056 2025 2
2385 4929 2
3825 817 2
4669 281 2
3248 88 2
2957 4634 2
4788 3208 2
803 1881 2
4070 1212 2
4006 3716 2
2240 2954 2
4650 2737 2
1482 1137 2
12 2623 2
1260 725 2
3062 2603 2
3540 2403 2
883 1147 2
3519 1026 2
2069 139 2
679 4676 2
1940 735 2
3991 4940 2
1971 4924 2
110 1966 2
1590 2203 2
104 3536 2
168 3263 2
2445 2023 2
2193 4792 2
1502 3404 2
557 2451 2
1042 3289 2
3528 3001 2
4252 4031 2
1638 2659 2
2154 1051 2
4010 1397 2
2829 2107 2
2704 4304 2
4461 4949 2
1799 2110 2
1577 3114 2
4465 4367 2
1098 482 2
3667 23 2
564 2414 2
1831 2595 2
3843 4393 2
4635 3538 2
3831 2458 2
2073 1423 2
4734 2024 2
1193 670 2
4933 4591 2
1222 3291 2
1306 3099 2
3274 1616 2
2769 257 2
3521 1919 2
1500 317 2
2129 4409 2
4461 4044 2
1087 1346 2
4288 4280 2
2737 397 2
106 4353 2
1241 3110 2
4537 4812 2
2433 711 2
3874 3850 2
2019 2499 2
635 1088 2
339 4933 2
1859 4547 2
2428 2720 2
3891 2226 2
3855 414 2
1646 3035 2
4481 4804 2
3285 3313 2
1770 229 2
2562 4975 2
3639 3905 2
2820 461 2
4773 4160 2
4215 3922 2
2672 1522 2
83 477 2
1065 3562 2
543 2935 2
1468 3768 2
2096 2378 2
1208 3425 2
3555 533 2
1303 348 2
2424 115 2
4437 2203 2
4907 402 2
4224 2271 2
3654 3261 2
1540 2512 2
3919 2715 2
1262 1858 2
4744 2223 2
2101 379 2
4868 361 2
4351 3356 2
1661 183 2
2992 4439 2
2567 1869 2
502 3463 2
1909 779 2
1877 694 2
4325 3287 2
4095 1487 2
1451 3047 2
2480 2091 2
1923 3016 2
1421 1877 2
1451 1001 2
4945 3662 2
3987 2231 2
58 2498 2
1662 664 2
928 4321 2
25 4671 2
2032 1568 2
4646 408 2
4520 2112 2
1932 3999 2
4959 1313 2
1234 699 2
3717 2538 2
2269 2007 2
2299 183 2
3470 3104 2
2708 1061 2
1264 4405 2
1210 1189 2
1188 1991 2
4802 2900 2
2464 307 2
1562 2294 2
2519 509 2
366 485 2
886 3699 2
3461 1757 2
2555 295 2
953 2875 2
2843 4970 2
3650 2026 2
1086 914 2
3112 4360 2
1707 2434 2
3542 508 2
101 4626 2
1948 4024 2
1268 1197 2
1035 3679 2
2056 3953 2
4138 4170 2
3018 4766 2
232 4267 2
1114 1849 2
669 4392 2
1072 1579 2
3138 3878 2
3941 412 2
19 3762 2
4461 1112 2
1481 1032 2
3118 3123 2
3421 1623 2
961 1588 2
2255 2650 2
3442 123 2
4565 4566 2
3361 3759 2
796 218 2
2331 4887 2
4589 1595 2
2595 3828 2
1594 3416 2
2584 2022 2
946 4978 2
2680 1829 2
2969 3766 2
1507 2462 2
3175 2082 2
337 4451 2
650 3080 2
2773 2790 2
4464 2757 2
956 422 2
2540 2120 2
2679 1737 2
1868 3100 2
643 4266 2
4502 3521 2
2953 2681 2
949 4779 2
3949 4684 2
3862 2034 2
4298 538 2
3201 808 2
41 842 2
1918 3443 2
375 4956 2
1480 4723 2
2189 3427 2
3394 2727 2
1592 589 2
961 1033 2
376 4796 2
682 4115 2
442 1654 2
1746 2177 2
3573 1438 2
606 3893 2
3350 3199 2
2014 1584 2
3625 659 2
1153 47 2
1325 1218 2
1228 1579 2
1873 2733 2
1006 3184 2
19 3638 2
4980 2514 2
2802 402 2
1710 4225 2
4571 3165 2
4516 2061 2
221 3752 2
4446 2762 2
474 2924 2
4655 2091 2
4705 4363 2
2101 1521 2
3634 3643 2
202 1658 2
838 4673 2
4104 2235 2
1775 2332 2
2675 1557 2
19 2248 2
573 1476 2
2329 286 2
356 4576 2
4595 2693 2
3124 1751 2
3778 845 2
2231 1935 2
1955 3768 2
3195 4724 2
17 2282 2
1413 1649 2
3140 1000 2
3971 3929 2
4444 1200 2
2244 3488 2
1569 4472 2
3008 4840 2
3339 3029 2
2375 2318 2
257 3889 2
786 3907 2
4487 389 2
2269 3991 2
1087 54 2
1826 1572 2
319 3661 2
3855 3338 2
2972 4624 2
2606 51 2
2526 1547 2
727 2556 2
2663 4910 2
724 165 2
151 1297 2
643 3414 2
2007 3204 2
2697 171 2
414 4749 2
1181 4926 2
435 2796 2
4972 150 2
407 735 2
1063 2423 2
4659 1177 2
2077 4797 2
1605 2544 2
3782 4558 2
3117 1794 2
328 243 2
2147 1406 2
4855 2533 2
1104 3125 2
1442 3564 2
214 4521 2
2163 1107 2
2721 4257 2
874 2656 2
181 4914 2
71 4196 2
2624 4871 2
3922 1595 2
701 519 2
4917 3734 2
877 3257 2
1206 4513 2
1924 4729 2
4334 2646 2
690 4022 2
4810 4427 2
1413 3013 2
4368 605 2
1184 930 2
3853 4756 2
2955 4368 2
864 2502 2
4588 4152 2
2533 16 2
2484 4285 2
2350 83 2
1624 1284 2
321 4148 2
4888 2423 2
3368 3087 2
2601 841 2
1845 286 2
3898 4764 2
432 3992 2
2804 630 2
221 3572 2
4463 4911 2
3670 1692 2
1266 4697 2
4766 2573 2
1219 1621 2
2743 453 2
330 1234 2
3225 849 2
1795 4018 2
4527 2742 2
2634 3752 2
2613 3804 2
1699 4431 2
1509 2661 2
1573 366 2
1902 847 2
3176 4979 2
1014 4845 2
3942 2629 2
3302 4063 2
2065 3645 2
4242 3862 2
529 837 2
3274 2230 2
1205 1327 2
3368 4141 2
490 2838 2
1494 4174 2
3726 1431 2
3361 2204 2
1040 2243 2
4819 2262 2
3608 438 2
2081 2686 2
789 1599 2
3128 96 2
3190 3463 2
1165 4723 2
2917 1073 2
2126 1526 2
1791 4868 2
209 1645 2
2270 2411 2
1763 3974 2
3119 1305 2
1719 2531 2
961 988 2
1943 3701 2
3320 1824 2
3437 917 2
2329 1932 2
3855 4289 2
3997 322 2
851 1081 2
1923 3525 2
893 4447 2
3785 3752 2
4492 1376 2
4268 2419 2
3310 4596 2
1805 3401 2
85 2539 2
489 427 2
1704 518 2
1023 4682 2
3692 3489 2
3074 3038 2
2090 3020 2
1814 193 2
4256 460 2
94 3958 2
4949 4193 2
2170 3159 2
4152 2720 2
446 1665 2
664 2084 2
3182 1794 2
4651 2811 2
1391 1291 2
4069 1113 2
1966 1615 2
3890 4611 2
602 4803 2
1970 3403 2
1435 4645 2
2669 931 2
1062 4037 2
3902 820 2
4068 3941 2
2201 1922 2
1176 1052 2
1938 4757 2
4997 417 2
2050 2576 2
117 4405 2
2992 1887 2
818 516 2
255 3535 2
3841 2701 2
1379 3084 2
803 2252 2
2281 1671 2
163 599 2
3329 4523 2
4085 4134 2
196 4562 2
388 3192 2
65 2981 2
3451 679 2
1095 4400 2
606 1509 2
2246 587 2
3148 539 2
542 1594 2
1064 4882 2
2640 1629 2
4805 1457 2
1690 1428 2
980 3833 2
2852 2802 2
2176 2057 2
709 4030 2
4594 2119 2
823 259 2
2391 4829 2
4863 3384 2
4781 1598 2
4146 1424 2
4996 817 2
2081 2847 2
660 4841 2
338 2907 2
3668 4396 2
3048 936 2
1423 2328 2
555 4538 2
534 115 2
1672 2332 2
1821 138 2
2658 3459 2
2951 289 2
1475 2309 2
4646 1220 2
3964 4347 2
4131 3303 2
2139 4609 2
4196 645 2
2166 3916 2
3447 1390 2
703 678 2
1430 1831 2
4369 3621 2
2427 4257 2
4794 4718 2
1812 4574 2
4554 653 2
1506 4511 2
29 1295 2
2891 3452 2
2040 1097 2
2510 255 2
95 286 2
310 3580 2
3631 4209 2
3241 962 2
2073 633 2
500 2699 2
2861 3331 2
3152 4499 2
41 1585 2
1455 1221 2
4717 4626 2
3926 2707 2
322 4846 2
2111 4407 2
3407 2905 2
3 3368 2
2608 2000 2
2658 2653 2
3634 3036 2
3325 2114 2
374 51 2
883 4325 2
3310 1372 2
4886 4408 2
1433 2482 2
1839 284 2
1384 197 2
2547 4848 2
4013 612 2
1000 3046 2
13 3487 2
2600 958 2
2274 372 2
1564 1213 2
1230 1190 2
3572 1943 2
4945 1179 2
2675 857 2
473 1764 2
3547 3145 2
2616 3733 2
667 1623 2
2926 4320 2
2855 3138 2
2872 413 2
2426 4684 2
937 1870 2
3938 4269 2
3208 4085 2
4644 1247 2
3445 2739 2
857 1816 2
1427 2484 2
786 4090 2
2894 3009 2
2460 574 2
2079 266 2
859 342 2
32 2788 2
2121 3967 2
620 2396 2
3079 3756 2
4253 606 2
3774 3030 2
3482 179 2
4130 1960 2
1639 3741 2
3017 1488 2
62 2582 2
4780 533 2
353 1570 2
674 4167 2
3920 3224 2
2899 3097 2
2228 1069 2
4637 2777 2
2836 650 2
34 2865 2
3223 4575 2
974 255 2
4651 3350 2
694 1183 2
4116 297 2
3446 1034 2
4895 3220 2
3205 470 2
2201 1353 2
783 3996 2
249 1675 2
3055 4565 2
578 2378 2
2158 3701 2
4181 1860 2
4032 2460 2
313 3456 2
1039 4180 2
1481 2915 2
555 2620 2
921 348 2
4335 233 2
4826 4027 2
4142 1980 2
420 3420 2
1424 2474 2
4372 2117 2
2065 991 2
2836 1675 2
4743 4934 2
1854 3549 2
3338 30 2
3950 2944 2
3465 1104 2
2812 4010 2
4160 4699 2
2178 4827 2
2597 341 2
2614 2687 2
2146 4274 2
3010 3710 2
941 743 2
1317 1702 2
1351 4588 2
4174 2888 2
3638 2898 2
2428 174 2
4215 815 2
156 3996 2
828 2834 2
2306 2585 2
610 4875 2
2998 1229 2
720 3068 2
3592 3233 2
4688 599 2
461 4796 2
4693 3187 2
2773 3946 2
3515 946 2
4145 103 2
2893 676 2
947 3608 2
608 2748 2
834 1743 2
3556 1111 2
128 1839 2
2341 3029 2
2752 3149 2
1845 3144 2
2908 4599 2
3314 1993 2
1104 4289 2
1619 948 2
126 2774 2
1672 4851 2
3759 1145 2
4212 4476 2
2979 1117 2
1070 358 2
4910 1633 2
3022 643 2
1873 112 2
957 1637 2
3131 3908 2
3920 3822 2
906 2641 2
1302 1294 2
4884 2333 2
3157 4002 2
3898 2955 2
231 1775 2
4732 4241 2
2301 268 2
3586 2481 2
3793 2639 2
2309 3950 2
691 3966 2
22 3354 2
1338 1372 2
4043 4245 2
161 4938 2
966 3979 2
3329 2976 2
1077 1046 2
3129 661 2
1633 4958 2
3409 4284 2
841 2422 2
2364 4349 2
1363 4902 2
2112 4583 2
679 3793 2
1172 4244 2
4741 3186 2
105 2154 2
4722 2534 2
627 4810 2
971 3738 2
4690 2998 2
1584 2927 2
4894 2564 2
3538 3037 2
3086 1734 2
4565 1522 2
3618 864 2
248 266 2
2350 3082 2
790 425 2
2461 1562 2
735 1301 2
3032 2817 2
825 799 2
2429 3751 2
3199 2643 2
2968 3543 2
350 1107 2
3812 4827 2
2750 2565 2
297 2555 2
1005 1130 2
2693 4320 2
1229 373 2
968 1020 2
1909 2207 2
3157 2781 2
358 1704 2
3380 321 2
3146 4325 2
2553 3302 2
4871 2502 2
2199 330 2
1188 252 2
2248 3020 2
1953 2687 2
1290 850 2
35 2333 2
67 534 2
4280 3223 2
3427 3979 2
3357 2339 2
2799 1594 2
2848 3572 2
4985 1558 2
2209 2733 2
2699 598 2
4314 1415 2
2059 2073 2
2802 832 2
1493 3093 2
3731 4687 2
1496 550 2
4791 3766 2
2462 1896 2
4197 310 2
2307 3323 2
3664 574 2
1648 2947 2
1488 4203 2
1853 519 2
1968 1531 2
3532 774 2
4266 3543 2
1516 3960 2
985 3732 2
1636 2318 2
4665 1638 2
4302 1837 2
1762 3528 2
1766 3751 2
3628 3477 2
2570 3029 2
4898 57 2
2640 4346 2
4440 3196 2
4966 2433 2
251 3988 2
1508 2424 2
2822 1008 2
3785 4488 2
1082 4383 2
259 1529 2
3503 1822 2
885 2835 2
1382 3236 2
3775 3398 2
4399 2323 2
3406 4574 2
119 4292 2
1430 3590 2
89 295 2
1164 3479 2
1658 2120 2
2469 2186 2
945 4482 2
2118 1831 2
2647 1735 2
1214 3273 2
4238 871 2
820 592 2
1276 774 2
3733 1215 2
2279 718 2
2927 85 2
1786 4942 2
3616 4138 2
1085 2550 2
3465 234 2
114 1917 2
1894 4563 2
948 676 2
2772 4911 2
3191 2680 2
1566 3585 2
913 4494 2
4646 2310 2
4849 3408 2
4323 4877 2
2957 3591 2
2500 3731 2
3100 4729 2
687 4220 2
845 1050 2
4979 1164 2
4943 4806 2
1429 2571 2
2988 258 2
3907 2535 2
2047 1475 2
2380 1219 2
3379 4188 2
3702 58 2
2761 521 2
4678 4057 2
1911 1599 2
289 1447 2
836 1340 2
3448 2538 2
3856 1343 2
2991 2012 2
2552 355 2
1547 447 2
1321 3419 2
3027 3689 2
2114 3856 2
1616 3779 2
576 3719 2
3116 3691 2
1759 4986 2
4881 3216 2
3254 1693 2
1129 853 2
2404 409 2
2798 3198 2
1119 58 2
2581 1533 2
660 4762 2
4543 4783 2
2864 4501 2
3882 4396 2
373 3252 2
2476 3374 2
1007 1610 2
3808 2810 2
1176 4912 2
578 3630 2
2437 1316 2
2800 2638 2
4489 1780 2
231 4635 2
340 3403 2
2458 2263 2
3178 3256 2
255 1826 2
4413 4097 2
279 2208 2
4078 1091 2
2998 248 2
1179 1329 2
448 274 2
2630 4246 2
3760 515 2
4626 3260 2
2025 3242 2
4569 1474 2
128 3698 2
2844 3277 2
1297 3482 2
92 4116 2
3661 3498 2
2395 3749 2
3853 1681 2
583 1284 2
3171 702 2
2658 199 2
4392 1442 2
4297 1396 2
4578 3197 2
3608 4442 2
3554 637 2
2236 642 2
2442 2158 2
2790 3533 2
1885 2186 2
554 2107 2
2511 890 2
3221 3900 2
4795 3051 2
4888 3761 2
3737 2631 2
2463 723 2
4398 2117 2
4013 2572 2
577 2757 2
1515 2978 2
1118 431 2
3912 1185 2
798 3798 2
3389 4379 2
711 4366 2
2117 2780 2
797 729 2
4949 3158 2
3802 3427 2
2153 1167 2
3206 4296 2
4216 919 2
3839 3864 2
171 2241 2
549 1357 2
3874 4534 2
1018 433 2
2949 4099 2
494 2346 2
1825 4812 2
2430 1803 2
3408 2648 2
1649 2070 2
1690 2067 2
2076 835 2
3813 28 2
3068 1035 2
2704 4430 2
2642 4347 2
924 270 2
3225 3839 2
1939 399 2
4999 23 2
2047 3557 2
3819 1435 2
1804 426 2
4512 212 2
2238 1283 2
1778 2619 2
4014 4726 2
3984 2810 2
1810 2916 2
2463 3086 2
3654 3960 2
869 116 2
4689 2606 2
752 4360 2
3219 3193 2
3870 3260 2
726 3939 2
2856 1665 2
2847 3937 2
3632 1041 2
1116 481 2
1188 2522 2
4468 1959 2
1313 4935 2
3970 1163 2
3334 250 2
820 656 2
2834 597 2
4179 1675 2
1818 1582 2
1520 2429 2
3968 975 2
4027 4493 2
2298 4883 2
4361 2101 2
3590 632 2
734 1513 2
27 1375 2
1470 3858 2
2048 596 2
37 2806 2
3072 2921 2
3800 3501 2
3675 3080 2
380 278 2
3447 3581 2
79 2947 2
1102 2091 2
507 4927 2
532 651 2
1562 3572 2
2272 4844 2
3378 3664 2
4310 576 2
2559 4428 2
81 4865 2
3533 678 2
1096 1360 2
654 404 2
1784 4855 2
4324 3834 2
2440 2169 2
2174 1475 2
4328 3008 2
3583 419 2
2904 4040 2
1911 844 2
3428 3703 2
2889 2237 2
388 473 2
986 2924 2
697 1590 2
2469 1105 2
3789 1893 2
4757 1268 2
4557 3669 2
2581 3627 2
544 3806 2
2827 3758 2
3208 1997 2
2967 2625 2
2620 1253 2
2056 4141 2
2875 38 2
4843 2603 2
4126 95 2
1007 181 2
3825 3648 2
4255 3426 2
4136 656 2
2221 858 2
164 1818 2
2234 3754 2
576 2966 2
1828 4730 2
2730 1606 2
1295 1753 2
468 2855 2
1664 2238 2
2914 2270 2
241 564 2
2645 3294 2
4508 1402 2
4135 655 2
1910 4292 2
2999 2859 2
4429 2062 2
4715 3559 2
3199 3152 2
3162 1511 2
2627 3836 2
3768 1032 2
800 1943 2
668 3571 2
2420 992 2
1816 49 2
112 4169 2
2598 396 2
4411 594 2
1061 1245 2
1211 4730 2
357 4894 2
3021 4512 2
2657 3199 2
1880 4904 2
1749 3787 2
3466 2563 2
4095 1278 2
736 1804 2
2375 1950 2
4911 313 2
4990 4992 2
2886 1728 2
128 1504 2
1684 478 2
4252 986 2
4 1388 2
4824 2895 2
941 570 2
113 1012 2
4643 1254 2
2567 175 2
1634 2922 2
4899 2410 2
3344 176 2
956 2133 2
4979 2591 2
3855 4091 2
2667 739 2
1833 1291 2
3791 1518 2
2114 4133 2
4271 3648 2
1336 4370 2
2924 1802 2
4525 2416 2
438 3167 2
696 4801 2
4689 981 2
2560 713 2
4314 1794 2
4063 1474 2
3040 4704 2
4052 1737 2
2951 4053 2
2196 976 2
1571 3827 2
1863 3501 2
88 2333 2
686 3042 2
3943 1513 2
3328 2384 2
681 2852 2
4165 71 2
4720 488 2
2935 2596 2
4820 1878 2
1189 3751 2
4179 1320 2
4217 2826 2
912 4534 2
3150 3203 2
1184 2088 2
4689 2937 2
2624 4109 2
4851 4872 2
2014 1917 2
104 3126 2
1371 2605 2
3724 3519 2
678 3238 2
3993 867 2
93 1330 2
1988 2361 2
678 1925 2
3657 4372 2
3300 73 2
612 1352 2
1621 2088 2
2289 2545 2
764 3058 2
243 2800 2
2817 2618 2
1135 4423 2
3505 2591 2
3255 1604 2
4400 3245 2
1095 3181 2
3083 2848 2
4939 1096 2
4949 2108 2
1348 526 2
1206 2345 2
2450 4953 2
4548 2587 2
2791 1907 2
3453 1718 2
4787 2672 2
4546 4501 2
2390 2808 2
3101 314 2
3672 105 2
3950 589 2
3169 3868 2
4538 2161 2
2951 2018 2
4982 339 2
2954 272 2
4149 2828 2
867 2096 2
196 3931 2
4680 1692 2
3531 1021 2
1125 4439 2
4725 1430 2
879 1457 2
198 1418 2
2574 4608 2
1309 3685 2
2502 1528 2
3402 1244 2
3080 3527 2
3720 4574 2
3532 412 2
4957 3914 2
4236 3251 2
3122 168 2
4161 364 2
2804 793 2
3624 4163 2
4490 961 2
877 4424 2
2627 4305 2
2988 3173 2
2312 730 2
36 1907 2
1819 1224 2
241 48 2
4893 3564 2
1482 2315 2
3456 4725 2
2499 4445 2
644 3231 2
3838 2766 2
3774 1056 2
2094 2981 2
4131 3284 2
3147 2624 2
1323 3304 2
129 1800 2
528 3858 2
3429 3884 2
2980 3008 2
1113 2881 2
4288 57 2
1302 3875 2
395 1921 2
560 2839 2
4783 1511 2
4267 1308 2
830 2791 2
2202 3495 2
3493 2123 2
1289 4420 2
3772 2087 2
3847 3708 2
4067 200 2
1904 4734 2
1916 3493 2
4506 2280 2
4321 1432 2
711 2825 2
4718 605 2
2896 2115 2
3573 1049 2
2445 2851 2
2531 1065 2
1068 4650 2
3269 765 2
4146 2356 2
4586 1697 2
2815 3455 2
3538 1806 2
4311 4530 2
427 207 2
3933 4525 2
4563 1662 2
3292 4439 2
406 2928 2
4078 2801 2
4520 2715 2
1614 337 2
2464 3300 2
4487 2850 2
2423 4839 2
4072 1617 2
663 359 2
3221 1436 2
1772 3560 2
3574 101 2
536 2995 2
3277 3592 2
1264 1368 2
79 2539 2
1230 1884 2
9 22 2
3696 3915 2
1 2119 2
2193 143 2
3658 4344 2
3156 3278 2
4488 1960 2
456 1939 2
4068 1535 2
1397 4888 2
2199 3862 2
4576 4693 2
3385 4050 2
2797 540 2
505 936 2
2197 4766 2
3124 1683 2
3190 1363 2
2143 1046 2
3271 3763 2
2236 4304 2
199 1980 2
2390 2804 2
2267 2985 2
1497 1100 2
1884 1862 2
1667 369 2
2989 4601 2
1679 1157 2
1367 1506 2
1330 1472 2
4157 1632 2
768 1365 2
60 4308 2
462 2430 2
3487 4446 2
2065 4858 2
3519 4680 2
3106 1831 2
550 3412 2
2781 3208 2
3351 4587 2
4066 2939 2
293 2243 2
3183 2563 2
341 2811 2
3083 2857 2
2432 93 2
4512 2328 2
3004 2330 2
602 3027 2
480 3165 2
2093 4175 2
2581 2572 2
501 989 2
3629 4396 2
1794 2032 2
303 1054 2
2266 3702 2
2590 587 2
849 470 2
3889 4185 2
182 1699 2
4179 3327 2
2750 1211 2
664 4078 2
4229 194 2
1500 1693 2
2979 3766 2
4877 4366 2
1512 4489 2
3774 2669 2
2505 4823 2
2848 2894 2
4569 811 2
3319 194 2
1244 2384 2
4235 3434 2
1681 61 2
723 2555 2
1105 4667 2
3318 4334 2
922 2121 2
1896 3903 2
1818 3537 2
1826 123 2
2471 1487 2
2797 4431 2
3193 4571 2
2996 412 2
751 1221 2
2766 3789 2
1265 4635 2
1937 684 2
2053 1937 2
611 202 2
4006 3634 2
790 2385 2
3208 1129 2
1554 4041 2
2504 4416 2
2521 820 2
1298 484 2
2173 3481 2
868 104 2
2015 4897 2
2340 3174 2
1938 1627 2
2887 945 2
136 4260 2
3530 1246 2
4961 936 2
3430 3281 2
2908 1483 2
116 3846 2
1491 2402 2
3223 1693 2
3597 1732 2
4347 4493 2
4240 1078 2
3872 3192 2
2637 1524 2
1216 2307 2
1086 3181 2
4849 4545 2
2865 1918 2
1334 2724 2
1272 2126 2
3744 734 2
2189 3116 2
4036 1913 2
2082 1560 2
2840 3153 2
3915 2354 2
1742 4697 2
3874 3509 2
804 3473 2
96 4677 2
2770 4904 2
2234 1485 2
1116 812 2
3953 3467 2
2283 1744 2
4133 2802 2
1797 4971 2
2539 2416 2
3430 4935 2
1051 3909 2
2420 447 2
4409 3791 2
3330 1057 2
4942 4300 2
4584 3390 2
1492 3232 2
4838 757 2
4789 1723 2
1543 3193 2
1639 4401 2
945 95 2
2535 1794 2
4317 2290 2
4999 2877 2
3035 2584 2
2384 4117 2
4375 575 2
2620 1297 2
187 3846 2
4529 3529 2
3624 550 2
4167 2169 2
2265 97 2
1891 497 2
2987 1287 2
2142 4128 2
2545 2120 2
3358 676 2
1477 1377 2
4874 3232 2
1868 3437 2
516 2324 2
3718 21 2
2463 2157 2
1524 688 2
587 3541 2
4611 810 2
3174 881 2
4832 1870 2
1189 2210 2
1086 102 2
4968 4941 2
1270 4295 2
4703 2264 2
1610 286 2
3405 2874 2
982 1583 2
3583 2928 2
3259 4195 2
2144 3781 2
160 4989 2
1295 3912 2
1752 1715 2
562 3309 2
2375 2115 2
4397 2801 2
310 2311 2
2436 1467 2
413 3628 2
361 155 2
3294 2095 2
2277 4236 2
348 1926 2
1782 1151 2
1125 2327 2
4859 4245 2
3323 2001 2
4328 2587 2
4045 1500 2
385 2525 2
949 579 2
1565 2586 2
1382 765 2
2629 4038 2
3385 4266 2
4656 4922 2
4027 2522 2
891 2172 2
4533 1646 2
4757 2713 2
4818 3417 2
4076 2487 2
3016 4754 2
4676 1120 2
1758 4821 2
1996 328 2
1606 4400 2
4427 3299 2
4909 1195 2
922 4891 2
4863 1428 2
2343 4559 2
4688 2441 2
4331 2433 2
2887 1509 2
3640 120 2
2441 3608 2
4831 2714 2
264 3119 2
3926 1306 2
2537 3293 2
2153 98 2
3708 4298 2
2979 697 2
2527 1953 2
3061 4721 2
338 4569 2
1749 4957 2
4095 3083 2
3318 3252 2
3577 2159 2
4095 2623 2
1947 463 2
1058 2582 2
4139 3024 2
3461 3527 2
4145 236 2
2151 1937 2
744 3523 2
3498 4831 2
4336 4199 2
4635 1797 2
318 548 2
1479 761 2
2248 1497 2
4993 2232 2
2016 3096 2
2571 1691 2
4094 2314 2
4741 2268 2
4942 426 2
2298 97 2
4170 3298 2
1382 1693 2
2215 2694 2
2712 4979 2
1863 1262 2
2075 2520 2
1730 3699 2
910 2001 2
2184 4268 2
1711 3725 2
869 143 2
4462 3312 2
3415 3258 2
4391 2794 2
2242 38 2
670 3442 2
3602 2632 2
670 3116 2
3095 2718 2
1710 3346 2
3340 2617 2
4961 2059 2
3156 4236 2
2570 2012 2
2917 1389 2
2283 1823 2
2428 4999 2
616 4396 2
1831 491 2
4921 1243 2
2233 272 2
4024 2675 2
206 4081 2
4356 1432 2
1521 3042 2
1385 2695 2
1219 1030 2
1083 1949 2
2154 1134 2
1072 2560 2
4104 3217 2
1523 664 2
1593 680 2
916 3668 2
2084 1599 2
2888 745 2
798 1192 2
2687 2728 2
618 2426 2
20 2560 2
588 4707 2
3986 3380 2
1186 3159 2
4392 3268 2
1379 2047 2
4949 2049 2
3533 4289 2
1185 3020 2
10 602 2
512 1394 2
4533 2142 2
2654 4049 2
3911 3533 2
1605 224 2
3849 3440 2
1840 756 2
1979 2557 2
1435 4389 2
1182 3591 2
533 2069 2
1489 3814 2
1797 4200 2
1905 1624 2
780 1877 2
1163 3821 2
2451 2563 2
2387 17 2
4935 778 2
3379 4310 2
1403 1222 2
802 1876 2
4218 4120 2
1203 3174 2
1204 2072 2
90 3305 2
1225 3485 2
1910 717 2
2218 2670 2
4330 1263 2
3383 2989 2
230 2468 2
3089 805 2
1241 2359 2
1993 3533 2
1817 4058 2
4365 3501 2
3189 878 2
3588 3387 2
525 3640 2
286 4710 2
2945 4182 2
1215 1641 2
2643 3434 2
3301 1795 2
1320 4316 2
777 3789 2
3701 1483 2
709 4926 2
3901 4431 2
4851 1178 2
1688 1619 2
1599 3951 2
2832 825 2
1691 3587 2
2427 1685 2
4297 3743 2
4981 823 2
282 3299 2
1701 3710 2
4064 3518 2
930 4385 2
4222 700 2
102 2014 2
1229 3681 2
1505 3661 2
2475 3251 2
1054 3586 2
2401 2080 2
2006 1523 2
4651 821 2
1003 3553 2
2300 827 2
95 3803 2
74 1852 2
1391 832 2
1817 3014 2
2701 502 2
3303 2073 2
2786 1202 2
4141 3924 2
106 1929 2
207 1329 2
1043 2919 2
4918 4986 2
94 4938 2
3408 3481 2
55 4353 2
1687 2956 2
2348 975 2
3900 2766 2
4505 4843 2
345 352 2
832 1179 2
451 606 2
1686 2377 2
319 1054 2
3335 4655 2
4790 3783 2
1566 1388 2
700 1426 2
737 1001 2
4034 4372 2
988 2191 2
819 1314 2
1706 4802 2
4230 2658 2
1295 2628 2
3788 658 2
4527 2246 2
3706 4254 2
412 2547 2
4130 3932 2
199 2093 2
4269 15 2
2921 266 2
2001 2643 2
3838 795 2
2085 2409 2
981 1430 2
1202 3381 2
3739 4786 2
3792 1505 2
1257 3432 2
1532 566 2
2938 3324 2
164 1486 2
4415 22 2
4208 2848 2
295 1180 2
3001 1834 2
2946 42 2
393 4483 2
730 1722 2
1852 4040 2
548 3959 2
2478 4230 2
94 2971 2
2479 2999 2
1384 2041 2
2809 4439 2
4295 507 2
3972 2403 2
4718 409 2
3002 2393 2
4669 3981 2
3510 1430 2
4887 1989 2
1977 1163 2
3444 422 2
3454 1615 2
1438 1075 2
416 816 2
1418 2566 2
1326 1005 2
694 3401 2
1519 3849 2
2812 637 2
1262 2696 2
397 4376 2
2034 2373 2
3343 3818 2
1560 345 2
4072 4250 2
3912 42 2
4769 2774 2
853 468 2
96 4114 2
2474 1075 2
2071 3665 2
2612 2079 2
4610 4397 2
4894 2062 2
782 3481 2
691 75 2
595 4444 2
565 3832 2
4432 3469 2
2477 4965 2
3187 1943 2
856 3030 2
2309 2316 2
1916 1475 2
749 1159 2
1675 1144 2
3846 4339 2
3627 144 2
3778 3433 2
4917 1063 2
4819 4613 2
138 115 2
4973 206 2
3851 1377 2
1750 4557 2
2778 2185 2
2808 3616 2
3533 3027 2
235 2612 2
68 962 2
1843 1639 2
3093 2501 2
3462 2193 2
889 3381 2
2369 3440 2
971 4785 2
4548 2847 2
2354 2807 2
2186 2478 2
4515 2063 2
2181 3525 2
2264 480 2
2904 1041 2
3460 1785 2
1175 3489 2
2335 338 2
4805 3940 2
4653 1264 2
3111 3488 2
4266 3901 2
1993 4964 2
3474 5 2
1531 575 2
2409 208 2
3338 2103 2
4228 2777 2
4767 3498 2
2254 471 2
4448 747 2
4552 4722 2
4528 2743 2
1132 3461 2
498 3122 2
3116 1080 2
1007 1000 2
2515 3149 2
855 3826 2
4540 3502 2
4576 285 2
2022 2902 2
864 889 2
741 1509 2
2406 56 2
4047 2887 2
3960 1903 2
4395 715 2
3127 4194 2
840 3227 2
1781 3582 2
2064 4318 2
4849 4413 2
365 2617 2
4057 3454 2
2329 3056 2
292 528 2
2412 4364 2
28 2384 2
1517 4681 2
699 1370 2
3977 4443 2
3083 69 2
1544 1671 2
1741 460 2
2148 957 2
1443 4885 2
1249 2756 2
3619 992 2
42 496 2
2709 1701 2
3961 310 2
3500 1658 2
2214 2964 2
1037 85 2
116 1111 2
3066 454 2
3476 4718 2
4360 782 2
1781 323 2
1742 368 2
4883 1248 2
2187 1440 2
3297 4278 2
4470 4336 2
2939 815 2
3141 1583 2
1456 4415 2
3319 4678 2
2181 2960 2
4555 1455 2
2590 4859 2
2528 1291 2
4114 1788 2
2744 1141 2
3618 2505 2
730 3957 2
4113 1800 2
3950 3260 2
1120 2956 2
3634 2839 2
4277 67 2
1616 1371 2
4861 2173 2
1267 2410 2
1957 3794 2
2811 2571 2
1412 4670 2
1267 1389 2
4354 2837 2
4299 1215 2
3654 2534 2
386 2424 2
3583 1121 2
3135 2974 2
2598 1994 2
1065 4419 2
3617 3176 2
218 757 2
376 4523 2
3894 859 2
3454 1823 2
4085 3893 2
4598 2660 2
2310 434 2
213 4039 2
3460 1873 2
2290 4660 2
1608 925 2
708 2160 2
308 4963 2
4978 2193 2
1299 2965 2
4452 510 2
4085 3122 2
2083 3082 2
2927 3044 2
4214 3128 2
3621 3502 2
427 512 2
3269 1933 2
4302 3840 2
2282 147 2
1169 2234 2
3291 4148 2
3681 2945 2
840 3452 2
2470 543 2
2247 96 2
4188 1241 2
2787 3769 2
863 4594 2
2215 4532 2
2809 3590 2
3780 3797 2
2824 4629 2
4327 644 2
850 1889 2
135 3562 2
1069 3540 2
1578 599 2
2555 2894 2
821 4894 2
3303 1243 2
241 3753 2
1881 2013 2
1866 4797 2
1880 2138 2
2877 3540 2
1798 3364 2
2889 57 2
1926 2160 2
956 3656 2
1262 1232 2
2330 402 2
2688 2920 2
4601 694 2
359 3746 2
4501 279 2
2875 1953 2
1488 3952 2
3664 2548 2
1662 4995 2
1337 2818 2
4066 3255 2
263 4711 2
674 571 2
1808 2080 2
2758 334 2
631 4204 2
4766 4714 2
1716 2832 2
4853 2568 2
713 2186 2
4965 1547 2
1742 1330 2
4254 2894 2
1918 4022 2
3053 2398 2
3872 234 2
2160 3830 2
4689 2037 2
2677 1614 2
2123 3557 2
4059 1824 2
1089 3982 2
932 4231 2
3600 889 2
951 4138 2
988 2276 2
2681 200 2
4065 369 2
660 3259 2
3921 4490 2
2485 1629 2
2904 3953 2
4956 2718 2
20 1301 2
3622 1630 2
498 4811 2
913 2288 2
4959 1746 2
2548 1513 2
1884 2203 2
964 1153 2
2474 1359 2
1331 4637 2
3461 3593 2
4539 1224 2
3091 2088 2
3125 513 2
1203 130 2
3644 4735 2
4125 3264 2
3428 249 2
1051 4767 2
991 1070 2
4777 2580 2
4917 2058 2
4322 1986 2
4206 4313 2
3644 70 2
4908 4149 2
2375 865 2
1644 1289 2
4037 2881 2
411 2235 2
4924 3421 2
3269 4983 2
3946 3435 2
3493 4928 2
3908 3910 2
3835 916 2
1396 1643 2
2355 479 2
3814 2602 2
766 2293 2
3803 4736 2
2797 2630 2
1556 499 2
3400 4158 2
548 2646 2
982 2714 2
2258 772 2
4415 1983 2
4340 1157 2
1352 3445 2
2307 111 2
1069 4902 2
328 1298 2
100 4680 2
3789 4512 2
2843 789 2
156 4871 2
2446 3775 2
4995 1805 2
3764 3392 2
3537 1135 2
1646 2978 2
4354 2696 2
1859 3136 2
1352 4512 2
1195 3660 2
4010 2756 2
4787 865 2
1103 1724 2
417 1079 2
3341 479 2
4580 358 2
298 2843 2
4397 4479 2
3276 3896 2
2602 432 2
2563 1933 2
3932 4057 2
1752 2647 2
1441 3536 2
458 1749 2
1857 1337 2
3396 1807 2
2988 4951 2
1371 2633 2
2259 88 2
3743 2268 2
3580 104 2
2186 3693 2
4370 4487 2
2830 1581 2
858 4846 2
439 866 2
3923 2579 2
4364 4871 2
3302 4851 2
1431 995 2
117 1932 2
402 2026 2
1273 3774 2
1750 4520 2
1219 4924 2
1628 4926 2
3966 391 2
3396 45 2
4448 3803 2
3412 4248 2
2006 1789 2
4305 3846 2
1296 4497 2
4746 1215 2
4530 573 2
3662 2542 2
795 1411 2
4922 2174 2
4054 772 2
1185 732 2
1685 2499 2
4829 2234 2
2804 3894 2
1629 4895 2
2101 1691 2
300 666 2
292 4729 2
803 1971 2
2889 2235 2
4391 2026 2
3381 4976 2
548 4751 2
2737 4963 2
3263 935 2
262 4371 2
3787 4624 2
1292 3612 2
3865 1501 2
1759 1989 2
3414 2431 2
2406 4964 2
2702 281 2
4230 4480 2
2551 2453 2
3352 844 2
1798 1971 2
1879 1917 2
1628 458 2
1581 843 2
4560 3852 2
85 2205 2
3398 3712 2
4795 2679 2
2081 3649 2
3585 129 2
2298 2399 2
3734 3701 2
2711 2703 2
4460 115 2
107 3898 2
3498 4457 2
4029 1226 2
710 753 2
4029 4047 2
2676 738 2
3726 3247 2
1296 2874 2
398 1496 2
4432 1578 2
2582 2658 2
1366 1236 2
1618 962 2
4701 753 2
2336 1053 2
2739 1477 2
1261 855 2
2696 4765 2
4000 2830 2
3459 1120 2
2988 704 2
192 2128 2
2990 2717 2
3123 2826 2
3896 1066 2
1894 521 2
4816 1592 2
61 2297 2
834 2086 2
2813 3860 2
2220 4475 2
2100 4766 2
3427 1239 2
2643 1969 2
3351 2662 2
2610 4032 2
4079 2783 2
1388 2335 2
4028 2261 2
4789 413 2
2296 2524 2
1975 4102 2
1614 1137 2
4020 3935 2
3197 1869 2
1832 2583 2
977 4761 2
250 1428 2
1279 2716 2
1331 4496 2
2696 929 2
49 418 2
1095 3824 2
3922 4552 2
214 3018 2
1524 1604 2
894 924 2
4863 2505 2
945 150 2
2095 4114 2
1618 3662 2
1438 699 2
2668 3764 2
1724 678 2
1012 4900 2
1261 2501 2
3944 2635 2
2118 3718 2
824 4286 2
2304 4639 2
3507 1937 2
1287 1301 2
1730 4493 2
1855 827 2
3106 208 2
1242 4999 2
2160 105 2
4691 857 2
4230 967 2
2310 1224 2
178 3896 2
2355 4912 2
496 1605 2
1514 734 2
4157 3602 2
1261 1888 2
4624 1212 2
2753 4684 2
3373 4270 2
4901 4866 2
1359 5 2
2128 1457 2
1666 1395 2
3377 1940 2
1047 3241 2
2013 4338 2
889 3954 2
662 2003 2
4958 2639 2
1881 3281 2
489 3361 2
4123 472 2
362 3990 2
4808 4588 2
1061 2711 2
734 1582 2
4935 4788 2
645 3697 2
4581 4783 2
3723 2289 2
655 1797 2
3799 4720 2
3777 3439 2
2768 1873 2
270 3196 2
541 4579 2
2677 3815 2
126 1986 2
4094 906 2
1204 1990 2
3432 3148 2
2918 4341 2
4076 2754 2
4878 3974 2
2702 4985 2
2302 3002 2
2371 1121 2
3751 2633 2
91 3389 2
405 2248 2
3669 1647 2
4171 1963 2
313 1853 2
92 698 2
4188 96 2
2171 1129 2
4277 3589 2
2816 1748 2
1131 372 2
358 1349 2
4826 4026 2
1627 3644 2
3755 2142 2
1289 3819 2
1907 2883 2
2448 4407 2
3012 4460 2
3052 1113 2
551 3140 2
4844 1643 2
4518 1902 2
1853 501 2
4780 1034 2
2325 1431 2
4059 4317 2
1164 3591 2
3238 3716 2
4159 1784 2
34 1028 2
120 2097 2
3194 2451 2
4813 1071 2
1130 1075 2
979 3408 2
719 4200 2
470 3397 2
3788 2448 2
811 521 2
3988 2464 2
92 338 2
1935 3782 2
498 1406 2
3173 1136 2
815 3593 2
1720 997 2
535 3790 2
2466 2242 2
2922 2735 2
869 3656 2
4331 1866 2
1894 986 2
3768 147 2
3772 838 2
433 2155 2
1440 505 2
811 4888 2
2989 1677 2
59 2788 2
700 927 2
403 1133 2
2393 2613 2
4235 3424 2
970 2953 2
985 2295 2
4840 1056 2
2773 722 2
2072 34 2
1322 732 2
2582 3202 2
2046 130 2
4266 2555 2
3610 4886 2
3433 964 2
2017 760 2
2668 2910 2
3276 3999 2
2726 4869 2
4325 526 2
3740 4310 2
4998 4937 2
4329 4671 2
306 2089 2
3969 728 2
4719 2000 2
1689 3314 2
400 3797 2
1495 2915 2
4156 1807 2
3677 717 2
1994 79 2
255 4681 2
854 1627 2
2445 1466 2
3625 1591 2
2791 2681 2
437 538 2
949 1424 2
2701 1771 2
2763 4604 2
3591 4622 2
2371 3905 2
3529 3446 2
3838 1306 2
4524 4129 2
4837 3235 2
1350 1777 2
806 4741 2
385 2411 2
3659 2197 2
1757 1343 2
3292 3577 2
203 1065 2
2806 1760 2
4171 4477 2
4837 2264 2
4463 447 2
616 615 2
2942 4879 2
2284 3348 2
3743 2890 2
2299 2904 2
2750 2700 2
1560 4435 2
4760 2258 2
615 1991 2
3475 3841 2
242 4168 2
901 825 2
4355 1349 2
1854 4887 2
4743 2545 2
3666 4550 2
2598 3790 2
4641 1074 2
1917 4977 2
542 4307 2
2064 2460 2
3610 73 2
1290 4139 2
2776 1297 2
4370 4124 2
1239 822 2
65 1422 2
4909 3633 2
774 1432 2
3476 4812 2
4125 4907 2
4436 4472 2
2922 1702 2
2300 1956 2
3099 4655 2
510 3598 2
429 825 2
1298 2433 2
2659 3579 2
2643 481 2
3196 1160 2
1449 2872 2
1033 4422 2
2044 3922 2
4572 2124 2
1654 1151 2
2674 2994 2
4222 1050 2
614 2341 2
3803 4124 2
4674 3318 2
3585 1211 2
3678 3400 2
2085 4464 2
3341 4743 2
3677 1113 2
1001 1008 2
1491 1627 2
4835 3019 2
3047 1567 2
1965 2622 2
1233 1292 2
741 1015 2
4673 1802 2
1051 3320 2
464 1300 2
1387 3287 2
4451 1901 2
2942 1351 2
3487 327 2
2563 533 2
2428 144 2
4019 3509 2
3794 3917 2
2118 1336 2
1179 1786 2
1729 2067 2
2186 3638 2
3214 1438 2
4883 679 2
3322 3639 2
4103 2028 2
1950 2707 2
3502 26 2
4751 2087 2
1544 2162 2
3665 783 2
2115 2572 2
4204 406 2
3623 4399 2
4157 3740 2
1610 1044 2
2502 1432 2
907 828 2
3321 597 2
4702 82 2
3728 1407 2
4533 1535 2
1242 3068 2
225 969 2
1883 3280 2
4415 1416 2
3124 2431 2
1173 523 2
4877 663 2
456 690 2
4876 314 2
2327 1192 2
3697 3008 2
2552 1772 2
4461 57 2
2709 661 2
3808 1334 2
125 4770 2
683 752 2
386 2388 2
1855 2420 2
3585 821 2
328 2770 2
4769 4342 2
1049 3545 2
2006 2552 2
1300 3911 2
4642 4871 2
1034 1061 2
874 3768 2
566 2818 2
800 3948 2
1752 1784 2
1630 4329 2
4993 3569 2
3977 19 2
2282 2298 2
3595 230 2
4000 3062 2
3838 3947 2
2187 4700 2
3894 4075 2
2268 4641 2
3821 2195 2
83 4207 2
3437 1273 2
4421 3580 2
2689 910 2
4013 4518 2
3012 2738 2
4138 669 2
2140 4445 2
1254 154 2
2012 2213 2
1195 565 2
1317 818 2
3496 2190 2
1345 1438 2
3442 1503 2
4917 718 2
4310 3692 2
1208 1803 2
2061 4357 2
2568 694 2
967 1812 2
3402 1614 2
3606 2382 2
4789 2507 2
2952 2415 2
2899 4631 2
202 503 2
1662 4616 2
4929 511 2
3019 1350 2
281 4725 2
291 2181 2
4240 968 2
4403 1378 2
3718 2420 2
4030 3353 2
4648 2461 2
4191 3050 2
619 1769 2
4634 463 2
4776 2210 2
4136 3138 2
2300 4854 2
2919 610 2
3615 2841 2
3912 1640 2
2342 4014 2
4217 3364 2
2947 2555 2
1880 279 2
3699 580 2
3594 4660 2
4520 1659 2
3036 2110 2
1503 3289 2
1050 3995 2
4299 2130 2
351 4444 2
886 1160 2
1291 4418 2
49 1352 2
1627 3716 2
2339 3282 2
4188 451 2
4212 4441 2
324 945 2
3321 3660 2
1268 2758 2
3216 3174 2
4382 273 2
3422 2147 2
2876 2652 2
2437 4890 2
2163 2219 2
1469 2190 2
380 613 2
4085 26 2
37 4481 2
4955 2128 2
4831 4540 2
693 2067 2
4146 4979 2
1548 816 2
4060 4869 2
4282 332 2
3284 3502 2
3913 4257 2
231 575 2
4149 2273 2
4113 91 2
4388 2470 2
3569 808 2
10 1596 2
1030 3099 2
141 3403 2
3636 3934 2
392 197 2
13 2101 2
896 1981 2
3269 1954 2
2724 214 2
4469 2762 2
2525 3007 2
81 3826 2
2317 2361 2
2172 627 2
3991 4549 2
3547 479 2
3147 1802 2
3651 4836 2
3809 221 2
3636 4586 2
1942 4307 2
3750 3817 2
1799 482 2
483 4911 2
284 856 2
3581 3831 2
867 2785 2
1613 3472 2
2194 3082 2
3511 4806 2
593 3535 2
4571 1381 2
3125 1713 2
1550 2067 2
1887 604 2
963 2401 2
1783 3258 2
3322 2944 2
2774 3411 2
4087 2424 2
1446 4940 2
1259 4498 2
1004 940 2
1820 451 2
3777 2891 2
1143 3113 2
161 2687 2
1147 4313 2
2281 4284 2
3388 1880 2
1551 619 2
2700 3327 2
1291 599 2
1980 1367 2
3160 3362 2
3066 4874 2
1354 3745 2
2947 1748 2
3072 2548 2
920 3462 2
4792 4950 2
4245 3929 2
2554 1641 2
1045 3819 2
2135 1035 2
2181 1654 2
2676 297 2
756 4757 2
301 686 2
3868 3521 2
3248 4041 2
4501 4112 2
1208 4739 2
179 699 2
1724 4834 2
4121 31 2
2705 3523 2
4475 3466 2
2123 1724 2
1154 4126 2
2980 212 2
4196 2539 2
3097 59 2
4742 4894 2
3395 1520 2
912 1613 2
1521 4495 2
4912 4857 2
4555 370 2
806 606 2
430 4234 2
4404 2734 2
1951 2126 2
4004 4139 2
1124 4027 2
2846 512 2
426 4289 2
3294 3456 2
2836 2225 2
80 71 2
3408 95 2
1028 2429 2
2699 3462 2
1223 1435 2
759 4157 2
1677 1598 2
2181 2772 2
4553 3556 2
4638 2313 2
2853 2765 2
335 3724 2
719 25 2
4846 3043 2
265 3183 2
4787 3687 2
505 373 2
3743 4095 2
4574 4872 2
1465 455 2
2799 3006 2
3602 3358 2
1454 643 2
1490 1506 2
3014 2527 2
3298 3589 2
2187 1598 2
1252 1076 2
4160 2975 2
512 3377 2
1274 3947 2
4627 864 2
532 2613 2
4838 1902 2
47 248 2
4542 4532 2
187 212 2
2222 2163 2
2668 3884 2
3669 3014 2
3793 3703 2
906 1218 2
1228 3745 2
4429 4342 2
1003 4393 2
3681 4331 2
3472 4750 2
386 752 2
130 157 2
870 1939 2
2894 2907 2
1332 452 2
3944 258 2
1004 3181 2
3561 792 2
2947 1470 2
4715 2256 2
651 3784 2
2143 2318 2
1878 4898 2
2361 63 2
3288 4550 2
3401 580 2
316 2409 2
374 3202 2
4364 882 2
825 2885 2
770 3242 2
2532 2970 2
4052 4464 2
1892 521 2
3539 4823 2
3563 1331 2
4456 876 2
4424 1595 2
4816 1439 2
2507 218 2
2986 4416 2
307 1071 2
1224 4572 2
4091 1015 2
1710 2906 2
3350 4219 2
3698 2224 2
3744 4278 2
2796 4343 2
914 4652 2
213 3652 2
1969 224 2
909 3054 2
478 4518 2
229 2654 2
4537 3078 2
4443 2112 2
2188 2830 2
3705 3611 2
2070 3724 2
2454 1878 2
2454 3834 2
2736 1670 2
500 3928 2
1281 3035 2
2730 3865 2
9 3638 2
4414 1395 2
1260 3000 2
2611 3190 2
473 2834 2
4430 1927 2
1234 294 2
54 1885 2
419 746 2
1766 97 2
2716 2455 2
3751 188 2
2273 4 2
1833 1804 2
4475 2048 2
3397 4672 2
3103 1615 2
441 4606 2
3673 2061 2
1580 3605 2
4680 719 2
4306 814 2
1424 2354 2
3604 2528 2
1101 3243 2
4449 2704 2
3578 1737 2
1436 2103 2
2539 841 2
3743 6 2
3240 4744 2
4918 4829 2
3432 249 2
2906 3720 2
3240 3334 2
1606 2210 2
3150 388 2
75 664 2
3628 4708 2
1193 4596 2
2007 2985 2
316 1076 2
1647 4079 2
164 957 2
4238 527 2
1947 3215 2
964 4633 2
2804 2155 2
1032 3269 2
1331 2547 2
3834 4111 2
1513 2489 2
1527 349 2
1767 1509 2
2246 4052 2
1785 4191 2
264 2410 2
4582 15 2
4219 1951 2
4235 3687 2
294 4368 2
3253 1801 2
1732 3135 2
2759 4873 2
1827 4177 2
3055 4224 2
3368 731 2
3758 1250 2
4167 436 2
2484 1385 2
4389 3549 2
4495 1477 2
1226 162 2
4513 1531 2
3291 2812 2
2488 455 2
381 2934 2
4188 3751 2
1261 1099 2
1489 2285 2
2052 92 2
4400 2551 2
4326 32 2
4902 1901 2
2119 1767 2
3014 975 2
2628 3208 2
2780 2313 2
1057 795 2
2628 127 2
2929 3582 2
3129 3870 2
890 2232 2
2641 3819 2
4299 4412 2
1166 1351 2
3472 4464 2
2508 2830 2
3671 1850 2
3816 4736 2
4462 2765 2
3330 2049 2
4215 1953 2
1235 4387 2
784 2024 2
4667 3644 2
383 3908 2
4559 4482 2
3250 1571 2
2107 2448 2
2551 3040 2
3978 1888 2
2812 502 2
2298 24 2
1440 1850 2
2297 2723 2
3746 2923 2
2977 576 2
4204 3919 2
1904 757 2
4753 3407 2
1032 1157 2
1133 2048 2
3770 2142 2
2632 1197 2
3960 434 2
2905 4322 2
1068 2437 2
2856 4555 2
1036 4285 2
2723 1316 2
349 4456 2
1436 4037 2
4791 2693 2
3550 4043 2
4483 1434 2
1359 771 2
4638 2274 2
4756 2461 2
4750 946 2
1988 753 2
3707 1453 2
3560 1140 2
2800 1501 2
3881 134 2
4976 1565 2
2305 1142 2
1844 934 2
1456 2125 2
1294 1762 2
4643 4915 2
1960 1683 2
4275 4011 2
3426 1722 2
2231 2870 2
4131 4184 2
1120 4804 2
88 1955 2
3469 2721 2
1207 4493 2
416 4429 2
3020 4964 2
793 3381 2
4863 3821 2
945 2594 2
4651 3611 2
4359 4912 2
695 3756 2
2381 4491 2
4943 4253 2
2850 157 2
2134 426 2
3201 4246 2
3547 4641 2
4632 3184 2
4364 2881 2
3132 618 2
4794 1417 2
3279 4726 2
2210 1321 2
2154 2148 2
4772 901 2
1372 3571 2
757 4330 2
468 4656 2
3977 802 2
2730 4692 2
4470 3489 2
329 4060 2
2686 3356 2
1741 367 2
2833 1560 2
3301 3898 2
814 1562 2
481 4432 2
4262 2094 2
4432 1906 2
4898 2514 2
4590 2508 2
4580 431 2
3819 2057 2
3597 3873 2
3969 1803 2
2082 4278 2
2804 1230 2
3707 4665 2
4909 1633 2
1975 467 2
215 1825 2
95 4839 2
33 3130 2
4701 593 2
728 2103 2
1977 3033 2
4233 2384 2
909 4370 2
4740 1403 2
4894 85 2
4670 741 2
2190 4984 2
4552 1440 2
1570 4185 2
2084 2034 2
4078 2296 2
2442 2007 2
2635 4591 2
4916 894 2
350 2606 2
4858 10 2
4995 1904 2
2839 1896 2
1202 2186 2
944 1222 2
2354 801 2
4080 2145 2
3775 4486 2
1999 2785 2
3927 1656 2
686 1447 2
1945 2349 2
422 1704 2
3933 3431 2
4791 2550 2
3762 2983 2
4070 4699 2
769 467 2
4549 1405 2
3238 2779 2
4308 4368 2
4083 2775 2
116 3078 2
2906 12 2
2758 3522 2
50 2224 2
2579 4820 2
3391 2894 2
2156 4856 2
2180 736 2
4182 244 2
3016 1148 2
4013 2982 2
2210 3728 2
1955 3576 2
693 255 2
4411 3209 2
3757 1711 2
2003 1448 2
4997 3 2
3015 1051 2
4096 3380 2
1903 4835 2
4840 4580 2
4984 714 2
949 1175 2
2711 2587 2
3185 648 2
3750 989 2
1443 4569 2
4703 2201 2
626 654 2
102 4523 2
2756 1083 2
1906 4931 2
476 2974 2
3339 3500 2
2244 484 2
267 581 2
3752 3474 2
819 1619 2
1203 949 2
4896 1231 2
4239 4837 2
2510 4106 2
2402 4717 2
3734 1982 2
3488 1980 2
978 4475 2
732 3509 2
1913 2478 2
4211 1976 2
1240 3119 2
3241 1885 2
2065 1382 2
4844 4413 2
205 4397 2
4667 2448 2
4662 973 2
4890 1754 2
812 1402 2
254 1758 2
3468 4009 2
1473 3385 2
1757 4405 2
1623 3210 2
2984 3411 2
4479 3808 2
226 1508 2
2134 3830 2
3490 3491 2
1735 454 2
3139 3079 2
223 4407 2
1071 4112 2
1383 2334 2
3744 825 2
2281 2499 2
3238 2577 2
4529 899 2
3454 3634 2
3489 2638 2
306 4459 2
2515 1803 2
446 3606 2
900 1295 2
3347 4735 2
1942 4780 2
3074 4379 2
2431 2744 2
1658 1619 2
3835 4151 2
1170 2456 2
4309 2625 2
1072 4823 2
1889 1423 2
1898 2381 2
1786 1484 2
4025 3800 2
1777 204 2
4897 1319 2
1461 2465 2
3573 4903 2
4985 1619 2
4862 3749 2
4649 696 2
4302 740 2
2881 4838 2
4282 1983 2
2356 1070 2
3260 2669 2
2218 2778 2
2782 2444 2
4227 24 2
715 4426 2
2530 3553 2
4990 394 2
1533 587 2
2949 1450 2
1419 312 2
1310 3898 2
2456 4562 2
4841 777 2
3489 2751 2
1260 4266 2
1777 974 2
525 3009 2
1595 4991 2
2617 4118 2
2254 3370 2
3512 2137 2
2342 2048 2
1185 1111 2
727 841 2
3020 1493 2
4178 3534 2
1016 4722 2
2228 1687 2
4025 1488 2
2451 1663 2
2235 4051 2
1912 4849 2
4398 1102 2
4138 1280 2
2629 1658 2
4938 248 2
4442 3916 2
3327 4497 2
666 2031 2
2304 4408 2
4833 4051 2
4622 1586 2
4728 1473 2
415 2047 2
2937 544 2
4602 4054 2
3490 1025 2
186 693 2
3614 2067 2
3229 4637 2
680 3708 2
3487 3785 2
3377 636 2
3831 4342 2
3236 1256 2
3210 4920 2
2006 4992 2
875 4880 2
1485 3859 2
1353 3698 2
1495 802 2
2316 920 2
4826 2315 2
4963 1003 2
2506 3911 2
2994 2128 2
2234 142 2
3235 2393 2
2609 2832 2
3193 2958 2
3175 2989 2
3421 1967 2
2106 1614 2
612 3115 2
297 847 2
2784 3485 2
1675 1581 2
3764 2301 2
2238 3321 2
1436 491 2
320 825 2
1614 4933 2
3051 915 2
1306 1936 2
2705 3558 2
281 406 2
3284 2747 2
3255 739 2
4097 1477 2
3257 4534 2
385 128 2
4820 4469 2
3179 4398 2
2275 353 2
2350 492 2
3401 1416 2
2824 594 2
1421 1477 2
1654 2369 2
4759 4863 2
2342 4851 2
3771 2390 2
4028 3775 2
592 2610 2
3792 2268 2
2272 100 2
422 3082 2
4696 3835 2
2179 4388 2
4326 1610 2
3319 3038 2
1357 2112 2
2553 131 2
3497 2836 2
4389 1143 2
1575 4656 2
4861 4086 2
2203 3504 2
3612 1343 2
1151 3162 2
3328 630 2
1454 1247 2
4772 4868 2
487 4326 2
3176 2031 2
1266 4494 2
495 378 2
4476 2675 2
4078 445 2
4094 182 2
3998 2196 2
4761 873 2
1542 1448 2
911 2726 2
2560 898 2
580 2518 2
1278 4979 2
2605 50 2
950 1990 2
1222 1744 2
2415 952 2
958 4440 2
4285 3464 2
233 3884 2
3798 2441 2
1314 4165 2
3582 3355 2
594 3412 2
2658 1444 2
3130 1198 2
3148 2783 2
4794 496 2
2670 4219 2
2053 1421 2
2950 412 2
521 131 2
1584 1888 2
2423 3788 2
1886 960 2
868 1725 2
37 1065 2
3498 2126 2
4702 3907 2
1695 1203 2
1215 4565 2
319 2839 2
4473 3843 2
3126 1765 2
4166 3433 2
3749 3824 2
1085 4062 2
4866 3079 2
622 2915 2
572 553 2
2779 1860 2
2020 2972 2
3792 4551 2
1860 4118 2
4069 78 2
232 1269 2
3909 2674 2
4296 1575 2
1399 2072 2
899 4081 2
4791 1828 2
1903 23 2
3469 4947 2
4425 2842 2
2284 2133 2
2142 4108 2
4211 2257 2
2339 131 2
2946 3326 2
1286 4208 2
3384 2658 2
1651 4064 2
2062 4518 2
235 313 2
4731 785 2
4406 2234 2
1785 683 2
4123 4256 2
1539 1893 2
4185 4941 2
4424 3058 2
2354 4706 2
733 1399 2
4599 31 2
2375 4041 2
2346 139 2
3698 1471 2
4433 3840 2
3795 2818 2
1042 4147 2
4619 2730 2
4472 1187 2
4263 3376 2
2467 4623 2
2278 2062 2
3546 3550 2
4991 2857 2
4096 3227 2
487 4581 2
2133 3305 2
2821 1238 2
751 4824 2
3515 1559 2
3712 1066 2
3720 2144 2
3423 2915 2
2960 2917 2
4480 4401 2
2420 4399 2
4127 3662 2
632 2119 2
455 1661 2
4343 60 2
1234 1522 2
2956 90 2
4905 1416 2
227 2828 2
3282 2587 2
4738 537 2
615 1216 2
4631 1917 2
702 1841 2
4390 3905 2
829 2841 2
1301 3649 2
977 2779 2
1669 4119 2
3470 4148 2
2449 4908 2
4703 4462 2
2132 177 2
446 1646 2
4755 1774 2
273 2002 2
3588 2269 2
3820 3392 2
3618 2374 2
243 777 2
3525 3112 2
1107 1330 2
2860 98 2
3499 3853 2
225 3863 2
2038 623 2
1826 2317 2
4187 2266 2
3162 535 2
2091 236 2
4738 525 2
454 1610 2
2311 4169 2
274 628 2
661 2368 2
3305 2383 2
3967 2519 2
4416 532 2
2922 1197 2
216 2354 2
1959 336 2
1637 633 2
4978 3744 2
1042 1860 2
3008 3121 2
3842 4644 2
3017 4643 2
4554 3828 2
4588 2690 2
203 2655 2
2059 3984 2
2291 2091 2
4290 622 2
2224 4254 2
3297 4516 2
3733 3474 2
2661 2711 2
3072 1067 2
4786 2714 2
4828 4778 2
2160 681 2
3833 473 2
2116 3352 2
3974 4873 2
3714 3611 2
4999 2278 2
3685 2195 2
677 388 2
2826 809 2
3403 4026 2
1483 4284 2
4095 2444 2
2397 3423 2
4404 1519 2
1787 3794 2
2782 2079 2
2385 801 2
3148 3420 2
4202 172 2
2894 3011 2
3740 4760 2
3041 1947 2
1918 1648 2
4213 3185 2
505 233 2
4407 4086 2
3921 4041 2
526 21 2
3210 1079 2
3477 1938 2
4795 3088 2
1194 3357 2
3603 146 2
4399 4765 2
4156 4634 2
214 1261 2
1012 3953 2
3525 3241 2
4547 3649 2
1171 1828 2
2857 754 2
2959 2399 2
501 1318 2
1216 1514 2
3213 3417 2
4614 3494 2
2062 2548 2
2016 185 2
3111 4748 2
2843 1334 2
4815 2161 2
3548 1067 2
4142 4059 2
4113 1574 2
1696 2541 2
259 4969 2
3667 2982 2
3261 1810 2
1766 356 2
1475 236 2
2107 4158 2
1117 363 2
3967 412 2
1793 1928 2
2093 1674 2
3996 1648 2
811 194 2
4119 3180 2
4090 1869 2
1430 4890 2
2748 4664 2
1884 1353 2
4970 1797 2
4867 1132 2
1489 1012 2
3325 2828 2
2546 2023 2
4147 2947 2
2439 3485 2
1795 3316 2
2994 3199 2
1778 4626 2
4273 2760 2
683 776 2
233 2871 2
1290 2982 2
3491 3699 2
332 1819 2
1220 903 2
2533 4279 2
3167 1455 2
4069 4662 2
575 4541 2
3852 3557 2
681 571 2
2719 1268 2
1333 2178 2
2916 1292 2
1685 4987 2
1982 1930 2
3304 3224 2
349 547 2
4323 3455 2
1201 2044 2
9 4327 2
2822 772 2
4353 3411 2
888 2325 2
597 930 2
400 838 2
2297 1008 2
4379 3703 2
3468 390 2
3310 3236 2
3541 3519 2
2719 537 2
435 558 2
1587 3916 2
2359 3148 2
1544 4892 2
103 3030 2
1569 3997 2
3513 3413 2
4322 4471 2
942 4979 2
4726 3972 2
419 990 2
3264 4146 2
1291 1262 2
1796 3160 2
3245 3805 2
3672 1664 2
3414 3695 2
222 1159 2
4582 4045 2
4982 88 2
3252 4004 2
1193 182 2
2056 518 2
952 4092 2
1287 1885 2
455 2873 2
22 4262 2
4257 2153 2
2346 4372 2
694 4994 2
1721 3652 2
777 4330 2
1514 4279 2
2950 3984 2
2479 1989 2
1009 4739 2
3814 4945 2
2904 2900 2
70 3846 2
2372 544 2
1989 1154 2
1087 4860 2
2623 2281 2
1811 194 2
475 1099 2
3528 821 2
549 2967 2
458 4163 2
485 2862 2
2072 2829 2
1196 2543 2
2940 2027 2
1533 4960 2
3987 3380 2
1050 1375 2
1554 3015 2
1928 1398 2
2528 1219 2
1617 1597 2
1202 513 2
4606 2545 2
3007 1346 2
2243 4984 2
870 4583 2
652 924 2
702 27 2
3273 2053 2
2661 1158 2
4611 1867 2
2119 1005 2
215 1185 2
4245 4861 2
3776 2256 2
4132 4342 2
1430 1602 2
230 3038 2
4337 1206 2
4822 411 2
4092 287 2
2418 3456 2
69 3396 2
2722 1601 2
3428 1838 2
2476 4082 2
3446 3761 2
4406 881 2
3365 743 2
2869 1395 2
2137 3280 2
2155 515 2
2043 2353 2
3014 769 2
2486 1220 2
575 3807 2
1949 2263 2
1801 1082 2
4747 661 2
2453 4874 2
691 1736 2
1087 3307 2
209 599 2
3258 2282 2
3029 292 2
3951 1216 2
1659 2244 2
746 4031 2
869 4103 2
2024 2378 2
1167 1040 2
4782 131 2
1669 1249 2
2671 2981 2
1601 2500 2
1597 3429 2
4882 3953 2
4788 2207 2
141 1630 2
3369 2610 2
2982 573 2
1546 3882 2
185 1977 2
3475 3587 2
1397 687 2
24 2584 2
4144 3295 2
2902 888 2
2079 2087 2
1499 1442 2
4187 4387 2
4931 1939 2
4735 2633 2
3146 856 2
4178 4013 2
3950 1288 2
2716 3621 2
1603 1496 2
3577 3144 2
2672 2793 2
4169 1447 2
2339 332 2
661 837 2
2743 3073 2
2942 358 2
3259 654 2
1904 1063 2
946 3284 2
368 3461 2
2112 118 2
1239 4372 2
3480 4111 2
4521 792 2
4347 4975 2
3328 3841 2
3502 3239 2
1100 943 2
2438 4780 2
49 992 2
4248 1249 2
4579 1985 2
3915 679 2
1547 1964 2
2981 2626 2
524 106 2
725 3749 2
748 3026 2
3471 4158 2
2927 852 2
2536 2509 2
1267 3487 2
4907 210 2
1973 2434 2
2862 2635 2
4990 1664 2
4476 2991 2
4776 944 2
980 3470 2
1262 337 2
1921 1205 2
3706 2814 2
1576 4861 2
2427 1046 2
2598 1803 2
4675 2335 2
1513 1158 2
4972 2533 2
460 4422 2
2653 3827 2
4390 2596 2
2865 2594 2
4050 244 2
26 224 2
1411 828 2
1925 4654 2
3967 1704 2
2332 428 2
2140 3818 2
778 3477 2
4364 2322 2
3363 1055 2
3651 3194 2
4592 2576 2
1707 4886 2
204 76 2
1304 3375 2
2985 1175 2
3445 3722 2
3348 3620 2
3642 3277 2
3530 4255 2
550 3771 2
3453 3724 2
445 2201 2
4 4092 2
903 3703 2
1261 95 2
4229 2788 2
2490 4478 2
333 4833 2
265 431 2
4495 3576 2
606 4213 2
3000 1935 2
3792 3802 2
3284 2693 2
4912 4417 2
3253 734 2
1631 4899 2
4670 1816 2
2390 303 2
3265 1987 2
88 2454 2
4588 4224 2
3726 465 2
4586 3363 2
1472 1779 2
2819 3813 2
3392 4767 2
391 1232 2
1182 1028 2
3081 3590 2
941 4957 2
2068 1550 2
1970 1508 2
2130 2387 2
2862 676 2
327 4323 2
692 4 2
294 4486 2
4883 3230 2
592 947 2
4526 4067 2
3321 4641 2
3196 2868 2
1748 2966 2
3835 829 2
4880 131 2
936 4232 2
762 4462 2
2406 4154 2
282 1731 2
4334 2144 2
271 3292 2
4777 445 2
3791 1473 2
4775 1964 2
1290 688 2
2385 4770 2
1026 3865 2
308 1242 2
1379 4080 2
3959 4071 2
4352 2517 2
4620 1418 2
1230 3659 2
2250 132 2
47 4099 2
2147 277 2
717 949 2
1124 492 2
4203 4725 2
173 3292 2
4620 3438 2
220 786 2
197 2957 2
719 4326 2
3631 4549 2
2094 4764 2
3187 1472 2
836 4307 2
1009 1179 2
2974 1292 2
3813 123 2
819 1985 2
759 2077 2
654 2158 2
3027 3022 2
418 2997 2
4248 268 2
2995 1668 2
2233 821 2
1018 369 2
419 1769 2
1990 2398 2
1101 1621 2
2351 2058 2
3426 794 2
2813 4143 2
1092 1270 2
4525 809 2
3294 1944 2
4664 3531 2
3610 4747 2
4503 4217 2
2921 1663 2
2710 2184 2
3978 1650 2
1136 3095 2
2271 609 2
3500 4047 2
1187 4728 2
2991 2094 2
3131 335 2
4886 1743 2
3264 4460 2
3614 601 2
1954 3240 2
1096 984 2
4294 2216 2
3156 4096 2
3789 1589 2
4680 1240 2
2765 3206 2
1632 501 2
372 375 2
1405 2982 2
3582 4150 2
1833 1010 2
117 400 2
3454 4084 2
2310 4632 2
2330 4004 2
505 1502 2
3801 4699 2
3651 4500 2
274 3876 2
647 1421 2
3417 209 2
1619 542 2
3128 2120 2
1478 2929 2
1996 3147 2
1527 228 2
4964 2466 2
2863 4499 2
469 281 2
4256 2991 2
1640 4316 2
1521 4244 2
3546 2128 2
2021 4833 2
1462 2058 2
1829 660 2
1215 4599 2
526 3536 2
4900 1052 2
2025 3662 2
2366 668 2
3905 1596 2
1405 1106 2
3764 153 2
3359 1895 2
3431 4785 2
175 680 2
217 2498 2
2591 28 2
3093 604 2
2533 1198 2
3540 4411 2
1355 4842 2
4052 4864 2
2311 1333 2
3309 2913 2
908 1327 2
135 2792 2
1011 4318 2
619 1829 2
945 2864 2
4906 1168 2
1860 141 2
2545 4326 2
1407 84 2
4779 3484 2
1022 162 2
489 4734 2
1027 2602 2
979 4882 2
2245 1671 2
1669 110 2
4789 519 2
3145 35 2
4058 2015 2
4412 1771 2
960 4444 2
2870 1706 2
2851 1308 2
3897 1443 2
2497 2411 2
3894 497 2
3162 455 2
944 4869 2
212 2848 2
3759 2030 2
4184 2998 2
1961 4276 2
307 4197 2
2734 3618 2
2046 4113 2
2066 2328 2
267 1775 2
1081 1988 2
4718 3835 2
796 2872 2
2582 1830 2
1567 4298 2
4895 481 2
447 3681 2
456 610 2
880 4445 2
1152 2082 2
2214 1601 2
4041 3985 2
4009 2189 2
2373 4665 2
3772 3758 2
4864 3422 2
1075 4412 2
1310 1273 2
2244 3950 2
4311 4134 2
2088 2562 2
1898 2902 2
4231 2729 2
3707 4891 2
2813 4061 2
1099 2132 2
3936 2592 2
4298 2833 2
1676 2800 2
2345 4728 2
854 208 2
2731 448 2
1043 3484 2
3241 3016 2
2240 268 2
2216 1983 2
1985 532 2
2137 2705 2
2333 1870 2
478 1858 2
4840 3153 2
1665 3101 2
560 2603 2
875 992 2
3240 698 2
3988 2508 2
1054 2607 2
2747 3505 2
830 46 2
4723 4036 2
2239 3062 2
300 1780 2
3168 1891 2
2193 4723 2
491 2961 2
3349 2184 2
601 2114 2
594 399 2
2351 4863 2
2082 3989 2
2909 2342 2
4132 3710 2
4679 3205 2
1314 4186 2
2187 437 2
1220 919 2
782 4888 2
3424 2761 2
4954 2485 2
3919 225 2
985 4214 2
3248 58 2
4932 1532 2
4875 259 2
3650 840 2
1986 3684 2
791 2720 2
630 3289 2
1994 4731 2
866 2088 2
1050 3379 2
29 1361 2
2687 1314 2
3424 357 2
3456 2428 2
1606 4518 2
882 566 2
1282 3877 2
307 1374 2
4717 2400 2
3759 75 2
3564 1791 2
3302 3123 2
4848 1066 2
4555 1806 2
306 1615 2
4604 2325 2
3469 227 2
2515 1874 2
4788 3170 2
2473 3880 2
4284 1009 2
394 3389 2
1756 1653 2
4509 4502 2
893 1554 2
975 4938 2
175 524 2
768 4112 2
2482 1719 2
88 777 2
4380 3471 2
2877 1746 2
3944 824 2
3926 3462 2
4428 1859 2
4535 4674 2
3993 307 2
3739 3029 2
273 4207 2
1840 3338 2
649 572 2
3678 2378 2
3939 587 2
4612 2657 2
840 2902 2
2563 3676 2
1926 2001 2
1596 3403 2
3341 593 2
3101 430 2
1828 3592 2
5 3740 2
839 4008 2
2962 3092 2
82 3443 2
1878 599 2
2209 2896 2
4179 2363 2
3018 1069 2
4226 1290 2
2285 714 2
719 4512 2
1448 4637 2
2766 2118 2
375 1240 2
1755 2125 2
2044 1243 2
3068 640 2
1447 1465 2
4645 822 2
3843 4159 2
3961 1933 2
3530 1257 2
2087 1915 2
2672 1564 2
1155 2044 2
1756 3715 2
2490 41 2
514 3020 2
2015 4049 2
4312 2389 2
1500 3511 2
3811 1859 2
3732 2759 2
2873 4100 2
1016 3674 2
2400 4086 2
927 4975 2
2198 3439 2
2965 1513 2
1086 388 2
2607 2272 2
431 4160 2
1794 102 2
4996 3627 2
4657 3781 2
4587 378 2
2666 4321 2
3032 2707 2
1901 3744 2
4322 1620 2
293 4306 2
4723 3573 2
1314 4360 2
3924 3177 2
1910 1093 2
1702 852 2
1042 4556 2
1691 4443 2
2698 1724 2
976 2382 2
943 4526 2
2751 4723 2
868 3464 2
1859 4867 2
208 4992 2
1655 4288 2
543 2262 2
4436 64 2
108 3021 2
244 3207 2
4357 1317 2
3520 1360 2
3562 210 2
1184 4663 2
2175 359 2
2892 2944 2
3065 4850 2
1874 3942 2
3474 2908 2
602 254 2
467 2726 2
3735 3050 2
1554 3905 2
1203 1343 2
2376 1796 2
1673 1714 2
3219 4462 2
2762 2833 2
2388 4718 2
164 1098 2
4174 293 2
4959 3585 2
2877 552 2
307 996 2
985 850 2
3979 4978 2
460 2091 2
517 3099 2
4890 2079 2
3254 2848 2
1195 1455 2
4262 551 2
2612 1361 2
1414 4945 2
3158 113 2
299 2648 2
115 411 2
3618 3287 2
2010 2359 2
1856 172 2
1717 403 2
1023 2091 2
2707 1435 2
644 4631 2
4096 2927 2
2890 989 2
4213 1634 2
4038 3326 2
4464 1111 2
3163 1161 2
2835 1619 2
1264 2390 2
3078 136 2
1867 625 2
582 1228 2
2611 748 2
879 1498 2
1853 4963 2
2123 2453 2
2855 3789 2
1462 4579 2
352 4557 2
4490 3334 2
3810 2313 2
788 581 2
4380 2619 2
799 797 2
1280 737 2
967 457 2
1893 2690 2
426 4999 2
3249 550 2
4969 233 2
3889 3449 2
1979 2108 2
4839 988 2
1452 4562 2
4719 85 2
3971 2056 2
347 1480 2
2011 2301 2
1382 2342 2
1207 3110 2
3724 1756 2
859 2957 2
1979 3958 2
1536 4694 2
73 2671 2
1304 407 2
2668 2602 2
1189 1616 2
335 4240 2
1199 3905 2
4118 2639 2
2113 3924 2
197 2574 2
1731 3393 2
2634 3235 2
3617 3536 2
957 3182 2
2090 2042 2
3217 4580 2
3663 4230 2
1420 2880 2
1341 2853 2
1998 4210 2
1345 390 2
217 1991 2
2025 3634 2
1516 3910 2
4039 1748 2
4465 2622 2
4072 4892 2
4744 4639 2
1839 4205 2
211 4495 2
3570 4230 2
4186 4569 2
2427 3923 2
1002 1225 2
814 2075 2
2485 3981 2
2238 3914 2
2085 3598 2
1306 214 2
690 702 2
1827 2559 2
4801 4852 2
2308 2918 2
4838 2683 2
4296 4457 2
1323 3992 2
972 1594 2
2378 2235 2
2156 907 2
3844 3080 2
3868 4604 2
4206 4405 2
2997 2890 2
3916 297 2
3035 4294 2
3344 2767 2
4847 1992 2
2838 4410 2
1692 4405 2
75 4058 2
4340 772 2
1442 3020 2
2551 3035 2
52 88 2
2980 1320 2
4074 4553 2
4360 2357 2
1588 886 2
2326 2260 2
3184 2140 2
2946 235 2
2702 897 2
1773 49 2
3940 2759 2
1880 3640 2
3375 631 2
4373 1857 2
3340 2108 2
2200 2017 2
4757 1129 2
3086 1531 2
2945 454 2
3763 774 2
2853 276 2
3413 4230 2
2458 308 2
3660 1997 2
1326 1026 2
2532 3583 2
3180 3920 2
2562 1602 2
1573 4012 2
2785 3075 2
2362 3325 2
3100 219 2
1616 1168 2
2464 4197 2
2508 3893 2
3520 4159 2
1709 2437 2
1145 1189 2
4267 3326 2
1571 1589 2
4409 94 2
3549 1219 2
2794 336 2
4031 2567 2
4565 2077 2
1791 188 2
2099 4083 2
644 4802 2
4404 1067 2
3734 3 2
2365 679 2
3781 4543 2
911 2779 2
471 629 2
4497 4649 2
2433 310 2
1 4676 2
3552 2748 2
4517 3434 2
466 1385 2
4757 2721 2
2264 2793 2
2537 4325 2
2681 1029 2
4777 2538 2
3164 1408 2
4961 3572 2
3594 2322 2
3401 1999 2
129 3257 2
278 161 2
457 1643 2
4944 2723 2
896 2807 2
4201 3398 2
1324 4820 2
3333 3802 2
3767 4378 2
220 4268 2
2691 1584 2
1543 751 2
1473 2213 2
3698 53 2
3591 2861 2
1552 4551 2
3655 1107 2
2651 3835 2
2337 4911 2
754 3541 2
1808 3605 2
2143 1034 2
2408 2700 2
2168 1329 2
3651 4013 2
1310 581 2
1404 3476 2
572 264 2
4758 449 2
1146 3977 2
4503 3004 2
3902 3020 2
3603 2661 2
4987 3053 2
2144 4018 2
4564 4494 2
41 3963 2
1524 4945 2
4872 4419 2
4849 2734 2
4292 1309 2
4118 1344 2
4769 4353 2
1212 4204 2
3194 3887 2
1382 2643 2
3075 1154 2
3993 3189 2
161 978 2
761 1530 2
3976 4505 2
3115 4321 2
4661 3551 2
1304 940 2
1405 799 2
4877 1333 2
1432 3108 2
2195 4532 2
2030 1748 2
4775 411 2
1633 1208 2
3188 2839 2
1645 3393 2
3398 4050 2
1013 4122 2
2058 3093 2
930 1146 2
1174 4190 2
1211 1386 2
840 4713 2
150 161 2
531 2189 2
282 694 2
3192 4531 2
2393 679 2
2943 99 2
306 476 2
1868 4148 2
1527 4969 2
1196 1323 2
2049 2556 2
2266 583 2
4897 2500 2
1181 1038 2
4434 846 2
4842 319 2
2915 1659 2
4406 71 2
75 3532 2
4198 4274 2
4094 4175 2
1007 3113 2
4938 2318 2
3048 4715 2
741 4212 2
2494 1588 2
4256 4408 2
4044 564 2
789 3906 2
4946 4112 2
911 2327 2
695 3117 2
894 2459 2
4650 4161 2
2392 2675 2
1242 2323 2
3431 368 2
3940 2411 2
3496 3493 2
2972 4623 2
1396 795 2
526 1857 2
1786 698 2
2528 3278 2
2426 1505 2
2197 4499 2
4039 752 2
3489 4256 2
1444 2255 2
2109 2632 2
2060 4152 2
1356 359 2
1144 4649 2
1587 3961 2
2941 333 2
550 4534 2
4821 1779 2
3636 742 2
756 1878 2
2035 363 2
1808 1145 2
4274 848 2
4380 2580 2
2328 1589 2
2061 3935 2
4273 655 2
104 2070 2
3667 337 2
2270 4080 2
1491 347 2
2024 4906 2
3485 4772 2
2250 2435 2
4607 3374 2
3172 2875 2
3005 2848 2
4743 3001 2
1811 1860 2
1912 3024 2
3813 1291 2
1405 4128 2
186 3868 2
4212 3152 2
3518 2008 2
889 922 2
1696 2261 2
4420 519 2
3970 4642 2
4884 491 2
3991 2415 2
2811 2233 2
3377 3411 2
4437 471 2
3546 1172 2
2541 582 2
1102 2446 2
3604 2932 2
1173 395 2
1997 2483 2
3228 1112 2
4021 463 2
4013 1157 2
3992 1679 2
1767 2268 2
251 2283 2
1278 3280 2
258 2927 2
1842 4422 2
4327 1965 2
3486 3924 2
3338 541 2
1337 1265 2
4309 31 2
437 4652 2
2300 1792 2
3635 3153 2
3831 3357 2
161 1699 2
1749 3177 2
1136 3911 2
777 4641 2
754 4560 2
319 326 2
2100 3617 2
3225 3557 2
84 2670 2
1472 2635 2
1607 884 2
4513 3609 2
4376 1052 2
1182 3930 2
2857 2284 2
1754 4491 2
3530 1974 2
387 4049 2
312 2131 2
4099 4709 2
1482 1180 2
847 1755 2
4014 3882 2
2917 3372 2
4868 1374 2
1401 4596 2
4800 3197 2
3779 3866 2
4954 610 2
4394 2786 2
2547 184 2
4970 1529 2
4840 1470 2
2805 2339 2
196 646 2
3700 1434 2
509 2531 2
3807 3671 2
931 2925 2
1914 552 2
2058 2930 2
3504 1693 2
603 1366 2
2770 601 2
3363 2858 2
3043 3853 2
2776 4117 2
3080 5000 2
3145 824 2
1493 4867 2
1668 1937 2
19 3689 2
14 205 2
1988 2584 2
3141 4932 2
479 1925 2
4217 3154 2
703 15 2
4155 4285 2
2345 2340 2
1605 4944 2
3182 4158 2
4876 3166 2
3586 2350 2
816 19 2
4597 2241 2
2620 2276 2
3507 3167 2
384 4793 2
1029 1899 2
510 3249 2
1590 1309 2
42 1110 2
2072 2246 2
931 1162 2
2834 4282 2
355 464 2
3330 3851 2
3654 1694 2
127 1660 2
1041 2142 2
4758 1162 2
1974 51 2
610 4101 2
285 1873 2
4251 1878 2
1824 1455 2
3291 2218 2
4128 2864 2
2111 1531 2
3795 1430 2
3509 1700 2
4443 4707 2
211 744 2
4806 711 2
4369 1599 2
2686 1949 2
1774 3712 2
2403 3948 2
2570 3976 2
28 4430 2
418 4941 2
859 3906 2
4965 4246 2
3352 882 2
923 127 2
4505 1837 2
632 3703 2
1611 1943 2
3507 3590 2
1347 4426 2
650 4748 2
4686 2021 2
1092 665 2
159 2885 2
2636 477 2
1769 724 2
1231 4222 2
4736 1491 2
3089 2198 2
3024 1385 2
3785 4231 2
2609 1874 2
729 3246 2
2952 1352 2
3501 1240 2
3748 1489 2
2420 1727 2
444 1292 2
329 2545 2
408 4472 2
2624 1953 2
2227 4168 2
4586 3377 2
1179 898 2
2609 3046 2
675 2242 2
4661 1310 2
3284 3024 2
2542 2584 2
634 3603 2
2979 1667 2
4976 108 2
161 1602 2
3602 3860 2
4675 3056 2
3704 353 2
2981 199 2
2292 3139 2
4925 439 2
3320 511 2
1843 4410 2
3265 804 2
71 4415 2
1150 1155 2
151 2512 2
1611 2650 2
4970 4204 2
3033 1348 2
1380 4659 2
3194 3708 2
2691 2939 2
2520 850 2
2746 1775 2
2109 664 2
144 4176 2
3585 3720 2
776 2915 2
3038 2891 2
360 3828 2
1475 4013 2
2827 3111 2
931 4152 2
1477 3709 2
2444 3762 2
1597 3594 2
2565 1442 2
1727 4617 2
4233 3922 2
2584 3545 2
3025 412 2
4211 4822 2
4436 2000 2
2468 4352 2
3361 3516 2
1636 771 2
1028 2557 2
1142 218 2
4428 4781 2
855 482 2
4572 4561 2
3653 2811 2
1500 177 2
1088 4632 2
4026 88 2
3705 1091 2
3848 126 2
3846 2743 2
918 2836 2
3608 3301 2
3493 3110 2
3389 4535 2
4026 3777 2
494 4740 2
4888 626 2
450 3745 2
2667 312 2
1176 2405 2
4990 2199 2
2871 4891 2
4026 204 2
2558 3668 2
1011 5000 2
3021 3573 2
3721 4467 2
3139 397 2
3551 1316 2
3445 3305 2
3354 2368 2
554 1183 2
3567 884 2
1375 4073 2
825 3742 2
2710 24 2
1068 342 2
3055 2779 2
3733 2176 2
371 4244 2
224 1740 2
3817 4147 2
1155 2232 2
4430 1621 2
2795 3506 2
2460 1930 2
4988 64 2
145 1143 2
3216 2961 2
2840 1935 2
266 3803 2
2246 323 2
1224 1830 2
4160 3323 2
2315 1361 2
4387 1941 2
2381 4581 2
2791 4195 2
764 2843 2
3354 4289 2
940 4167 2
3947 4457 2
3975 812 2
4025 1840 2
364 74 2
344 2562 2
1470 2033 2
4050 8 2
3627 3860 2
557 3659 2
3967 4393 2
4975 4480 2
2613 216 2
2979 1203 2
1741 2969 2
4524 1672 2
524 2932 2
950 698 2
2293 615 2
790 2807 2
3117 2675 2
3041 3526 2
4450 2445 2
3713 1409 2
657 2127 2
1423 1454 2
4207 4412 2
3459 935 2
208 481 2
3064 1386 2
4221 3891 2
4431 2159 2
1837 4574 2
3513 4269 2
3266 253 2
214 3761 2
2507 1770 2
4761 2922 2
3815 2258 2
1845 1487 2
4962 4024 2
891 665 2
410 345 2
2811 30 2
3604 3145 2
3332 2167 2
4914 1694 2
1513 134 2
697 3355 2
3308 1016 2
4479 4266 2
1924 3850 2
3888 2884 2
3384 3144 2
2392 4734 2
2054 3780 2
900 3471 2
1489 1144 2
4628 1513 2
57 1769 2
1262 4157 2
101 250 2
1016 698 2
3832 3695 2
3043 3442 2
3771 3408 2
2883 46 2
4824 2939 2
976 1787 2
2110 4057 2
1136 2496 2
4164 17 2
2575 4480 2
4758 1952 2
3737 2103 2
4791 824 2
1161 3336 2
1814 535 2
1976 5000 2
3817 2586 2
1033 2696 2
2693 4435 2
1240 977 2
2013 495 2
4295 4836 2
3116 1657 2
2958 4268 2
4985 294 2
2270 4136 2
2476 939 2
3023 2387 2
2778 1961 2
2896 2383 2
3538 3295 2
2684 1873 2
2581 2619 2
3158 4850 2
4255 3343 2
3290 1720 2
3721 287 2
4508 4989 2
3932 874 2
2392 770 2
2294 1988 2
3782 1356 2
1598 3531 2
247 1872 2
1719 4622 2
2217 1020 2
347 432 2
3076 3038 2
4988 3925 2
2052 1170 2
271 2390 2
4177 2225 2
3740 1258 2
732 2584 2
1948 2467 2
983 8 2
3293 328 2
1313 3400 2
3264 10 2
1557 2638 2
4862 2721 2
4125 112 2
3769 1046 2
3956 3281 2
4536 4687 2
3614 4293 2
513 186 2
380 1076 2
1061 1495 2
320 22 2
1347 3264 2
3227 1414 2
357 4884 2
646 845 2
4314 3897 2
3794 2374 2
4899 1180 2
274 3538 2
2414 3997 2
4413 3248 2
2173 4702 2
4411 2631 2
368 962 2
4346 2001 2
1242 3625 2
2087 4714 2
2107 2115 2
3338 3409 2
4231 4326 2
1534 2400 2
2576 332 2
2415 2975 2
2291 1735 2
912 2813 2
4589 2430 2
103 2743 2
2542 3145 2
4861 1956 2
1561 3173 2
2570 274 2
3125 2854 2
4261 446 2
2915 1470 2
2250 857 2
4041 1646 2
3423 1138 2
1661 4431 2
2610 893 2
3549 3139 2
3282 1621 2
4304 328 2
512 697 2
207 3163 2
2844 2072 2
2126 3049 2
39 2399 2
3190 697 2
824 4749 2
4809 4192 2
2373 2389 2
911 2865 2
4368 3945 2
1792 2793 2
568 3759 2
3242 2156 2
247 2552 2
1259 3013 2
3418 3219 2
3219 3217 2
1230 2647 2
140 2061 2
581 318 2
3829 4955 2
2744 2485 2
1879 2168 2
2595 3438 2
1915 465 2
2516 3906 2
1355 3089 2
1988 3122 2
4507 3692 2
1065 1259 2
2794 490 2
3206 672 2
3328 995 2
3613 507 2
3415 1715 2
1001 4518 2
1340 73 2
911 516 2
2898 1107 2
253 9 2
294 4278 2
2136 3300 2
4486 4424 2
1077 1436 2
3848 4160 2
1943 4143 2
3540 321 2
2472 2775 2
1723 1404 2
4325 4166 2
692 1016 2
4223 3982 2
3687 2178 2
2019 2572 2
650 4745 2
913 3740 2
1755 702 2
2228 2106 2
2018 3414 2
2272 1279 2
4167 2647 2
1555 3508 2
291 1535 2
1419 118 2
1008 614 2
4962 3855 2
1677 2889 2
4505 3317 2
3531 3147 2
1065 3176 2
605 2067 2
1228 1346 2
1754 4603 2
3196 1594 2
2299 2061 2
3006 843 2
3717 3840 2
3476 3520 2
1002 4451 2
2314 4029 2
4289 3226 2
3855 1077 2
3060 2213 2
1459 2186 2
1095 3317 2
1295 3709 2
989 3425 2
124 1172 2
3585 970 2
4897 2835 2
1275 2909 2
1902 3194 2
3852 3807 2
1205 2671 2
4819 4698 2
4199 2248 2
1438 735 2
3278 2273 2
92 3752 2
3009 2082 2
4934 3960 2
1421 2387 2
2379 2544 2
394 1925 2
3154 4592 2
2090 3159 2
3966 4384 2
1987 4143 2
4478 3939 2
207 3927 2
3170 3227 2
1052 4438 2
4572 4623 2
392 4982 2
120 4428 2
3119 4616 2
1940 3283 2
1699 674 2
825 4567 2
3112 149 2
3066 3604 2
952 754 2
424 1074 2
777 498 2
1328 1738 2
4824 51 2
3440 1718 2
850 4329 2
885 499 2
3555 3303 2
3092 2935 2
3167 4407 2
4060 2144 2
3199 1603 2
3635 2149 2
3989 1173 2
1701 4062 2
1831 1694 2
2653 4937 2
2392 1754 2
2434 3156 2
2385 137 2
3165 1304 2
4979 2672 2
3458 551 2
1077 645 2
87 924 2
516 167 2
448 3075 2
3671 1942 2
78 2790 2
1270 3669 2
3920 3046 2
2078 2988 2
326 3625 2
4078 3154 2
928 4697 2
3886 128 2
2511 3253 2
4180 2844 2
839 3068 2
2143 2150 2
2466 1 2
4186 4651 2
54 2088 2
4550 4148 2
193 4120 2
1616 2174 2
8 2655 2
3617 4797 2
3408 1107 2
2299 1914 2
3662 386 2
2475 3422 2
130 764 2
1486 1054 2
3233 365 2
3369 4980 2
4210 1881 2
3763 2492 2
4441 4015 2
74 4928 2
3382 1436 2
599 621 2
2550 858 2
4611 4185 2
2017 3107 2
2933 4626 2
2886 934 2
1556 392 2
3782 791 2
1871 2915 2
1160 880 2
4249 2493 2
4411 4205 2
462 1934 2
3705 1554 2
3903 4847 2
1329 1500 2
2274 4033 2
4812 2203 2
87 4815 2
1963 4693 2
1602 1987 2
438 920 2
573 3672 2
860 1531 2
4475 1680 2
2732 2304 2
431 4656 2
4531 842 2
4681 3800 2
1355 4626 2
4371 580 2
3176 3028 2
4076 4059 2
20 2646 2
2829 3194 2
3452 4152 2
2069 659 2
423 4715 2
260 3951 2
2417 3324 2
3829 4136 2
4864 3815 2
1646 995 2
3244 4422 2
264 1930 2
3467 4956 2
4658 4223 2
109 4731 2
3910 4865 2
2706 1004 2
2136 1439 2
2986 2936 2
1183 1197 2
4731 2425 2
1507 448 2
2339 1315 2
2705 4554 2
2500 1541 2
4529 35 2
248 180 2
2836 1831 2
2399 3370 2
3281 4899 2
4142 651 2
3566 3730 2
3850 3552 2
232 4684 2
2965 3418 2
4108 467 2
1478 4350 2
1230 2234 2
1032 3049 2
1168 2625 2
3556 900 2
4005 3210 2
1056 1918 2
4404 868 2
4540 4890 2
44 4565 2
2289 3083 2
2654 4135 2
4548 2274 2
2393 3106 2
3389 1281 2
3121 1467 2
2728 328 2
360 410 2
4751 4514 2
3430 11 2
2738 1113 2
2750 1722 2
3683 267 2
3057 3046 2
3043 1147 2
1992 2281 2
2529 4578 2
1892 3990 2
334 3368 2
4401 3345 2
546 2079 2
1980 2287 2
2533 2919 2
2015 1083 2
4651 3804 2
837 4935 2
1455 4105 2
2443 404 2
3255 1725 2
2210 2555 2
4801 3309 2
2661 4613 2
1350 3010 2
1249 4205 2
4409 3110 2
1161 4074 2
3847 844 2
4919 3893 2
817 402 2
3176 806 2
4470 881 2
1318 2207 2
3558 2823 2
3700 4871 2
2907 2861 2
2254 2406 2
330 3602 2
1598 3732 2
1146 2439 2
282 2259 2
950 2943 2
996 3700 2
3807 2520 2
971 3644 2
1195 2413 2
3449 4383 2
3708 4496 2
3066 2632 2
3766 1592 2
2720 4351 2
3637 1245 2
4450 1631 2
35 3384 2
3837 3427 2
2291 2647 2
3302 3549 2
3443 1213 2
2269 1790 2
3459 1546 2
4974 1811 2
3891 357 2
4304 3792 2
1986 3263 2
959 2537 2
2556 1468 2
4232 1837 2
1736 2418 2
606 4759 2
4069 2070 2
3792 3551 2
255 2386 2
29 3938 2
322 4500 2
3853 964 2
835 2678 2
4593 4204 2
32 2638 2
687 968 2
4197 3638 2
1066 3226 2
4177 2494 2
3643 992 2
3500 2557 2
196 2240 2
3157 3379 2
3709 3725 2
2932 2272 2
1073 3743 2
1391 150 2
2477 2868 2
4615 2679 2
673 4143 2
600 2716 2
4442 38 2
3014 3625 2
4366 2160 2
1932 3177 2
2326 3958 2
196 4538 2
4966 2216 2
2980 884 2
2554 3737 2
3212 607 2
466 4069 2
2 3994 2
3408 1559 2
876 2127 2
4562 546 2
1403 1996 2
774 3188 2
1629 80 2
2665 4118 2
3905 3333 2
3846 2959 2
1361 1357 2
4568 4473 2
3814 497 2
366 841 2
1858 1793 2
674 4204 2
841 4713 2
3013 1237 2
3947 633 2
3765 851 2
1926 4707 2
3788 2979 2
453 3964 2
4027 4261 2
1636 4407 2
4737 1633 2
3772 1466 2
1691 349 2
4240 3613 2
1264 3221 2
2128 4052 2
106 3023 2
1712 2479 2
2638 3395 2
2928 3787 2
3804 181 2
4599 2794 2
2859 4051 2
201 2544 2
4999 4196 2
970 457 2
2213 3592 2
3434 2468 2
2774 995 2
4045 561 2
555 733 2
3101 3534 2
2052 1077 2
2784 4062 2
1062 4925 2
3351 788 2
3932 4045 2
3382 697 2
92 832 2
359 1167 2
2326 4750 2
3382 2443 2
452 4606 2
176 1506 2
4100 2932 2
3503 3516 2
4009 754 2
3003 2231 2
3007 3499 2
1281 3779 2
1653 4665 2
4444 3663 2
2880 4662 2
2522 4264 2
2863 3144 2
2389 3228 2
1183 4067 2
1891 3757 2
1910 4572 2
4731 4636 2
3130 2678 2
4403 165 2
2730 826 2
2461 1026 2
4757 4695 2
734 2793 2
626 3124 2
580 3457 2
4886 843 2
4962 3925 2
4061 389 2
889 2147 2
1659 4859 2
3525 812 2
33 2384 2
3936 3650 2
1863 37 2
1463 4518 2
3181 3933 2
1622 3463 2
3337 1658 2
2640 4301 2
4467 1458 2
651 3117 2
1074 1044 2
3170 2323 2
451 3795 2
4687 1756 2
2418 4061 2
3952 4457 2
1480 2585 2
613 3429 2
2447 3746 2
4480 2632 2
1747 1191 2
4680 2726 2
2588 1429 2
2354 1191 2
2358 3318 2
2458 1947 2
1158 4880 2
4072 3008 2
4130 362 2
4550 1121 2
3123 4912 2
3886 264 2
4377 1444 2
4978 4405 2
1236 957 2
1619 3414 2
1000 222 2
1882 2307 2
1204 1613 2
2851 2020 2
1727 1878 2
4261 3818 2
16 1825 2
520 456 2
2349 1196 2
255 3391 2
3656 3945 2
1805 2570 2
3650 2821 2
3807 1632 2
2791 2284 2
219 2266 2
2068 398 2
1215 2169 2
52 296 2
4512 3925 2
4818 1031 2
1424 3169 2
1514 3131 2
2506 593 2
4499 4795 2
1085 2530 2
1691 3919 2
4261 3913 2
4483 1613 2
976 3712 2
1091 2587 2
3973 3316 2
4116 3711 2
4621 4933 2
1860 4244 2
4064 4194 2
2161 887 2
4003 3591 2
1879 812 2
2853 482 2
1941 1689 2
479 4657 2
4337 168 2
2052 1817 2
1890 4019 2
3136 2552 2
3112 187 2
4793 4334 2
2070 1189 2
4056 2500 2
1122 1771 2
3361 2828 2
4447 3636 2
2203 4240 2
1065 3590 2
1522 790 2
2858 2489 2
2864 709 2
4196 2702 2
4203 1601 2
4018 3137 2
4694 4412 2
29 837 2
4650 230 2
821 2725 2
4246 2180 2
1803 1550 2
32 1685 2
2909 389 2
1522 1476 2
70 4131 2
3158 2124 2
2029 3328 2
3695 3090 2
198 3305 2
3693 4817 2
1825 1520 2
2737 4018 2
622 3778 2
924 1382 2
3371 106 2
3394 1564 2
3275 281 2
2733 225 2
2761 2481 2
3199 4483 2
1523 41 2
3306 2647 2
830 1746 2
2578 22 2
2124 993 2
3883 3271 2
2165 4818 2
4853 4017 2
4974 664 2
1078 4449 2
541 1597 2
3087 2917 2
4056 3777 2
3506 838 2
1129 3565 2
863 707 2
763 2475 2
1877 2976 2
4327 2542 2
166 1250 2
2184 3058 2
2339 1092 2
4776 4068 2
2750 4030 2
394 1702 2
4703 4461 2
2355 1700 2
2930 4913 2
4691 1215 2
3904 1747 2
2625 4430 2
3984 1428 2
3060 2078 2
1880 1091 2
1709 4684 2
4156 1599 2
4959 1190 2
782 953 2
3626 3614 2
1225 4028 2
653 2141 2
2588 879 2
2157 234 2
374 759 2
2263 3037 2
201 4646 2
445 65 2
4029 374 2
4106 711 2
4193 1940 2
4460 3482 2
3645 4794 2
3103 1346 2
4643 2758 2
4968 2401 2
2341 3823 2
2070 3824 2
3780 3196 2
1394 4705 2
2621 3030 2
1389 1184 2
1291 3462 2
2201 2802 2
4105 1029 2
847 3107 2
3834 2025 2
1145 4330 2
2656 4058 2
4982 2898 2
1838 4933 2
1376 3417 2
3886 1105 2
2298 4373 2
421 1567 2
3944 79 2
1838 4482 2
2548 4059 2
2593 83 2
882 3939 2
2504 4249 2
4726 453 2
4810 4695 2
1901 2406 2
626 4530 2
1679 4448 2
1286 1995 2
4693 88 2
3498 1283 2
1066 131 2
3504 79 2
3309 4107 2
4467 36 2
3394 4725 2
600 2755 2
3381 962 2
661 3266 2
2965 1994 2
1383 2007 2
2501 2071 2
2807 4182 2
231 3745 2
1565 208 2
4772 4971 2
1180 2321 2
4733 4374 2
2330 2828 2
3884 2803 2
4972 1868 2
138 2927 2
4820 4992 2
4634 2404 2
2908 2428 2
4411 2352 2
4814 233 2
3208 3853 2
98 2007 2
4731 2281 2
991 1820 2
3536 2926 2
4677 3398 2
15 1023 2
1723 3414 2
585 2676 2
2842 3629 2
2882 1640 2
3924 1810 2
2679 69 2
2392 1821 2
787 3886 2
4592 1629 2
2352 646 2
2400 3205 2
377 4712 2
1340 1458 2
883 4048 2
1924 3933 2
3440 3053 2
265 2120 2
4774 4950 2
4180 2559 2
1120 4396 2
596 4330 2
2587 4046 2
2326 4559 2
2875 55 2
2668 2107 2
1750 700 2
1464 841 2
468 2119 2
2380 3361 2
4360 518 2
2803 812 2
838 2867 2
1007 4589 2
2203 1930 2
4386 1876 2
2228 3880 2
1715 1556 2
3917 2318 2
4894 3109 2
3373 174 2
2810 629 2
2990 49 2
4123 3209 2
130 4841 2
1259 4739 2
122 3854 2
669 3148 2
1442 261 2
128 357 2
732 2159 2
3715 1186 2
56 2107 2
1645 628 2
1970 2755 2
2744 3979 2
4047 3074 2
3049 2491 2
1530 1964 2
4253 4097 2
2373 1113 2
2403 198 2
513 4166 2
45 735 2
1123 2832 2
4081 3225 2
4637 79 2
2572 3032 2
452 3018 2
2501 1815 2
70 3598 2
2761 3458 2
4612 2965 2
4164 4314 2
343 2171 2
4110 4776 2
2472 526 2
3228 2238 2
4647 3576 2
3830 589 2
3076 500 2
3117 2784 2
383 965 2
3905 4715 2
4526 2749 2
833 4326 2
2331 1377 2
1923 1093 2
2640 670 2
3452 1418 2
2388 4556 2
975 2667 2
3222 129 2
2540 3423 2
975 3779 2
4683 4065 2
4609 4693 2
1777 1265 2
165 3958 2
1620 3046 2
1693 2415 2
2987 2468 2
574 1151 2
338 3986 2
4493 2955 2
2462 4254 2
2380 282 2
762 1372 2
3654 3719 2
2583 4158 2
515 2930 2
379 1237 2
3163 3530 2
4860 4634 2
1364 4496 2
4819 684 2
3558 2329 2
3613 3391 2
4351 3350 2
4586 3545 2
3084 3017 2
2471 1359 2
3385 680 2
1648 1615 2
1481 4932 2
79 2426 2
1013 791 2
1584 2129 2
1953 324 2
4821 3224 2
1472 4776 2
265 3027 2
1874 2315 2
1780 3174 2
4169 2027 2
3672 4602 2
3928 3253 2
3813 2542 2
3086 240 2
2771 405 2
2677 3301 2
3892 2829 2
196 1622 2
456 71 2
4724 4176 2
2238 1270 2
3330 1140 2
359 1319 2
91 2891 2
3026 2219 2
2002 2696 2
252 4512 2
2449 619 2
3565 2319 2
4036 2782 2
1475 2266 2
614 4130 2
3992 999 2
542 1699 2
92 1535 2
4290 1316 2
1542 235 2
2086 23 2
947 4394 2
974 4997 2
1458 162 2
2707 1943 2
3816 3312 2
1048 3529 2
1669 2389 2
2451 3960 2
1147 2460 2
2848 486 2
3254 1437 2
2846 2730 2
1122 837 2
644 19 2
4081 543 2
4736 3678 2
3166 4764 2
4764 2647 2
860 3574 2
3138 1847 2
3190 492 2
1807 2660 2
3962 4664 2
3663 325 2
2853 881 2
2005 4152 2
4555 1638 2
2339 4286 2
1977 2545 2
972 4600 2
3748 3775 2
1897 4551 2
2745 4011 2
286 4226 2
3667 2678 2
4552 2455 2
1600 4476 2
3416 72 2
3124 521 2
3053 4562 2
2370 641 2
1800 2584 2
4916 3627 2
1867 1043 2
361 1585 2
4201 781 2
4927 2293 2
3124 2675 2
2609 4080 2
4770 4749 2
4865 705 2
301 100 2
3432 3065 2
4494 1273 2
1050 1260 2
3352 2987 2
916 3146 2
2591 352 2
17 3444 2
3977 3169 2
2547 2141 2
596 2782 2
3261 2104 2
4134 1749 2
2826 2689 2
2701 2488 2
244 4952 2
4145 4314 2
1053 3214 2
4713 3421 2
3086 4823 2
3359 983 2
1156 1548 2
1844 3055 2
3564 940 2
861 2541 2
428 4821 2
3477 55 2
2984 1235 2
2256 3760 2
3515 3803 2
2624 2756 2
4412 2618 2
4715 1194 2
2792 3016 2
162 4149 2
3051 384 2
879 2534 2
3245 4608 2
96 4484 2
371 4672 2
602 902 2
1033 4196 2
617 1105 2
4582 4722 2
2775 3170 2
2464 283 2
3434 1621 2
1866 3162 2
4974 2691 2
489 2059 2
1124 1029 2
1925 4420 2
4523 4957 2
4930 489 2
3044 4130 2
2838 1348 2
2841 1242 2
3790 2214 2
3926 4379 2
3272 1195 2
2903 1744 2
4003 2356 2
500 2448 2
212 898 2
119 1739 2
4764 84 2
3611 3590 2
1754 4655 2
3012 2248 2
1763 1177 2
2034 990 2
1982 655 2
3980 1379 2
858 4012 2
4565 2844 2
2821 3292 2
2903 3694 2
3235 2465 2
2352 2638 2
2893 2513 2
621 22 2
1205 3344 2
1191 3524 2
2094 4963 2
1735 3103 2
4842 635 2
1626 4432 2
2371 1797 2
333 4726 2
2692 4956 2
4869 716 2
4045 428 2
622 3193 2
2842 2452 2
4064 1852 2
629 1465 2
643 3422 2
1915 4131 2
1075 134 2
2124 1155 2
4789 3901 2
2213 841 2
3721 3180 2
4834 1713 2
4026 4874 2
4101 2279 2
1549 2119 2
253 3300 2
1459 3924 2
2830 978 2
4935 4913 2
3152 3215 2
835 2234 2
517 3173 2
2695 4329 2
3472 1375 2
2023 1483 2
2978 4116 2
482 2839 2
3283 4656 2
3554 1192 2
1754 1652 2
2426 4390 2
2405 3627 2
3442 3416 2
980 4306 2
3310 1229 2
3148 3691 2
1196 896 2
2719 4479 2
4646 3753 2
3084 278 2
2395 260 2
3719 3749 2
644 3521 2
1387 2300 2
1463 1089 2
2189 1301 2
2321 794 2
4096 3475 2
4885 1782 2
1728 3366 2
4687 83 2
1177 1726 2
4012 916 2
4159 353 2
754 2443 2
2885 1215 2
1654 2599 2
1923 4902 2
1910 1327 2
1190 2048 2
909 4359 2
1613 3342 2
2465 4354 2
1448 2745 2
2175 4366 2
4354 374 2
2759 1250 2
3742 1856 2
3608 3615 2
4923 2091 2
3453 199 2
4391 1244 2
864 2758 2
2331 1121 2
3045 4214 2
116 1586 2
1869 813 2
2937 4206 2
2408 2479 2
1725 4638 2
4765 406 2
2717 3199 2
2786 3630 2
3372 3755 2
397 3710 2
2000 4647 2
3831 927 2
1076 1540 2
3914 1960 2
2526 3820 2
1767 731 2
497 2844 2
384 1315 2
1480 1425 2
558 3778 2
2384 4071 2
3285 4304 2
2195 1556 2
2635 2338 2
274 1187 2
258 4218 2
4694 3401 2
4825 3727 2
4634 1580 2
4995 1988 2
1440 3021 2
1192 3616 2
299 3364 2
3852 4747 2
871 3423 2
800 4639 2
4184 1596 2
3519 84 2
4510 2569 2
859 1972 2
4023 426 2
1152 2822 2
3609 4369 2
2154 4372 2
4107 1173 2
1166 2054 2
4589 2079 2
4667 1485 2
4508 3681 2
3638 3460 2
4381 779 2
4974 2053 2
4630 656 2
3022 418 2
2965 3989 2
341 2629 2
3205 3265 2
4500 4885 2
4192 3569 2
1427 1740 2
2741 2569 2
1929 756 2
3383 3487 2
2396 667 2
4832 2647 2
1939 1225 2
1768 2855 2
1178 2328 2
74 1614 2
1837 3231 2
2761 288 2
679 4194 2
2251 3379 2
1412 4981 2
1666 4335 2
2926 4659 2
2706 1660 2
2914 4982 2
1301 2122 2
1378 1356 2
3483 3586 2
2806 3671 2
2468 2091 2
926 4868 2
1206 739 2
742 4162 2
1037 3461 2
2541 1946 2
1295 1030 2
629 1783 2
3186 426 2
167 4398 2
1617 4255 2
231 3199 2
2968 866 2
302 3779 2
1885 3890 2
1161 357 2
4726 11 2
2400 2248 2
1835 2837 2
3047 4832 2
2619 4423 2
809 916 2
2785 1842 2
3942 3468 2
3927 4832 2
3927 2125 2
446 3148 2
1948 63 2
4867 3666 2
2748 122 2
1972 2490 2
1095 419 2
4298 241 2
2963 4978 2
4712 604 2
1136 4715 2
4741 1145 2
194 4562 2
1634 94 2
462 2251 2
3701 4820 2
1366 4880 2
145 745 2
670 8 2
4484 4292 2
3850 3093 2
3530 4637 2
1656 4600 2
1401 3210 2
20 2292 2
2953 2924 2
1638 1134 2
2481 4528 2
2466 3066 2
4579 1231 2
81 3077 2
4597 2941 2
3419 2390 2
389 850 2
207 4066 2
2537 431 2
1275 4671 2
4802 981 2
2492 3228 2
4097 2854 2
4323 3414 2
2715 60 2
2087 1931 2
2344 272 2
4129 3527 2
582 4668 2
2537 811 2
3734 1130 2
867 3973 2
1342 2415 2
2302 3586 2
4467 159 2
4360 1522 2
502 1311 2
1431 2444 2
925 4729 2
3871 3315 2
1326 4604 2
1859 2460 2
2693 1949 2
4052 3598 2
618 4040 2
4449 1464 2
3222 2004 2
2429 139 2
3666 634 2
3735 2281 2
3923 3341 2
4773 3408 2
2123 4510 2
1966 4597 2
691 490 2
3902 3041 2
73 3679 2
4060 3109 2
2944 2741 2
4305 2593 2
3793 2811 2
2814 304 2
4253 2293 2
1401 3844 2
4149 1392 2
1000 2914 2
4065 1027 2
3019 2598 2
2025 4254 2
989 624 2
1156 4017 2
2067 3774 2
2558 3118 2
427 317 2
4742 903 2
2030 4335 2
3707 646 2
1871 918 2
2093 1563 2
201 2564 2
4473 263 2
2692 3781 2
1642 3161 2
4782 3825 2
2830 979 2
185 1227 2
4498 748 2
4763 3495 2
3116 2902 2
4731 2428 2
2672 3795 2
4099 256 2
1178 3350 2
706 179 2
592 2073 2
3042 1224 2
4432 4271 2
3248 2660 2
4630 1412 2
292 2160 2
2779 2975 2
4336 4612 2
4058 3869 2
421 1801 2
4668 4646 2
3502 3010 2
770 984 2
3596 516 2
1086 2271 2
3990 1519 2
3567 3980 2
938 4288 2
2142 969 2
4630 1460 2
1294 2104 2
2341 3170 2
549 1947 2
1414 841 2
668 4821 2
669 1387 2
2658 3590 2
3209 3179 2
3295 3514 2
2862 4794 2
2689 3212 2
725 271 2
3601 2993 2
1249 2517 2
1471 4766 2
552 3589 2
1954 4591 2
891 4793 2
251 1458 2
333 4067 2
2622 4852 2
2058 2462 2
47 16 2
3897 645 2
3760 3473 2
568 1175 2
2033 3314 2
3701 3649 2
4071 4809 2
4379 271 2
1971 4426 2
3015 1717 2
1076 3853 2
849 222 2
484 3962 2
3942 964 2
902 1159 2
1298 1869 2
4663 1365 2
4796 2495 2
1413 2854 2
518 335 2
3745 3932 2
1510 2037 2
567 4282 2
1816 2106 2
694 27 2
1031 269 2
3586 4916 2
2187 317 2
1100 2231 2
2101 4140 2
476 1689 2
1485 4745 2
1308 2763 2
4919 867 2
916 3330 2
4806 1847 2
1103 3495 2
4979 1883 2
1720 2155 2
1170 2813 2
402 4789 2
2530 4621 2
2926 688 2
1879 4297 2
1849 3253 2
3884 178 2
1015 2793 2
1554 2869 2
3569 3627 2
3893 4552 2
2612 4224 2
1984 2840 2
3485 2369 2
1908 4594 2
2230 3133 2
1609 2051 2
3402 160 2
3637 3364 2
1589 2790 2
2981 3504 2
3618 908 2
77 2479 2
4750 1910 2
2790 3495 2
3733 314 2
209 336 2
488 3911 2
1693 3131 2
3146 547 2
2074 539 2
4849 1493 2
389 2320 2
4016 944 2
3351 100 2
2717 3001 2
1943 3024 2
489 3307 2
4737 4097 2
1615 1082 2
1368 3506 2
866 2548 2
1558 1188 2
4965 3377 2
2045 2359 2
3674 4216 2
3392 4471 2
3038 2330 2
3274 2409 2
2470 2757 2
3982 2786 2
2443 2741 2
3574 4260 2
4280 3402 2
538 4069 2
2367 4013 2
3869 873 2
4519 1888 2
3078 4040 2
3212 2467 2
4014 1160 2
2365 3673 2
502 4726 2
3668 4365 2
2866 1398 2
4796 4499 2
954 459 2
579 4363 2
328 1761 2
3106 2020 2
1057 4384 2
4354 1579 2
984 4446 2
4698 2779 2
1098 1409 2
4140 283 2
800 1737 2
3150 3537 2
427 4172 2
1158 3744 2
4768 4044 2
1503 2579 2
845 2327 2
753 1339 2
4647 113 2
2285 2474 2
4434 3660 2
4805 2950 2
2733 1328 2
64 3286 2
3999 3960 2
3941 3920 2
1964 2893 2
3588 830 2
4479 3767 2
1251 4952 2
52 548 2
4305 1768 2
3137 3155 2
4761 534 2
425 3431 2
1410 399 2
242 602 2
863 2435 2
3069 4107 2
4817 4319 2
2343 3267 2
4594 1667 2
2177 325 2
70 599 2
4074 4521 2
1375 3032 2
81 1546 2
2837 4716 2
4449 3642 2
3126 3119 2
4988 275 2
3025 3038 2
3943 1909 2
3856 3728 2
4452 778 2
4633 798 2
2826 299 2
169 2693 2
28 4866 2
3010 1084 2
2824 960 2
2620 2792 2
2650 4756 2
1747 2940 2
3715 2562 2
3417 41 2
2124 1163 2
3310 4374 2
3803 1059 2
1517 2507 2
2202 725 2
3418 4503 2
97 3421 2
526 1624 2
527 3018 2
1995 2848 2
968 759 2
1831 4924 2
2880 39 2
922 826 2
1513 1245 2
1425 3593 2
3983 1589 2
3871 1584 2
1298 2344 2
4710 1386 2
3956 2691 2
800 2620 2
3751 820 2
2532 3159 2
3220 1174 2
2887 1661 2
3997 964 2
2526 605 2
3878 1104 2
2117 3710 2
2661 3337 2
3614 979 2
2931 42 2
351 3998 2
2087 3212 2
1750 1553 2
2672 1767 2
3687 3029 2
1328 4761 2
2291 4816 2
1487 2217 2
1521 1263 2
2829 534 2
3868 2874 2
1991 2162 2
3957 4407 2
453 1490 2
289 4664 2
1630 1480 2
4770 2429 2
2668 3135 2
3653 2445 2
2959 2814 2
4192 1033 2
4238 2558 2
4017 205 2
747 1433 2
3846 4574 2
2385 3170 2
2400 4445 2
3281 1340 2
2670 2001 2
3990 1492 2
608 50 2
2993 2433 2
2455 4344 2
4790 733 2
3079 2263 2
1850 1713 2
1383 867 2
2078 1581 2
2696 4263 2
1174 2978 2
903 4082 2
4272 2131 2
1919 4270 2
4463 1104 2
671 822 2
1071 4349 2
471 3469 2
1509 1456 2
2327 683 2
1126 3412 2
4741 1765 2
835 185 2
4312 334 2
3990 1924 2
1053 4266 2
1530 1028 2
2394 163 2
2163 3853 2
2401 1130 2
308 1120 2
3534 2854 2
3407 1595 2
3419 4866 2
974 3158 2
4169 3393 2
2711 2594 2
2975 978 2
195 4390 2
280 1884 2
1694 4199 2
2956 3793 2
301 4302 2
2718 4839 2
4386 805 2
3859 630 2
4730 4897 2
317 1921 2
1101 258 2
2171 2571 2
4206 1040 2
4027 2827 2
2639 2624 2
2751 374 2
1164 166 2
4081 4010 2
4697 3533 2
1038 2856 2
2058 294 2
3622 51 2
4099 1778 2
3363 3230 2
51 2379 2
633 3889 2
3599 110 2
3975 4523 2
4550 2302 2
772 1650 2
4766 4050 2
1517 4648 2
1454 4286 2
4550 817 2
4212 3700 2
2714 3201 2
4651 4462 2
1953 1662 2
3305 1464 2
4412 3823 2
451 1293 2
2861 3584 2
3488 362 2
1391 3086 2
2904 2486 2
3981 3954 2
4511 732 2
3369 4252 2
4185 1693 2
3279 4444 2
2933 1863 2
4221 39 2
3636 4064 2
4587 1798 2
2780 3207 2
17 4843 2
525 2390 2
2769 2579 2
1736 1559 2
4677 2909 2
3219 2067 2
1207 2808 2
2943 4175 2
2119 769 2
3315 1699 2
866 2673 2
1693 2673 2
873 3645 2
3116 236 2
2807 4153 2
3544 536 2
1560 3482 2
4258 147 2
4273 4320 2
4493 2483 2
2962 2044 2
1089 903 2
1461 2394 2
1484 2471 2
2814 2916 2
4296 3353 2
1958 1526 2
4077 79 2
1532 336 2
768 2355 2
1437 804 2
2421 3670 2
1177 2472 2
1508 1213 2
3641 744 2
810 3862 2
2922 3875 2
2277 4512 2
1619 1369 2
4496 2812 2
2579 2373 2
1448 4408 2
1360 4342 2
4646 3139 2
4239 3786 2
3005 4731 2
1856 1077 2
2684 3290 2
594 1716 2
638 4995 2
2051 620 2
2921 2902 2
1127 4096 2
3076 3915 2
4648 4969 2
2278 584 2
3128 3842 2
4273 4108 2
4341 4083 2
502 1850 2
2284 3641 2
1738 2139 2
1524 978 2
4182 1507 2
437 698 2
4999 3818 2
2631 3465 2
4922 383 2
2091 728 2
1732 2109 2
788 243 2
3082 1276 2
3063 4040 2
1812 4879 2
4156 4008 2
2541 3411 2
2624 1522 2
649 2763 2
483 230 2
4398 3657 2
2503 1144 2
2810 3811 2
4550 2268 2
4623 2060 2
746 2188 2
177 1347 2
822 2866 2
1705 4515 2
1457 723 2
3480 1067 2
3078 3572 2
2789 748 2
821 3859 2
3206 1634 2
1122 2841 2
3235 765 2
3833 2280 2
875 4767 2
3225 3524 2
3078 3517 2
533 2215 2
2798 4350 2
4061 41 2
889 1467 2
2538 581 2
861 704 2
4073 3738 2
2996 3468 2
2710 284 2
4506 522 2
2083 3164 2
2367 454 2
131 565 2
3792 1387 2
675 864 2
937 1004 2
3960 1271 2
3754 2628 2
3333 20 2
4731 3383 2
2338 3029 2
3027 2469 2
3716 2030 2
3075 1852 2
4147 1677 2
2692 3879 2
786 3285 2
2107 272 2
703 3585 2
2755 2332 2
4637 1087 2
2199 1176 2
2192 4556 2
172 545 2
262 3895 2
1636 3168 2
4382 488 2
346 1214 2
1684 795 2
907 4012 2
1017 4138 2
4216 3970 2
4576 4045 2
3405 4277 2
1977 771 2
1392 4559 2
4097 1062 2
4947 1293 2
2266 4765 2
3053 3456 2
2367 3009 2
1245 4666 2
4334 3045 2
1108 369 2
4095 1773 2
445 4009 2
1015 778 2
1638 1998 2
1933 150 2
4579 3572 2
4061 1074 2
80 336 2
2156 4731 2
4504 3021 2
2584 2273 2
4295 4608 2
3563 3687 2
1081 4981 2
4645 2246 2
3483 1111 2
4064 2761 2
4287 875 2
2887 2453 2
1403 1473 2
1404 4561 2
655 762 2
2766 2462 2
456 441 2
3589 3654 2
3474 1772 2
1029 3843 2
4068 1158 2
3954 1737 2
3388 3969 2
4402 2661 2
1168 721 2
882 3154 2
3548 2476 2
4887 2428 2
1528 994 2
2496 4463 2
1900 2663 2
1281 1864 2
1028 2687 2
677 3335 2
4081 2761 2
974 4196 2
3047 3527 2
1622 19 2
3742 757 2
4277 2632 2
2911 1615 2
113 584 2
4958 2323 2
4137 85 2
4991 1078 2
3148 2574 2
4010 3270 2
2065 4326 2
193 973 2
4809 3727 2
4698 844 2
1681 4270 2
1293 693 2
762 3709 2
3137 1389 2
1540 2752 2
4053 2964 2
2062 784 2
1094 455 2
2173 1395 2
1203 2221 2
3984 3137 2
3400 3346 2
2538 3049 2
2806 4663 2
197 945 2
3521 3365 2
1356 4862 2
4229 808 2
2184 524 2
1708 4620 2
629 2177 2
2647 4547 2
4737 920 2
3142 830 2
1151 3240 2
1227 3376 2
894 4421 2
1963 3502 2
3230 2053 2
1142 2135 2
1534 557 2
2085 2659 2
2515 1384 2
2817 4205 2
1656 251 2
3647 2493 2
2289 1348 2
2500 4465 2
3805 2093 2
2292 3618 2
4115 4444 2
3623 2389 2
611 1168 2
2835 4399 2
2867 2449 2
4197 3772 2
1072 350 2
4685 1833 2
45 4738 2
3675 2915 2
4523 3536 2
3611 1684 2
2078 4307 2
200 370 2
265 4407 2
578 2494 2
3735 3507 2
4338 3500 2
665 303 2
2532 3815 2
2727 2065 2
4045 4743 2
630 3914 2
2139 3245 2
2212 3843 2
1451 1778 2
3071 2335 2
4520 3934 2
124 2099 2
45 4698 2
140 4814 2
2627 1041 2
835 3056 2
2169 4600 2
4641 3400 2
1916 709 2
2243 77 2
2261 541 2
459 859 2
3811 1703 2
1821 4198 2
558 2218 2
2249 2057 2
3798 3336 2
4313 3566 2
4990 4714 2
1705 2622 2
1336 3449 2
1745 4294 2
3479 336 2
916 562 2
3694 1020 2
2512 1394 2
4481 251 2
1590 3039 2
4951 485 2
2097 2845 2
1894 1904 2
4667 156 2
708 4581 2
2108 4320 2
4274 4563 2
62 3484 2
2689 4960 2
4531 1069 2
3620 838 2
3043 2426 2
2994 1583 2
4771 1124 2
4621 376 2
2455 4511 2
718 2474 2
4486 4365 2
2871 3577 2
3609 1983 2
2016 1408 2
2796 2281 2
2758 630 2
2038 3306 2
3767 4169 2
2403 230 2
3360 408 2
3532 3044 2
4501 553 2
2727 199 2
993 4566 2
3764 1875 2
1266 3519 2
1940 3723 2
2026 1934 2
751 3466 2
2678 1899 2
2822 4080 2
387 4620 2
1962 3763 2
2782 2539 2
4550 400 2
4703 785 2
1729 4685 2
722 160 2
113 3298 2
134 1683 2
1331 3168 2
2742 2326 2
3654 482 2
460 2037 2
2481 4974 2
1264 4574 2
665 578 2
4258 3854 2
2166 171 2
2604 776 2
4250 878 2
2809 3110 2
26 4123 2
3871 4770 2
4358 1562 2
1668 4263 2
4586 4976 2
1052 3048 2
4723 622 2
4518 1867 2
3139 1084 2
2439 2082 2
1729 666 2
4673 1132 2
2575 2034 2
38 2534 2
984 1983 2
4093 4927 2
2950 4286 2
2689 793 2
2235 3920 2
1451 4264 2
4649 1931 2
3398 2564 2
1076 2730 2
2588 2207 2
3944 4951 2
1004 4317 2
2504 3385 2
557 4420 2
2610 4713 2
2695 4575 2
2592 3189 2
1285 4446 2
2987 3447 2
442 4566 2
69 4120 2
633 1988 2
1357 1377 2
3019 3072 2
819 3440 2
4875 4631 2
3305 4407 2
2546 1100 2
3969 4075 2
3848 1203 2
3520 945 2
1452 134 2
1238 3944 2
845 3825 2
2744 3689 2
747 2374 2
4208 1238 2
897 4938 2
2917 4327 2
4833 4190 2
2546 4045 2
4971 3185 2
880 4285 2
1401 2126 2
2731 2501 2
2292 4967 2
2883 4203 2
698 1064 2
568 4404 2
3409 3535 2
322 1410 2
1818 2750 2
2570 2710 2
1408 4815 2
3078 3443 2
4781 4967 2
1490 4368 2
3222 3836 2
1160 183 2
1848 3727 2
3887 17 2
913 3327 2
4361 1204 2
842 691 2
4455 4359 2
4868 2030 2
366 3489 2
3900 2610 2
1736 3633 2
455 2083 2
4174 520 2
911 4219 2
1400 2514 2
468 4282 2
2868 1993 2
4011 825 2
2000 3745 2
347 4751 2
405 4595 2
3479 4969 2
4458 1431 2
3682 1346 2
2380 3010 2
1058 2697 2
3370 4022 2
1770 4128 2
4442 2473 2
2672 1902 2
4782 3599 2
1371 1312 2
3309 3806 2
4317 537 2
2265 4409 2
2105 113 2
2351 3914 2
1977 3023 2
1817 4038 2
852 1449 2
1949 3844 2
1087 1724 2
4899 4015 2
1106 1808 2
4607 4489 2
4020 3138 2
4877 2459 2
2063 1035 2
4118 1241 2
1310 527 2
4453 3502 2
2791 1475 2
4116 4468 2
4268 4260 2
545 4137 2
2759 2365 2
2753 2860 2
44 3193 2
365 273 2
2696 1688 2
4673 75 2
2362 717 2
2707 3658 2
2313 1476 2
1426 4533 2
2693 4927 2
1189 4559 2
3437 2631 2
2003 1809 2
4867 3668 2
356 1367 2
1692 2763 2
4331 2088 2
3414 567 2
19 2850 2
871 1095 2
3095 3200 2
1471 3224 2
97 4426 2
3092 1906 2
4829 3984 2
676 4481 2
165 3979 2
4305 3649 2
1318 3230 2
3576 4226 2
3241 3873 2
4273 851 2
3121 1146 2
1677 3850 2
3129 3771 2
4849 2668 2
1615 4856 2
1280 2071 2
2233 1981 2
2283 3318 2
1637 2341 2
4780 1061 2
1804 1314 2
1360 216 2
4275 4068 2
1244 396 2
275 4366 2
3938 1267 2
2402 2812 2
621 2366 2
571 4437 2
501 2984 2
106 3115 2
1558 4592 2
2807 2276 2
1075 1535 2
2518 142 2
4902 2734 2
2230 1150 2
3356 3715 2
3045 1910 2
99 3864 2
2793 609 2
3074 2244 2
456 4664 2
3625 2532 2
3718 97 2
2761 2 2
145 2715 2
3834 2635 2
2586 2882 2
788 596 2
4368 225 2
3300 1161 2
1021 667 2
4567 2500 2
1963 3828 2
852 914 2
4166 226 2
809 1241 2
3874 3570 2
4218 2617 2
2267 18 2
4719 2180 2
109 2002 2
1903 556 2
4205 2199 2
4985 293 2
3176 1225 2
4877 4460 2
903 2170 2
3234 2104 2
3460 1252 2
2620 1393 2
4743 3221 2
2255 2561 2
3902 2506 2
3865 3505 2
3432 4805 2
3298 4237 2
1124 45 2
3192 1421 2
901 3287 2
1586 4381 2
2263 2363 2
3769 4280 2
2501 2354 2
4469 238 2
4162 2552 2
3175 1295 2
3613 4767 2
2720 3797 2
2441 339 2
3487 1487 2
4396 4357 2
3879 2219 2
629 3745 2
100 4468 2
4743 729 2
1663 3711 2
1562 1237 2
2153 3666 2
2084 2306 2
3214 2691 2
285 4893 2
3539 4607 2
7 4786 2
1682 2746 2
937 784 2
1292 3196 2
2789 4271 2
2178 2690 2
2738 4372 2
4481 4372 2
3088 1299 2
4280 1350 2
1791 3252 2
4378 601 2
4092 2974 2
3700 2798 2
186 4392 2
4229 4345 2
4230 1940 2
4932 521 2
1402 1009 2
58 858 2
3992 912 2
2188 3213 2
4686 4609 2
483 1249 2
4274 242 2
3899 4683 2
3061 4085 2
477 2247 2
530 2878 2
4162 257 2
797 4410 2
3704 4778 2
3768 2717 2
3060 2844 2
1727 1570 2
683 4653 2
37 3280 2
4038 151 2
1502 2385 2
4844 3266 2
75 2237 2
1139 4132 2
3992 182 2
2515 273 2
220 144 2
1383 4968 2
2749 1509 2
1960 2257 2
885 2540 2
3269 2645 2
2470 4899 2
1041 1187 2
354 672 2
1111 1256 2
3910 1189 2
541 3105 2
4441 3102 2
2647 515 2
735 3408 2
151 1729 2
2116 2538 2
341 2868 2
398 3352 2
2681 4610 2
2001 1254 2
1397 1395 2
3306 4266 2
374 151 2
2768 1932 2
2356 1512 2
517 1651 2
4917 3602 2
488 2716 2
4892 1901 2
1614 157 2
264 1018 2
1486 3525 2
2579 2065 2
3835 270 2
2022 3089 2
735 3742 2
2625 2579 2
1161 431 2
2014 1591 2
2566 2188 2
2953 2323 2
4805 4957 2
2128 3800 2
3830 1645 2
1928 3680 2
3923 1165 2
4062 4631 2
4373 3435 2
3506 3336 2
4951 3917 2
3875 3791 2
3699 4569 2
1198 4065 2
216 3954 2
4310 4695 2
2564 2926 2
314 1668 2
1260 859 2
3086 1871 2
1409 2577 2
4522 2997 2
2796 329 2
4717 1744 2
1980 4951 2
4833 4003 2
855 2663 2
2542 4387 2
464 4556 2
4625 186 2
2525 443 2
4587 1703 2
3072 2931 2
4714 1780 2
2663 2976 2
1981 2963 2
2556 3137 2
4826 799 2
2519 3540 2
2284 2556 2
278 1571 2
1236 615 2
178 891 2
2604 2927 2
2639 1702 2
1655 68 2
4483 1009 2
4007 3114 2
224 3554 2
4942 4042 2
3480 2155 2
3768 182 2
724 4573 2
406 797 2
3689 1040 2
3471 4037 2
3228 120 2
2819 4863 2
1857 4069 2
2652 3837 2
4277 151 2
2409 3281 2
4560 1139 2
2913 4600 2
1177 2308 2
4596 3426 2
819 12 2
2803 3268 2
3111 4145 2
2165 1786 2
4161 1655 2
4155 916 2
346 1339 2
341 3510 2
4907 64 2
1149 4252 2
4296 2295 2
1309 4538 2
2730 3424 2
2318 4739 2
4101 2302 2
1528 4662 2
1487 1446 2
3998 3313 2
3165 1622 2
656 3197 2
4906 602 2
4168 3146 2
92 421 2
3542 4788 2
1496 676 2
4576 3632 2
864 1468 2
3455 832 2
1095 2063 2
3660 3235 2
2393 2021 2
2599 4570 2
3751 96 2
4971 1455 2
222 789 2
4826 2876 2
203 787 2
2615 1387 2
2137 3509 2
1115 1881 2
4219 1268 2
3238 1334 2
3057 4310 2
2170 697 2
2346 3081 2
24 3268 2
1062 1753 2
4377 1748 2
2503 892 2
2171 4945 2
3736 829 2
1751 456 2
721 4949 2
825 3612 2
3205 2448 2
2335 4156 2
2476 3389 2
146 3246 2
4390 1748 2
3385 3527 2
1777 417 2
2175 1459 2
168 3340 2
2126 2812 2
1488 4650 2
3322 345 2
2286 1193 2
4615 911 2
3278 3424 2
3280 120 2
408 560 2
1705 1729 2
4090 2576 2
1277 1449 2
2168 2196 2
1713 1670 2
4860 1609 2
164 1900 2
4307 314 2
2853 804 2
3668 379 2
475 2981 2
641 3026 2
4246 3890 2
2921 2524 2
4255 1545 2
1169 3781 2
1360 2760 2
2149 3086 2
909 2565 2
2783 3361 2
503 907 2
4294 4212 2
219 3431 2
2248 1187 2
3845 2110 2
2190 3326 2
2102 752 2
2950 2165 2
1923 1245 2
4087 971 2
2198 411 2
2398 4843 2
4504 1886 2
2561 2963 2
3551 3856 2
15 2654 2
661 4644 2
1715 1640 2
4296 2162 2
2408 2216 2
4135 3773 2
562 2001 2
604 1279 2
1945 2278 2
3169 1434 2
4562 9 2
1667 2085 2
2908 3705 2
1133 1012 2
2967 1629 2
4178 836 2
4287 2830 2
4762 1442 2
3604 1267 2
3476 163 2
4759 1655 2
2923 4303 2
2279 3067 2
4690 3884 2
2885 2988 2
1196 1286 2
2369 417 2
3923 4252 2
626 3333 2
3581 2056 2
129 692 2
3457 1083 2
4095 2684 2
3765 1850 2
1878 1 2
2098 2459 2
1171 2594 2
2446 1950 2
4898 1088 2
3933 4200 2
664 4629 2
1821 1899 2
1071 2571 2
3507 1813 2
2306 2028 2
4117 793 2
4279 4100 2
4741 1711 2
4975 482 2
3499 4272 2
1298 2189 2
4997 594 2
4588 4398 2
132 22 2
4916 3281 2
4590 3224 2
1619 510 2
1536 1350 2
530 4795 2
2489 2887 2
878 1691 2
3234 4388 2
4349 1995 2
3778 2829 2
4093 2665 2
2956 3319 2
2753 2529 2
2410 1499 2
1721 4298 2
3763 1660 2
3004 3633 2
33 1967 2
227 2733 2
3509 1837 2
4997 3827 2
3659 1716 2
4844 433 2
1664 532 2
3566 3560 2
3804 3455 2
37 1918 2
4926 4880 2
967 1292 2
4163 4404 2
545 2236 2
1800 497 2
1721 4023 2
2347 2834 2
3070 2828 2
1063 4825 2
1442 1176 2
2486 3785 2
2432 3905 2
2610 4355 2
3359 3821 2
2339 3530 2
1313 639 2
2853 263 2
4183 3343 2
9 981 2
1667 4830 2
1027 1293 2
3646 1231 2
219 3827 2
2002 666 2
3795 1965 2
2159 4883 2
2081 688 2
492 1086 2
4873 1352 2
1086 4188 2
2006 4439 2
2880 209 2
3012 4458 2
3227 1222 2
922 4663 2
3569 4679 2
3541 4970 2
2776 1096 2
4256 2622 2
4964 2065 2
1826 1405 2
3330 9 2
4523 3447 2
1254 4911 2
2655 2476 2
140 26 2
4739 4961 2
4223 1467 2
590 1782 2
3372 863 2
1704 1625 2
294 3692 2
2856 1096 2
2495 471 2
1859 1693 2
4833 2560 2
1207 1803 2
4160 2907 2
2024 629 2
3072 19 2
3890 2626 2
1834 290 2
878 2917 2
4412 370 2
912 4758 2
1292 4963 2
2915 2305 2
200 2452 2
2510 4081 2
2336 4907 2
4035 4009 2
4355 4653 2
1189 4006 2
3091 4532 2
230 4607 2
2736 2846 2
2963 1920 2
2443 4717 2
1810 498 2
3783 1534 2
1058 2691 2
4346 4099 2
1894 4532 2
1258 2346 2
863 3269 2
647 1221 2
1228 1582 2
1765 2845 2
311 2400 2
4122 4118 2
513 4120 2
2324 1109 2
1926 2302 2
2866 4487 2
1255 4486 2
2744 345 2
3125 4181 2
3336 1953 2
1671 4981 2
2872 4758 2
4448 300 2
1336 804 2
1318 513 2
3809 2463 2
2090 4262 2
4608 1726 2
4652 1358 2
3974 4966 2
2210 4834 2
1900 547 2
469 342 2
1063 2556 2
4590 1815 2
2291 1993 2
489 7 2
3448 2997 2
1629 4332 2
3956 1996 2
91 4612 2
548 4320 2
844 3081 2
3667 2715 2
1750 2750 2
2929 2220 2
1617 103 2
4613 4127 2
1051 1874 2
3419 565 2
2139 1561 2
4026 4366 2
4572 1328 2
4584 2995 2
276 753 2
3513 1590 2
3578 2943 2
31 1352 2
1627 3517 2
3452 9 2
3360 3832 2
1166 4986 2
1447 4938 2
914 1122 2
4237 2506 2
4958 4477 2
1074 4806 2
1129 2204 2
3880 2365 2
1382 4135 2
601 4072 2
4259 2260 2
274 4559 2
1639 3462 2
2063 3264 2
3522 4845 2
3745 3406 2
4703 4782 2
2497 3271 2
4251 1257 2
1710 3226 2
657 1421 2
1371 898 2
438 1649 2
4044 881 2
511 4019 2
4960 3931 2
1188 330 2
1287 3636 2
767 4250 2
2791 637 2
4290 2238 2
586 554 2
761 793 2
1713 1841 2
402 230 2
3678 4384 2
4410 3037 2
4709 4737 2
3603 2640 2
2483 4594 2
4773 154 2
2473 3148 2
3765 4523 2
4021 3005 2
4754 2632 2
4440 2061 2
177 175 2
1221 2619 2
3685 3043 2
782 4155 2
4230 2608 2
4358 754 2
1587 392 2
1880 1363 2
4872 4634 2
1829 682 2
3235 1226 2
4700 3704 2
3290 4531 2
1361 4960 2
4293 4443 2
4853 3900 2
1855 1651 2
434 4067 2
45 2285 2
4926 1766 2
3892 3333 2
4791 562 2
2537 3042 2
3179 1483 2
2712 1150 2
891 745 2
4660 3869 2
2980 1082 2
294 2692 2
4940 4164 2
1572 1739 2
287 1338 2
415 3039 2
2561 3080 2
357 3245 2
1353 1340 2
2416 1114 2
3932 974 2
1533 2782 2
1555 2033 2
3424 512 2
328 245 2
2753 3243 2
1116 3313 2
137 3595 2
2753 2139 2
693 667 2
1759 1419 2
1253 4925 2
4557 3687 2
2630 3983 2
4096 480 2
2106 1523 2
1153 3323 2
699 3299 2
2767 4794 2
2461 3564 2
1688 2008 2
2264 1494 2
2741 4916 2
285 4504 2
4563 3991 2
119 1466 2
953 1250 2
4822 3971 2
3637 4480 2
3736 1784 2
4417 4812 2
3699 2426 2
2344 4482 2
4855 1585 2
3584 1557 2
3001 4256 2
1887 3763 2
4778 2773 2
3948 4651 2
4462 2475 2
4017 1558 2
1690 2222 2
3843 3006 2
3767 41 2
3769 3995 2
4791 3631 2
2588 3968 2
1289 4346 2
3530 4949 2
1253 3927 2
600 3374 2
3814 459 2
1008 3980 2
4024 3435 2
3160 3345 2
3533 4152 2
2727 3535 2
4496 1742 2
219 122 2
1350 2482 2
4944 4299 2
1446 298 2
4224 4384 2
3479 2716 2
2214 305 2
4718 28 2
457 977 2
54 1301 2
4163 2575 2
1894 2176 2
676 3297 2
794 3023 2
1716 4076 2
3584 2633 2
2458 2059 2
1146 2849 2
1177 3764 2
291 2085 2
4759 2988 2
539 4874 2
2555 1625 2
4277 1687 2
2053 536 2
4407 1058 2
486 4604 2
2167 424 2
3686 248 2
1403 1691 2
1459 685 2
2612 1499 2
4538 4304 2
655 1107 2
3294 2436 2
3191 3533 2
406 2547 2
2220 27 2
2745 1903 2
4814 227 2
1954 3409 2
4473 2101 2
1078 4790 2
480 2994 2
850 212 2
1724 3232 2
1719 279 2
3364 4920 2
3363 2199 2
1234 4509 2
589 3350 2
638 4360 2
373 3361 2
1790 1916 2
2466 3920 2
1878 3679 2
3463 4306 2
4376 3648 2
2071 1156 2
2398 4737 2
4026 4858 2
4226 1253 2
2273 1742 2
4405 2439 2
3912 923 2
1770 1630 2
925 4302 2
2693 1069 2
1305 1944 2
2597 4330 2
3297 4083 2
4512 928 2
4183 4871 2
3806 2227 2
2305 4381 2
3838 2290 2
1673 1118 2
4773 1961 2
779 1601 2
2237 4621 2
2460 1374 2
4666 1991 2
3063 4958 2
4983 924 2
1785 1788 2
1984 3717 2
3838 1814 2
567 3932 2
203 2088 2
3867 181 2
3590 1751 2
3560 758 2
1187 91 2
2337 3748 2
4630 1842 2
2806 4111 2
4195 4837 2
2469 4450 2
657 1337 2
3018 1370 2
3610 1815 2
1308 957 2
230 3379 2
2603 3316 2
500 4015 2
2492 2418 2
1966 4058 2
1270 211 2
3031 1611 2
4058 1642 2
3814 272 2
486 1753 2
1997 2706 2
491 3075 2
2469 2201 2
4313 3191 2
512 4805 2
2998 3536 2
3767 4966 2
3022 2777 2
3186 358 2
1854 4639 2
1674 1880 2
4322 1643 2
763 3505 2
4043 107 2
2838 4299 2
130 600 2
4065 4402 2
4774 736 2
3305 2622 2
3587 1828 2
4032 4286 2
390 601 2
4418 747 2
2772 3752 2
1550 3274 2
2630 1774 2
1034 593 2
106 3988 2
1689 4046 2
2008 860 2
4590 292 2
4638 2939 2
3478 1894 2
466 194 2
932 2849 2
722 4240 2
1887 1853 2
123 1713 2
4067 2480 2
4800 2870 2
1840 1155 2
577 1379 2
251 1797 2
4805 4693 2
2591 4235 2
3301 3593 2
4882 2371 2
506 1440 2
1528 2668 2
969 2869 2
3105 1843 2
2449 4769 2
411 508 2
1654 121 2
298 3888 2
4817 826 2
4125 4974 2
254 3531 2
3010 997 2
4462 1396 2
4959 2731 2
934 962 2
97 872 2
3653 884 2
2802 3344 2
1956 2746 2
3098 4301 2
3070 4939 2
335 2930 2
1318 3512 2
916 4756 2
976 4726 2
504 3573 2
1030 848 2
2013 3586 2
130 313 2
3950 4107 2
2865 3273 2
45 1583 2
711 1451 2
329 876 2
4722 1856 2
2810 4183 2
2197 4825 2
594 2988 2
3419 3273 2
3705 31 2
3264 1497 2
4864 4454 2
435 2179 2
1485 3913 2
2513 956 2
1813 4225 2
2928 21 2
4811 333 2
247 1863 2
2071 821 2
1188 4082 2
2535 315 2
2590 1817 2
2331 4151 2
4652 1574 2
4961 4838 2
3733 1739 2
3358 1206 2
4390 882 2
910 2156 2
1107 782 2
2755 4942 2
3598 2873 2
974 2157 2
3940 2442 2
1666 89 2
3038 3247 2
3702 4856 2
4387 1403 2
93 3213 2
361 4964 2
1606 4099 2
3407 3178 2
1288 2975 2
1287 1735 2
3420 2603 2
1650 4863 2
3621 1611 2
33 4781 2
4980 2063 2
4836 3753 2
2847 1963 2
1546 2846 2
3865 1593 2
3395 2320 2
2410 4834 2
3568 2433 2
3016 4307 2
2572 589 2
582 3708 2
646 1184 2
1341 2690 2
3159 1678 2
3554 2602 2
2939 1534 2
1934 1085 2
278 4425 2
3774 4518 2
431 3841 2
962 135 2
477 3164 2
2775 1323 2
2304 2024 2
2571 2564 2
4468 1086 2
2708 4207 2
1080 4248 2
2634 3670 2
4906 2128 2
3928 827 2
3767 4770 2
4015 1086 2
4914 531 2
4717 2612 2
3640 2901 2
4361 26 2
4614 1981 2
2175 948 2
1476 600 2
252 4941 2
4905 3206 2
1510 3378 2
4301 2599 2
3441 129 2
1950 3894 2
1216 842 2
350 2733 2
2199 1962 2
2400 3872 2
3278 1892 2
3466 183 2
4758 4821 2
286 4064 2
3100 3807 2
4701 710 2
172 4282 2
3249 476 2
4587 822 2
269 4820 2
1468 465 2
2505 3076 2
1433 949 2
1078 4804 2
4336 3121 2
964 4215 2
4720 2102 2
1938 3678 2
4304 3581 2
403 4332 2
3069 1569 2
3696 1102 2
1066 3062 2
895 739 2
1757 2376 2
171 2117 2
2743 460 2
3183 3369 2
2597 3785 2
4448 721 2
78 4598 2
4782 1201 2
1760 3848 2
4009 2340 2
2635 4516 2
2242 99 2
4240 4205 2
2008 3432 2
3957 3319 2
1395 2626 2
2160 4304 2
3238 2241 2
490 1253 2
2401 4038 2
1620 3024 2
1432 4845 2
3693 4463 2
4871 3291 2
2972 2590 2
3245 1367 2
1498 106 2
4567 4575 2
1394 4926 2
3883 3768 2
2204 640 2
1512 126 2
3423 2263 2
272 3316 2
3389 3028 2
138 1997 2
2396 2699 2
683 552 2
3526 2450 2
2891 3426 2
4504 3520 2
1888 4219 2
3310 2050 2
4925 2230 2
3350 2107 2
98 4548 2
4040 2314 2
4363 1228 2
2164 2652 2
2238 2511 2
945 4867 2
2034 3497 2
1815 4254 2
3366 1563 2
2894 4212 2
2476 279 2
1696 3752 2
3158 2000 2
1347 3315 2
4247 3660 2
4672 4439 2
529 4549 2
1414 3150 2
3210 3832 2
2674 1057 2
3496 1782 2
4050 2440 2
590 2076 2
2235 856 2
141 3822 2
4943 1778 2
1150 1728 2
1376 1163 2
1503 3668 2
2833 3298 2
2856 487 2
2828 4551 2
3812 4847 2
4539 3059 2
4394 3292 2
2414 3035 2
631 2609 2
458 4714 2
4788 2815 2
3985 1047 2
1814 781 2
2833 4022 2
3747 957 2
2933 2978 2
608 1650 2
1991 4168 2
3187 1651 2
2873 1990 2
1814 3325 2
4412 3479 2
4711 231 2
1384 1562 2
845 2873 2
1906 480 2
542 3516 2
4923 2271 2
768 4337 2
1046 671 2
3767 581 2
3087 430 2
556 3360 2
1847 1466 2
2139 316 2
3440 188 2
1121 2898 2
3041 2329 2
4263 985 2
2734 2763 2
1732 1973 2
1207 919 2
1588 4361 2
4762 1771 2
3994 3191 2
2020 4757 2
3653 987 2
996 1688 2
4607 3443 2
2703 1359 2
3616 1565 2
2241 2522 2
642 3380 2
273 1435 2
764 2086 2
1247 4352 2
2719 4032 2
3408 3282 2
778 1510 2
4519 894 2
1169 1525 2
2924 1976 2
2786 718 2
4773 3025 2
1687 3944 2
1078 2189 2
3141 2766 2
1141 3729 2
1440 3904 2
3035 4927 2
3953 2725 2
3483 4874 2
3143 2812 2
843 793 2
3240 1011 2
3388 2558 2
1096 4620 2
4 874 2
1172 2493 2
1827 2002 2
3891 456 2
188 3681 2
4338 3902 2
2501 745 2
3974 986 2
54 601 2
4487 2138 2
3149 4015 2
4171 4940 2
2032 1757 2
3545 3629 2
4182 2155 2
484 129 2
56 3454 2
654 3781 2
2967 1832 2
1836 139 2
3936 4147 2
2568 3770 2
2913 1641 2
4645 4590 2
3220 1471 2
3217 4575 2
4506 1004 2
2590 2803 2
2391 18 2
3302 3864 2
884 2044 2
352 2210 2
1703 4262 2
1980 3294 2
3307 379 2
4274 727 2
4467 486 2
724 1434 2
1876 3581 2
1001 501 2
2608 2105 2
4001 4522 2
1698 2422 2
3309 4122 2
980 1882 2
4884 1740 2
4975 1506 2
50 3164 2
2487 2589 2
19 1356 2
2936 2051 2
316 3965 2
1328 468 2
3947 2330 2
1321 1521 2
3939 2429 2
3428 558 2
1539 2552 2
489 3867 2
3948 2149 2
1166 1149 2
4039 345 2
2877 2424 2
1348 164 2
2125 3301 2
1689 2224 2
676 1023 2
4619 497 2
3546 2375 2
700 1431 2
3161 925 2
4507 4915 2
4890 3958 2
312 4202 2
1518 432 2
3865 285 2
2495 4649 2
1802 1943 2
4380 1555 2
2761 3841 2
973 4842 2
1269 585 2
4979 3118 2
770 52 2
