200000 7000 1000
113948 139590 9
92522 159845 3
123796 96435 7
2447 44964 9
74397 8202 1
28381 154075 5
59037 1576 3
169254 166638 5
155621 14739 7
17073 41880 7
196295 22380 7
171517 28602 6
84199 89666 8
181353 166205 8
105056 109539 5
91571 15901 3
170312 46197 7
94968 192072 9
87714 179841 6
124172 146661 4
70744 53502 1
178587 14124 0
61934 64273 7
98972 65897 6
136030 47341 5
121802 174227 9
87421 52239 3
599 155294 1
159445 22957 3
46685 62879 1
50525 33986 1
64076 137853 6
104583 81794 7
3383 127248 9
192433 197242 2
18398 51397 3
16972 167095 8
94974 87811 4
178116 134610 8
76230 87399 9
183500 150616 5
44891 58367 8
194275 24823 4
85297 85197 0
15912 96836 3
178288 76805 7
166587 45215 4
115753 4855 0
170492 149548 4
125478 193296 2
63383 77012 7
192114 43472 4
198502 158366 9
178544 121722 0
4739 68225 8
53879 155702 1
78080 41794 0
119732 48976 6
19029 74983 3
60276 145256 9
67218 40325 3
27154 198196 1
141620 8170 4
24178 102876 5
145331 58909 6
120744 143695 0
12168 79182 5
121504 106117 9
51845 142672 0
90114 82698 8
116244 189285 9
94112 49817 9
98196 34440 5
110746 97608 8
149975 109725 7
80820 10034 1
9078 28666 9
1474 121082 1
46456 8851 0
33380 151558 3
82250 102575 6
141916 67212 3
51139 112707 2
154251 135305 3
118625 109543 9
113045 114050 6
156194 92352 5
137668 87025 2
40410 14064 3
49339 123791 0
145509 64366 4
142976 44929 2
67623 73018 7
91067 92861 6
121212 103794 4
23326 127411 1
12128 121973 5
126027 159277 7
78328 105790 4
120540 183549 7
80031 32917 7
118525 182559 9
195258 139452 0
110167 101758 6
152215 45638 6
75828 18442 2
115753 9372 8
55611 127197 0
34138 15090 8
114059 148187 0
174430 48836 5
117578 19545 3
190969 171890 4
66345 78931 1
171787 24151 0
172978 14986 7
83327 135270 2
109858 182354 3
41995 88904 4
141341 153753 7
139222 88208 4
102791 2632 9
90890 79644 7
31260 181673 9
176000 121213 2
79496 10122 2
167311 197783 7
90158 131558 9
26740 172787 5
14089 85004 6
10110 89403 4
195459 109107 3
190936 11845 4
70604 107284 9
102192 89028 8
121122 71498 2
193833 105701 0
77766 106774 3
56514 49577 1
181409 131101 8
139553 184420 1
100490 99649 6
43525 42105 1
83265 123971 9
192951 194060 5
65148 41811 6
146723 152128 4
186314 171535 6
56220 71447 3
48338 66160 5
145569 101928 9
45879 179841 6
108808 63748 0
139985 63742 0
19891 78915 3
67722 157274 8
177668 137518 6
139006 162226 6
174084 17565 1
123738 45934 2
123502 191419 1
97238 190295 5
168573 96433 0
191493 32488 6
157541 82805 8
4044 187696 8
40811 93983 9
113346 65574 5
71898 157195 9
27179 182867 2
127450 58194 6
166770 88881 2
28200 41886 2
161051 101939 0
61703 114782 6
170656 148599 0
13679 33055 4
28691 144768 5
90158 105933 7
130832 30565 4
117325 177566 6
167824 114773 7
85899 132805 1
127283 135939 1
73855 31318 0
192467 134348 7
176294 154679 0
125665 163751 2
95686 40410 1
184684 171160 0
90966 18535 0
52765 102481 1
111790 118624 7
76248 85922 0
189853 94450 0
9009 98756 5
24012 11833 7
192830 125821 6
145261 180675 7
134580 88055 5
198754 115947 7
176338 77517 0
22089 171695 2
161418 95533 6
149693 197624 7
152762 57601 2
139201 181353 6
15135 182867 3
167652 195206 4
77089 42654 5
183902 103314 7
94102 153170 4
77513 45590 5
88639 187643 4
184732 171291 1
119869 170645 6
145270 103520 9
34929 125447 6
56268 163389 5
127785 105698 6
130026 34742 2
14148 59515 2
34020 61486 9
23202 95749 8
42567 70178 7
56238 178489 9
148256 166342 2
74427 107740 9
154520 28261 7
175629 148894 4
92065 25829 9
24275 140192 3
180558 92103 4
143012 27466 8
87714 157918 8
45921 92895 1
52556 158580 8
117137 65015 3
173297 198346 0
188827 139069 8
29817 161189 3
186178 137203 3
152942 190319 3
15117 28137 5
81507 37966 0
55116 122524 9
43844 160870 9
141942 15663 9
85552 96434 8
113028 128461 7
142280 45934 5
64804 173623 8
103055 154187 0
60118 147809 3
24114 166149 6
54585 198219 3
59149 143714 7
32493 146688 1
140151 189202 5
31508 164311 7
11883 144768 2
59956 119483 8
170664 58241 2
14079 90603 6
86426 125261 0
70962 127450 5
188773 172000 2
101936 118548 6
41598 2882 5
174454 32578 8
180153 116524 4
193925 43274 5
74492 160564 1
88208 186877 5
191420 175107 3
17483 111018 1
78847 42049 6
121998 45554 3
2169 54766 4
134899 185292 5
2554 44045 3
149518 164309 7
128815 200000 5
193930 98003 9
88320 53979 0
152910 75775 5
106989 48992 7
57251 121017 3
64373 98425 5
21891 81344 5
188732 157862 7
29324 31505 9
126400 139778 5
141285 35161 3
26030 149679 6
31295 92639 0
108505 117830 8
90315 141605 8
125245 103429 4
113881 105684 9
102244 60080 3
22338 159211 5
133599 174756 0
83881 135883 8
84905 147688 3
127033 15403 0
43360 185283 6
37063 92454 4
67408 171919 6
81901 129917 1
72985 162483 1
195206 84545 0
149950 3546 9
197117 26181 7
89020 70622 8
106667 70549 6
32687 193309 9
114059 49669 8
58612 11175 7
177333 146203 3
94040 29785 7
50174 122072 8
37330 145499 9
33301 45663 8
36169 196184 1
27247 80943 7
138916 13151 7
176219 134621 5
192163 166385 9
37450 20698 7
12291 99799 2
184768 105495 8
11736 31168 6
147191 146406 5
26761 8814 5
22807 191045 5
154972 114928 6
106906 109960 8
66872 76277 0
82819 30462 2
166433 145439 7
64813 123892 3
150477 97651 7
119667 69790 7
167995 98881 8
88469 158022 2
116960 151499 0
82562 151389 7
53309 67719 2
27674 158363 8
77073 174957 8
178116 90584 7
97819 96355 6
56542 29282 4
177141 197340 0
181033 50887 0
18903 124651 3
106379 61407 0
26038 102138 0
13370 170103 2
110833 56712 4
107332 19833 7
82046 195910 2
92992 164998 4
166581 168185 5
144366 38738 4
16107 196306 2
155001 61248 9
26474 17241 0
30209 125952 5
67212 152355 8
127272 158202 3
126011 81433 0
86021 131750 9
130948 128117 4
105116 46555 5
174756 45403 2
40474 97212 5
160365 141276 3
153088 179928 1
38526 145903 1
46272 185292 8
190223 110556 6
92619 140909 3
52812 100924 7
59502 95100 5
98008 136188 0
142390 14250 0
47477 105947 1
120267 116310 1
107882 141285 2
116997 30500 3
91155 69466 6
180589 48355 9
52556 197708 3
118171 41818 7
22781 191943 1
124024 74374 9
118397 27536 1
85185 93216 0
33045 112547 1
8066 125714 4
173408 97257 6
139590 51900 8
63524 154763 6
13673 169245 3
55046 92146 5
99583 80542 5
94956 82182 2
4237 141824 3
120437 80641 2
108670 108623 8
198436 140820 2
11239 138606 1
152500 135902 9
12911 17491 2
129716 172451 9
105328 53052 9
189066 11619 7
193499 64775 0
16245 16211 8
77073 25594 1
29485 24726 6
39544 158694 2
110403 56863 0
197856 135583 4
10556 169897 4
74885 65971 2
79334 190736 6
134610 135787 8
51018 50728 0
61019 195910 5
22901 12709 6
118624 18936 4
172451 78187 6
70360 98054 7
110960 52451 1
143333 157104 5
128843 114980 5
185445 55614 4
161124 13370 3
71856 100870 9
1753 86052 4
50568 15089 4
48722 154311 5
169735 46305 9
93057 115788 7
188094 155081 4
90792 75932 6
31508 194620 8
15818 3094 9
172957 44062 6
60454 62188 3
181141 125261 2
11142 41307 8
197803 26707 2
163110 84228 0
142734 152058 9
102064 135305 7
74059 4925 6
116360 163310 4
174102 34742 8
123688 87842 5
99862 98730 5
51437 131961 6
85004 69706 7
185669 8532 2
124122 62653 6
162237 62673 7
142956 144790 1
166099 110412 7
47717 181375 8
159059 98244 7
32408 147106 7
2603 22974 2
98011 12729 1
162941 67697 6
119553 105996 9
84499 57740 7
74644 58305 8
40267 129720 9
85049 149793 6
123845 138255 8
17100 76321 0
166733 151927 4
105707 22605 5
24976 144806 2
76619 32616 0
78309 95236 5
171889 168991 2
150401 36590 1
72988 22038 4
137507 127015 2
96557 171888 7
161729 106955 7
24426 23290 4
79044 15244 3
190463 199780 7
145150 88974 3
43051 47514 0
19776 129733 6
68402 48804 7
91527 157031 0
191137 172069 9
65584 70914 4
14710 109479 9
60851 59199 9
63524 108373 1
98972 119953 4
174434 181286 6
130715 185200 0
15912 119555 6
17929 158684 0
7953 1313 9
1243 143123 1
164441 88881 7
43858 32687 8
27579 47385 6
90126 176939 3
46482 153011 2
165409 125665 1
189581 193038 1
24036 143669 3
8500 189229 3
108491 105870 4
92303 97914 2
85899 168882 9
86605 121177 9
131650 34880 2
35285 190812 5
51561 188076 7
98008 42472 8
127845 50887 5
11248 79691 8
89096 75775 0
41514 75385 9
104583 59185 7
111373 20413 6
90502 189453 9
87116 157702 3
66475 46456 0
116095 27491 8
6208 91136 6
195508 115315 4
102473 144355 3
64096 50967 8
78428 100725 1
112759 192822 6
159720 47156 5
54503 84882 7
36251 110800 2
156916 122074 7
38200 190282 9
20545 167095 9
181602 154791 2
15094 84547 2
112260 84266 5
140872 63272 3
180739 198579 9
26181 6660 9
133608 68313 7
81661 108513 4
144618 168598 8
145657 76397 8
176252 180881 4
150294 8202 1
5785 191474 9
41995 7810 7
15403 128395 7
157897 177372 3
134681 62601 3
186231 130784 5
35187 108948 7
19804 63316 3
70178 51420 3
41573 43825 1
159912 166980 7
162396 178099 8
17240 108652 5
143480 175793 7
111050 24048 3
14128 141915 9
162013 1653 7
146626 77511 9
86479 12636 4
158546 157368 8
34244 70401 6
153418 152800 8
155565 112951 6
175973 141345 9
105256 174994 5
194676 80917 9
166165 199776 3
196835 70032 5
34499 116263 2
32426 30573 5
141913 14904 9
197794 58182 8
162060 197295 3
92137 135074 0
105925 189252 7
43219 24129 0
5661 81359 5
181814 197511 4
178921 102283 8
166385 117329 6
79846 127647 9
24106 26193 7
73221 133433 0
149765 29593 5
174786 109577 7
62826 58449 4
84998 162416 7
190745 83098 7
179444 65574 2
69061 186371 8
47908 49260 9
13693 56942 1
58449 97012 2
152121 35699 4
41307 105473 4
188351 49784 0
88974 58089 7
29531 116861 8
190800 11175 6
193028 163500 9
75749 64307 1
120712 124771 3
30451 187463 0
153406 46272 8
31189 79052 8
164007 139160 6
18420 60764 0
168495 138065 9
146126 7253 2
180466 88069 3
79939 105585 3
9496 4939 6
199475 65201 7
84496 108586 9
87108 117201 0
63742 78726 8
15679 184958 2
180118 198502 0
5995 31147 2
159409 153098 8
50967 194582 6
48357 100701 1
82586 78737 1
195402 188330 9
81005 188298 1
110495 116236 2
73608 135892 8
169451 18453 9
104811 122784 7
67606 127337 4
145903 14080 3
42894 166618 9
22635 16856 0
147720 148883 7
124314 148594 7
86183 185200 8
85244 33243 7
56403 148333 5
29006 195244 4
176128 198012 8
126434 78536 1
58199 94815 3
107077 158994 5
180127 36045 6
30573 120267 3
195018 88751 4
50174 124676 9
132237 140537 4
75070 116508 7
77924 144692 3
47709 114477 4
18645 10413 5
108699 72927 3
15779 35237 5
194537 167409 0
190822 193860 1
6660 194722 0
157756 4320 6
81030 165909 7
59199 154236 0
186877 144553 0
136482 82042 6
160880 78605 4
120997 58089 0
39085 151443 1
193860 53525 9
19769 189285 9
89099 152715 7
196256 128815 0
45527 78798 3
89052 157808 2
54197 39420 8
15454 37457 0
192654 70032 4
92761 16928 8
153098 162379 2
161663 185979 9
57939 7404 3
85535 89066 7
13549 43875 1
25670 80821 4
190534 47851 9
119688 1 2
104224 117325 5
143970 195946 2
181489 37998 8
88904 177647 1
86961 70332 0
132805 14659 7
27265 78605 0
167904 118496 8
165350 60541 1
98444 20254 2
145272 140989 0
128393 132466 4
127717 134074 0
186795 65768 9
9902 45321 9
147746 118852 0
103129 8803 0
77012 16997 1
147996 197803 1
138959 13480 0
113346 177668 6
58845 128913 4
186692 169600 8
143714 44499 8
57717 189875 1
129716 162486 9
189838 63744 4
156804 198238 7
4809 15965 5
193304 26867 5
36084 170074 3
37061 60756 1
93501 18174 1
2711 37004 7
64739 160236 3
136026 78340 7
146109 195772 4
19129 41571 3
23262 115380 2
55789 606 5
98441 175828 5
58194 36590 0
190332 24515 3
105163 69435 9
183396 137144 7
135902 157695 5
188751 106272 2
110116 172234 0
112260 193550 5
188029 131558 3
101011 130026 8
173607 152764 4
178637 68396 3
54022 47530 9
4779 64739 1
96634 40241 9
176185 29615 7
1876 111352 4
174606 180351 7
109065 34575 4
189941 25006 4
123672 63596 6
136901 108105 4
56300 18656 4
125174 51599 5
90615 153971 9
27815 18824 7
15261 139908 3
92146 24151 5
157720 14705 3
62683 98040 9
120718 134910 4
95470 198238 7
111398 60900 3
25741 108054 5
127621 74581 7
163680 134481 2
186373 77992 6
6634 171095 9
151226 37991 5
71864 179372 1
6252 49104 5
84746 98710 6
94639 153088 2
127383 194954 5
121225 163362 3
43261 184839 3
70470 49569 8
47908 151697 0
6208 131955 5
66770 187252 5
151623 46662 8
131617 53068 1
187055 1485 8
72542 192096 2
126322 172281 9
56621 14453 8
17244 84320 8
96836 76023 0
109401 172393 4
118917 112317 4
80774 186282 9
34041 126961 6
193069 19087 0
110166 146628 2
93818 47634 6
150959 189581 5
60011 35187 5
183278 77868 7
94396 5267 8
194758 43736 3
158776 40595 2
117142 195444 5
119250 151248 4
184332 144568 4
8074 95347 8
166444 45421 5
53330 48849 0
190885 50773 8
108841 183070 1
120805 139452 6
73212 37183 2
166869 180317 3
178296 182705 3
12762 90763 2
116013 171554 8
67767 103971 1
186559 24114 4
154653 172953 5
105988 16549 1
98333 14079 4
94481 49471 5
130610 73860 3
105988 98011 6
105473 150557 4
162452 52838 6
177402 5830 3
21526 174267 9
125837 82249 8
170186 13693 6
199310 15783 0
80519 154247 0
176449 82884 9
5698 47338 0
99026 65120 9
14212 102493 4
30221 31454 8
45791 18635 2
103863 14466 5
151443 104546 7
169622 157032 7
159026 474 9
1218 61407 1
11085 35562 9
32495 192552 3
117439 65336 7
195759 73464 4
79496 45824 7
192552 110492 8
149103 1555 5
193833 153559 9
55289 70568 3
90752 71273 1
168562 109858 6
71371 137668 8
171095 23922 3
168990 147207 8
136149 101793 7
26838 127369 8
69180 101578 4
117595 197276 4
50719 31189 5
123424 177244 6
131266 73608 6
114919 182381 9
56621 156068 7
31318 88034 6
82939 21568 8
11603 34610 5
555 192157 9
163712 47826 8
195402 76968 6
12927 28252 3
31260 64485 1
56116 41881 7
147368 114678 7
194520 135189 8
96266 153908 5
14080 187090 3
48273 78521 3
10005 24426 8
53362 53666 0
80696 126160 9
127033 105840 6
30596 102318 5
176162 101075 3
13637 96434 3
152825 85534 2
124314 160803 4
151887 4786 4
21694 126021 2
120053 127912 1
129918 172208 7
82249 7201 6
136523 16647 2
188477 179681 8
114646 66165 9
84386 52599 3
132936 195997 5
133306 12298 5
92087 137692 4
44057 40751 6
43209 111790 0
133747 58967 8
67868 68385 8
157149 121898 6
135892 105545 2
149452 104899 2
31579 188788 7
121656 158451 2
9082 114503 4
8557 75386 3
194250 73148 6
154021 103136 9
8947 36576 3
184185 54950 0
103677 90345 3
76850 4242 6
13183 29413 2
15135 184968 1
182400 76881 8
194676 196103 5
112205 162282 7
153011 5308 9
141620 171083 9
114006 89074 6
54298 164479 9
26514 73464 6
65644 29119 3
63389 62731 2
85297 69597 5
86180 90219 4
106856 176367 7
62927 187980 9
152357 122506 1
193305 113967 9
70281 30716 2
75735 2770 1
52579 164552 9
108387 70173 9
142225 155243 8
129720 72705 6
176390 5576 0
126602 162060 8
89002 110992 4
24497 107792 4
67408 127761 1
177073 89783 6
152893 79382 2
56090 60242 7
39646 80149 6
158700 167528 9
117017 38936 0
119301 122904 7
53463 135094 3
115661 49346 6
6652 160236 8
76251 191026 6
5904 108699 0
114704 52939 5
139340 191299 5
55984 73046 6
118770 76221 8
72963 142956 5
196465 15979 5
41886 60756 5
171888 145008 4
100949 5985 8
40621 77926 7
135221 151362 9
121543 71339 2
154075 76878 2
104123 98756 7
186476 101353 7
194788 153559 0
154368 79182 1
75749 193475 2
28790 34041 2
180527 179413 8
71114 25350 9
111155 74159 0
169135 110441 1
170764 110703 7
103136 183546 2
146871 164962 0
149693 64575 5
112421 32767 6
132767 6632 5
98353 191419 8
67922 178921 4
199113 115593 0
192809 162013 4
81857 196911 1
147839 53200 2
141479 150910 7
56494 180127 9
113842 154458 0
97349 8489 6
42451 46830 1
82053 174786 2
74983 112686 2
26673 48309 9
112652 76053 0
173780 16974 9
159499 180223 4
187843 54259 6
110772 53321 7
177279 95939 3
90987 113186 6
46427 70420 3
34099 25266 1
117779 7760 7
123240 1876 6
196985 164184 4
142193 67951 0
150255 155997 0
57978 84005 5
158694 10236 5
80087 103826 8
121488 61287 6
179179 6123 2
103759 90512 1
37583 143153 4
41023 58967 9
183373 131636 7
126485 83344 2
136781 43206 4
50358 86961 3
4252 176639 9
22970 11036 2
91363 171083 2
114296 45824 0
67804 62441 1
36169 118614 0
149715 145272 9
143008 111694 2
62356 183161 1
16549 155189 7
118166 48886 6
90601 125288 0
38526 144966 2
139985 68586 8
34672 181856 0
32611 83192 1
104643 65620 0
174606 134954 7
41509 82423 7
117798 61106 4
33687 108513 7
165288 188078 6
135722 43525 0
64564 6003 3
69458 40860 5
161178 61674 9
29200 113727 9
145953 91791 4
129733 166274 2
129602 15048 1
51857 84551 0
156132 75122 0
116229 48709 4
193568 86039 9
146018 103243 1
90938 51867 5
48672 18970 1
32422 115701 7
88970 47477 7
198653 31793 3
86015 25153 2
42670 16547 4
13230 36635 8
25848 149072 9
39431 15505 1
38875 187557 7
74644 192669 6
97204 31371 2
54001 46845 7
142378 27265 4
160857 177696 9
164057 36155 7
198376 124036 1
16142 56233 0
10568 9135 8
96433 25231 0
13905 45751 2
133568 83137 1
194786 183210 0
7071 63994 9
68584 162986 2
184750 101353 7
181856 180464 1
95038 171827 7
126084 74962 0
79196 111462 9
199276 184281 9
173970 136921 1
105699 65984 5
36290 121857 7
51058 25978 4
168991 167632 0
98989 123336 4
145969 1875 4
84386 72448 6
152714 55252 5
149103 71225 9
41750 163322 6
149338 164677 6
31392 139723 2
162455 155147 2
38216 164335 0
20355 50753 3
151450 13523 8
37692 193038 7
157104 113186 0
61292 85499 6
127711 95433 3
198363 55430 6
80522 3185 5
139482 30381 1
94933 39420 2
191420 120540 6
140193 70900 3
140994 24088 9
11248 168406 9
85094 52996 1
135139 131732 4
90512 130715 5
2725 117758 6
172744 70193 6
53884 118032 2
95090 117210 9
180850 164557 0
153914 128926 3
196295 190952 1
38529 98355 3
168768 66503 6
63948 109297 8
556 4939 8
163719 175826 4
100994 80322 0
170659 38262 3
84496 67007 4
191549 37679 7
110650 103489 8
25389 12903 1
141668 98886 3
73636 93168 2
110874 133764 8
162290 157111 2
197400 181698 9
170845 195554 1
33913 181550 6
14124 174465 5
76803 169684 8
113327 57615 5
142808 1750 0
19891 35594 4
128304 195123 2
126084 142621 7
3976 89611 5
90938 109651 1
76161 168095 0
857 49939 9
195129 139915 8
37258 183621 3
50958 34804 2
197518 117089 6
22145 77627 7
150410 21444 3
30916 19822 5
207 9616 0
98393 23494 8
31163 15765 4
16856 165087 1
12613 162379 0
15257 36592 2
75770 44382 7
65620 121211 8
98619 145711 4
7647 140675 8
145559 155621 9
22380 9283 5
75200 110016 4
72616 72857 1
22301 170382 1
93211 7290 1
122419 164783 4
140582 139641 4
153814 190535 9
104521 45806 1
122401 19295 4
35746 141320 3
111419 13184 6
192025 79196 2
151544 11405 8
33045 161448 1
109494 188388 0
194136 8532 1
121656 119720 4
161540 72532 8
180475 179162 1
42697 133040 8
158022 149347 1
58700 160371 7
123440 109712 8
50216 156579 1
77570 97819 0
196956 54250 0
63536 196 3
90801 39546 2
59080 82221 4
196526 146349 1
115997 177097 8
112511 157695 8
97854 38370 8
172064 97341 7
58082 70516 3
96508 55204 2
180729 63322 8
137304 54022 3
128390 170582 9
182350 116307 9
136348 155692 3
198196 18851 7
2163 115512 6
9690 161797 4
51689 109712 2
136965 14128 0
131637 180028 3
169076 51925 8
97267 139415 5
6197 170636 3
150616 57868 5
107021 174991 2
80929 186086 7
15877 172648 5
192471 17453 3
74980 104091 8
169447 189252 7
43497 3929 6
168975 149652 6
41642 114418 3
52996 16764 6
4533 135657 1
26520 91791 6
12576 157555 8
175047 150338 7
53436 116803 2
7527 111887 3
7685 50184 2
21021 185145 3
69471 68584 5
197203 42907 0
151893 158212 9
153140 98332 0
188547 97349 7
2664 18420 7
32294 51397 8
93417 50589 1
44891 19808 6
103759 187274 4
112686 99332 7
194954 67946 2
86565 140178 4
90801 14047 7
167242 44183 7
181375 9 8
160814 54358 6
125814 84535 4
5912 183986 4
66124 28648 4
167700 47826 5
89044 169990 2
31675 124629 9
116224 179076 7
185016 180589 4
44153 139908 5
139641 133544 4
153814 192658 5
104806 75603 9
50002 154519 5
58664 33597 7
78428 23326 1
109698 147121 2
168589 177627 3
169149 13247 2
140355 128681 9
134892 62136 7
64725 168947 9
185521 186010 8
115727 69180 1
21178 64804 5
127785 1214 7
68706 93573 0
182504 61556 4
11736 125288 7
64846 9334 1
3935 92240 4
47514 66613 2
46403 152827 6
17320 10148 9
136026 146126 8
69880 150148 5
136340 45145 4
77254 54353 9
171512 98257 4
95034 19400 5
48969 5565 0
188076 106356 7
197266 10573 8
30828 94481 9
167518 4533 1
56520 132032 4
152714 78620 2
169048 181673 1
177296 64507 7
115789 17488 6
152358 163500 3
138699 154589 9
162428 31295 8
146001 101185 0
52334 193069 9
162899 118259 5
27853 19054 6
146121 169846 1
52987 147953 4
66686 115593 8
40739 129421 4
3754 7685 9
124208 132021 4
139762 7201 7
71412 194503 1
172741 169245 4
53068 188560 5
197407 47654 7
193087 184910 2
169870 188598 1
52295 128007 8
141553 120291 9
157690 48992 1
71792 169904 1
134090 104380 9
143514 140498 3
50751 169254 8
147354 131615 8
14709 111887 6
144745 179450 7
113842 53923 7
129367 105262 9
91594 123660 8
61674 181154 7
84377 68149 6
75199 91379 5
128373 155189 8
7220 171794 2
148176 143980 1
113019 73159 2
164194 47576 3
55053 17929 4
38450 124196 5
63912 49669 6
188080 32077 6
103842 198790 5
167254 195509 5
112606 185713 6
109792 69163 9
163877 96545 7
169722 139144 7
19087 124270 6
15119 123123 3
20090 76563 7
112707 72771 5
191263 133491 6
99122 12204 4
80641 142414 8
49497 57554 0
168717 104224 4
148323 196985 7
27859 164616 4
165740 52376 6
24726 105672 7
20069 84219 5
138699 141296 7
186577 177715 8
64775 114773 0
4127 107209 2
97012 84490 4
148248 105056 3
147252 84551 8
160423 155832 8
164529 73091 7
144948 107284 1
24823 90339 9
189945 195064 4
175546 12663 7
4925 162396 6
106023 172852 0
136570 102318 8
146199 103561 8
104109 18190 8
70031 25607 3
79490 2324 1
98444 153852 0
101011 119110 1
51459 69913 6
20919 693 3
123660 63132 6
53834 81766 5
12593 198478 2
3162 124020 7
166433 76563 9
111172 98794 2
157368 180506 3
12780 112424 2
174936 61281 5
110273 105540 9
160365 165124 6
63150 85823 8
179384 67299 4
157671 57663 6
84506 112423 0
25732 46667 8
124522 39717 1
58645 121542 8
81339 133433 4
129164 110395 3
130555 15368 6
50358 78737 0
54262 128715 0
55718 197224 8
115748 127349 1
89944 107621 4
155050 91441 9
98582 69466 5
194901 156650 4
36640 104899 9
115597 135884 6
198478 76571 9
5231 72072 4
94762 81673 7
143312 141345 5
93998 19826 6
136015 97418 0
62344 194540 4
179314 137518 7
67455 27732 9
82094 180363 0
23001 21198 0
149098 117875 7
14636 7457 2
145591 72988 9
188977 124036 8
12746 41065 3
110122 119691 2
149939 34310 1
91545 74942 6
170671 193544 9
171517 50656 4
84311 127069 6
1460 122407 1
110772 131559 7
139106 25490 2
111978 1584 4
89020 12903 7
33055 92948 3
169455 105550 0
63000 18190 6
143599 23411 0
90634 50884 0
45464 18074 0
198376 82918 2
170198 24550 6
19052 142280 4
100239 100490 4
2486 105834 2
169076 8988 8
92133 76805 1
28137 154311 3
140832 178502 8
89377 142162 2
16017 137397 8
71498 143514 4
112810 135583 2
76158 192696 5
4954 14559 2
188527 141219 7
180394 65549 4
143862 119399 3
196562 145150 0
2103 192694 8
7724 88424 7
71044 171909 0
138769 88970 9
82884 38345 6
142162 196094 8
168185 163362 3
147165 85907 4
40811 94312 3
10658 84157 9
59335 55789 6
157231 117399 4
191235 97495 7
149846 123786 9
135348 136994 9
21198 14255 7
192830 147333 4
156004 173970 9
102991 103971 9
36945 23591 4
150977 194780 6
95511 137142 1
132442 68342 2
53476 3194 7
36950 155337 4
27466 128761 8
143570 104191 8
21803 155757 9
117529 539 1
41895 155702 5
183396 25023 1
152825 26075 1
29010 100427 7
60896 73614 2
128658 50976 9
142537 76342 7
71225 115906 9
185669 147207 8
86565 37936 5
165805 40288 2
55401 163921 3
79651 76397 6
146001 28226 9
172754 169564 1
125811 73221 6
105387 14497 3
155935 67685 5
9671 198699 9
105585 97937 7
89044 196657 8
68313 10311 6
160946 1496 7
26435 194249 9
184058 184753 4
84199 181391 4
149503 34263 9
23494 64856 0
88038 169846 2
115206 100548 5
22834 7181 1
12026 112317 7
46845 125252 7
160131 110441 1
192986 70193 6
2189 139515 1
142800 144797 5
91609 52406 8
7963 149793 7
3761 122866 7
104123 107550 2
19991 188762 4
140450 50554 7
43836 135183 7
115249 84429 3
55856 198921 0
72860 43286 9
13736 33668 4
104137 80742 4
60764 158994 4
38200 191889 6
57455 33458 3
50607 44674 8
188013 39876 1
130088 138610 9
192841 21066 0
97312 6149 3
82533 35143 9
107290 23871 7
17278 53200 0
114296 93998 8
183945 158356 8
70233 15515 2
114958 65487 9
180154 123134 4
13940 66149 6
30916 85596 8
199026 104619 0
93845 66985 0
179898 156848 4
84597 77992 8
168768 34225 8
79839 164885 6
62602 79854 2
189515 170940 1
151730 186576 3
113685 15927 6
188860 66638 2
154801 147973 7
58412 83215 0
87388 104863 2
125508 128314 7
100457 95990 6
50517 94956 7
143330 22494 3
104215 122869 3
60038 3332 8
31486 198936 0
132683 165656 7
148187 101324 8
130327 167778 5
73908 140114 3
37169 151432 9
106223 98002 5
47654 128461 6
139285 15536 8
122385 180223 9
8500 2305 0
114635 148599 1
155216 101295 8
167804 80953 0
70470 123000 3
153917 149939 4
30127 7702 9
140450 41616 6
38875 50554 7
81579 111238 3
128984 58811 9
115169 83532 4
56073 192496 9
122419 71719 6
141259 112423 6
44045 21013 8
127349 155765 3
26528 71724 7
158202 65409 2
99992 9671 3
95938 43102 2
42854 78187 0
5675 54262 2
63132 168442 9
188611 87783 5
21739 78947 4
32297 78083 6
39876 157886 9
76618 167615 6
15830 90315 0
58845 69273 5
187496 197648 1
94836 113643 3
194479 74713 7
162648 34098 8
186966 123942 9
139250 137745 9
192496 174699 6
62895 71880 2
49539 174153 3
46228 196314 0
111155 25635 6
90574 79268 6
127545 168257 3
77868 180892 8
105540 90114 7
31438 94826 3
103879 55252 8
146121 58811 5
2583 171919 6
131916 140582 8
157567 2889 3
166661 30451 4
156868 41208 0
159717 181542 2
105403 58645 9
123685 72135 8
116229 107103 5
174289 141438 1
151623 162158 9
155859 181370 3
118243 40086 0
147121 131227 3
161477 36247 2
166757 25005 1
64193 197783 8
99466 181447 0
27952 99491 4
146143 165900 3
170484 59301 7
195265 160 5
70622 51959 8
62197 27691 7
5453 136420 6
56251 156916 3
132631 52950 2
122979 60242 2
12624 155243 4
143153 115113 8
72601 5985 1
65585 103129 6
39375 73855 2
190223 187761 9
16974 150093 6
104333 149684 0
176128 12613 4
43390 122506 3
110703 7702 0
3780 32082 2
38510 17327 1
81108 76240 1
106383 198436 8
58989 152671 4
184684 26643 2
135743 65421 0
90587 126143 8
116405 125725 2
185050 197691 5
121139 129570 3
104299 3842 4
53607 25670 7
83614 119301 6
153932 172125 3
27706 138351 3
106562 44741 4
106404 105387 4
144086 193890 9
41794 187342 9
76640 93676 3
98220 91571 0
82042 57580 8
53043 103042 9
185224 140579 2
173118 52841 8
68663 105679 7
43102 112934 6
53390 22429 0
136996 134899 3
50168 86967 0
118487 80696 9
187711 128395 6
36196 123942 3
95520 73212 1
147668 157618 0
90796 143969 5
165323 116758 0
101504 144800 6
48106 6981 5
194670 42260 4
43736 126160 4
186086 48722 9
104298 163364 5
166688 49365 3
99026 116095 8
115516 6915 9
3839 197691 2
59653 191508 0
192467 104191 7
14089 92220 8
165259 576 9
159917 1512 8
96634 87319 9
67533 68490 7
57868 143969 1
130532 32970 4
86262 166618 9
18529 105579 0
198673 22154 6
103259 165173 8
53834 104733 5
42049 43410 6
138756 192057 3
180394 126485 9
74790 143139 8
188388 180676 1
177577 3336 4
115419 19722 7
138904 115788 8
156688 138916 1
169621 191011 4
136487 187296 2
17073 21526 3
119624 108278 1
106099 96508 0
132011 108999 5
186260 6728 4
77417 108445 3
58241 99329 9
172787 46982 9
188156 27698 6
48224 61558 6
196701 161641 2
112511 153140 7
114119 7828 7
65421 151893 4
8947 46189 4
131752 100694 5
85901 55718 9
131889 85602 7
151462 7071 2
145192 74476 2
44871 94511 0
182379 188330 7
125821 168622 4
29645 111672 7
30971 170979 1
181970 37298 3
142390 153753 6
124884 157002 9
143123 115126 4
50161 21013 3
98353 58971 6
103848 31068 8
29273 104571 5
45527 87249 6
8387 168510 1
105421 40739 5
182394 4101 8
157202 108586 3
98079 181286 8
76657 175413 8
86039 69696 5
57517 72575 1
56685 82262 5
61381 163499 0
27179 10006 5
135743 94071 8
113377 116236 8
18414 103341 6
137836 101059 8
46604 90067 8
112296 119512 0
104380 40394 0
20545 190745 1
80589 69004 2
22858 137080 8
54358 100357 7
197476 111421 7
125811 165354 2
119250 11142 6
64048 176664 7
74602 44101 3
32640 87108 2
144399 134892 6
58492 105328 0
60737 64096 1
37823 6134 8
66805 34878 0
21319 15257 5
62842 67397 5
139553 140492 6
196956 29338 5
39600 9905 5
6027 29273 3
26565 153581 9
3536 29645 1
185982 90108 1
176129 187513 2
49846 188598 8
107281 193243 8
49998 24088 1
62115 6601 4
40433 174818 6
161843 32206 7
108652 162349 1
166149 146723 7
143012 112567 3
128841 22612 1
14212 136981 7
157766 121543 2
127209 43153 0
25242 63383 5
132466 191322 8
118259 142427 0
73926 138888 6
107718 108770 9
136984 132449 4
8230 2360 0
173627 53555 3
192658 103863 1
119602 91379 6
153652 60080 0
177141 155926 6
172299 56514 0
143970 148601 4
196815 137073 6
35161 77837 3
184532 155375 6
122563 2711 9
92527 69840 1
141980 99139 1
25005 4132 7
142008 110706 3
127751 162812 3
196024 116508 4
151038 99468 5
142549 66165 6
133559 112654 8
1868 129807 9
99832 50958 3
26658 195003 1
35268 20698 9
190093 51132 5
30818 106579 5
197294 166632 9
72386 138389 6
138703 140991 2
181618 191908 0
137811 35786 7
151141 76967 3
62165 191257 9
131227 4437 9
21991 6768 0
12299 104381 8
20734 156664 4
129121 45791 5
168285 86583 0
46556 155815 5
102791 6 5
34499 8814 2
100373 57530 0
26973 30500 7
29831 26453 6
176060 58989 0
94054 39066 4
181602 97413 8
59080 134621 1
177961 199276 3
110964 64156 4
189419 12227 1
51142 183902 6
170128 152410 0
60758 195395 3
79268 71262 3
94770 168095 5
31151 115126 5
15701 100163 8
106551 34685 8
13224 37211 1
63646 163696 9
192892 84746 5
46222 102425 2
185865 116244 5
53607 35547 1
29282 42279 1
185536 65264 0
87644 64725 8
191299 48831 4
194729 43358 4
26590 59775 3
153908 47576 7
172064 75011 4
183857 65572 3
162941 172611 5
86529 116284 9
100384 103297 4
45751 163751 4
29119 184332 8
90521 148758 5
43032 46250 3
50941 160073 8
91943 18346 3
103680 148857 2
183593 73149 5
116310 140827 1
1868 95686 6
166205 105180 0
178099 194146 0
1313 178391 1
108092 127411 9
154133 1750 3
91441 182666 8
192025 57804 1
74012 34685 0
24109 111616 7
103879 76277 8
154921 54276 9
50579 185360 7
30462 163833 2
39678 198394 5
109473 60168 3
134582 13443 2
178955 169532 7
40902 79405 7
181675 127647 4
145270 171874 1
116806 139778 9
110448 171291 1
98003 94112 2
68006 63834 8
24991 78372 4
195649 181967 6
130656 9607 2
154653 140029 6
178997 179363 7
189787 43153 9
47530 193544 5
18414 43699 7
132449 161280 1
178067 128279 4
121714 35292 0
196619 193764 9
94877 58367 2
119927 75545 6
113019 135221 7
69527 147013 6
103826 102445 3
41023 50202 3
188231 5661 8
46793 144312 9
131772 121177 9
159280 83910 0
58069 25978 7
94836 93845 4
88651 190884 8
2305 98794 1
95371 147810 7
1460 15731 1
63641 171096 5
75070 132021 2
172834 4809 6
105028 191322 4
96465 176953 7
30666 97240 8
57322 41818 6
99508 144355 1
183593 2478 9
62567 51900 7
16547 56569 3
108999 13569 7
76781 152719 6
192892 46933 6
61447 83295 8
23922 176829 4
73149 89402 9
13872 137781 0
35921 80149 3
173297 147391 9
77982 121421 4
53463 182964 7
33478 5537 0
98962 193297 9
91069 66124 0
47898 16022 6
128634 60168 1
47669 84016 0
136030 72446 6
95993 107621 7
175793 182333 5
187306 151922 9
167904 10110 5
126829 142008 5
193309 65948 3
38253 186051 0
176661 54661 7
112529 168573 7
148666 126027 9
163712 190299 6
113268 194670 9
72254 120558 0
182379 78783 1
157856 95470 4
32166 99150 2
173753 77018 9
137799 192057 2
163719 13671 0
192487 141438 4
51072 76487 9
183758 173227 9
157397 79700 7
117595 122192 3
130610 122659 9
86990 33243 8
37671 93818 1
54617 37065 7
5205 15119 6
84873 143811 4
85200 14361 8
87249 95282 5
173173 82428 4
10236 37484 2
98220 35044 3
10801 30186 5
40586 99208 4
154520 135802 9
23032 195358 0
55467 136231 0
186795 105790 2
195133 74170 0
166442 199167 3
32166 71880 3
119688 48 6
153172 57580 3
89476 21311 9
317 63794 7
142355 63000 8
38529 34575 3
161646 152527 0
24274 189309 5
8503 26499 8
17244 114678 1
6197 52456 6
153921 188094 9
18529 185449 9
191549 189726 5
193305 54766 5
118032 81637 5
198363 133899 2
20660 6487 2
171462 120437 0
1950 110116 1
26658 40288 7
38603 154676 2
41432 137093 7
7041 8489 7
10927 178227 6
133488 11083 5
181121 138386 8
78328 50717 1
98561 9220 6
155211 69876 2
140182 66149 3
55141 46662 6
126400 38938 2
129327 192141 2
35576 74295 9
148039 184585 1
128669 186282 2
144839 96310 4
92985 186478 5
24584 78847 2
3991 62582 2
60276 87382 1
66611 58223 3
172457 96045 1
116566 162185 4
133899 170664 5
37253 62962 0
86696 148851 9
151731 52901 5
198418 118770 3
131346 93053 8
174970 24978 7
82250 162695 2
144469 152849 4
170555 35598 6
165313 141479 8
94780 175178 6
65254 900 8
107700 75957 4
188732 148883 0
131822 18955 7
123958 198958 5
192567 50751 4
118156 13549 9
136493 53476 9
94142 41598 0
93501 155211 7
929 172697 8
97269 183373 4
131704 81606 7
44822 49209 9
34099 151038 0
55037 62567 9
75558 169180 1
152530 50089 1
15783 20919 0
29794 170716 6
146301 84085 4
23002 85534 7
77070 84651 4
92042 45367 5
198754 42279 2
69163 418 2
83354 74657 6
71856 141635 3
26472 12437 3
196503 20413 7
136319 31883 1
190262 31089 6
161051 86262 4
31924 42754 2
180987 120099 3
71936 31883 1
39525 199034 2
70420 140192 7
119553 187306 0
185061 94511 0
71004 173637 1
19095 19808 9
189515 129967 1
167818 71864 6
22089 82710 5
128907 111694 3
172319 127003 1
194659 53979 7
149613 49519 0
65702 68663 9
177046 170492 7
169990 21025 3
155501 134434 9
77062 120099 9
187272 191952 6
35952 70518 4
75254 195997 9
123502 120015 5
60898 75362 4
186478 38510 9
193883 116189 3
91587 93380 5
197466 11527 5
70744 45042 8
69635 183685 8
77517 41950 0
168975 56624 6
77666 167196 5
99232 69793 4
53966 135194 5
123688 14569 6
105468 55658 0
83034 125447 0
556 20986 9
185865 112233 8
195649 145569 6
44183 153897 3
135541 74374 2
136572 190534 3
14739 190319 4
183242 136719 4
114688 199782 9
194520 29785 4
36425 161418 0
32108 12941 5
26782 100347 9
112994 46555 2
106955 139646 2
85479 193883 9
67922 60374 2
116223 16877 1
109804 179580 7
18639 190936 7
124709 113299 4
77530 161641 1
90468 163128 4
150450 97651 0
195084 172731 8
157150 92895 1
143834 78872 4
475 179322 2
51867 24239 8
16816 71647 9
121802 194620 9
194974 94592 5
82384 20314 9
140362 84003 6
65264 44520 7
144786 152215 0
6652 3332 1
118243 133602 2
24219 196815 4
169684 90502 6
23453 6737 4
74115 145657 4
47379 44874 0
28666 84539 3
4829 1187 6
158256 33066 6
80801 85823 8
154589 194780 4
33093 91067 4
188527 38518 0
167450 189066 0
49693 113692 8
5205 133105 5
133296 123000 4
116284 127545 9
140786 75639 4
132375 98244 3
76650 159747 4
172393 66876 8
141271 18023 4
10692 126540 1
157167 120461 3
110657 474 9
41943 18335 9
29876 137304 3
139424 40474 2
107328 94592 7
168882 61325 3
157756 173753 1
135724 13480 1
151847 62536 7
117672 180797 2
179364 21495 3
191919 37065 7
8139 87811 0
120132 7536 3
78080 61565 8
136929 89476 6
11085 11845 8
39546 116228 6
181838 156117 2
198912 64798 4
113607 147688 0
143980 66049 4
83203 199309 7
117632 17478 3
146349 29200 5
123312 44118 0
105468 199782 5
49111 92133 4
109960 121714 3
175622 41554 5
60141 182333 3
124386 165772 9
177758 106272 8
178391 102254 3
185654 101941 6
192519 111030 5
90519 119021 0
143117 189609 4
174818 99874 2
152357 135884 9
35430 51686 0
105870 46334 2
69696 33913 1
127947 154206 9
114418 194562 5
129862 65487 0
126254 126602 0
128420 117355 0
59998 179450 7
29338 6979 3
102243 3839 8
14405 37103 0
1858 66985 1
109494 123134 1
90716 156430 2
133318 182067 1
83098 1481 9
154791 59998 6
110800 73890 6
50773 164529 6
135129 192669 4
69646 7828 0
84693 49730 9
23758 184026 0
118341 169933 0
87399 15089 0
123221 21891 4
53508 44140 9
191313 144627 6
178775 150255 0
84140 61381 7
2304 186893 1
48988 141000 8
155565 7253 2
189033 3976 8
19833 116919 3
165288 87307 2
27494 105701 9
192580 180892 1
70518 103055 7
170305 27691 4
100238 185145 7
85244 152362 1
91746 135787 5
102876 145030 4
30659 185228 2
22429 132363 4
170940 16202 9
149183 193316 4
196000 40860 2
82107 122088 2
82166 131531 3
56660 61248 9
120235 181277 2
115169 52766 8
192519 140872 2
160946 8543 1
45694 154749 2
16928 75735 4
40301 117534 5
143599 26687 3
35119 179314 5
33720 25831 3
148905 106099 7
25242 199718 6
29010 92352 4
84693 157541 6
136482 47341 4
103937 173087 2
69219 140643 1
17083 138904 6
187951 5529 4
149072 61447 4
146659 184058 2
26520 43298 0
146457 149950 0
4132 46685 2
199444 125140 9
11255 70437 0
76968 1804 8
133855 150096 5
172726 167518 5
147222 41950 5
60670 114527 6
3619 98079 7
57577 172611 3
52437 72860 8
168495 157286 3
171309 47516 9
162380 44741 7
158546 62404 7
138848 31579 9
45082 14709 2
971 124275 0
52766 36945 2
114082 69527 5
87023 117762 9
58381 185077 0
106200 56238 6
54820 193374 3
118166 24253 9
51779 136485 7
154598 170132 1
146678 71426 1
71592 116263 7
4935 27731 7
130685 138255 5
57163 127136 2
138524 20980 0
146542 10500 7
51609 29919 4
53046 67832 1
42907 104990 5
50244 17713 3
38445 87550 8
75962 94708 8
42867 19035 6
192523 41142 2
197407 185349 3
118251 13948 3
196369 69004 2
85901 154200 5
32493 4812 5
36770 196256 8
90521 91535 1
154200 93547 5
188017 59462 4
150370 157474 1
129483 71984 7
108623 155815 7
169588 106923 5
198297 134090 9
48273 15454 7
61623 153918 2
112205 144042 5
114017 105028 9
182580 171890 9
21615 132395 5
144538 62924 5
18188 5719 1
53539 38520 4
92404 119219 1
119639 23052 0
128953 137811 7
140182 111018 9
119720 51058 9
83034 170103 6
149998 50719 9
71281 170496 3
10120 8627 2
192195 110746 1
180675 63838 4
66264 900 5
11304 149150 3
346 43064 2
44719 174036 6
14466 18495 8
127136 85023 7
148256 4101 0
4002 1202 1
65572 11619 3
30929 124493 5
63584 173118 0
161646 162979 3
36052 40621 7
50082 44062 3
18174 53052 3
3094 109318 2
70568 8995 3
164844 180205 9
74059 185224 7
186893 94351 5
94774 143834 6
132631 59972 9
139144 161440 9
178296 123645 6
30473 118614 3
75228 94026 6
108063 185979 7
140300 77913 4
154522 123091 9
37695 63641 4
97238 2338 7
73755 132855 9
99086 58412 0
51243 88239 4
153033 47516 9
73301 146871 9
37603 160004 5
59634 138578 3
69714 106774 8
176338 106379 2
174936 195813 2
12941 21350 0
89092 19318 1
53151 50899 2
144941 179347 3
188079 1215 9
79651 196103 6
143333 79417 4
133010 94926 2
108776 162014 6
159912 76371 1
169887 7049 3
44331 147810 8
79382 136739 2
85505 90763 0
90675 10927 2
65120 26656 5
26499 116042 6
152893 165805 2
154133 102493 3
2163 119347 7
139208 198993 6
63838 131311 2
116381 103294 2
100701 150959 8
167528 41943 6
197125 20734 0
17241 198102 1
167544 156926 3
18495 8066 5
81606 81072 0
86052 71157 8
18467 124771 1
62080 25966 1
131648 60454 2
116405 28635 8
75122 80087 6
112652 172457 7
8124 188788 8
13184 171102 8
128983 126011 3
119913 92458 1
143480 137203 4
88157 129602 0
149452 26673 4
63607 179681 3
132936 67722 6
133448 166470 4
125508 576 3
57721 18335 6
145261 29418 8
93168 147668 7
154033 184585 2
81794 97966 3
34393 66408 5
37546 21694 6
33301 145884 1
125820 22781 2
38216 166581 5
103276 100925 3
129438 72478 9
98582 185077 2
125108 99468 4
130755 13679 8
73353 189731 0
67571 76586 5
22726 179347 5
38370 153649 4
170128 32578 1
47686 172852 9
87708 16633 7
68673 166165 7
183871 111992 8
76881 177252 2
138053 188649 6
85197 35866 7
36541 35458 8
92522 22645 0
180464 54819 9
85023 76837 0
168081 156868 1
30716 195869 9
119713 128373 1
101710 10148 2
65359 155935 9
86898 77871 5
141746 145509 4
180363 14497 7
9084 72003 9
126143 50082 3
97042 73493 4
96910 32479 9
54661 173087 4
133541 40394 7
56233 139570 9
169792 131311 6
108314 166359 4
9 25006 6
43286 20254 0
37645 140179 7
95408 116462 7
62470 93417 8
138053 153649 6
90081 85957 5
159517 172833 5
80667 183152 6
81661 34310 7
80519 46605 1
150352 118127 6
30369 19608 8
33959 37450 6
6946 82182 1
77687 184734 0
13689 41123 4
193480 93973 8
30419 21169 2
142932 80930 6
116130 14636 4
111959 129000 7
120235 105544 8
123645 12128 5
2889 88080 9
50161 174957 0
27055 118773 5
51081 107857 1
103677 155294 2
51319 8557 4
80492 77136 5
24611 3530 3
36826 93388 8
66613 107054 7
90126 138926 1
49411 63408 2
51959 32726 5
34998 39826 9
73860 118121 8
163998 76967 7
59339 117779 5
11215 128481 6
132395 146180 6
139713 165023 6
136719 75258 9
161377 97341 0
193721 94758 6
188079 32317 7
71098 31862 1
116442 87632 0
155692 169070 5
184532 170701 5
175726 29477 9
51484 148873 1
64592 17484 2
19029 145286 9
154763 159211 6
3780 94236 4
82299 152500 0
195040 155926 1
183508 144042 8
33687 81883 8
180028 77926 8
55688 77991 8
89768 32970 5
24604 176639 4
187557 128314 8
177041 6737 5
32939 9854 9
193296 92936 0
132743 147746 1
100530 2478 7
43358 175757 8
196526 116798 7
85369 32361 8
179179 174699 2
181154 107890 1
156120 137073 4
131142 158791 4
94071 76837 3
38175 85417 7
69899 89856 8
128007 159380 0
51760 142934 4
174434 194628 3
107100 91545 7
179449 153652 4
17320 20448 1
34416 153170 3
189212 72601 6
126320 27815 1
170167 13408 0
163733 36640 5
43739 128987 0
154468 122979 0
28391 86200 8
170902 19603 6
143441 185512 4
121160 20972 3
2583 196268 1
53064 29341 2
154559 93873 3
87388 96720 6
156848 162812 1
170659 24550 4
50517 170636 3
61111 69714 5
27474 29831 1
85458 60541 1
51448 66686 2
92936 148811 5
104208 180512 7
147560 125558 0
95038 29615 7
159507 13415 8
186053 38293 4
163582 193448 4
127845 78305 6
125814 22338 1
181675 165113 8
163322 193518 6
131703 26528 4
171766 147809 0
83304 186947 0
66880 102552 2
25802 113390 5
100007 26656 7
74012 72117 5
137828 95619 9
53151 61341 6
186667 10099 2
2357 193890 6
64158 154598 7
131346 97883 3
151413 1901 4
61994 137898 6
156742 47083 9
55856 195824 7
139723 122891 2
125412 10556 3
119079 90081 2
194660 10413 1
96175 53884 7
60337 93965 9
21169 136932 9
116798 74397 9
159603 114980 7
98441 159049 2
84005 115977 3
37298 27755 0
161086 168442 9
857 147165 7
121196 46606 7
52579 99880 4
43640 118861 5
102481 172281 0
52472 114782 6
90716 124987 3
16497 190245 3
78309 43640 3
107118 124733 7
348 100025 7
165444 62480 7
1202 171554 8
144037 52629 1
125981 40159 1
55422 131502 6
43836 113924 3
153639 146190 5
129802 67306 7
172647 164226 5
172125 76101 4
188751 31515 0
153864 126 6
94102 12739 3
186044 194511 0
33319 26565 5
38462 116378 7
99737 15877 6
24090 195395 2
192696 157856 4
185522 9905 1
72003 158351 8
145478 146285 9
84828 41793 5
139201 46793 1
81108 131233 8
108322 58924 4
96465 182400 2
24630 13436 5
56403 26687 6
152362 77395 0
194722 88469 2
95100 120461 2
14653 82533 4
95520 34121 0
132254 188547 8
9388 51599 3
167037 55660 3
101172 124987 3
84855 187274 2
144966 17274 0
155501 129851 8
85570 194061 0
117617 191508 1
10732 22273 6
144948 80821 5
136231 105544 7
136965 148333 2
106879 6728 9
43956 29555 7
125837 33458 9
128709 32294 0
133599 124522 7
182504 133055 3
41784 134428 4
57543 87137 0
100557 30340 1
113314 154921 9
187055 5456 4
178227 131955 7
175352 57324 4
28624 38795 0
144692 84873 0
42894 199026 9
87783 136015 2
11334 44057 2
61565 100008 4
150352 133855 9
97305 114139 4
163765 147354 3
66894 140777 5
112758 22494 8
161797 64273 7
103361 196268 3
182284 154206 0
1944 165920 8
96999 180797 6
61486 35764 0
138606 24129 5
70784 95340 2
119750 123312 9
181970 90987 0
8242 124862 7
188560 47138 2
129906 160265 8
57904 59680 2
101295 7738 4
95913 73771 8
186232 75603 8
66303 170323 8
187238 184026 2
131772 135189 2
126863 161189 1
149989 34998 0
96517 151326 6
160371 27746 3
6788 27698 1
94598 138018 2
95198 1555 3
117672 117875 0
178798 105133 0
12927 52151 7
69231 149098 8
149144 63607 9
104898 148666 6
36155 49038 0
97080 126322 6
43875 125367 8
95090 197557 4
16173 192951 2
57554 84547 0
38735 47593 5
67978 136083 9
145953 5529 8
19451 16180 5
39391 39908 3
131101 91755 3
111847 72938 9
85922 198751 5
147687 136991 1
142621 34545 0
103489 122524 2
117715 10890 1
167690 168124 5
44822 35494 5
59462 9922 3
112619 85828 4
107552 149705 2
100347 158544 0
9502 190969 4
10890 162304 5
50002 197614 0
47898 25604 7
133055 158634 0
24604 154679 1
178874 45605 8
172694 30193 0
3546 72487 3
184620 172404 0
125959 34107 5
194901 50972 8
94290 32617 3
180129 192986 9
114374 119691 2
32072 103937 2
53466 76796 9
46528 96206 3
154339 43206 6
141886 187459 4
162486 108793 9
91943 55107 5
48378 148288 5
110395 111963 9
171794 189202 4
109479 18535 5
170988 91755 0
198102 166762 3
85750 197372 0
13140 61998 0
138578 78387 3
11780 196911 8
23457 6281 0
147199 88154 1
132949 73336 9
54612 99874 7
112529 135 9
155161 112579 7
118917 5906 9
172766 129183 1
169421 20220 2
152125 104215 7
132683 84320 8
143117 194060 5
177912 163215 4
193499 130685 9
44719 74790 2
117201 150226 8
55847 160543 7
162749 49104 9
28240 157024 9
9276 131916 5
96999 8995 9
12353 108374 2
198822 125108 6
7647 128853 6
18467 149487 8
163833 195985 5
12593 62704 8
100530 37695 3
123396 60719 2
129269 100949 9
81949 147089 7
33998 18486 8
137299 73285 1
184834 17350 0
59747 179372 8
28692 194729 1
44536 19035 4
82647 63782 0
134181 103314 1
187131 198830 9
173052 157503 3
37936 33836 5
60896 91740 1
141583 40346 3
93039 15536 2
117487 46174 4
17350 63834 5
105996 151544 0
21283 52496 1
27392 53928 8
10121 189551 1
50965 110964 3
114646 130351 4
150803 180527 4
77924 109267 4
188827 129566 6
23034 77694 7
72618 143245 7
133764 116618 4
143669 89034 4
190525 196975 5
93891 195024 6
38414 138389 1
82411 27851 4
160423 54503 8
136485 25880 5
22605 51589 2
109906 198347 7
12299 21434 3
143166 82472 4
145946 158776 7
97794 108092 3
153921 138978 2
97914 137095 0
7290 41571 6
186341 93038 1
160564 122423 7
166729 90219 7
98881 145192 9
114527 63461 2
141105 20481 8
112656 144306 6
105172 183500 3
90629 69231 1
65897 96708 1
169722 52376 5
34950 182891 7
131932 48106 9
39697 173428 7
82562 145571 6
151858 92034 9
27764 95730 0
121742 183090 0
156742 29000 0
82053 172972 3
49504 21084 6
21674 189419 2
69621 113607 0
32413 91363 2
89002 135657 1
55752 128763 9
96179 42302 7
84998 160803 0
173808 163306 8
128676 117908 6
141000 91265 4
121722 159917 0
161399 116611 6
22807 170603 5
66695 167242 1
83449 102075 5
93428 168622 1
45449 56942 9
138703 132011 6
55657 60118 4
189453 10122 0
127752 47717 5
126005 46479 3
55746 95130 6
1214 167778 8
24048 35540 6
176204 66143 1
49547 106868 1
134862 82088 7
135678 153932 0
182248 165435 8
193095 50342 4
155972 21350 0
49512 82118 8
128317 174084 7
133568 172994 4
26584 51030 2
48337 37591 3
147529 61934 0
174332 5995 7
46072 109262 1
63594 179298 5
75200 181542 7
198140 92619 5
26038 5456 9
142541 74519 1
63010 119465 4
170186 9535 6
107394 197708 8
100557 112994 5
33380 86886 6
194437 116013 1
67491 123769 5
139285 138693 6
22858 154817 2
59623 164194 8
81972 93970 4
148323 181477 2
132767 140994 9
59680 90619 4
155466 166661 2
21402 51355 7
36585 114993 7
75861 161476 0
23758 84311 0
33250 131617 3
44573 143006 0
165173 186053 8
106551 1858 3
29455 92861 5
143003 12773 1
123485 131531 9
47686 160002 6
153126 58800 0
15244 8067 1
40203 79474 2
145101 61994 2
97937 32116 8
24611 58700 1
37307 25604 0
49312 145591 5
101793 47806 0
166762 33640 1
146302 101946 7
103346 25086 1
35285 7760 8
48116 73006 5
174991 100268 9
151783 163389 5
131142 120810 1
165113 49318 7
165023 9009 2
58938 75362 9
80031 108164 9
9178 80758 3
146180 146199 1
141886 93038 0
125820 168203 0
146091 92875 1
145900 34225 0
64846 28593 4
171827 3619 1
7100 131750 7
83368 154058 7
88950 157474 1
111657 46667 7
97269 46334 8
88055 11610 3
151248 34508 9
85869 106131 3
193518 136340 6
80589 73625 6
68261 171338 9
34545 28742 6
13408 105916 1
77982 190630 6
13671 70576 0
7586 197276 0
145286 13570 6
13546 186787 2
93216 46479 1
161440 136991 1
141180 139570 7
166634 31443 5
197935 15979 8
44520 27010 3
183536 47555 6
164513 131562 2
107785 15965 9
96846 104388 5
154342 149508 5
161762 173227 9
69061 191930 0
35143 150329 0
109698 87708 3
132949 98257 2
190293 20633 4
178637 124548 6
61019 69712 0
96310 149617 1
38175 93268 1
72247 59054 9
100500 162014 6
30522 50525 4
141857 150876 4
61804 7550 1
97608 109997 4
135303 63794 4
99992 173357 4
35213 63716 1
57697 189306 1
15223 98229 5
16050 37583 7
69706 128681 6
124548 151702 7
32488 13809 1
189477 73800 6
103243 104759 2
89666 165124 7
163110 167925 0
174380 111462 7
61338 104806 9
107281 181592 8
98847 54617 2
123769 93949 2
170845 124819 3
46605 85552 1
128761 104741 4
111797 175414 9
136303 40751 3
199141 52954 8
199444 156579 1
168472 23457 5
157147 21084 4
120718 177647 8
164998 139069 2
113045 125558 8
3935 168802 1
123796 160720 3
79169 58243 6
177554 149974 7
181370 29817 1
108841 24253 2
78536 23871 0
120109 8543 4
8804 138386 6
24274 192096 3
179068 83354 4
128762 21594 5
154033 95236 1
47338 30092 1
129967 133608 8
13948 56407 4
102635 15689 6
167824 181135 0
187496 133491 4
81092 99366 2
192841 160148 6
188817 127762 1
109627 151213 7
43956 128987 7
90872 125981 8
77070 188521 3
199034 51955 5
135678 76657 7
43713 43844 7
62704 105763 4
97199 71114 9
18970 148003 2
120053 99736 6
1901 16017 3
13936 141480 2
149779 133602 0
44964 193095 6
167632 180098 5
58492 21124 4
143764 72985 1
193959 182666 8
1400 38262 0
53362 108136 5
33959 27081 4
181141 97585 3
57757 165002 0
82428 153426 6
99122 74671 8
50652 81505 4
115454 89214 5
182035 142378 4
104649 122659 9
73324 5675 7
105243 166359 2
177777 77417 3
143433 18945 0
150450 44773 5
52451 37606 7
83614 97039 3
22989 96266 5
24788 149518 7
151226 159026 8
64170 65971 7
76295 82221 7
134348 87376 9
15265 22273 3
37799 160481 4
71769 173747 3
53046 67852 3
199112 4443 1
30666 21594 9
119750 136083 0
173568 93848 6
115748 194061 7
36177 119048 0
23826 18438 5
30516 95357 1
124682 159276 0
33122 7189 4
73636 155147 9
135544 74762 2
190876 105403 4
86879 106308 7
140537 53330 7
196534 175973 6
126440 5565 8
53309 148248 4
104358 88069 9
77570 109997 7
130851 48357 2
191930 183459 4
177704 103022 3
18980 29279 4
169264 180351 7
170382 159987 1
174380 99066 3
166261 51448 3
124196 45690 0
7185 39085 6
62299 94529 5
141204 85797 5
49677 50589 4
112492 128782 7
66223 104546 3
103294 192274 0
138857 2268 0
160073 128853 3
82939 52524 0
100870 130978 4
129438 77687 5
49783 98214 1
159950 35786 1
28757 84651 8
10034 162637 3
192810 33319 0
72996 151847 4
179898 68732 0
15094 31486 1
63480 77787 7
162743 129721 4
1064 37632 7
16245 171875 7
102283 40788 0
1962 102139 9
53594 107744 1
121759 42744 1
71792 121139 0
82199 188611 5
85582 151024 1
190836 178736 0
77837 127272 9
16211 90584 2
69974 59037 6
51142 145894 4
125733 45528 0
152849 7550 1
121211 101071 0
19822 172730 5
108240 49998 9
37150 73817 9
47218 137898 6
63026 61998 9
90675 180648 5
43111 197614 6
63874 18765 9
102000 146762 0
10262 147083 1
141799 165409 9
197440 163154 5
159811 65017 0
26474 55870 5
182559 188298 1
52456 54701 1
157286 65287 8
143139 35430 9
58381 167593 0
55238 107785 5
81766 141320 9
163154 134646 6
4829 139222 0
128953 145711 2
143811 63785 1
66725 53556 7
15833 61057 4
1187 24757 7
82262 30804 1
172726 10464 6
180733 102859 5
64077 71259 9
28238 86990 0
82448 167409 8
120375 77991 8
94598 25023 4
120223 125230 2
13140 188741 9
61354 61623 4
146970 57615 1
131672 107290 6
151432 178076 0
48338 63408 4
119567 1993 1
104898 25076 0
40383 150769 5
147368 105673 5
17878 92018 0
197049 73614 4
23826 132363 5
16321 144373 0
115587 98282 1
110492 99754 1
46548 186314 7
173428 45022 4
68575 160781 0
196735 26453 8
14608 51437 3
81779 141799 5
172754 110178 2
124434 37258 7
156143 32747 0
22212 40273 7
109645 37330 7
136932 146109 9
162484 191975 9
128913 58414 9
54298 47669 1
49176 100268 1
65877 31925 3
81901 151863 5
120845 192141 9
26740 139256 4
129721 27392 4
145594 34024 1
164962 80929 3
105038 33573 4
126107 96755 9
27351 181414 3
191329 28303 1
93715 46362 2
66130 186002 1
105579 147449 2
88074 27247 6
177710 41528 1
115789 84535 7
50802 75341 4
24140 159845 7
62879 146406 1
29593 66475 0
101674 94351 4
125553 65312 0
143008 99412 6
43497 94026 2
118720 27746 4
131266 162504 4
105779 32767 5
402 23411 7
48102 181967 1
146307 33246 3
129183 1993 4
130127 51030 5
102064 193374 2
157886 197547 0
142549 134913 0
18398 20176 0
116174 123022 8
98351 193930 9
156688 34393 2
90872 17584 0
74115 57517 9
104571 130514 2
126719 100576 4
125252 59634 2
169111 129802 2
153918 102233 8
81339 193028 2
72616 45694 2
46250 199760 1
198012 78480 8
73336 105243 4
55467 9372 9
35182 18219 9
47863 55107 9
66880 11564 3
38081 109130 0
117798 156068 1
158684 37164 1
73490 38938 8
170496 162483 4
133448 73641 9
184998 58415 3
118205 24012 3
141942 150410 5
123091 52437 6
159747 92395 8
171446 130851 4
135751 13523 8
53270 94708 6
192195 154307 1
78372 98160 9
174036 83368 6
160781 43699 0
123365 41616 5
150816 141449 7
67299 15676 9
68342 121518 5
109645 2112 6
62480 178775 2
6601 127761 5
22183 139793 6
194582 17842 9
88320 145499 9
27645 100597 0
27851 117709 1
41432 129937 0
24126 62115 0
114688 48452 4
168116 98710 6
79405 195824 2
8392 20079 2
87644 48831 2
139289 179551 8
141734 42472 2
145030 76991 6
99195 22974 7
57401 146351 2
12746 65409 6
123124 52704 0
58612 54347 0
191919 77781 4
85803 81169 0
73285 99107 9
125674 190525 9
77136 192274 0
96231 138959 1
100661 152358 8
63950 8527 9
20457 47376 4
89402 148531 2
83881 174848 2
155216 83910 1
166552 106868 7
75341 106856 4
177627 161377 6
22212 45663 4
77627 32317 8
17565 31255 7
186568 131650 3
57286 108445 8
3092 59623 2
149679 131177 9
97945 122719 8
70576 150551 8
66836 30650 2
184105 100725 4
179298 42227 3
76650 185596 3
138478 99832 8
72701 60754 4
193568 181769 6
172600 195548 6
13220 124160 7
170001 80930 2
176282 192157 6
138769 186568 4
119219 63912 3
125441 162492 1
51372 67804 9
24310 178487 3
130948 31661 8
58112 81826 9
149979 51018 7
151878 115997 2
109033 159499 9
188080 134293 9
73856 58181 0
55660 141913 8
81723 95282 6
53429 114919 7
142117 16834 4
188649 161826 3
24630 128907 1
188817 94926 7
57577 155161 8
117210 98055 1
92458 110828 0
190463 6768 7
138795 85939 1
168116 63010 8
121213 145900 6
92875 109543 9
98962 25856 1
179384 184105 9
49209 164431 8
94501 194437 0
22764 172972 0
12663 89096 5
109725 186528 3
189945 85417 7
76053 168081 9
152245 128983 8
156981 111507 1
11295 145331 8
151858 127751 8
157111 195358 2
26484 173424 2
195024 18659 9
189673 142808 4
35816 117329 1
153546 160291 6
129851 61628 0
112159 145439 2
151927 49365 4
52734 7265 8
3995 172112 3
78816 32495 2
12665 152125 8
156981 116806 3
178848 139354 2
29027 133488 3
177097 110992 0
139566 75743 2
137359 182284 8
15701 61338 4
58287 37150 1
116602 32426 9
104733 173778 9
24126 14064 9
12729 898 0
101257 113585 2
42754 142652 9
106383 33998 2
93949 16321 4
84832 61320 9
132254 52378 4
26075 188773 8
179580 15250 9
22645 77530 8
188137 77415 9
167037 55512 5
106989 24310 3
178389 90574 9
16100 118251 3
54820 80943 6
20314 165945 6
188979 184428 0
148371 93567 1
116690 53966 5
154157 125674 1
24036 189405 7
123440 165740 3
56712 122414 0
34107 66725 4
151635 103669 2
19848 7987 0
153944 144469 8
86439 94826 9
92087 33296 3
162648 24178 1
115830 174379 0
15406 45431 1
151922 40586 3
136921 34880 7
99251 190313 0
90067 139762 8
40307 2554 9
98454 18903 4
23671 108333 8
113685 92992 3
162452 9753 8
133040 76586 9
29006 64077 0
122176 198912 1
49577 141276 4
119110 190952 6
112472 41668 4
99540 160481 9
121160 191713 5
153595 120715 1
159517 160319 0
114957 47138 7
6932 62188 4
184763 35261 0
173246 67719 0
34024 121542 1
94943 86696 7
175828 176661 8
30381 129918 6
128843 163663 1
70516 111373 6
108795 9854 1
143545 39697 0
12227 126107 3
181418 141480 5
9161 11833 3
177073 165899 8
27558 130817 6
181714 84855 5
112934 113554 2
141105 6981 8
11122 169102 8
48422 194537 2
32072 59529 7
19603 155081 6
107744 130376 5
188953 171102 8
14559 34878 6
163998 62602 5
143258 121355 4
105834 7261 4
52020 23591 7
20069 123124 7
123240 181391 3
135183 5537 0
103794 76640 5
48976 27150 6
98884 65259 7
84490 77781 3
36836 116223 8
22183 60722 3
603 164057 4
131662 143172 5
17488 63322 9
127906 115597 5
151730 8160 1
52950 31193 2
114537 42554 4
83385 194540 3
79939 36434 0
83721 149617 8
63480 27646 5
89371 108393 6
80098 195581 5
79334 5912 6
190836 21560 6
59368 108105 3
171695 54701 5
125557 172731 4
195040 97204 2
89034 138275 2
172113 52386 0
186470 137039 5
187643 154553 1
73032 35034 8
159380 170497 9
93970 142004 0
115587 136188 6
35034 176000 2
25802 195444 6
185016 46453 4
1243 115947 8
197857 130656 3
117016 65513 7
42332 93335 4
15779 69280 0
18764 22402 5
146285 50965 9
199227 39375 3
67868 47816 3
169870 150401 1
187131 68452 0
63584 69219 7
173958 18824 8
149108 128669 5
74885 126254 2
23453 109648 1
16107 52218 0
120974 1474 7
97042 49318 6
137685 69994 8
82048 130416 3
99880 29094 0
48116 186232 5
105352 177848 7
84996 13415 0
78145 149347 6
11947 169735 3
6668 180882 8
16596 178874 9
162880 55204 1
13233 77612 2
191137 45094 7
14294 53928 4
198178 164400 0
22402 139289 4
187239 59644 9
195813 61320 4
80774 157503 1
111959 130130 9
196562 137030 8
9008 31691 1
185349 140827 8
189731 109164 0
195872 14580 4
82118 159205 2
117404 162005 8
105763 165432 2
84836 5443 2
189804 80191 9
34416 35182 8
185512 179524 8
165125 81621 1
31924 124819 1
112567 93573 5
133306 138645 5
170082 14540 8
134646 82474 0
82698 90966 9
52812 132855 3
152617 16115 8
13905 94501 5
151212 31392 5
93630 130817 9
70534 35921 3
198790 1512 3
22901 154247 7
99086 116371 9
146091 111672 6
141671 110657 0
154339 16972 9
61461 191975 8
15689 173380 9
116449 59321 8
108491 188078 3
23109 147013 9
48736 111753 4
93388 148705 3
58956 49119 3
194499 95357 7
94899 153864 5
190332 307 6
184768 2632 7
14527 3162 0
167450 128481 1
96920 57212 9
186559 8683 4
84315 73926 7
195509 27674 6
168038 13220 2
21283 4024 8
14148 58452 4
13118 27646 6
80658 67623 2
18219 89083 0
84229 45690 1
78145 127532 3
108054 94974 9
115977 115454 4
109792 98002 7
187951 144422 7
5692 72896 7
77363 45367 0
48422 51922 9
160027 48969 1
87539 170582 0
2017 48 7
80675 158363 3
14580 43698 4
167505 147085 3
143415 10202 7
28624 187980 5
25880 191316 4
94459 40119 6
157002 77666 4
67978 197203 5
81789 1962 9
158356 3842 6
74431 162428 9
69994 73324 4
195244 17478 3
76031 163801 9
150910 26217 1
192813 144417 0
105672 84023 4
166444 693 2
136149 160061 7
131662 74828 7
112121 12773 1
15824 107021 2
5308 148905 3
62582 160319 2
35151 123791 6
153053 117411 3
31916 13183 1
32359 69712 1
107362 10653 3
156120 106308 6
37823 36007 4
95596 188947 1
44235 126434 8
181592 45431 1
170497 76251 3
157808 110625 6
93879 183213 9
105049 177046 0
109650 171622 6
176939 4855 4
903 57526 5
110960 37385 8
141888 183536 4
113585 168285 1
106493 87382 6
194503 119787 5
172319 169600 4
175677 187272 3
20182 186260 9
96231 194788 7
149150 193589 5
127197 97854 9
54001 167014 4
108188 184742 7
147106 134582 1
73018 186253 7
38081 15859 4
155785 193560 2
151699 146143 8
119268 123123 4
142427 67832 8
16827 52247 7
26165 111576 5
102473 67891 7
52599 57717 3
75081 143450 7
130127 73194 8
101710 84499 8
71904 128743 1
138266 19295 0
198571 189709 3
65591 164218 0
92639 171332 0
192831 8170 0
172956 1957 0
75962 176185 7
3090 39431 3
138813 124956 3
104811 118341 1
24330 145894 7
39109 102643 1
79258 63830 5
80350 163680 0
182287 74476 2
155765 53326 4
30705 131752 2
116919 60621 1
8457 121518 6
144744 187513 0
49512 98425 5
44382 168203 3
173052 186060 9
64307 52815 2
64366 140779 4
96708 58230 1
194511 174994 4
18659 36770 4
63451 107930 6
127752 69876 4
143728 121212 7
84023 178146 8
124208 148176 3
153852 25684 0
81072 127645 6
82199 138517 5
141180 142191 2
64373 129121 5
150093 100357 1
137835 9753 3
111416 52020 2
170764 7692 1
180234 2447 5
113577 17185 3
160654 119528 6
44302 97096 4
41509 13151 8
79846 158933 7
70549 109267 4
124493 112492 8
3454 55758 6
37385 6911 2
138600 78726 9
72771 16827 6
60038 45732 7
70332 47218 2
194249 80098 4
75385 196835 6
162492 156656 5
175677 129441 2
137685 48672 7
91594 130700 6
194974 28021 9
24972 196354 4
39087 49301 1
50216 101800 6
2523 120715 2
137093 30705 8
108136 118487 3
114635 178955 9
31675 142414 8
348 148368 8
102445 104504 6
126832 175089 7
36045 79539 6
42332 144417 8
137095 35264 2
6149 3798 7
93159 24972 4
117632 30018 0
119118 163466 5
7592 115174 0
100925 124275 5
63428 13940 3
59335 121421 7
155997 175414 5
128743 192163 7
53931 118156 7
60493 95034 1
75258 50244 7
163784 21615 5
183492 84597 4
166638 2169 2
52959 7041 1
119927 127621 6
99737 122719 3
182485 131740 4
87137 163152 0
181477 106143 9
123685 68838 5
5231 164831 7
170902 129930 0
186956 17278 9
149503 152719 5
138926 163420 3
153595 147199 9
171332 95730 4
75430 145893 0
31089 52734 7
33597 26782 1
18936 120034 2
166470 58069 1
152485 153049 2
101824 129367 6
185360 153418 8
90792 116228 0
123974 110753 6
132519 37603 6
178547 79644 7
168656 158656 3
2236 36196 0
116566 47851 2
66746 80191 7
49504 183152 6
110911 87421 1
77254 117828 9
192580 126543 1
34672 145969 4
56359 101800 1
94815 109401 3
168484 114958 9
33602 101172 7
2402 109577 3
93820 176252 9
153944 8086 8
198571 21222 1
23202 14361 5
178067 173670 3
32031 27781 0
15679 190630 7
162504 104450 8
135802 157990 6
170167 172766 4
93950 35458 7
158265 55116 9
86439 2882 4
9535 176004 2
22989 161207 8
41520 139896 8
154468 187252 1
89066 178798 4
146615 68732 2
26333 196094 4
157690 30971 0
110753 66695 7
75642 17713 1
37837 84832 8
130416 50168 7
176398 150515 2
168575 80801 5
74828 43111 4
28252 198830 8
147110 84836 7
22868 69913 3
120361 25424 7
189306 184973 0
152901 90345 7
77745 63629 8
164340 127015 8
49730 155356 3
66096 88639 3
83721 69548 0
44536 107550 8
175629 84016 8
38556 109406 4
116888 74581 8
93251 124006 8
84140 75770 9
57256 49712 7
68402 51925 8
137851 196184 3
184428 74952 2
100008 185021 6
40267 109000 1
136239 53436 8
192433 37785 3
150557 147083 1
35370 185021 6
76289 105896 3
81005 2304 9
159450 22868 7
44140 153546 7
119787 121889 2
86200 175107 2
27758 122609 3
166177 31202 8
128782 118757 4
144624 95340 8
56568 60670 7
76023 83385 4
148368 41784 5
185846 101965 3
112623 72339 1
160368 170305 1
188477 107054 8
196975 72996 6
53043 31443 7
9811 9082 5
55614 152724 0
137745 3383 4
64193 197266 4
124480 124956 5
195759 6123 8
61869 1753 8
52906 114167 0
183945 307 8
25086 54534 6
36592 9938 4
90734 151024 2
58971 128778 5
144797 41065 7
62962 189309 4
49817 54353 7
4320 154676 1
186947 148039 8
36084 109651 2
29303 157031 5
131110 116371 1
87533 49547 3
153172 156804 0
45609 7535 7
120132 142725 2
13806 110833 3
137359 51686 7
162749 168038 3
92985 82088 9
86021 65591 6
93863 140300 7
164400 42730 3
151870 197117 3
11122 13233 9
106686 140777 3
39014 168107 6
87410 63340 9
190876 186051 1
22388 84738 9
156656 109643 2
19898 48886 5
40867 154187 0
20840 58414 3
196354 7527 8
6233 198862 5
151212 2360 0
49783 131648 4
87570 178839 2
4242 102859 5
52515 37837 0
189564 117016 2
101059 151326 4
72708 146626 8
175413 124480 9
197857 58284 5
126540 186044 8
171535 114167 3
7782 59434 5
105256 129566 0
53923 50607 3
174848 61995 2
138424 141734 2
95344 86337 5
76188 132743 1
68925 2523 8
52841 99728 5
74547 151620 6
131822 29413 0
187645 52115 1
135009 29000 2
10976 10141 5
73625 82767 7
147338 164335 5
101032 180582 4
84870 167196 7
79052 8340 7
113342 17115 3
143545 112951 5
95883 75081 7
80350 96920 9
81680 143764 5
108393 39964 2
192471 195031 5
6009 17327 3
141960 76487 5
187463 20292 7
11215 7189 2
6911 76991 3
135724 37183 0
43298 124676 9
112353 139006 7
137039 68933 2
187711 66500 2
110650 82822 1
45590 77370 5
95940 62895 0
155775 99932 2
26798 112121 9
138351 94236 2
179505 107792 9
150876 43378 0
123070 91867 6
92065 42654 1
72430 199409 1
22145 70133 6
119831 20149 9
119399 82472 2
86335 122074 6
120223 162223 5
95939 116174 3
98918 127544 5
97090 157862 4
26760 180766 2
149881 158700 2
95775 31254 8
110751 77766 3
90603 173424 3
69158 78505 0
196041 96720 5
155206 173756 8
109406 93268 9
126510 113554 0
82586 20182 4
97787 53677 8
199007 153541 3
22388 183621 9
160131 168562 7
40902 147333 9
9811 25196 7
100597 90097 6
125412 114482 4
163250 186577 8
186289 120375 3
35533 17371 3
133544 82046 1
14527 155869 3
170721 102134 7
161567 23109 7
45921 181485 0
124862 110329 9
187843 154564 2
5968 122407 2
29477 136303 7
68515 154236 5
155305 59247 3
119079 115830 9
171446 13686 4
143473 119170 9
192567 74762 2
72745 77871 4
65287 93251 1
61111 105916 1
108694 192822 2
4438 26156 6
109635 97039 6
109107 108776 1
186576 26193 3
53857 68856 7
181814 4293 4
187079 6390 6
46305 86306 2
16834 46881 8
46152 174431 4
118066 109318 2
81637 20079 9
103090 98344 1
24976 80802 9
139296 105679 5
16524 101946 1
127875 63629 8
175726 88239 7
167797 186528 4
93879 183165 3
13699 140675 5
127122 13637 7
63716 137692 8
13770 91016 4
123971 108240 5
172239 31793 5
138848 48460 2
173515 98160 9
2245 84377 7
140832 195581 9
40809 79854 7
146678 17397 9
42744 138018 8
190245 114883 1
10592 188902 5
166325 72478 1
28635 182350 3
118496 134862 2
29348 125952 5
52218 186455 7
105116 171874 3
104381 48151 2
17978 196670 5
177704 61703 5
41880 35300 9
152231 82222 8
11801 193693 3
44871 68933 7
14569 126874 4
17656 115595 7
191738 64889 6
124386 45421 1
33720 185688 0
72430 28967 3
107582 169396 1
78431 35237 1
36950 107651 7
116130 29522 5
123845 160368 5
52334 64 2
179878 198673 4
11303 393 8
197357 144790 5
165945 91348 0
45651 61737 5
185713 137853 8
76878 41811 5
13546 152827 0
134450 153851 9
41793 130832 6
165300 16022 0
52195 66096 3
168659 156602 1
79169 38520 0
151697 105495 3
85712 174681 9
4629 10006 1
17759 184447 1
185061 160027 3
136592 18635 0
169588 135751 8
137030 59247 2
151878 28742 0
139354 185087 8
166153 127875 4
33106 74713 0
115380 49693 2
180558 3185 0
25065 113948 0
102552 21402 3
6304 19925 6
129162 63874 4
85921 110828 2
6979 17978 8
117089 76161 7
99107 128715 7
157073 170719 0
152617 60493 4
59747 57939 1
166325 19280 2
116960 162349 4
45779 191655 3
92523 140114 1
189551 145004 4
194562 163102 7
141398 25831 5
23262 159883 9
90601 526 2
2836 16673 8
71506 80820 8
185536 30929 5
160870 125959 2
35952 78611 9
199227 14710 5
34706 136781 9
169887 184742 6
24978 117578 5
140779 6668 3
165354 43698 0
62529 68412 2
37484 163499 1
59644 7998 3
49784 52386 6
17484 36295 7
93983 124313 8
172239 161663 7
15368 90468 1
193087 109648 9
44202 54864 7
76031 156419 5
71092 46189 5
15767 181698 0
31661 70703 7
42105 2603 0
17483 101075 0
170384 180373 7
116189 22764 2
190822 43032 8
153581 5576 5
48836 149613 5
120314 137957 9
129855 152355 9
97272 38646 0
121742 160265 1
12576 96625 4
45350 80675 3
146203 182248 2
148594 89377 3
163491 170198 6
89440 120574 0
142582 25081 6
107103 133835 1
109422 74427 5
162211 101504 4
17307 99862 4
36541 119528 7
188013 3536 6
56520 193192 8
107764 185988 7
59054 149574 0
192114 19991 7
148602 2112 5
11036 111799 5
47593 27055 3
136570 184784 3
172600 141857 1
78606 51760 4
158301 136981 0
151635 132324 1
165350 164988 4
138432 182525 9
143924 70604 3
82918 154553 4
23290 185445 9
98950 8862 6
179068 139700 9
170132 144399 6
117758 26590 4
35540 176711 3
155305 18188 9
47379 163378 8
173357 192813 0
15824 138286 0
198729 148383 4
114119 66356 2
116758 105699 1
58909 172234 9
144786 196314 3
7049 156926 9
181876 28240 6
15927 192218 4
136420 73856 8
19235 93630 8
91055 297 6
52793 41554 0
66768 55847 3
185654 107930 4
21021 14540 4
112639 53270 0
17558 105262 9
35151 175047 1
141577 149487 2
7147 79691 4
47083 88287 3
26871 157766 1
165087 3754 2
170484 90587 5
185283 169180 6
184864 71936 9
39525 190293 8
52629 38445 6
111992 141553 8
70218 153126 5
110329 141271 8
147942 7692 5
82094 143649 1
59097 150744 7
115925 105039 9
140355 193303 8
93016 134293 8
123892 81621 1
108770 14405 4
141824 62826 0
51243 152800 8
21314 72254 6
121898 7185 0
132929 66658 4
187296 118861 7
80522 147529 5
136469 185113 4
9502 69393 1
58886 45806 2
193948 8124 8
86180 159059 7
48355 91000 7
111507 111753 8
110066 160291 3
55838 164218 7
139566 40086 1
164007 99445 8
124032 125230 6
23959 181121 9
151863 55104 9
159883 89232 4
56082 172741 8
141605 66143 4
196307 76230 7
197295 97312 3
43051 194001 1
74129 4393 7
198938 44765 1
128327 5453 7
119934 19898 8
36471 143570 0
35370 66872 8
122784 69548 1
164083 13293 2
163582 65702 1
139482 102244 4
80758 53556 6
78816 185359 8
119512 62941 8
176856 40954 8
133236 11603 8
125245 87319 8
35264 16202 7
139515 94312 8
12964 13459 3
17371 188977 3
198825 138275 0
104643 76321 7
75254 13686 2
77511 116360 9
117404 56531 6
149881 20448 2
16142 187529 0
165002 85499 6
70031 183986 0
76188 37721 4
106824 70703 0
10592 131672 4
49411 69471 9
110370 66746 0
96945 4208 4
5443 32747 2
83493 129322 5
102254 107118 7
175712 7963 4
10120 64507 0
108505 46539 2
24330 193136 7
66130 78521 3
89611 117869 1
25848 74657 9
109861 183481 1
77168 17590 2
17505 166153 3
137144 140029 9
97495 31916 2
143450 182580 7
13699 126466 8
151073 35746 4
18764 153772 7
96165 127209 7
152910 184798 3
139793 55512 0
180143 40595 5
6901 19129 7
113327 38646 3
174430 182381 7
103520 94268 2
14294 50527 6
111847 116861 8
31515 92018 0
126002 93715 1
181293 177554 9
134277 62470 4
75932 2851 4
5259 112424 6
13459 99139 9
193297 4317 4
128763 90967 1
167678 190228 2
120034 117962 9
2725 62653 7
164441 47376 8
53689 187238 6
48322 90629 2
49125 37779 8
100025 142948 9
199113 108164 9
193059 194794 3
67306 91055 8
30030 141888 7
141296 45638 5
26217 52939 7
107718 32082 7
107651 152527 6
52138 62299 4
27154 160004 4
157167 102575 2
174227 87879 7
59712 187459 0
149451 29989 0
176414 172000 2
4002 37721 5
99736 58415 1
77089 128393 9
74962 89440 7
178997 69899 7
84395 143172 0
5911 61106 9
24788 187239 0
103836 89560 3
192720 66303 1
175352 17185 9
188521 49111 3
164226 1485 7
132032 178124 8
146661 101020 2
179449 115315 6
11255 133511 4
154831 88477 1
96179 178547 9
10202 167000 4
45464 73908 6
189923 123027 0
108374 22154 2
102134 128850 4
72938 136270 2
12709 11334 8
78611 61485 2
40346 27853 9
173756 36189 5
162237 5207 3
131502 135074 7
152899 27209 2
176664 158237 4
22371 106356 0
81949 177696 5
155466 59840 4
181114 34449 5
35632 197648 5
89667 148758 3
193693 99009 3
154157 118625 1
2836 59750 4
12204 16524 8
12624 86143 4
191329 51609 7
179074 38462 0
105925 166757 3
56384 25389 9
157918 49260 0
8678 120015 5
127832 151558 0
30209 6632 1
61325 171268 1
86792 142193 1
90796 102075 9
124446 45497 2
143606 136994 7
45321 61485 4
66768 171622 3
151783 129000 6
117487 180881 3
185846 117811 4
145884 189941 6
170716 199972 7
58452 17115 4
137781 25081 5
19451 187090 0
34440 33663 2
166261 43858 9
138395 179074 4
36247 132820 1
177848 41073 0
157032 139646 9
73755 24001 1
83817 149508 9
37169 15765 5
95533 108793 8
109627 126320 6
136984 165909 2
101674 190228 4
19095 9135 5
33640 93380 4
146351 64076 0
193545 153541 5
47672 165559 8
186787 178288 9
76954 138424 3
76162 4177 7
142607 117908 7
120574 24854 0
101995 182226 0
163765 105550 3
95198 160062 3
128709 116602 2
4044 112656 4
37902 158544 6
2268 21178 8
87556 129862 2
108794 27859 2
12739 5906 5
30193 81505 7
71904 53670 1
143606 46403 9
173926 108387 5
111238 101257 0
67007 168484 4
26643 44573 3
33093 47776 9
140989 119483 8
166688 115458 2
97645 198178 8
46528 123336 7
23479 145101 6
65549 11883 5
29919 28381 0
156602 188762 8
29562 81433 1
43064 475 4
177172 30565 3
32905 71769 0
8923 50652 1
97418 198297 7
63316 82048 4
56082 4762 5
180676 143772 2
116307 93335 4
128390 142652 7
119953 181447 5
21434 13041 1
1576 1667 9
126829 59321 4
183492 64798 5
143006 51072 3
14255 166975 6
183365 23083 8
113150 24140 7
167678 20986 9
2929 193550 3
14653 66369 6
124006 57978 7
68838 164309 8
190282 87801 5
164885 106906 1
42697 15515 9
98685 182219 9
133042 101936 1
33250 90848 9
15502 140039 6
115369 49497 4
29324 86476 4
11780 28989 0
16647 10464 7
27150 114245 8
118205 181485 7
139973 145571 8
128850 162743 4
89821 7181 4
117729 92562 6
27209 171909 9
100656 65523 4
34023 116129 3
34374 142468 5
52108 89821 7
102635 112685 0
38795 111416 8
69549 144494 2
64359 136599 5
68490 197400 1
167696 3336 5
31949 147449 7
190736 58182 0
85094 95990 8
136493 159076 9
165125 157720 3
198394 171512 3
155660 82722 0
119567 143003 3
38936 16180 0
160162 50089 1
75791 162416 8
139917 22412 0
130280 136901 5
196024 166869 8
27952 122176 6
112786 35866 0
138600 71098 7
120314 89728 8
31949 61902 1
45350 190002 5
50194 153256 5
149108 176449 2
141980 29485 3
115727 178736 9
6252 191235 4
71592 178326 9
190407 108188 5
126832 193530 2
34508 119175 2
56359 59503 2
127544 77168 9
9276 10568 1
46982 34804 3
186962 106143 4
45403 159720 2
68452 56116 6
115239 35764 4
125553 57251 0
157615 186455 6
140241 42222 3
88074 43789 3
61628 147766 6
47156 174831 8
199911 35494 8
184593 1584 0
170816 67218 7
159409 161729 0
103042 195064 8
57286 168802 0
40203 44118 3
28171 24515 2
43261 19776 5
181617 196000 4
60271 53321 6
86522 98950 8
8851 127283 0
125439 18074 7
39637 84025 3
181520 98333 4
91740 34138 6
64856 48337 8
185228 83327 0
34263 157397 2
37211 69790 9
50656 110167 1
138517 18177 5
63785 193530 8
69435 68074 2
68740 90097 5
109262 19349 8
112619 107552 9
94396 189033 5
151213 186667 7
113577 120997 6
178585 138395 4
74367 104295 9
1658 30516 9
13118 12700 8
80917 187761 5
184734 169246 0
117830 198729 5
66876 123498 0
175349 14553 4
46152 3530 3
41937 148288 1
24070 15676 5
56823 121889 8
28383 44302 4
73817 38448 0
149451 75011 3
103848 80802 2
172955 41208 9
191162 163801 8
188947 141668 0
35594 6752 1
78387 102316 8
11304 29989 7
140877 98884 3
107857 109636 0
75914 56863 4
58410 32905 6
173288 172694 5
60754 15830 9
114928 64575 1
180987 4812 2
160002 131226 3
88477 170603 8
191263 59712 4
159987 167544 2
144806 106023 4
153049 176711 7
131233 31163 3
172957 83265 7
42670 148173 2
24375 15502 9
176211 2357 6
72975 61227 2
135939 107852 3
38414 58307 6
52793 71157 7
177715 86143 0
119913 78798 7
180733 61287 0
91867 26435 1
7265 154564 2
49207 50267 3
113314 28504 5
180201 99445 1
159446 43350 5
2664 76781 1
78783 36290 8
58243 95448 8
49569 190279 9
65948 193304 7
107764 186032 1
32640 148093 2
77286 120291 7
184133 36635 9
196701 165920 5
95433 63744 8
184593 44101 8
123672 15947 3
72963 74295 6
29794 138669 3
86306 6908 5
85049 132929 0
67767 15947 7
159507 58938 9
150977 100548 4
78915 144839 4
95938 182266 1
1950 183165 1
126466 17878 5
10692 43101 6
145767 31193 8
149887 91069 6
64564 154801 2
58223 140241 3
81857 84157 5
171160 77114 5
130088 125714 4
18015 186289 9
163102 59301 2
34610 195972 5
169111 174379 6
37692 45779 4
106923 176211 8
122423 71984 9
156451 97573 2
75639 197224 7
88389 73194 0
45234 48151 9
120805 71259 9
94268 57757 5
134181 20481 3
123284 105947 1
73503 127337 8
33478 195084 5
100007 188860 1
11940 117811 7
5135 74980 3
168472 97945 4
48381 116378 0
101928 165366 8
30127 20453 3
55746 116171 3
2051 55688 0
7586 65584 0
193764 98464 0
69003 39616 6
25153 147089 6
58669 99329 8
143258 15048 6
26379 147560 6
192857 184763 3
12353 15859 8
128926 31151 9
71281 72705 7
54250 160 5
167519 20355 8
164466 165435 4
173664 155757 5
75194 129994 2
124313 103680 6
55125 113022 5
189787 92395 7
192315 176856 2
56660 148601 6
74210 133288 5
172659 131312 8
86886 45497 4
80204 195018 6
84996 92404 1
139160 104450 9
182067 70233 5
25829 55401 9
137973 97096 7
127122 49038 5
115458 176390 1
185449 145478 8
63782 178502 1
118121 113022 3
19545 25741 4
198862 34023 9
30419 57242 4
74835 30522 9
141449 115701 0
54747 151702 8
19235 93863 7
45082 43219 2
190093 131636 6
24219 136739 0
35547 139100 8
137799 179928 2
73459 111419 9
33836 57543 4
45609 1658 6
164783 64485 5
146970 160182 2
98229 60758 0
93039 136270 2
109297 47863 5
95448 179878 7
58956 191313 0
1215 82722 4
161072 114374 7
190262 141259 1
40510 140991 8
118525 56407 0
107328 166729 2
48224 101875 8
56268 186962 4
33788 112253 1
149684 92034 8
157555 50976 4
182255 165259 9
3947 29843 3
155337 170719 9
186253 145256 0
149846 96321 1
21991 97898 5
119095 25266 6
15653 112472 8
184420 20453 4
21678 28504 4
139066 26185 3
52624 43274 8
23959 183832 0
7907 103346 7
42170 121759 3
20589 191818 9
91535 142318 5
9739 88731 0
46482 164431 0
178040 7546 7
65644 20220 1
77513 122118 2
62924 26302 3
179444 117452 4
146615 68925 9
184750 35261 1
17453 86684 5
116166 124415 0
72072 76898 1
57663 30186 3
25635 149975 7
78340 108727 5
65523 131703 6
72975 47555 9
129906 52151 6
141696 83344 7
141635 197518 0
44331 49518 5
25424 181520 5
15663 16115 3
127717 72606 1
39867 92888 9
20149 113377 9
32845 30473 5
9579 148531 0
144624 100238 0
123136 127003 8
21739 65513 1
98040 56823 2
55037 106826 6
6134 53502 5
99649 147996 1
126002 145330 4
15731 67571 3
176219 196307 3
37966 25732 9
180506 40159 7
140643 121590 7
10573 89214 9
80658 110016 1
48332 98989 0
187529 119555 8
143399 47385 5
107100 4177 8
126774 152119 6
35044 165444 7
57401 141960 9
193448 87842 1
127532 111773 4
40729 144627 2
52765 99958 9
52247 49125 9
154058 92454 7
67951 66340 7
5339 102456 1
21678 192218 5
96545 193706 0
171096 10084 0
188741 34244 2
166770 83782 7
49939 27570 8
28639 190912 1
51668 193560 0
14986 194250 8
5719 73032 0
72448 59653 7
27570 54347 5
186001 194685 5
117142 41668 1
180373 194820 2
17048 95156 2
4897 185209 2
149746 197557 4
130978 143967 9
3761 150803 2
24497 198219 0
79539 31438 2
110874 22970 9
25004 3194 4
85602 188231 2
127762 149765 9
120744 123424 4
93873 136898 3
124733 102824 4
191162 115249 2
37606 170671 4
163128 65877 4
157702 41142 4
169048 121860 0
39164 25231 0
127369 6281 0
101738 92726 1
30159 198418 0
80667 149144 0
85828 28383 7
121017 43714 6
32939 88287 0
192072 185982 6
70360 59515 6
90752 63049 7
40788 177777 4
20705 128388 1
139700 92761 1
30340 170988 3
194499 36251 9
88080 138432 1
143330 142474 5
21560 140193 9
109065 199718 7
64813 155660 2
30369 75659 1
57256 109636 1
24614 176244 2
73046 184793 7
77415 157308 5
83660 151413 0
23344 196534 8
151620 9136 6
168107 55752 9
6752 16596 3
36826 54092 7
26185 100924 2
110495 50802 6
73493 186470 5
108333 163250 6
11940 95619 8
94877 317 0
110656 19400 4
163215 101965 3
8160 7546 8
69840 33493 6
76619 111963 6
111050 155775 1
67685 96910 0
33788 98454 1
179524 176060 9
136523 111421 1
48953 86183 5
57740 103090 3
169183 188979 0
193192 89944 6
105707 7457 1
8242 92242 0
17307 67125 1
54612 44874 9
84266 132807 9
166756 199475 8
25196 92396 0
65015 100656 6
153053 23383 3
76248 178839 0
76898 197294 1
89361 140820 4
57697 95099 7
50899 75558 8
55430 68515 8
136469 51096 9
120558 7536 9
128304 62927 3
143312 178389 2
85596 163477 4
50579 34098 9
24106 103022 6
81579 110178 0
197511 132324 5
18486 25690 1
156664 78305 7
135722 157024 0
173808 167311 8
193243 49519 5
10653 183210 8
63708 155356 3
35268 93676 4
32206 132820 7
161086 10262 3
72117 51484 0
10311 68740 6
70281 7093 1
161476 167835 1
111504 54276 8
97970 108322 4
20383 58410 9
172299 127769 0
161136 166280 8
97883 170721 8
38738 11610 6
69663 22612 1
22239 45554 3
23032 15901 7
34315 184732 5
84545 36425 4
150338 171462 6
157274 18765 7
43714 135873 1
90615 147839 6
136688 165112 3
198921 90619 1
81826 111576 3
176162 1944 1
44499 26472 2
134277 92888 4
108063 13436 8
175349 45917 3
163152 128472 5
4293 65017 6
99009 142934 6
181135 83660 0
9178 147720 2
90485 166733 4
137957 196402 2
177372 166025 7
109521 195133 1
46072 170323 2
26484 114050 4
195129 60851 2
127769 98685 3
58112 140579 4
181409 135009 2
10732 32422 2
163219 77858 7
179354 165213 6
157567 52406 2
66345 80953 7
177402 197125 4
180648 122869 4
77817 55870 0
145452 109000 9
139847 42222 6
104388 88038 0
123482 41514 7
57904 198140 2
74492 159301 6
98671 104298 3
30818 92240 4
194393 23052 9
178152 195843 2
37645 31170 2
199141 99508 2
198751 173246 3
36182 175912 8
65768 169149 1
129164 84539 6
18346 59972 4
23118 102753 9
57322 16281 3
185209 109635 9
40954 54092 0
55046 90448 0
114017 37004 7
158301 103276 2
124446 54950 6
15505 173780 5
79700 21969 4
5207 119268 7
26333 84979 8
30659 66638 8
103669 53666 8
2189 191952 9
1064 51845 9
64359 71724 7
143728 95408 1
153639 58800 2
168257 136592 1
58561 179162 9
27764 120109 8
144953 129441 2
71646 117534 5
158634 114624 5
181418 125478 2
173664 95993 5
65585 53931 4
107394 94639 8
11295 178544 9
180098 124682 9
99251 33240 5
164844 151352 4
56494 35119 5
29279 97240 0
103297 195985 7
188088 66611 1
197242 16816 8
151699 191045 4
167797 70437 0
123221 96045 6
189229 11527 5
6932 14608 0
146301 18601 1
193589 137371 8
199310 4532 5
153406 12636 5
170524 188088 4
103802 19349 3
113028 71255 6
111581 162455 1
54331 166025 0
85907 177584 6
153657 95511 8
20457 177758 8
17584 75828 7
176829 58924 4
40040 174292 0
111030 111978 4
145330 6487 6
106826 13689 5
163056 127711 7
163364 86529 3
117715 114503 4
83817 197935 0
6901 117452 4
78947 4897 1
197372 31925 7
151887 10042 8
9388 148278 4
40383 3995 3
110403 82411 4
189564 97038 5
182485 191316 8
170524 29341 0
30092 119175 7
31365 63428 9
97080 12298 1
176204 136487 2
165112 20633 3
163733 30018 1
97926 100384 9
161762 144422 4
139909 117962 3
107882 114993 0
162227 33296 5
143415 100373 5
32077 48571 2
32297 64156 6
94770 170656 6
10196 74952 6
39637 142725 3
141671 27491 0
8300 65312 4
53129 146659 3
62536 100163 2
38293 85458 0
45563 48262 7
184281 151389 4
45917 33602 5
143245 402 1
46174 174279 2
9496 63950 2
10500 14059 3
191160 183278 4
23034 12168 3
182607 121504 4
74835 151870 9
52295 5904 6
63594 114537 7
122414 145767 6
97413 41750 1
95043 2770 6
11405 39391 6
163306 102991 4
71412 79789 4
898 104109 7
29562 194393 5
91746 24421 0
17240 105049 0
22635 37063 0
39374 52138 1
42867 103429 1
52987 138693 1
108794 126719 0
103802 19185 0
198653 40729 5
108727 41528 7
196693 39544 8
49207 122782 1
46228 34950 6
124603 190885 5
152671 51355 3
193246 58305 6
26867 91155 9
113692 162282 8
18438 7738 0
158016 76101 9
149338 71004 7
189667 134644 7
101875 131889 4
97926 22726 4
178326 116442 7
143473 92726 5
143649 76200 4
94780 174292 5
98847 178924 5
98671 127248 3
48482 5698 2
107336 98055 3
87116 145559 9
46427 90988 5
78620 151258 3
185087 189169 8
129483 168124 0
164988 79839 4
126242 2281 0
154559 59917 2
189212 75914 2
111799 24275 2
62731 55182 0
31068 181866 5
102824 152485 0
68006 195459 3
137397 172697 0
186692 28200 4
147191 45145 2
41642 75199 5
9334 110494 1
39014 9690 7
159450 106579 1
28836 53539 2
2281 139106 8
84738 196619 5
104295 6540 6
178489 137142 9
32108 17842 2
75194 186001 8
169183 188945 1
98838 108752 0
83449 82338 2
22501 50972 9
95328 101032 0
41520 69003 7
109906 45094 0
115239 6233 8
110494 119732 6
160148 29027 1
165899 27758 9
189726 71447 1
10099 128762 2
140039 136239 0
116066 87879 1
100457 173568 7
123482 36585 2
71719 52108 9
189169 141746 8
188156 112547 0
101941 15261 6
30159 97898 7
90967 82338 4
174970 116524 4
118773 114611 8
48953 185113 2
142734 85700 9
140786 26789 8
20176 117835 3
27781 77395 6
44357 50267 4
63461 37799 8
72857 31147 2
96435 22501 2
138610 117411 7
128906 112296 3
78273 102233 0
95347 69663 2
76850 62941 2
35699 181550 6
77062 119624 7
90988 142544 4
26156 42730 2
82423 69108 9
33986 99332 9
17491 62529 4
167925 182891 4
173627 181414 8
150551 184620 7
32408 159276 1
175546 59750 3
74602 172659 2
138645 7810 9
163809 183787 9
198240 72423 1
63948 86257 8
166632 60719 0
31811 195031 6
110412 157195 8
78480 74431 9
109361 45177 2
178585 76954 8
86605 178693 7
198958 187713 6
193020 150515 0
129425 54585 6
73006 55125 0
141341 971 7
26165 20589 7
79474 99565 1
144941 150816 4
2236 183685 0
183481 105352 7
145579 124884 6
31168 170794 0
101324 66369 2
142191 93436 3
1653 72591 5
172113 187342 8
207 58284 8
35598 37902 9
90734 131637 3
50285 170001 2
139008 15767 8
55657 24375 0
94968 76057 5
167505 135215 5
51132 199780 4
133835 174431 9
112810 50184 8
135303 7953 1
33704 171802 3
40273 129873 0
93973 95883 0
171338 80542 0
100994 144373 6
131615 3090 8
172567 36299 3
149989 11974 4
46362 51857 8
195869 89361 1
56542 99066 6
40325 33412 6
7404 104649 6
22239 168589 0
10913 119869 9
72591 13809 9
114245 189405 7
84882 32031 9
171889 151258 1
24584 26685 0
86898 85505 4
199112 31202 2
41123 196503 4
164616 130755 0
30221 188902 0
59502 129425 9
12665 146762 0
67491 84228 2
110706 6414 0
173067 164340 8
183832 7907 7
146441 92720 2
4629 131932 5
32361 181114 7
77745 122866 6
135094 168659 5
194210 84229 3
161072 69549 5
73800 86967 8
117762 73078 4
67852 74210 2
2650 136599 1
176953 128117 9
96175 130700 9
47816 66049 6
43713 27474 5
163420 72247 2
163219 69621 1
76803 168947 4
55289 35533 3
113695 141472 8
121220 4443 7
2338 142976 6
157606 123738 2
21025 149998 9
168934 131603 5
77333 50527 6
73641 120778 2
120448 144745 5
102643 24109 2
165327 195003 2
99540 32638 5
100661 106493 9
48381 149114 8
167652 15484 7
13041 111792 6
167386 76158 0
84905 58886 3
113924 117399 6
94040 21222 8
69108 48571 3
7724 52195 5
72936 110122 1
149183 184133 8
171438 124415 6
158366 15818 4
170640 20686 2
121082 14312 0
87539 81344 1
84085 158265 4
191608 117835 8
123958 151450 4
39678 195989 8
180582 35926 8
99412 92562 6
5968 53129 9
112865 98214 5
52959 167519 4
36299 28692 8
139340 9136 8
193959 119095 1
177961 197547 8
140151 12700 7
60004 50342 8
69286 52838 1
1481 180153 7
125439 199167 1
143695 29876 1
110625 1957 3
136008 170816 7
143441 144494 5
156004 52954 0
163466 48082 1
183459 115419 3
135824 151073 4
180234 138813 7
24110 128410 1
56384 45283 9
38087 8804 4
12026 189853 8
156451 173408 6
189673 196369 0
49712 24090 4
62842 183857 9
124603 68227 3
152058 87150 1
33066 143967 2
186348 16100 8
105133 147222 4
92220 116690 1
15406 171060 7
188086 38735 8
147085 68149 8
45215 102508 3
61281 149139 8
167593 83137 0
148204 26760 4
128327 94774 5
159688 101995 5
86186 35562 6
74942 111352 3
180201 184864 4
162921 145217 1
118291 121220 4
121857 53332 4
2906 177577 5
161448 161280 4
163784 198347 0
31254 6003 2
27645 11801 9
127383 122088 6
127002 126021 6
26789 37749 1
117529 126543 5
129421 64818 5
142607 152121 0
114170 129570 9
85803 18601 2
196041 166957 9
157671 150370 7
114477 128420 0
123624 159300 8
91000 11947 1
171792 28303 1
185111 190364 3
5785 86186 6
176294 96355 3
50568 163310 8
57721 44765 8
133288 15484 2
100694 27351 0
70401 45449 6
57324 151352 2
111172 37632 4
186178 21495 6
539 181792 8
104871 56624 5
167804 89856 1
1 181866 0
133296 153917 2
46453 62080 0
31983 44553 3
125570 52901 3
158580 136898 7
89769 181618 4
69597 119639 8
171875 97020 0
154522 114172 1
178487 139066 4
155050 45309 3
73503 191738 8
117163 43390 5
197604 29531 0
109539 144366 5
87533 158212 7
173145 128427 9
28757 71092 2
156143 98393 9
195548 111504 6
191257 41000 1
138286 88751 4
130944 155206 9
112353 4317 0
32116 165432 5
196735 74547 7
38087 13293 8
193721 193246 1
86033 115113 7
151129 108670 2
178076 77694 1
61341 157234 5
20090 85570 6
148873 90108 7
184670 162225 3
117869 29843 3
186231 93567 9
111657 110166 6
165366 112159 0
171268 183070 0
149652 10042 0
137836 71646 8
165323 33573 4
123485 50194 5
83295 167995 8
104741 49518 8
167014 126492 6
93950 119347 9
149114 171438 3
183090 18023 8
4532 122609 4
105545 26302 7
174289 157898 9
66340 199972 6
184998 165327 7
104521 55984 7
174153 119713 6
184185 20972 7
73078 120974 4
7782 177613 9
136008 159205 6
122118 29094 7
119934 84025 6
141557 156419 2
131562 144538 6
59917 162223 3
85535 143496 0
183826 11564 4
59840 154817 5
61635 112606 9
167283 142948 9
162380 6915 5
85700 69793 4
119045 155083 9
55141 103836 0
127832 53670 1
94142 76342 2
35827 128634 1
31983 28648 7
13163 160232 4
2402 170701 8
78431 93428 7
105673 136695 4
77333 14250 5
152128 162880 5
110902 196465 6
176244 199426 7
189372 19848 3
137973 67125 1
65201 19429 7
53466 180850 9
186371 42968 8
89052 152942 7
160182 182525 3
25004 173067 2
86879 109804 9
102192 85513 5
97794 112623 8
139302 54331 8
176367 195843 2
106223 168825 4
75642 97267 4
199827 123365 8
9919 66503 8
135348 188123 0
8230 146512 5
53390 98561 0
185084 34388 0
21803 138756 2
162290 131603 3
41000 130844 4
169904 102753 7
14312 153033 0
8392 66160 4
184839 75861 6
7147 12291 2
85797 86647 7
173958 62404 1
180475 118524 7
177566 37061 8
14759 53508 6
55053 143496 4
37501 9607 9
126440 154021 5
28836 9616 1
31255 50884 1
126391 122563 1
87556 126510 6
153426 197856 8
10141 96752 4
110273 1496 3
197340 169897 1
188953 65359 2
180466 185359 1
181714 135139 0
78085 191011 8
48736 9922 4
116618 173145 9
92137 104134 2
22371 167000 2
43443 192720 3
29455 141583 2
91265 1804 1
13230 175803 5
138478 70218 9
32611 418 8
157898 51096 6
25076 41881 8
150096 146018 0
117137 160874 2
166587 199613 2
106562 141649 3
99232 198346 2
70173 199776 0
71808 65254 5
71808 139302 7
47634 37307 9
79044 63994 1
111792 33285 1
77629 25684 8
98602 51668 6
44929 48760 5
77787 188123 6
157202 77612 7
177244 69783 6
57163 141916 5
141686 91977 7
189709 168990 2
52515 86583 0
149139 193480 5
198822 6414 3
73159 141204 9
145594 81883 1
160874 101020 4
172955 25594 1
3912 195276 4
20686 124709 4
41073 61354 8
115616 132237 5
82710 195258 1
5267 14059 0
195972 134681 3
192694 196657 8
44773 70133 7
32638 155375 2
70534 111616 3
45042 98464 6
82647 133523 3
57789 11974 8
63830 182287 5
25690 48482 0
34449 19804 1
163056 189875 4
26761 8803 9
190407 77858 2
28021 93211 9
164729 145579 0
60231 162304 0
152901 89574 4
29418 33106 5
166756 117995 8
106824 35342 4
167386 62734 2
107362 80322 1
131260 100500 2
80204 184443 2
46548 48262 5
28691 55422 3
76979 3015 9
37501 50717 6
34929 4762 1
35978 10913 9
23344 76475 5
143166 135270 2
38345 50587 6
40241 85582 5
180882 18177 1
81704 118127 9
53677 16997 4
160543 161399 7
172744 99208 2
148857 138065 9
174267 171309 3
4024 45177 9
190912 97787 3
181876 96755 4
58997 4437 5
123284 85479 0
104759 118066 1
84200 197440 6
91011 77913 0
175461 66356 1
32359 66894 9
1738 152410 0
159445 125367 6
67946 158933 8
104333 109650 6
62344 179131 3
156132 76200 0
96517 110448 3
72386 45022 3
93057 170640 8
60898 132442 0
46222 20660 0
34315 54259 1
28226 75659 2
188351 108278 6
147556 108808 8
89769 154749 0
145008 103522 4
33663 16276 6
186002 8067 2
115369 161826 7
18851 123786 8
35292 180766 3
143399 49539 8
60422 110656 4
37103 8627 8
49312 133318 8
2906 50202 6
114624 52624 3
82166 8384 6
97573 171787 5
193948 39087 9
57242 25065 1
116066 7261 6
108948 23383 3
65148 195508 5
28639 51319 1
184447 170074 9
141686 97090 0
36434 28967 4
131226 157615 5
187696 105421 9
133042 44357 9
69280 161477 6
34374 166274 6
2490 188536 9
117914 159446 4
138524 198240 0
82222 22301 1
3929 191655 2
58287 136348 4
68225 2650 9
50597 89074 8
152231 138266 3
192654 65984 8
158941 114611 6
121860 19769 7
82474 64 7
17083 118469 2
124651 77114 2
172953 68706 0
56220 31365 1
145217 89667 8
78085 35342 1
6788 31811 5
7220 15117 6
51372 199309 5
150683 186032 3
8923 93965 0
189609 786 8
142355 190884 3
185617 35632 2
64170 168717 0
151731 127906 3
191889 3912 1
9161 71647 1
177172 113074 5
32616 8663 1
141649 30828 8
68673 185988 4
155869 11622 0
191113 150683 8
18465 78083 6
47672 10976 1
96625 13936 3
93547 117828 1
147338 86684 4
6540 63451 6
192831 56300 2
71044 197624 4
60900 101071 6
94943 51459 7
148278 133541 8
55104 133105 4
48394 43789 1
157308 67397 8
188086 89028 9
49677 51922 9
27536 16497 2
171292 180143 0
77817 199613 3
43350 13806 6
46539 95596 3
148093 5339 8
47776 172112 5
19318 50489 9
125570 41573 4
121122 52815 5
116042 169421 2
169447 194136 4
156650 147953 4
140498 186956 3
116381 175622 6
139424 115661 4
94899 194758 0
180205 139909 1
174744 166975 8
116449 108314 7
165559 4237 8
134450 27685 0
2490 145452 4
18453 175912 1
96752 80272 4
48322 161567 3
104871 17590 5
190535 23002 9
144086 117164 1
149574 98886 9
75228 102243 2
42968 85513 8
141472 72423 1
159717 61227 9
40040 44674 5
27081 120845 0
123136 139917 4
9938 159280 2
89083 134954 8
79490 122385 7
72618 142004 3
52472 34121 5
27010 179413 9
104358 58230 3
63536 29348 7
61737 71371 0
143862 156430 4
156117 186127 1
90300 194820 5
58664 181293 7
56531 159049 3
174454 102425 4
164311 158016 6
75743 169264 0
137299 89560 7
136929 172978 5
31170 150825 5
194275 136695 8
75386 85200 6
113881 181792 2
134481 105039 3
97645 134644 4
154458 188536 9
162986 8988 2
107700 126492 3
88424 85750 3
139250 124434 6
170082 131732 3
189838 15760 4
97272 84375 8
13673 37164 8
163809 184973 5
91977 60271 1
177252 47709 4
74519 98332 0
123974 63596 6
143924 190279 7
189923 61292 5
32479 84828 6
94450 162185 6
92948 97305 2
154251 195554 3
62356 166957 8
117017 54819 5
76796 66500 8
131484 110556 1
86522 187079 8
73148 155954 7
41937 57804 1
101885 163477 2
30030 162225 3
167818 112579 2
120448 98054 6
606 200000 4
92303 185084 6
18015 37591 1
93848 112421 1
169396 4739 7
56090 175826 4
2851 133010 9
24421 21124 1
80272 42554 4
195761 196670 1
54747 87801 1
70784 37998 5
195276 194162 6
171060 124160 1
162921 44235 1
166099 189477 2
59775 198669 3
151141 85957 8
63389 147387 9
69635 67697 4
69023 147391 2
170312 150744 9
43825 40307 5
107852 69286 3
174332 118852 3
154831 86257 1
98890 183546 5
126242 183549 0
157606 165213 5
89704 159688 9
153657 58561 6
85838 111773 5
180439 148894 1
26973 64889 9
182226 69393 4
169246 135541 4
94459 123498 2
9739 191713 3
599 158351 4
6304 199426 2
196306 46604 4
193316 150148 4
41892 17656 6
129873 115595 7
19722 72701 0
115512 67891 3
162211 15476 5
118757 18980 0
137067 2017 6
16764 169451 0
37974 53879 8
184793 37749 5
102000 159950 7
78273 29997 3
81829 6009 1
131961 157150 2
197476 346 2
929 101758 6
189908 180512 1
123027 42854 8
25856 18645 4
101939 63748 8
139256 10084 5
54197 128279 9
120361 67455 9
104091 107890 6
57530 64592 3
70914 35827 9
35591 120810 5
199760 179505 2
93159 24070 4
72135 22038 7
178848 62441 8
118548 113880 9
131484 168656 4
55611 94054 3
148705 63272 0
19280 175712 8
63646 142932 5
178152 56073 7
37044 146457 3
79789 101738 2
21066 106131 9
109130 175089 3
43394 42260 6
51955 130294 1
178587 25129 1
179354 94758 7
191608 50489 7
80742 153288 8
57789 60374 9
45234 86647 7
57601 176282 5
114092 26514 4
169070 121590 7
48082 64158 0
157065 110671 0
181617 113695 7
14759 133559 4
93681 152724 5
123396 189804 3
123070 81092 6
90339 45563 4
31208 82767 7
175461 93053 1
83493 38253 8
155972 68575 8
51139 180118 8
113299 87632 0
104619 195772 0
176129 88278 1
153897 64818 0
69880 70900 3
109361 128984 5
99583 152530 7
58669 91609 3
71273 176398 6
39600 137371 1
159301 19925 6
190961 112786 0
160654 88731 3
185050 185688 0
48452 162871 4
119667 165300 6
142117 146307 2
35591 112654 8
183787 17397 2
128317 147387 5
136572 186010 7
172730 117163 2
76289 182219 6
73490 62601 7
59097 6390 3
186060 16877 2
46830 26871 0
185521 43739 8
151553 37679 5
11303 118469 5
160062 73091 7
9078 99491 9
177613 95130 9
61461 104134 7
164513 68396 3
131904 60011 1
128410 96846 0
33246 106879 8
114082 15090 0
22957 39109 0
141398 23118 9
177279 50728 4
786 153914 0
72596 1738 5
92242 12911 9
169792 34388 2
61558 55238 1
85369 26798 7
172208 88278 9
173637 74170 0
37619 90300 5
181277 25350 5
190295 125557 8
99799 101885 3
107582 180729 2
76571 164831 0
56251 182266 7
172834 72629 5
173173 11083 3
168934 150226 5
40180 193706 2
68412 113074 9
134428 104990 7
172069 555 4
197604 22077 9
10196 98282 3
126 72629 6
50753 129937 7
15760 52115 5
139100 162871 3
40867 13872 5
142800 29997 9
181033 84315 6
53429 12437 7
180154 184670 7
32845 126774 8
174831 139008 2
48309 117164 8
98644 195761 7
48849 112759 0
130784 152762 1
117995 2051 4
144306 91011 0
146441 162695 3
4779 8384 6
14553 76162 4
48394 181769 6
5830 17048 5
37779 393 4
166980 103522 7
111581 88651 0
160880 162227 7
63026 89783 9
141696 198699 4
143433 146190 2
77286 903 4
165313 81359 4
130376 107740 5
97072 63049 6
93681 18955 8
65336 167690 2
23479 177710 1
112253 45732 9
46881 189667 0
89574 182964 4
149979 148383 2
103259 97966 4
109033 76240 1
132807 59529 9
152899 142225 5
14904 155785 0
99195 105933 1
16050 180155 5
152245 8086 1
165656 43526 0
42170 170384 7
122891 82805 7
192315 19608 6
152764 195123 3
8862 51081 5
115516 163378 8
84395 43410 5
81779 88950 8
103842 95749 3
129994 174102 0
39717 47806 9
158656 161207 3
15833 104863 5
118524 27706 3
149887 105779 3
168825 70582 3
114482 154519 9
179076 146692 8
174465 150294 8
185522 191351 9
198936 37408 1
155954 160232 1
3991 38603 6
192809 43526 1
147252 187713 2
62673 37991 1
89092 159603 8
71255 149779 4
42302 102138 2
58307 180317 7
95371 59185 4
185111 84269 9
91136 50587 8
24110 161136 5
83203 10121 0
39826 69458 2
169564 32413 6
17759 2324 1
100576 96206 4
9579 174439 4
28261 95775 3
72532 158256 7
151462 177041 8
171792 7998 2
25966 139973 9
95099 119170 2
130532 193136 9
29303 72927 3
192810 17558 7
37044 43394 6
81030 87550 5
175030 93820 3
76295 126961 7
10801 194685 1
49119 15250 3
147942 177296 4
12780 157897 0
184784 169621 4
27579 121533 2
64048 36177 6
121196 59434 5
183508 119602 7
78685 187344 5
48102 60231 1
57455 112758 1
149715 52496 3
139713 79258 9
17274 95043 2
137067 603 4
155001 53064 9
137076 62683 3
72596 127002 3
14453 119045 1
27558 185596 3
95344 43378 5
166280 180129 0
198938 164083 5
137076 59149 4
160061 49471 8
6908 115206 1
135824 15265 1
109164 61635 9
99728 54534 1
39374 85838 9
6247 106200 0
1218 184968 9
150769 98344 7
49339 5911 4
69646 191160 8
40180 82819 1
98355 177584 9
193020 131312 3
172994 119021 5
110902 148204 0
99466 113880 5
48378 82299 6
60722 66223 1
36007 1400 2
70582 113268 3
102316 137828 2
168598 116171 5
87307 183826 9
92042 61804 5
25490 27732 9
92527 28593 5
92396 189372 8
35213 84979 0
158451 131014 4
58181 6634 3
33704 146302 1
194794 184958 4
135 73301 8
13163 164729 9
171292 83782 8
113643 116224 6
32617 2245 7
183242 138669 1
99754 4954 4
4127 30633 8
191351 190299 3
39867 121973 7
128778 71426 8
131110 101824 7
11239 89728 8
102456 105840 8
153851 119118 3
131740 116166 3
131704 173380 6
116803 66408 9
194660 194162 1
62165 73771 4
28391 20292 2
192487 139915 7
153971 162158 8
128427 4252 4
184443 159300 3
88154 105163 0
92479 45283 9
115174 169933 6
157065 89403 8
35926 28602 3
131250 40119 3
75791 90448 7
24991 35693 0
127645 172567 2
112865 153772 4
87023 162005 8
94762 95940 4
182607 6027 9
80492 142474 2
146542 87025 6
104137 121533 7
2103 135538 7
107336 81829 7
140179 155832 0
154342 67533 9
102177 61556 4
51420 142468 7
87570 116462 3
38450 173926 3
117013 108288 0
189908 68261 6
59368 7987 8
198993 21568 0
112639 81723 0
15476 187344 0
193059 41892 3
186476 1667 5
63150 135873 8
88157 76371 9
16276 62734 9
13247 167254 8
183213 141577 8
94529 109473 1
131177 149548 9
24614 14705 0
97970 174279 8
130294 76618 5
135215 21311 2
58997 1153 8
7535 118441 3
108752 147110 0
140909 95328 9
151129 132375 8
172647 18442 5
129322 164184 7
23001 89768 1
85038 39964 6
33668 108694 8
133511 191818 3
65259 188029 4
21444 71339 8
160162 125174 1
135194 121225 1
19185 63340 1
159811 197466 1
16281 93436 1
195872 105896 8
179551 13736 9
121488 168575 8
144953 150329 5
63708 68227 1
93728 19052 5
14659 73353 2
129930 86015 4
190364 137835 7
118441 42567 7
116888 111398 6
136319 125441 3
140492 194479 6
161843 157234 5
123022 190812 4
72575 130351 7
84200 114092 7
76475 99932 9
160857 8139 2
45879 25769 7
85185 144553 0
39066 162484 6
36836 15653 7
69783 196693 9
85038 148003 1
196960 43443 7
104208 182255 6
21319 180739 9
99565 128841 1
28790 117013 7
129917 5692 5
86335 130555 8
128388 87150 1
66770 49176 9
18639 178146 0
117617 24854 0
162637 158237 9
3947 132519 4
48460 166342 6
72936 175030 7
56568 195265 6
122904 133523 6
37253 79417 5
194001 124032 2
69974 37619 2
184834 32726 3
145004 118291 5
73890 117439 8
179857 18465 9
36471 45605 1
97038 179857 1
52524 97585 2
120712 36295 9
142541 170555 5
146628 164552 8
146692 9220 7
173607 161178 8
4786 72487 0
158791 24239 9
166177 71898 0
27494 134913 3
188945 82107 1
77363 68856 2
62197 75640 5
155859 49231 7
137507 102508 3
162226 96321 3
179364 124172 3
98838 109861 6
32026 188933 0
48804 117914 1
169455 49846 1
31454 76057 9
190002 29555 1
198579 8663 8
21969 199409 4
144618 95913 5
60337 103361 9
174681 52906 7
99958 86033 6
144568 195989 9
114883 82448 6
155083 151362 6
60621 40510 9
178124 32026 1
147687 157231 4
166634 54864 1
176004 164677 0
111797 168510 9
93016 10005 7
33240 121355 2
3015 157147 5
117709 3092 0
191474 124024 8
185350 53326 5
171684 128676 5
185350 37785 0
59339 60280 1
83215 22077 4
173778 43209 7
140362 191943 7
101185 6 3
194786 39646 6
89099 182705 6
84219 56685 0
124629 36189 3
140877 25129 8
98644 186341 4
91587 48709 5
82822 103341 3
135129 18656 5
73459 160720 4
69023 148811 1
116997 148851 8
57526 3798 9
36182 19274 0
126005 153054 4
25769 119465 9
148602 13443 9
113390 119048 0
163663 162899 1
75640 21314 5
48988 139415 3
26030 88034 5
105180 120778 4
52239 152715 1
81680 18945 8
163696 193475 6
35576 193925 0
99366 160864 6
129855 45528 0
103561 108288 6
6247 179131 1
122072 124122 7
125725 161124 1
66658 97257 2
182354 98918 8
45309 134389 7
193545 196628 8
49346 141915 3
75545 52704 9
52378 16173 7
128906 23671 7
142672 141219 9
130130 40301 7
160814 72745 5
51779 8300 5
129807 177912 3
12964 95156 4
142537 30650 4
37546 168406 0
179363 8683 7
20705 133236 4
124020 192523 4
68074 131014 6
33285 60004 3
130944 74129 2
59503 199911 7
114170 181489 6
19274 186373 6
1875 183758 3
184753 194210 1
8678 134074 2
107209 191113 9
8387 102139 3
199827 173623 1
138857 19826 8
106667 100427 0
97212 86337 6
178924 17505 0
84870 60280 0
115925 31371 7
24008 114957 3
139208 161540 8
124270 85921 5
16673 128472 7
134910 24008 7
98196 33493 8
66145 173747 7
160864 33412 8
30633 170645 6
198825 83510 7
48332 98602 9
159277 42451 8
118720 130844 2
24757 146688 6
86476 8340 9
4935 31208 1
144312 139296 5
53332 167283 2
21674 115616 1
57212 127912 2
149746 92523 6
59956 106117 8
76979 61995 5
43101 167835 0
195946 13224 0
149974 99150 2
43360 156194 0
48760 105038 8
67606 84375 9
4438 92103 0
60141 171684 2
22834 163491 4
97199 91016 5
35978 129162 5
170794 155855 4
81789 91348 9
107332 6946 8
96945 110370 2
196628 46372 8
26685 110751 9
133747 89232 4
165900 199007 3
24001 164557 6
151499 20383 8
116611 173515 0
118171 183871 2
53857 109422 9
37457 194659 5
78872 157990 4
105172 53525 1
147766 89371 1
194146 75957 8
88389 175803 4
175178 81169 2
185617 85869 9
44153 144800 3
146512 198669 7
104299 134434 2
68586 35816 2
167615 172404 3
81704 106686 0
106404 169532 3
114139 98890 1
5135 190961 8
55838 74159 9
31862 131250 6
166552 188933 1
129327 40809 9
91527 155855 3
16633 174744 3
157073 69158 2
109643 83192 2
23083 126874 1
159076 87410 5
178040 98619 9
171802 98351 6
90890 179322 5
107077 8503 5
9283 176414 0
7093 37974 4
135883 86792 9
110066 44553 7
19054 171766 5
2486 148173 7
196 41895 8
180155 53594 5
114172 58199 5
169622 35693 2
74367 81972 8
138888 72339 9
83532 114006 1
20840 131559 2
27731 191205 7
44202 4208 2
196960 87376 2
72606 40433 4
8527 144744 2
184910 32917 8
100239 153288 5
169102 188137 5
113967 162979 4
72896 58082 1
96165 50597 4
46197 94933 0
50285 51561 6
85939 22412 2
92720 45651 7
134580 29522 1
71506 92479 0
191026 154368 7
30596 1153 9
163921 2929 0
37408 190800 0
7100 145893 9
13569 83510 6
113342 66836 2
72542 172956 1
104504 149705 0
37671 28989 4
39908 108795 8
169135 57426 6
8457 13570 3
184798 55182 5
3454 144037 4
77370 297 1
46933 143772 9
170979 84003 8
31691 26838 2
90848 197794 2
112233 9902 5
134389 139896 2
68385 130514 6
193303 163877 8
71262 33122 0
27685 49301 3
9008 20980 0
11622 46372 9
28238 72446 6
109521 191908 9
57426 148371 5
28171 110911 0
77018 34706 5
110671 147973 1
51589 183365 2
118397 174439 7
135538 178693 3
182394 97020 6
186348 122192 6
164479 142544 5
70962 53689 7
154972 137080 3
154307 85712 1
173670 142582 8
128658 61869 0
50941 36576 4
113150 96557 5
196402 12762 5
55658 94290 9
108373 93728 7
90485 125733 4
26379 115906 9
26707 157149 2
181838 150825 9
34020 83304 0
152119 129269 5
76221 39616 1
8074 119831 1
38448 116129 8
46556 19429 3
51689 122782 9
77629 130327 2
66145 117355 7
90634 15223 7
14047 75430 2
136996 190313 5
113727 60737 8
30804 27755 7
98730 42227 7
167700 130280 0
192857 26584 2
127947 136688 4
102177 165772 2
43472 173288 1
10658 38518 5
84506 158941 9
182035 164466 4
142318 186966 9
38556 53555 2
78685 153256 8
86479 81507 0
126863 126391 7
137851 114704 9
5259 191205 7
66805 139847 2
72708 121998 2
90519 122401 9
46606 140178 5
78505 175757 4
194628 117729 5
141557 166442 2
17100 81673 4
4393 131904 2
188017 86426 1
31505 186127 9
197357 66264 3
123624 61057 2
150477 83576 0
69273 147556 5
49231 177333 6
7592 145946 9
101578 135544 1
25607 84429 2
197049 83576 6
89704 138978 9
97072 61902 2
157618 180439 3
125140 131260 0
105698 151553 5
112685 93891 7
153054 82384 8
191493 55758 7
13770 36052 8
183161 127069 5
526 9084 2
105684 167696 0
172833 74671 0
84269 62136 9
78931 78606 3
60422 35300 8
9919 138795 7
172648 39164 6
